2025-06-05 03:21:41.194    app     info:    [migrations] Running state migrations from 202403271440 to 202403271440
2025-06-05 03:21:41.360    app     info:    [self-update] Configuring update feed.
2025-06-05 03:21:41.360    app     info:    [self-update] Update feed set to: https://launcher.ccpgames.com/eve-online/release/win32/x64/
2025-06-05 03:21:41.529    app     info:    Startup arguments    []
2025-06-05 03:21:41.669    app     info:    [self-update] Auto-updating is now enabled
2025-06-05 03:21:41.672    app     info:    [migrations] Running state migrations from 202403271440 to 202403271440
2025-06-05 03:21:41.691    app    error:    (node:7812) [DEP0180] DeprecationWarning: fs.Stats constructor is deprecated.
(Use `eve-online --trace-deprecation ...` to show where the warning was created)    []
2025-06-05 03:21:41.692    app     info:    [third-party-authentications] Checking for Steam startup
2025-06-05 03:21:42.411    app     info:    [migrations] Running secured-state migrations from 202406060001 to 202406060001
2025-06-05 03:21:42.514    app     info:    [i18next] Changed language    ru
2025-06-05 03:21:42.556    app     info:    [steam-auth] Steam startup detected
2025-06-05 03:21:42.574    app     info:    [authentication] Generated login URL with state 'kNl3-E-eR3_CXPpZ4mKjUlW23BA26gCitFAK8ngCBDI' for 'tranquility' using clientID 'eveLauncherTQ'
2025-06-05 03:21:42.575    app     info:    [third-party-authentications] Done checking third party startups
2025-06-05 03:21:42.646    app     info:    [cache-protocol] Found 0 entries to remove
2025-06-05 03:21:42.647    app     info:    [cache-protocol] Nothing to clean up.
2025-06-05 03:21:42.785    app     info:    [customer-information] Agreements have been updated
2025-06-05 03:21:42.864    app     info:    [quasar-elg-events] Queueing event    eve_launcher.electron.application.LauncherStarted
2025-06-05 03:21:42.929    app     info:    [analytics] Application name:    EVE Online
2025-06-05 03:21:42.930    app     info:    [analytics] Application version:    1.10.1
2025-06-05 03:21:42.930    app     info:    [analytics] Domain    undefined
2025-06-05 03:21:42.932    app     info:    [analytics] Working directory    C:\Program Files (x86)\Steam\steamapps\common\Eve Online\app-1.10.1
2025-06-05 03:21:42.932    app     info:    [analytics] Username contains UTF8?    false
2025-06-05 03:21:44.082    app     info:    [quasar-elg-events] Queueing event    eve_launcher.electron.application.PdmLoaded
2025-06-05 03:21:44.098    app     info:    [quasar-elg-events] Queueing event    eve_launcher.electron.application.CoreDataLoaded
2025-06-05 03:21:44.101    app     info:    [analytics] Operating system    { type: 'Windows', name: 'Windows 10 Home', version: '10.0 (19045)' }
2025-06-05 03:21:44.102    app     info:    [analytics] Encryption available:    true
2025-06-05 03:21:44.102    app     info:    [analytics] Machine UUID    B7B2A471-C4FE-4353-880B-870CE29AC3D8
2025-06-05 03:21:44.102    app     info:    [analytics] PDM Version    2.1.4
2025-06-05 03:21:44.102    app     info:    [analytics] Release channel    release
2025-06-05 03:21:44.102    app     info:    [initializers] Shared cache directory set to    C:\Games\EVE
2025-06-05 03:21:44.108    app     info:    [initializers] Shared cache drive free space: 49.17 GiB / 237.84 GiB
2025-06-05 03:21:44.110    app     info:    [feature-flags] Initializing feature flag client
2025-06-05 03:21:44.146    app     info:    [migrations] Running file-system migrations from 202408021525 to 202408021525
2025-06-05 03:21:44.150    app     info:    [scheduler] Starting scheduler background
2025-06-05 03:21:44.176    app    error:    (node:7812) MaxListenersExceededWarning: Possible EventEmitter memory leak detected. 11 scheduler/triggered listeners added to [IpcMainImpl]. MaxListeners is 10. Use emitter.setMaxListeners() to increase limit    []
2025-06-05 03:21:44.182    app     info:    [shared-cache] Looking for eve-online profiles in 'c_games_eve_tq_tranquility'...
2025-06-05 03:21:44.194    app     info:    [shared-cache] No profiles found on disk
2025-06-05 03:21:44.218    app     info:    [analytics] Hardware rendering enabled:    true    { disabledViaCommandline: false, disabledViaSettings: true }
2025-06-05 03:21:44.247    app     info:    [first-run] Application has been run before: 2025-03-14T09:16:58.327Z
2025-06-05 03:21:44.440    app     info:    [client-manager] No clients running anymore on 'unknown'
2025-06-05 03:21:44.453    app     info:    [quasar-elg-events] Queueing event    eve_launcher.electron.eve_client.GameClientClosedSinceLastSession
2025-06-05 03:21:44.469    app     info:    [quasar-elg-events] Event sent    type.evetech.net/eve_launcher.electron.application.LauncherStarted
2025-06-05 03:21:44.471    app     info:    [quasar-elg-events] Event sent    type.evetech.net/eve_launcher.electron.application.PdmLoaded
2025-06-05 03:21:44.472    app     info:    [quasar-elg-events] Event sent    type.evetech.net/eve_launcher.electron.application.CoreDataLoaded
2025-06-05 03:21:44.473    app     info:    [quasar-elg-events] Event sent    type.evetech.net/eve_launcher.electron.eve_client.GameClientClosedSinceLastSession
2025-06-05 03:21:44.536    app     info:    info: [LaunchDarkly] LaunchDarkly client initialized    []
2025-06-05 03:21:44.537    app     info:    info: [LaunchDarkly] Opening stream connection to https://clientstream.launchdarkly.com/eval/64c3d12e27a4b11365012d39/eyJraW5kIjoibXVsdGkiLCJsYXVuY2hlciI6eyJrZXkiOiJlZjNjMWY1Ny03NWI2LTQzNzItODQzNy1kODQ5MTJjMjgyMWUiLCJpc0ZpcnN0UnVuIjpmYWxzZSwiZGF5c1NpbmNlRmlyc3RSdW4iOjgyLCJsYW5ndWFnZSI6InJ1IiwiYXBwbGljYXRpb24iOiJldmUtb25saW5lIiwidmVyc2lvbiI6IjEuMTAuMSIsInBsYXRmb3JtIjoid2luZG93cyIsImlzR2VGb3JjZU5vdyI6ZmFsc2UsIm9zVmVyc2lvbkRlcHJlY2F0ZWQiOmZhbHNlLCJ1c2VySWRzIjpbMjM2MjI5MDMsMzEzNjc2OTEsMjM2MjI5MDMsMzEzNjc2OTFdLCJwcm9kdWN0cyI6WyJldmUtb25saW5lIl0sIm9tZWdhQ291bnQiOjAsImFscGhhQ291bnQiOjUsImFjY291bnRDb3VudCI6NSwib2xkZXN0QWNjb3VudEFnZSI6MTU3NywieW91bmdlc3RBY2NvdW50QWdlIjo3MX0sImpvdXJuZXkiOnsia2V5IjoiYjEyMjhlYTAtMzY5MC00ZDk3LWJjZmUtYmQwMjY0OGNkNTZjIiwiYW5vbnltb3VzIjp0cnVlfX0?withReasons=true    []
2025-06-05 03:21:44.540    app     info:    [feature-flags] Client ef3c1f57... ready, fetching flags
2025-06-05 03:21:44.542    app     info:    [self-update] Auto-updating is now enabled
2025-06-05 03:21:44.542    app     info:    [quasar-manager] Quasar (EPG) feature flag is enabled
2025-06-05 03:21:44.547    app     info:    [feature-flags] Received 40 flags for client ef3c1f57...
2025-06-05 03:21:44.547    app     info:    [feature-flags] Client initialized with key ef3c1f57...
2025-06-05 03:21:44.553    app     info:    [quasar-manager] Quasar (EPG) feature flag is enabled
2025-06-05 03:21:44.557    app     info:    [self-update] Configuring update feed.
2025-06-05 03:21:44.557    app     info:    [self-update] Update feed set to: https://launcher.ccpgames.com/eve-online/release/win32/x64/
2025-06-05 03:21:44.557    app     info:    [self-update] Auto-updating is now enabled
2025-06-05 03:21:44.845    app     warn:    (electron) 'console-message' arguments are deprecated and will be removed. Please use Event<WebContentsConsoleMessageEventParams> object instead.    []
2025-06-05 03:21:44.866    app     info:    [quasar-elg-events] Queueing event    eve_launcher.electron.application.RendererLoaded
2025-06-05 03:21:44.866    app     info:    [quasar-elg-events] Event sent    type.evetech.net/eve_launcher.electron.application.RendererLoaded
2025-06-05 03:21:44.871    app     info:    [scheduler] Starting scheduler foreground
2025-06-05 03:21:44.897    app     info:    [newsfeed] Fetching news for eve-online in ru
2025-06-05 03:21:44.921    app     info:    [content-delivery-trace] Fetching CDN trace data from https://binaries.eveonline.com/cdn-cgi/trace
2025-06-05 03:21:44.948    app     info:    [creatives] Requesting creatives for eve-online
2025-06-05 03:21:44.952    app     info:    [authentication] Token for '31367691' on 'tranquility' is expired, refresh is required
2025-06-05 03:21:44.952    app     info:    [authentication] Refreshing token for '31367691' on 'tranquility'
2025-06-05 03:21:44.974    app     info:    [window-manager] Main window registered    { windowId: 2 }
2025-06-05 03:21:44.993    app     info:    [login-window] Creating login window using URI 'https://login.eveonline.com/account/logoff?lang=en&ReturnUrl=%2Fv2%2Foauth%2Fauthorize%3Fresponse_type%3Dcode%26client_id%3DeveLauncherTQ%26scope%3DeveClientLogin%2Bcisservice.customerRead.v1%2Bcisservice.customerWrite.v1%2Bcisservice.userProfileBasic.v1%2Bvgs.transactionRead.v1%2Bvgs.marketAccess.v1%26redirect_uri%3Dhttps%253A%252F%252Flogin.eveonline.com%252Flauncher%253Fclient_id%253DeveLauncherTQ%26state%3DkNl3-E-eR3_CXPpZ4mKjUlW23BA26gCitFAK8ngCBDI%26code_challenge_method%3DS256%26code_challenge%3DVvixuQcuTtspY21d1UlrPkndlik2Pz5Q0L1XF0vWhR8%26steam_ticket%3D14000000e76659301106de8c1bd7f11a01001001400d416818000000010000000200000082ba0554df58911b355d000001000000b200000032000000040000001bd7f11a0100100134210000cc82a42edd06000a000000000c3140688ce05b6801002f22020000000000cc00b2a9c485eaed298a68b68cb4fdcd5d920993bb259c655ee343fb2c256ebdbfb6a93aaeba88f9235f249fc229e3bf5c3230ddbce77bfe22d226bc3b40cbd3a28d293e1ee0514e2bd0bfafc959be51c554e56a9f896b0b75f085844f1c11872911ce3bd7785d3fd1a35b3c8a1988d8f79d3429392c34b5755b67223f9a430e'
2025-06-05 03:21:45.026     ui     info:    [i18next] Requesting missing translation ru readnought title title    ccp://launcher/renderer/main_window/index.js    2
2025-06-05 03:21:45.115    app     info:    [jukebox] Fetched 2 jukebox playlists
2025-06-05 03:21:45.229    app     info:    [newsfeed] Fetched 20 news items for eve-online in ru
2025-06-05 03:21:45.829    app     info:    [login-window] Navigation to login completed, receiving code & state (kNl3-E-eR3_CXPpZ4mKjUlW23BA26gCitFAK8ngCBDI)
2025-06-05 03:21:46.021    app     info:    [authentication] Token for '23622903' on 'tranquility' is expired, refresh is required
2025-06-05 03:21:46.021    app     info:    [authentication] Refreshing token for '23622903' on 'tranquility'
2025-06-05 03:21:46.022    app     info:    [authentication] Token for '26239201' on 'tranquility' is expired, refresh is required
2025-06-05 03:21:46.022    app     info:    [authentication] Refreshing token for '26239201' on 'tranquility'
2025-06-05 03:21:46.023    app     info:    [authentication] Token for '29795975' on 'tranquility' is expired, refresh is required
2025-06-05 03:21:46.023    app     info:    [authentication] Refreshing token for '29795975' on 'tranquility'
2025-06-05 03:21:46.024    app     info:    [authentication] Token for '31320672' on 'tranquility' is expired, refresh is required
2025-06-05 03:21:46.024    app     info:    [authentication] Refreshing token for '31320672' on 'tranquility'
2025-06-05 03:21:46.024    app     info:    [authentication] Token for '31367691' on 'tranquility' is expired, refresh is required
2025-06-05 03:21:46.024    app     info:    [authentication] Refreshing token for '31367691' on 'tranquility'
2025-06-05 03:21:46.025    app     info:    [AuthenticationMiddleware] Refreshed 5 / 5 users for tranquility on eve-online
2025-06-05 03:21:46.035    app     info:    [server-manager] Starting refresh cycle for eve-online / Tranquility
2025-06-05 03:21:46.407    app     info:    [creatives] Received 4 creatives for eve-online
2025-06-05 03:21:46.519     ui     info:    Initializing captcha    ccp://launcher/renderer/main_window/index.js    2
2025-06-05 03:21:46.843    app     info:    [authentication] Token for '23622903' on 'tranquility' has been successfully refreshed
2025-06-05 03:21:46.849    app     info:    [quasar-elg-events] Queueing event    eve_launcher.electron.authentication.UserTokensRefreshed
2025-06-05 03:21:46.863    app     info:    [quasar-elg-events] Event sent    type.evetech.net/eve_launcher.electron.authentication.UserTokensRefreshed
2025-06-05 03:21:46.873    app     info:    [new-player-content] Resetting content as language not in response    { locale: 'tx' }
2025-06-05 03:21:47.029    app    error:    [login-window] Could not load the login page: 'https://login.eveonline.com/account/logoff?lang=en&ReturnUrl=%2Fv2%2Foauth%2Fauthorize%3Fresponse_type%3Dcode%26client_id%3DeveLauncherTQ%26scope%3DeveClientLogin%2Bcisservice.customerRead.v1%2Bcisservice.customerWrite.v1%2Bcisservice.userProfileBasic.v1%2Bvgs.transactionRead.v1%2Bvgs.marketAccess.v1%26redirect_uri%3Dhttps%253A%252F%252Flogin.eveonline.com%252Flauncher%253Fclient_id%253DeveLauncherTQ%26state%3DkNl3-E-eR3_CXPpZ4mKjUlW23BA26gCitFAK8ngCBDI%26code_challenge_method%3DS256%26code_challenge%3DVvixuQcuTtspY21d1UlrPkndlik2Pz5Q0L1XF0vWhR8%26steam_ticket%3D14000000e76659301106de8c1bd7f11a01001001400d416818000000010000000200000082ba0554df58911b355d000001000000b200000032000000040000001bd7f11a0100100134210000cc82a42edd06000a000000000c3140688ce05b6801002f22020000000000cc00b2a9c485eaed298a68b68cb4fdcd5d920993bb259c655ee343fb2c256ebdbfb6a93aaeba88f9235f249fc229e3bf5c3230ddbce77bfe22d226bc3b40cbd3a28d293e1ee0514e2bd0bfafc959be51c554e56a9f896b0b75f085844f1c11872911ce3bd7785d3fd1a35b3c8a1988d8f79d3429392c34b5755b67223f9a430e' ERR_ABORTED (-3) loading 'eveonline://callback?client_id=eveLauncherTQ&code=cL9nXjfJhEyX2LhIQbye2w&state=kNl3-E-eR3_CXPpZ4mKjUlW23BA26gCitFAK8ngCBDI'    Error: ERR_ABORTED (-3) loading 'eveonline://callback?client_id=eveLauncherTQ&code=cL9nXjfJhEyX2LhIQbye2w&state=kNl3-E-eR3_CXPpZ4mKjUlW23BA26gCitFAK8ngCBDI'
    at rejectAndCleanup (node:electron/js2c/browser_init:2:79523)
    at WebContents.navigationListener (node:electron/js2c/browser_init:2:79803)
    at WebContents.emit (node:events:518:28)
    at e.emit (C:\Program Files (x86)\Steam\steamapps\common\Eve Online\app-1.10.1\resources\app.asar\.webpack\main\index.js:8:2737360) {
  errno: -3,
  code: 'ERR_ABORTED',
  url: 'eveonline://callback?client_id=eveLauncherTQ&code=cL9nXjfJhEyX2LhIQbye2w&state=kNl3-E-eR3_CXPpZ4mKjUlW23BA26gCitFAK8ngCBDI'
}
2025-06-05 03:21:47.075    app     info:    [quasar-elg-events] Queueing event    eve_launcher.electron.authentication.LoginWindowClosed
2025-06-05 03:21:47.075    app     info:    [login-window] Login window with state 'kNl3-E-eR3_CXPpZ4mKjUlW23BA26gCitFAK8ngCBDI' has been closed
2025-06-05 03:21:47.075    app     info:    [quasar-elg-events] Event sent    type.evetech.net/eve_launcher.electron.authentication.LoginWindowClosed
2025-06-05 03:21:47.488    app     info:    [authentication] Token for '31367691' on 'tranquility' has been successfully refreshed
2025-06-05 03:21:47.494    app     info:    [quasar-elg-events] Queueing event    eve_launcher.electron.authentication.UserTokensRefreshed
2025-06-05 03:21:47.504    app     info:    [quasar-elg-events] Event sent    type.evetech.net/eve_launcher.electron.authentication.UserTokensRefreshed
2025-06-05 03:21:47.511    app     info:    [customer-information] Getting character information for '31367691' on 'tranquility'
2025-06-05 03:21:47.512    app     info:    [customer-information] Getting Omega status for '31367691' on 'tranquility' (eve-online)
2025-06-05 03:21:47.512    app     info:    [virtual-goods] Getting Plex status for '31367691' on 'tranquility' (eve-online)
2025-06-05 03:21:47.618    app     info:    [virtual-goods] Fetched Plex status for '31367691' on 'tranquility' (eve-online) with balance: 0
2025-06-05 03:21:47.628    app     warn:    [play-area-content] Invalid product found in play area content    { product: 'eve-frontier' }
2025-06-05 03:21:47.628    app     warn:    [play-area-content] Invalid product found in play area content    { product: 'eve-frontier' }
2025-06-05 03:21:47.629    app     warn:    [play-area-content] Invalid product found in play area content    { product: 'eve-frontier' }
2025-06-05 03:21:47.629    app     warn:    [play-area-content] Invalid product found in play area content    { product: 'eve-frontier' }
2025-06-05 03:21:47.630    app     warn:    [play-area-content] Invalid product found in play area content    { product: 'eve-frontier' }
2025-06-05 03:21:47.630    app     warn:    [play-area-content] Invalid product found in play area content    { product: 'eve-frontier' }
2025-06-05 03:21:47.630    app     warn:    [play-area-content] Invalid product found in play area content    { product: 'eve-frontier' }
2025-06-05 03:21:47.631    app     warn:    [play-area-content] Invalid product found in play area content    { product: 'eve-frontier' }
2025-06-05 03:21:47.638    app     info:    [esi] Fetching character details for 2123502320
2025-06-05 03:21:47.707    app     info:    [server-manager] Previous Tranquility build: 2929428, current build: 2929428
2025-06-05 03:21:47.707    app     info:    [server-manager] Tranquility build is unchanged.
2025-06-05 03:21:47.725    app     info:    [server-manager] Ready to play!
2025-06-05 03:21:47.743    app     info:    [server-manager] Finished refresh cycle for Tranquility
2025-06-05 03:21:47.761    app     info:    [authentication] Token for '31367691' on 'tranquility' has been successfully refreshed
2025-06-05 03:21:47.767    app     info:    [quasar-elg-events] Queueing event    eve_launcher.electron.authentication.UserTokensRefreshed
2025-06-05 03:21:47.776    app     info:    [quasar-elg-events] Event sent    type.evetech.net/eve_launcher.electron.authentication.UserTokensRefreshed
2025-06-05 03:21:47.784    app     info:    [quasar-elg-events] Queueing event    eve_launcher.electron.authentication.UserTokensReceived
2025-06-05 03:21:47.800    app     info:    [quasar-elg-events] Queueing event    eve_launcher.electron.authentication.UserAuthenticated
2025-06-05 03:21:47.807    app     info:    [authentication] Token for '26239201' on 'tranquility' has been successfully refreshed
2025-06-05 03:21:47.813    app     info:    [quasar-elg-events] Queueing event    eve_launcher.electron.authentication.UserTokensRefreshed
2025-06-05 03:21:47.824    app     info:    [authentication] Token for '31320672' on 'tranquility' has been successfully refreshed
2025-06-05 03:21:47.830    app     info:    [quasar-elg-events] Queueing event    eve_launcher.electron.authentication.UserTokensRefreshed
2025-06-05 03:21:47.842    app     info:    [quasar-elg-events] Event sent    type.evetech.net/eve_launcher.electron.authentication.UserTokensReceived
2025-06-05 03:21:47.844    app     info:    [authentication] Token for '29795975' on 'tranquility' has been successfully refreshed
2025-06-05 03:21:47.850    app     info:    [quasar-elg-events] Queueing event    eve_launcher.electron.authentication.UserTokensRefreshed
2025-06-05 03:21:47.859    app     info:    [AuthenticationMiddleware] Successfully restored 5 / 5 users
2025-06-05 03:21:47.860    app     info:    [quasar-elg-events] Event sent    type.evetech.net/eve_launcher.electron.authentication.UserAuthenticated
2025-06-05 03:21:47.862    app     info:    [quasar-elg-events] Event sent    type.evetech.net/eve_launcher.electron.authentication.UserTokensRefreshed
2025-06-05 03:21:47.864    app     info:    [quasar-elg-events] Event sent    type.evetech.net/eve_launcher.electron.authentication.UserTokensRefreshed
2025-06-05 03:21:47.866    app     info:    [quasar-elg-events] Event sent    type.evetech.net/eve_launcher.electron.authentication.UserTokensRefreshed
2025-06-05 03:21:48.039    app     info:    [esi] Fetched 1 character details for 31367691
2025-06-05 03:21:49.903    app     info:    [self-update] Checking for application updates.
2025-06-05 03:21:51.259    app     info:    [self-update] No application updates were found.
2025-06-05 03:22:13.399    app     warn:    The connection to LogLite was refused. A LogLite server may not be running, or be listening to connections.    []
2025-06-05 03:22:16.039    app     info:    [client-queue] Queued client startup    {
  product: 'eve-online',
  tenant: 'tranquility',
  userId: 31367691,
  characterId: 1,
  profile: 'Default'
}
2025-06-05 03:22:16.048    app     info:    [quasar-elg-events] Queueing event    eve_launcher.electron.eve_client.ClientQueued
2025-06-05 03:22:16.049    app     info:    [client-queue] No clients running for 'tranquility' (eve-online), copying files before starting a client
2025-06-05 03:22:16.050    app     info:    [quasar-elg-events] Event sent    type.evetech.net/eve_launcher.electron.eve_client.ClientQueued
2025-06-05 03:22:16.064    app     info:    [quasar-elg-events] Queueing event    eve_launcher.electron.eve_client.CopyingFilesStarted
2025-06-05 03:22:16.064    app     info:    [binary-copier] Copying 226 files (378 MB) to 'C:\Games\EVE\tq'
2025-06-05 03:22:16.066    app     info:    [quasar-elg-events] Event sent    type.evetech.net/eve_launcher.electron.eve_client.CopyingFilesStarted
2025-06-05 03:22:16.124    app     info:    [binary-copier] Removing old binaries
2025-06-05 03:22:16.152    app     info:    [binary-copier] Copying binaries from ResFiles
2025-06-05 03:22:17.215    app     info:    [binary-copier] Finished copying 226 files to 'C:\Games\EVE\tq' in 1.158 seconds
2025-06-05 03:22:17.221    app     info:    [quasar-elg-events] Queueing event    eve_launcher.electron.eve_client.CopyingFilesFinished
2025-06-05 03:22:17.221    app     info:    [quasar-elg-events] Event sent    type.evetech.net/eve_launcher.electron.eve_client.CopyingFilesFinished
2025-06-05 03:22:17.241    app     info:    [client-manager] Starting EVE Online game client.    C:\Games\EVE\tq\bin64\exefile.exe    [
  '/noconsole',
  '/server:tranquility.servers.eveonline.com',
  '/ssoToken=***',
  '/refreshToken=***',
  '/settingsprofile=Default',
  '/language=ru',
  '/triplatform=dx11',
  '/steamUser',
  '/deviceID=***',
  '/machineHash=***',
  '/journeyID=***',
  'exp=1749094311',
  'tokenExpires=2025-06-05 06:31:51.000'
]    31367691
2025-06-05 03:22:17.247    app     info:    [quasar-elg-events] Queueing event    eve_launcher.electron.eve_client.GameClientStartRequested
2025-06-05 03:22:17.250    app     info:    [quasar-elg-events] Event sent    type.evetech.net/eve_launcher.electron.eve_client.GameClientStartRequested
2025-06-05 03:22:17.295    app     info:    [quasar-elg-events] Queueing event    eve_launcher.electron.eve_client.GameClientStarted
2025-06-05 03:22:17.301    app     info:    [quasar-elg-events] Event sent    type.evetech.net/eve_launcher.electron.eve_client.GameClientStarted
2025-06-05 03:22:17.301    app     info:    [client-queue] Started client from group startup    {
  product: 'eve-online',
  tenant: 'tranquility',
  characterId: 1,
  profile: 'Default',
  userId: 31367691
}
2025-06-05 03:22:19.324    app     info:    [client-queue] Queue has stopped running, no more clients pending startup.
2025-06-05 03:23:56.507    app     warn:    Retrying request to https://launcher.eveonline.com (1) Request error when calling 'https://launcher.eveonline.com'
getaddrinfo ENOTFOUND launcher.eveonline.com    h [RequestError]: Request error when calling 'https://launcher.eveonline.com'
getaddrinfo ENOTFOUND launcher.eveonline.com
    at h.from (C:\Program Files (x86)\Steam\steamapps\common\Eve Online\app-1.10.1\resources\app.asar\.webpack\main\index.js:8:2664406)
    at ClientRequest.<anonymous> (C:\Program Files (x86)\Steam\steamapps\common\Eve Online\app-1.10.1\resources\app.asar\.webpack\main\index.js:8:2667255)
    at ClientRequest.emit (node:events:518:28)
    at emitErrorEvent (node:_http_client:104:11)
    at TLSSocket.socketErrorListener (node:_http_client:518:5)
    at TLSSocket.emit (node:events:518:28)
    at emitErrorNT (node:internal/streams/destroy:170:8)
    at emitErrorCloseNT (node:internal/streams/destroy:129:3)
    at process.processTicksAndRejections (node:internal/process/task_queues:90:21) {
  errno: -3008,
  code: 'ENOTFOUND',
  syscall: 'getaddrinfo',
  hostname: 'launcher.eveonline.com'
}
2025-06-05 03:23:56.521    app     warn:    Retrying request to https://launcher.eveonline.com (1) Request error when calling 'https://launcher.eveonline.com'
getaddrinfo ENOTFOUND launcher.eveonline.com    h [RequestError]: Request error when calling 'https://launcher.eveonline.com'
getaddrinfo ENOTFOUND launcher.eveonline.com
    at h.from (C:\Program Files (x86)\Steam\steamapps\common\Eve Online\app-1.10.1\resources\app.asar\.webpack\main\index.js:8:2664406)
    at ClientRequest.<anonymous> (C:\Program Files (x86)\Steam\steamapps\common\Eve Online\app-1.10.1\resources\app.asar\.webpack\main\index.js:8:2667255)
    at ClientRequest.emit (node:events:518:28)
    at emitErrorEvent (node:_http_client:104:11)
    at TLSSocket.socketErrorListener (node:_http_client:518:5)
    at TLSSocket.emit (node:events:518:28)
    at emitErrorNT (node:internal/streams/destroy:170:8)
    at emitErrorCloseNT (node:internal/streams/destroy:129:3)
    at process.processTicksAndRejections (node:internal/process/task_queues:90:21) {
  errno: -3008,
  code: 'ENOTFOUND',
  syscall: 'getaddrinfo',
  hostname: 'launcher.eveonline.com'
}
2025-06-05 03:24:12.326    app     info:    [scheduler] Stopped scheduler foreground
2025-06-05 03:24:12.330    app     info:    [ipc-requests] Handling requests in the background
2025-06-05 03:24:13.331    app     info:    [ipc-requests] No longer handling requests in the background
2025-06-05 03:26:47.753    app     info:    [server-manager] Starting refresh cycle for eve-online / Tranquility
2025-06-05 03:26:48.014    app     info:    [server-manager] Previous Tranquility build: 2929428, current build: 2929428
2025-06-05 03:26:48.014    app     info:    [server-manager] Tranquility build is unchanged.
2025-06-05 03:26:48.035    app     info:    [server-manager] Ready to play!
2025-06-05 03:26:48.056    app     info:    [server-manager] Finished refresh cycle for Tranquility
2025-06-05 03:31:48.077    app     info:    [server-manager] Starting refresh cycle for eve-online / Tranquility
2025-06-05 03:31:48.291    app     info:    [server-manager] Previous Tranquility build: 2929428, current build: 2929428
2025-06-05 03:31:48.291    app     info:    [server-manager] Tranquility build is unchanged.
2025-06-05 03:31:48.315    app     info:    [server-manager] Ready to play!
2025-06-05 03:31:48.348    app     info:    [server-manager] Finished refresh cycle for Tranquility
2025-06-05 03:36:48.374    app     info:    [server-manager] Starting refresh cycle for eve-online / Tranquility
2025-06-05 03:36:48.574    app     info:    [server-manager] Previous Tranquility build: 2929428, current build: 2929428
2025-06-05 03:36:48.575    app     info:    [server-manager] Tranquility build is unchanged.
2025-06-05 03:36:48.598    app     info:    [server-manager] Ready to play!
2025-06-05 03:36:48.629    app     info:    [server-manager] Finished refresh cycle for Tranquility
2025-06-05 03:39:13.214    app     info:    [scheduler] Starting scheduler foreground
2025-06-05 03:39:13.248    app     info:    [newsfeed] Fetching news for eve-online in ru
2025-06-05 03:39:13.283    app     info:    [authentication] Token for '31367691' on 'tranquility' is expired, refresh is required
2025-06-05 03:39:13.284    app     info:    [authentication] Refreshing token for '31367691' on 'tranquility'
2025-06-05 03:39:15.574    app     info:    [newsfeed] Fetched 20 news items for eve-online in ru
2025-06-05 03:39:17.074    app     warn:    [play-area-content] Invalid product found in play area content    { product: 'eve-frontier' }
2025-06-05 03:39:17.075    app     warn:    [play-area-content] Invalid product found in play area content    { product: 'eve-frontier' }
2025-06-05 03:39:17.075    app     warn:    [play-area-content] Invalid product found in play area content    { product: 'eve-frontier' }
2025-06-05 03:39:17.075    app     warn:    [play-area-content] Invalid product found in play area content    { product: 'eve-frontier' }
2025-06-05 03:39:17.075    app     warn:    [play-area-content] Invalid product found in play area content    { product: 'eve-frontier' }
2025-06-05 03:39:17.075    app     warn:    [play-area-content] Invalid product found in play area content    { product: 'eve-frontier' }
2025-06-05 03:39:17.076    app     warn:    [play-area-content] Invalid product found in play area content    { product: 'eve-frontier' }
2025-06-05 03:39:17.076    app     warn:    [play-area-content] Invalid product found in play area content    { product: 'eve-frontier' }
2025-06-05 03:39:17.335    app     info:    [authentication] Token for '31367691' on 'tranquility' has been successfully refreshed
2025-06-05 03:39:17.340    app     info:    [quasar-elg-events] Queueing event    eve_launcher.electron.authentication.UserTokensRefreshed
2025-06-05 03:39:18.262    app     info:    [self-update] Checking for application updates.
2025-06-05 03:39:20.894    app     info:    [self-update] No application updates were found.
2025-06-05 03:39:22.130    app     info:    [scheduler] Stopped scheduler foreground
2025-06-05 03:39:22.134    app     info:    [ipc-requests] Handling requests in the background
2025-06-05 03:39:22.416    app     info:    [quasar-elg-events] Event sent    type.evetech.net/eve_launcher.electron.authentication.UserTokensRefreshed
2025-06-05 03:39:23.134    app     info:    [ipc-requests] No longer handling requests in the background
2025-06-05 03:40:58.359    app     info:    [scheduler] Starting scheduler foreground
2025-06-05 03:41:05.079    app     info:    [scheduler] Stopped scheduler foreground
2025-06-05 03:41:05.083    app     info:    [ipc-requests] Handling requests in the background
2025-06-05 03:41:06.084    app     info:    [ipc-requests] No longer handling requests in the background
2025-06-05 03:41:48.642    app     info:    [server-manager] Starting refresh cycle for eve-online / Tranquility
2025-06-05 03:41:48.984    app     info:    [server-manager] Previous Tranquility build: 2929428, current build: 2929428
2025-06-05 03:41:48.984    app     info:    [server-manager] Tranquility build is unchanged.
2025-06-05 03:41:49.004    app     info:    [server-manager] Ready to play!
2025-06-05 03:41:49.037    app     info:    [server-manager] Finished refresh cycle for Tranquility
2025-06-05 03:46:49.050    app     info:    [server-manager] Starting refresh cycle for eve-online / Tranquility
2025-06-05 03:46:52.508    app     info:    [server-manager] Previous Tranquility build: 2929428, current build: 2929428
2025-06-05 03:46:52.508    app     info:    [server-manager] Tranquility build is unchanged.
2025-06-05 03:46:52.546    app     info:    [server-manager] Ready to play!
2025-06-05 03:46:52.583    app     info:    [server-manager] Finished refresh cycle for Tranquility
2025-06-05 03:49:10.782    app     info:    [authentication] Token for '31320672' on 'tranquility' is expired, refresh is required
2025-06-05 03:49:10.782    app     info:    [authentication] Refreshing token for '31320672' on 'tranquility'
2025-06-05 03:49:10.788    app     info:    [authentication] Token for '26239201' on 'tranquility' is expired, refresh is required
2025-06-05 03:49:10.788    app     info:    [authentication] Refreshing token for '26239201' on 'tranquility'
2025-06-05 03:49:10.795    app     info:    [authentication] Token for '29795975' on 'tranquility' is expired, refresh is required
2025-06-05 03:49:10.795    app     info:    [authentication] Refreshing token for '29795975' on 'tranquility'
2025-06-05 03:49:10.798    app     warn:    [quasar-31367691] Quasar connection encountered an internal error with unknown code [internal]    a [ConnectError]: [internal]
    at ee (C:\Program Files (x86)\Steam\steamapps\common\Eve Online\app-1.10.1\resources\app.asar\.webpack\main\index.js:8:2683063)
    at C:\Program Files (x86)\Steam\steamapps\common\Eve Online\app-1.10.1\resources\app.asar\.webpack\main\index.js:8:2683536
    at te (C:\Program Files (x86)\Steam\steamapps\common\Eve Online\app-1.10.1\resources\app.asar\.webpack\main\index.js:8:2683584)
    at next (C:\Program Files (x86)\Steam\steamapps\common\Eve Online\app-1.10.1\resources\app.asar\.webpack\main\index.js:8:2691577)
    at process.processTicksAndRejections (node:internal/process/task_queues:105:5) {
  rawMessage: '',
  code: 13,
  metadata: Headers {
    'content-type': 'application/grpc+proto',
    'grpc-status': '13',
    'grpc-message': ''
  },
  details: [],
  cause: undefined
}
2025-06-05 03:49:11.069    app     info:    [authentication] Token for '29795975' on 'tranquility' has been successfully refreshed
2025-06-05 03:49:11.082    app     info:    [quasar-elg-events] Queueing event    eve_launcher.electron.authentication.UserTokensRefreshed
2025-06-05 03:49:11.105    app     info:    [quasar-29795975] Start streaming with new credentials
2025-06-05 03:49:11.123    app     info:    [quasar-elg-events] Event sent    type.evetech.net/eve_launcher.electron.authentication.UserTokensRefreshed
2025-06-05 03:49:11.125    app     info:    [authentication] Token for '26239201' on 'tranquility' has been successfully refreshed
2025-06-05 03:49:11.136    app     info:    [quasar-elg-events] Queueing event    eve_launcher.electron.authentication.UserTokensRefreshed
2025-06-05 03:49:11.158    app     info:    [quasar-26239201] Start streaming with new credentials
2025-06-05 03:49:11.159    app     info:    [quasar-elg-events] Event sent    type.evetech.net/eve_launcher.electron.authentication.UserTokensRefreshed
2025-06-05 03:49:11.255    app     info:    [authentication] Token for '23622903' on 'tranquility' is expired, refresh is required
2025-06-05 03:49:11.256    app     info:    [authentication] Refreshing token for '23622903' on 'tranquility'
2025-06-05 03:49:11.261    app     warn:    [quasar-29795975] Quasar connection encountered an internal error with unknown code [internal]    a [ConnectError]: [internal]
    at ee (C:\Program Files (x86)\Steam\steamapps\common\Eve Online\app-1.10.1\resources\app.asar\.webpack\main\index.js:8:2683063)
    at C:\Program Files (x86)\Steam\steamapps\common\Eve Online\app-1.10.1\resources\app.asar\.webpack\main\index.js:8:2683536
    at te (C:\Program Files (x86)\Steam\steamapps\common\Eve Online\app-1.10.1\resources\app.asar\.webpack\main\index.js:8:2683584)
    at next (C:\Program Files (x86)\Steam\steamapps\common\Eve Online\app-1.10.1\resources\app.asar\.webpack\main\index.js:8:2691577)
    at process.processTicksAndRejections (node:internal/process/task_queues:105:5) {
  rawMessage: '',
  code: 13,
  metadata: Headers {
    'content-type': 'application/grpc+proto',
    'grpc-status': '13',
    'grpc-message': ''
  },
  details: [],
  cause: undefined
}
2025-06-05 03:49:11.278    app     warn:    [quasar-26239201] Quasar connection encountered an internal error with unknown code [internal]    a [ConnectError]: [internal]
    at ee (C:\Program Files (x86)\Steam\steamapps\common\Eve Online\app-1.10.1\resources\app.asar\.webpack\main\index.js:8:2683063)
    at C:\Program Files (x86)\Steam\steamapps\common\Eve Online\app-1.10.1\resources\app.asar\.webpack\main\index.js:8:2683536
    at te (C:\Program Files (x86)\Steam\steamapps\common\Eve Online\app-1.10.1\resources\app.asar\.webpack\main\index.js:8:2683584)
    at next (C:\Program Files (x86)\Steam\steamapps\common\Eve Online\app-1.10.1\resources\app.asar\.webpack\main\index.js:8:2691577)
    at process.processTicksAndRejections (node:internal/process/task_queues:105:5) {
  rawMessage: '',
  code: 13,
  metadata: Headers {
    'content-type': 'application/grpc+proto',
    'grpc-status': '13',
    'grpc-message': ''
  },
  details: [],
  cause: undefined
}
2025-06-05 03:49:11.464    app     info:    [authentication] Token for '31320672' on 'tranquility' has been successfully refreshed
2025-06-05 03:49:11.485    app     info:    [quasar-elg-events] Queueing event    eve_launcher.electron.authentication.UserTokensRefreshed
2025-06-05 03:49:11.502    app     info:    [quasar-31320672] Start streaming with new credentials
2025-06-05 03:49:11.503    app     info:    [quasar-elg-events] Event sent    type.evetech.net/eve_launcher.electron.authentication.UserTokensRefreshed
2025-06-05 03:49:11.588    app     warn:    [quasar-31320672] Quasar connection encountered an internal error with unknown code [internal]    a [ConnectError]: [internal]
    at ee (C:\Program Files (x86)\Steam\steamapps\common\Eve Online\app-1.10.1\resources\app.asar\.webpack\main\index.js:8:2683063)
    at C:\Program Files (x86)\Steam\steamapps\common\Eve Online\app-1.10.1\resources\app.asar\.webpack\main\index.js:8:2683536
    at te (C:\Program Files (x86)\Steam\steamapps\common\Eve Online\app-1.10.1\resources\app.asar\.webpack\main\index.js:8:2683584)
    at next (C:\Program Files (x86)\Steam\steamapps\common\Eve Online\app-1.10.1\resources\app.asar\.webpack\main\index.js:8:2691577)
    at process.processTicksAndRejections (node:internal/process/task_queues:105:5) {
  rawMessage: '',
  code: 13,
  metadata: Headers {
    'content-type': 'application/grpc+proto',
    'grpc-status': '13',
    'grpc-message': ''
  },
  details: [],
  cause: undefined
}
2025-06-05 03:49:11.623    app     info:    [authentication] Token for '23622903' on 'tranquility' has been successfully refreshed
2025-06-05 03:49:11.634    app     info:    [quasar-elg-events] Queueing event    eve_launcher.electron.authentication.UserTokensRefreshed
2025-06-05 03:49:11.651    app     info:    [quasar-23622903] Start streaming with new credentials
2025-06-05 03:49:11.654    app     info:    [quasar-elg-events] Event sent    type.evetech.net/eve_launcher.electron.authentication.UserTokensRefreshed
2025-06-05 03:49:11.813    app     warn:    [quasar-23622903] Quasar connection encountered an internal error with unknown code [internal]    a [ConnectError]: [internal]
    at ee (C:\Program Files (x86)\Steam\steamapps\common\Eve Online\app-1.10.1\resources\app.asar\.webpack\main\index.js:8:2683063)
    at C:\Program Files (x86)\Steam\steamapps\common\Eve Online\app-1.10.1\resources\app.asar\.webpack\main\index.js:8:2683536
    at te (C:\Program Files (x86)\Steam\steamapps\common\Eve Online\app-1.10.1\resources\app.asar\.webpack\main\index.js:8:2683584)
    at next (C:\Program Files (x86)\Steam\steamapps\common\Eve Online\app-1.10.1\resources\app.asar\.webpack\main\index.js:8:2691577)
    at process.processTicksAndRejections (node:internal/process/task_queues:105:5) {
  rawMessage: '',
  code: 13,
  metadata: Headers {
    'content-type': 'application/grpc+proto',
    'grpc-status': '13',
    'grpc-message': ''
  },
  details: [],
  cause: undefined
}
2025-06-05 03:50:49.490    app     info:    [scheduler] Starting scheduler foreground
2025-06-05 03:50:49.519    app     info:    [newsfeed] Fetching news for eve-online in ru
2025-06-05 03:50:49.533    app     info:    [authentication] Token for '31367691' on 'tranquility' is expired, refresh is required
2025-06-05 03:50:49.533    app     info:    [authentication] Refreshing token for '31367691' on 'tranquility'
2025-06-05 03:50:49.735    app     warn:    [play-area-content] Invalid product found in play area content    { product: 'eve-frontier' }
2025-06-05 03:50:49.735    app     warn:    [play-area-content] Invalid product found in play area content    { product: 'eve-frontier' }
2025-06-05 03:50:49.736    app     warn:    [play-area-content] Invalid product found in play area content    { product: 'eve-frontier' }
2025-06-05 03:50:49.736    app     warn:    [play-area-content] Invalid product found in play area content    { product: 'eve-frontier' }
2025-06-05 03:50:49.737    app     warn:    [play-area-content] Invalid product found in play area content    { product: 'eve-frontier' }
2025-06-05 03:50:49.737    app     warn:    [play-area-content] Invalid product found in play area content    { product: 'eve-frontier' }
2025-06-05 03:50:49.737    app     warn:    [play-area-content] Invalid product found in play area content    { product: 'eve-frontier' }
2025-06-05 03:50:49.738    app     warn:    [play-area-content] Invalid product found in play area content    { product: 'eve-frontier' }
2025-06-05 03:50:49.755    app     info:    [newsfeed] Fetched 20 news items for eve-online in ru
2025-06-05 03:50:49.765    app     info:    [authentication] Token for '31367691' on 'tranquility' has been successfully refreshed
2025-06-05 03:50:49.771    app     info:    [quasar-elg-events] Queueing event    eve_launcher.electron.authentication.UserTokensRefreshed
2025-06-05 03:50:49.789    app     info:    [quasar-elg-events] Event sent    type.evetech.net/eve_launcher.electron.authentication.UserTokensRefreshed
2025-06-05 03:50:54.523    app     info:    [self-update] Checking for application updates.
2025-06-05 03:50:55.469    app     info:    [self-update] No application updates were found.
2025-06-05 03:51:47.250    app     info:    [scheduler] Stopped scheduler foreground
2025-06-05 03:51:47.252    app     info:    [ipc-requests] Handling requests in the background
2025-06-05 03:51:48.253    app     info:    [ipc-requests] No longer handling requests in the background
2025-06-05 03:51:52.599    app     info:    [server-manager] Starting refresh cycle for eve-online / Tranquility
2025-06-05 03:51:52.814    app     info:    [server-manager] Previous Tranquility build: 2929428, current build: 2929428
2025-06-05 03:51:52.814    app     info:    [server-manager] Tranquility build is unchanged.
2025-06-05 03:51:52.843    app     info:    [server-manager] Ready to play!
2025-06-05 03:51:52.867    app     info:    [server-manager] Finished refresh cycle for Tranquility
2025-06-05 03:51:53.736    app     info:    [scheduler] Starting scheduler foreground
2025-06-05 03:53:50.045    app     info:    [window-manager-minimize] Main window minimized to tray    { windowId: 2 }
2025-06-05 03:53:50.110    app     info:    [window-manager-minimize] Sent notification that the application is minimized to tray    { windowId: 2 }
2025-06-05 03:53:50.123    app     info:    [scheduler] Stopped scheduler foreground
2025-06-05 03:53:50.124    app     info:    [ipc-requests] Handling requests in the background
2025-06-05 03:53:51.125    app     info:    [ipc-requests] No longer handling requests in the background
2025-06-05 03:56:52.889    app     info:    [server-manager] Starting refresh cycle for eve-online / Tranquility
2025-06-05 03:56:53.574    app     info:    [server-manager] Previous Tranquility build: 2929428, current build: 2929428
2025-06-05 03:56:53.574    app     info:    [server-manager] Tranquility build is unchanged.
2025-06-05 03:56:53.610    app     info:    [server-manager] Ready to play!
2025-06-05 03:56:53.646    app     info:    [server-manager] Finished refresh cycle for Tranquility
2025-06-05 04:01:53.663    app     info:    [server-manager] Starting refresh cycle for eve-online / Tranquility
2025-06-05 04:01:55.179    app     info:    [server-manager] Previous Tranquility build: 2929428, current build: 2929428
2025-06-05 04:01:55.180    app     info:    [server-manager] Tranquility build is unchanged.
2025-06-05 04:01:55.203    app     info:    [server-manager] Ready to play!
2025-06-05 04:01:55.227    app     info:    [server-manager] Finished refresh cycle for Tranquility
2025-06-05 04:06:55.242    app     info:    [server-manager] Starting refresh cycle for eve-online / Tranquility
2025-06-05 04:06:55.520    app     info:    [server-manager] Previous Tranquility build: 2929428, current build: 2929428
2025-06-05 04:06:55.520    app     info:    [server-manager] Tranquility build is unchanged.
2025-06-05 04:06:55.546    app     info:    [server-manager] Ready to play!
2025-06-05 04:06:55.574    app     info:    [server-manager] Finished refresh cycle for Tranquility
2025-06-05 04:11:55.588    app     info:    [server-manager] Starting refresh cycle for eve-online / Tranquility
2025-06-05 04:11:55.879    app     info:    [server-manager] Previous Tranquility build: 2929428, current build: 2929428
2025-06-05 04:11:55.879    app     info:    [server-manager] Tranquility build is unchanged.
2025-06-05 04:11:55.898    app     info:    [server-manager] Ready to play!
2025-06-05 04:11:55.916    app     info:    [server-manager] Finished refresh cycle for Tranquility
2025-06-05 04:16:55.930    app     info:    [server-manager] Starting refresh cycle for eve-online / Tranquility
2025-06-05 04:16:56.145    app     info:    [server-manager] Previous Tranquility build: 2929428, current build: 2929428
2025-06-05 04:16:56.145    app     info:    [server-manager] Tranquility build is unchanged.
2025-06-05 04:16:56.175    app     info:    [server-manager] Ready to play!
2025-06-05 04:16:56.191    app     info:    [server-manager] Finished refresh cycle for Tranquility
2025-06-05 04:21:56.213    app     info:    [server-manager] Starting refresh cycle for eve-online / Tranquility
2025-06-05 04:21:56.504    app     info:    [server-manager] Previous Tranquility build: 2929428, current build: 2929428
2025-06-05 04:21:56.505    app     info:    [server-manager] Tranquility build is unchanged.
2025-06-05 04:21:56.540    app     info:    [server-manager] Ready to play!
2025-06-05 04:21:56.573    app     info:    [server-manager] Finished refresh cycle for Tranquility
2025-06-05 04:26:56.583    app     info:    [server-manager] Starting refresh cycle for eve-online / Tranquility
2025-06-05 04:26:56.765    app     info:    [server-manager] Previous Tranquility build: 2929428, current build: 2929428
2025-06-05 04:26:56.765    app     info:    [server-manager] Tranquility build is unchanged.
2025-06-05 04:26:56.789    app     info:    [server-manager] Ready to play!
2025-06-05 04:26:56.817    app     info:    [server-manager] Finished refresh cycle for Tranquility
2025-06-05 04:31:56.828    app     info:    [server-manager] Starting refresh cycle for eve-online / Tranquility
2025-06-05 04:31:58.086    app     info:    [server-manager] Previous Tranquility build: 2929428, current build: 2929428
2025-06-05 04:31:58.087    app     info:    [server-manager] Tranquility build is unchanged.
2025-06-05 04:31:58.105    app     info:    [server-manager] Ready to play!
2025-06-05 04:31:58.121    app     info:    [server-manager] Finished refresh cycle for Tranquility
2025-06-05 04:36:58.130    app     info:    [server-manager] Starting refresh cycle for eve-online / Tranquility
2025-06-05 04:36:58.345    app     info:    [server-manager] Previous Tranquility build: 2929428, current build: 2929428
2025-06-05 04:36:58.345    app     info:    [server-manager] Tranquility build is unchanged.
2025-06-05 04:36:58.358    app     info:    [server-manager] Ready to play!
2025-06-05 04:36:58.372    app     info:    [server-manager] Finished refresh cycle for Tranquility
2025-06-05 04:41:58.384    app     info:    [server-manager] Starting refresh cycle for eve-online / Tranquility
2025-06-05 04:41:58.681    app     info:    [server-manager] Previous Tranquility build: 2929428, current build: 2929428
2025-06-05 04:41:58.682    app     info:    [server-manager] Tranquility build is unchanged.
2025-06-05 04:41:58.710    app     info:    [server-manager] Ready to play!
2025-06-05 04:41:58.741    app     info:    [server-manager] Finished refresh cycle for Tranquility
2025-06-05 04:46:58.760    app     info:    [server-manager] Starting refresh cycle for eve-online / Tranquility
2025-06-05 04:46:58.986    app     info:    [server-manager] Previous Tranquility build: 2929428, current build: 2929428
2025-06-05 04:46:58.986    app     info:    [server-manager] Tranquility build is unchanged.
2025-06-05 04:46:59.010    app     info:    [server-manager] Ready to play!
2025-06-05 04:46:59.033    app     info:    [server-manager] Finished refresh cycle for Tranquility
2025-06-05 04:51:59.063    app     info:    [server-manager] Starting refresh cycle for eve-online / Tranquility
2025-06-05 04:51:59.354    app     info:    [server-manager] Previous Tranquility build: 2929428, current build: 2929428
2025-06-05 04:51:59.355    app     info:    [server-manager] Tranquility build is unchanged.
2025-06-05 04:51:59.401    app     info:    [server-manager] Ready to play!
2025-06-05 04:51:59.439    app     info:    [server-manager] Finished refresh cycle for Tranquility
2025-06-05 04:56:59.453    app     info:    [server-manager] Starting refresh cycle for eve-online / Tranquility
2025-06-05 04:56:59.720    app     info:    [server-manager] Previous Tranquility build: 2929428, current build: 2929428
2025-06-05 04:56:59.720    app     info:    [server-manager] Tranquility build is unchanged.
2025-06-05 04:56:59.745    app     info:    [server-manager] Ready to play!
2025-06-05 04:56:59.767    app     info:    [server-manager] Finished refresh cycle for Tranquility
2025-06-05 05:01:59.782    app     info:    [server-manager] Starting refresh cycle for eve-online / Tranquility
2025-06-05 05:02:00.167    app     info:    [server-manager] Previous Tranquility build: 2929428, current build: 2929428
2025-06-05 05:02:00.167    app     info:    [server-manager] Tranquility build is unchanged.
2025-06-05 05:02:00.191    app     info:    [server-manager] Ready to play!
2025-06-05 05:02:00.215    app     info:    [server-manager] Finished refresh cycle for Tranquility
2025-06-05 05:07:00.234    app     info:    [server-manager] Starting refresh cycle for eve-online / Tranquility
2025-06-05 05:07:00.562    app     info:    [server-manager] Previous Tranquility build: 2929428, current build: 2929428
2025-06-05 05:07:00.562    app     info:    [server-manager] Tranquility build is unchanged.
2025-06-05 05:07:00.586    app     info:    [server-manager] Ready to play!
2025-06-05 05:07:00.608    app     info:    [server-manager] Finished refresh cycle for Tranquility
2025-06-05 05:12:00.627    app     info:    [server-manager] Starting refresh cycle for eve-online / Tranquility
2025-06-05 05:12:00.867    app     info:    [server-manager] Previous Tranquility build: 2929428, current build: 2929428
2025-06-05 05:12:00.867    app     info:    [server-manager] Tranquility build is unchanged.
2025-06-05 05:12:00.886    app     info:    [server-manager] Ready to play!
2025-06-05 05:12:00.902    app     info:    [server-manager] Finished refresh cycle for Tranquility
2025-06-05 05:17:00.913    app     info:    [server-manager] Starting refresh cycle for eve-online / Tranquility
2025-06-05 05:17:01.266    app     info:    [server-manager] Previous Tranquility build: 2929428, current build: 2929428
2025-06-05 05:17:01.266    app     info:    [server-manager] Tranquility build is unchanged.
2025-06-05 05:17:01.290    app     info:    [server-manager] Ready to play!
2025-06-05 05:17:01.310    app     info:    [server-manager] Finished refresh cycle for Tranquility
2025-06-05 05:22:01.319    app     info:    [server-manager] Starting refresh cycle for eve-online / Tranquility
2025-06-05 05:22:01.611    app     info:    [server-manager] Previous Tranquility build: 2929428, current build: 2929428
2025-06-05 05:22:01.612    app     info:    [server-manager] Tranquility build is unchanged.
2025-06-05 05:22:01.629    app     info:    [server-manager] Ready to play!
2025-06-05 05:22:01.644    app     info:    [server-manager] Finished refresh cycle for Tranquility
2025-06-05 05:27:01.654    app     info:    [server-manager] Starting refresh cycle for eve-online / Tranquility
2025-06-05 05:27:01.962    app     info:    [server-manager] Previous Tranquility build: 2929428, current build: 2929428
2025-06-05 05:27:01.962    app     info:    [server-manager] Tranquility build is unchanged.
2025-06-05 05:27:01.982    app     info:    [server-manager] Ready to play!
2025-06-05 05:27:01.995    app     info:    [server-manager] Finished refresh cycle for Tranquility
2025-06-05 05:32:05.535    app     info:    [server-manager] Starting refresh cycle for eve-online / Tranquility
2025-06-05 05:32:05.882    app     info:    [server-manager] Previous Tranquility build: 2929428, current build: 2929428
2025-06-05 05:32:05.883    app     info:    [server-manager] Tranquility build is unchanged.
2025-06-05 05:32:05.901    app     info:    [server-manager] Ready to play!
2025-06-05 05:32:05.916    app     info:    [server-manager] Finished refresh cycle for Tranquility
2025-06-05 05:37:05.931    app     info:    [server-manager] Starting refresh cycle for eve-online / Tranquility
2025-06-05 05:37:06.200    app     info:    [server-manager] Previous Tranquility build: 2929428, current build: 2929428
2025-06-05 05:37:06.200    app     info:    [server-manager] Tranquility build is unchanged.
2025-06-05 05:37:06.218    app     info:    [server-manager] Ready to play!
2025-06-05 05:37:06.236    app     info:    [server-manager] Finished refresh cycle for Tranquility
2025-06-05 05:42:06.251    app     info:    [server-manager] Starting refresh cycle for eve-online / Tranquility
2025-06-05 05:42:06.444    app     info:    [server-manager] Previous Tranquility build: 2929428, current build: 2929428
2025-06-05 05:42:06.445    app     info:    [server-manager] Tranquility build is unchanged.
2025-06-05 05:42:06.467    app     info:    [server-manager] Ready to play!
2025-06-05 05:42:06.489    app     info:    [server-manager] Finished refresh cycle for Tranquility
2025-06-05 05:47:06.501    app     info:    [server-manager] Starting refresh cycle for eve-online / Tranquility
2025-06-05 05:47:06.743    app     info:    [server-manager] Previous Tranquility build: 2929428, current build: 2929428
2025-06-05 05:47:06.744    app     info:    [server-manager] Tranquility build is unchanged.
2025-06-05 05:47:06.766    app     info:    [server-manager] Ready to play!
2025-06-05 05:47:06.789    app     info:    [server-manager] Finished refresh cycle for Tranquility
2025-06-05 05:52:06.806    app     info:    [server-manager] Starting refresh cycle for eve-online / Tranquility
2025-06-05 05:52:07.060    app     info:    [server-manager] Previous Tranquility build: 2929428, current build: 2929428
2025-06-05 05:52:07.060    app     info:    [server-manager] Tranquility build is unchanged.
2025-06-05 05:52:07.073    app     info:    [server-manager] Ready to play!
2025-06-05 05:52:07.087    app     info:    [server-manager] Finished refresh cycle for Tranquility
2025-06-05 05:57:07.099    app     info:    [server-manager] Starting refresh cycle for eve-online / Tranquility
2025-06-05 05:57:07.411    app     info:    [server-manager] Previous Tranquility build: 2929428, current build: 2929428
2025-06-05 05:57:07.411    app     info:    [server-manager] Tranquility build is unchanged.
2025-06-05 05:57:07.425    app     info:    [server-manager] Ready to play!
2025-06-05 05:57:07.440    app     info:    [server-manager] Finished refresh cycle for Tranquility
2025-06-05 06:02:07.450    app     info:    [server-manager] Starting refresh cycle for eve-online / Tranquility
2025-06-05 06:02:07.668    app     info:    [server-manager] Previous Tranquility build: 2929428, current build: 2929428
2025-06-05 06:02:07.668    app     info:    [server-manager] Tranquility build is unchanged.
2025-06-05 06:02:07.683    app     info:    [server-manager] Ready to play!
2025-06-05 06:02:07.699    app     info:    [server-manager] Finished refresh cycle for Tranquility
2025-06-05 06:07:07.707    app     info:    [server-manager] Starting refresh cycle for eve-online / Tranquility
2025-06-05 06:07:08.030    app     info:    [server-manager] Previous Tranquility build: 2929428, current build: 2929428
2025-06-05 06:07:08.031    app     info:    [server-manager] Tranquility build is unchanged.
2025-06-05 06:07:08.050    app     info:    [server-manager] Ready to play!
2025-06-05 06:07:08.069    app     info:    [server-manager] Finished refresh cycle for Tranquility
2025-06-05 06:12:08.089    app     info:    [server-manager] Starting refresh cycle for eve-online / Tranquility
2025-06-05 06:12:08.370    app     info:    [server-manager] Previous Tranquility build: 2929428, current build: 2929428
2025-06-05 06:12:08.371    app     info:    [server-manager] Tranquility build is unchanged.
2025-06-05 06:12:08.399    app     info:    [server-manager] Ready to play!
2025-06-05 06:12:08.424    app     info:    [server-manager] Finished refresh cycle for Tranquility
2025-06-05 06:17:08.441    app     info:    [server-manager] Starting refresh cycle for eve-online / Tranquility
2025-06-05 06:17:08.720    app     info:    [server-manager] Previous Tranquility build: 2929428, current build: 2929428
2025-06-05 06:17:08.720    app     info:    [server-manager] Tranquility build is unchanged.
2025-06-05 06:17:08.737    app     info:    [server-manager] Ready to play!
2025-06-05 06:17:08.754    app     info:    [server-manager] Finished refresh cycle for Tranquility
2025-06-05 06:22:08.765    app     info:    [server-manager] Starting refresh cycle for eve-online / Tranquility
2025-06-05 06:22:09.029    app     info:    [server-manager] Previous Tranquility build: 2929428, current build: 2929428
2025-06-05 06:22:09.029    app     info:    [server-manager] Tranquility build is unchanged.
2025-06-05 06:22:09.047    app     info:    [server-manager] Ready to play!
2025-06-05 06:22:09.064    app     info:    [server-manager] Finished refresh cycle for Tranquility
2025-06-05 06:27:09.076    app     info:    [server-manager] Starting refresh cycle for eve-online / Tranquility
2025-06-05 06:27:09.275    app     info:    [server-manager] Previous Tranquility build: 2929428, current build: 2929428
2025-06-05 06:27:09.275    app     info:    [server-manager] Tranquility build is unchanged.
2025-06-05 06:27:09.297    app     info:    [server-manager] Ready to play!
2025-06-05 06:27:09.318    app     info:    [server-manager] Finished refresh cycle for Tranquility
2025-06-05 06:32:09.327    app     info:    [server-manager] Starting refresh cycle for eve-online / Tranquility
2025-06-05 06:32:09.506    app     info:    [server-manager] Previous Tranquility build: 2929428, current build: 2929428
2025-06-05 06:32:09.506    app     info:    [server-manager] Tranquility build is unchanged.
2025-06-05 06:32:09.523    app     info:    [server-manager] Ready to play!
2025-06-05 06:32:09.540    app     info:    [server-manager] Finished refresh cycle for Tranquility
2025-06-05 06:37:09.554    app     info:    [server-manager] Starting refresh cycle for eve-online / Tranquility
2025-06-05 06:37:09.823    app     info:    [server-manager] Previous Tranquility build: 2929428, current build: 2929428
2025-06-05 06:37:09.823    app     info:    [server-manager] Tranquility build is unchanged.
2025-06-05 06:37:09.848    app     info:    [server-manager] Ready to play!
2025-06-05 06:37:09.874    app     info:    [server-manager] Finished refresh cycle for Tranquility
2025-06-05 06:42:09.892    app     info:    [server-manager] Starting refresh cycle for eve-online / Tranquility
2025-06-05 06:42:10.153    app     info:    [server-manager] Previous Tranquility build: 2929428, current build: 2929428
2025-06-05 06:42:10.153    app     info:    [server-manager] Tranquility build is unchanged.
2025-06-05 06:42:10.179    app     info:    [server-manager] Ready to play!
2025-06-05 06:42:10.197    app     info:    [server-manager] Finished refresh cycle for Tranquility
2025-06-05 06:47:10.213    app     info:    [server-manager] Starting refresh cycle for eve-online / Tranquility
2025-06-05 06:47:10.512    app     info:    [server-manager] Previous Tranquility build: 2929428, current build: 2929428
2025-06-05 06:47:10.512    app     info:    [server-manager] Tranquility build is unchanged.
2025-06-05 06:47:10.537    app     info:    [server-manager] Ready to play!
2025-06-05 06:47:10.564    app     info:    [server-manager] Finished refresh cycle for Tranquility
2025-06-05 06:52:10.577    app     info:    [server-manager] Starting refresh cycle for eve-online / Tranquility
2025-06-05 06:52:10.884    app     info:    [server-manager] Previous Tranquility build: 2929428, current build: 2929428
2025-06-05 06:52:10.884    app     info:    [server-manager] Tranquility build is unchanged.
2025-06-05 06:52:10.908    app     info:    [server-manager] Ready to play!
2025-06-05 06:52:10.930    app     info:    [server-manager] Finished refresh cycle for Tranquility
2025-06-05 06:57:10.944    app     info:    [server-manager] Starting refresh cycle for eve-online / Tranquility
2025-06-05 06:57:11.216    app     info:    [server-manager] Previous Tranquility build: 2929428, current build: 2929428
2025-06-05 06:57:11.217    app     info:    [server-manager] Tranquility build is unchanged.
2025-06-05 06:57:11.240    app     info:    [server-manager] Ready to play!
2025-06-05 06:57:11.263    app     info:    [server-manager] Finished refresh cycle for Tranquility
2025-06-05 07:02:11.275    app     info:    [server-manager] Starting refresh cycle for eve-online / Tranquility
2025-06-05 07:02:11.568    app     info:    [server-manager] Previous Tranquility build: 2929428, current build: 2929428
2025-06-05 07:02:11.569    app     info:    [server-manager] Tranquility build is unchanged.
2025-06-05 07:02:11.589    app     info:    [server-manager] Ready to play!
2025-06-05 07:02:11.606    app     info:    [server-manager] Finished refresh cycle for Tranquility
2025-06-05 07:07:11.624    app     info:    [server-manager] Starting refresh cycle for eve-online / Tranquility
2025-06-05 07:07:11.878    app     info:    [server-manager] Previous Tranquility build: 2929428, current build: 2929428
2025-06-05 07:07:11.879    app     info:    [server-manager] Tranquility build is unchanged.
2025-06-05 07:07:11.907    app     info:    [server-manager] Ready to play!
2025-06-05 07:07:11.936    app     info:    [server-manager] Finished refresh cycle for Tranquility
2025-06-05 07:12:11.955    app     info:    [server-manager] Starting refresh cycle for eve-online / Tranquility
2025-06-05 07:12:12.354    app     info:    [server-manager] Previous Tranquility build: 2929428, current build: 2929428
2025-06-05 07:12:12.354    app     info:    [server-manager] Tranquility build is unchanged.
2025-06-05 07:12:12.384    app     info:    [server-manager] Ready to play!
2025-06-05 07:12:12.414    app     info:    [server-manager] Finished refresh cycle for Tranquility
2025-06-05 07:17:12.433    app     info:    [server-manager] Starting refresh cycle for eve-online / Tranquility
2025-06-05 07:17:12.689    app     info:    [server-manager] Previous Tranquility build: 2929428, current build: 2929428
2025-06-05 07:17:12.689    app     info:    [server-manager] Tranquility build is unchanged.
2025-06-05 07:17:12.705    app     info:    [server-manager] Ready to play!
2025-06-05 07:17:12.720    app     info:    [server-manager] Finished refresh cycle for Tranquility
2025-06-05 07:22:12.739    app     info:    [server-manager] Starting refresh cycle for eve-online / Tranquility
2025-06-05 07:22:13.010    app     info:    [server-manager] Previous Tranquility build: 2929428, current build: 2929428
2025-06-05 07:22:13.011    app     info:    [server-manager] Tranquility build is unchanged.
2025-06-05 07:22:13.033    app     info:    [server-manager] Ready to play!
2025-06-05 07:22:13.053    app     info:    [server-manager] Finished refresh cycle for Tranquility
2025-06-05 07:27:13.071    app     info:    [server-manager] Starting refresh cycle for eve-online / Tranquility
2025-06-05 07:27:13.384    app     info:    [server-manager] Previous Tranquility build: 2929428, current build: 2929428
2025-06-05 07:27:13.384    app     info:    [server-manager] Tranquility build is unchanged.
2025-06-05 07:27:13.401    app     info:    [server-manager] Ready to play!
2025-06-05 07:27:13.416    app     info:    [server-manager] Finished refresh cycle for Tranquility
2025-06-05 07:32:13.433    app     info:    [server-manager] Starting refresh cycle for eve-online / Tranquility
2025-06-05 07:32:13.792    app     info:    [server-manager] Previous Tranquility build: 2929428, current build: 2929428
2025-06-05 07:32:13.792    app     info:    [server-manager] Tranquility build is unchanged.
2025-06-05 07:32:13.817    app     info:    [server-manager] Ready to play!
2025-06-05 07:32:13.842    app     info:    [server-manager] Finished refresh cycle for Tranquility
2025-06-05 07:37:13.862    app     info:    [server-manager] Starting refresh cycle for eve-online / Tranquility
2025-06-05 07:37:14.120    app     info:    [server-manager] Previous Tranquility build: 2929428, current build: 2929428
2025-06-05 07:37:14.121    app     info:    [server-manager] Tranquility build is unchanged.
2025-06-05 07:37:14.152    app     info:    [server-manager] Ready to play!
2025-06-05 07:37:14.183    app     info:    [server-manager] Finished refresh cycle for Tranquility
2025-06-05 07:42:14.195    app     info:    [server-manager] Starting refresh cycle for eve-online / Tranquility
2025-06-05 07:42:14.506    app     info:    [server-manager] Previous Tranquility build: 2929428, current build: 2929428
2025-06-05 07:42:14.507    app     info:    [server-manager] Tranquility build is unchanged.
2025-06-05 07:42:14.532    app     info:    [server-manager] Ready to play!
2025-06-05 07:42:14.558    app     info:    [server-manager] Finished refresh cycle for Tranquility
2025-06-05 07:47:14.567    app     info:    [server-manager] Starting refresh cycle for eve-online / Tranquility
2025-06-05 07:47:14.867    app     info:    [server-manager] Previous Tranquility build: 2929428, current build: 2929428
2025-06-05 07:47:14.867    app     info:    [server-manager] Tranquility build is unchanged.
2025-06-05 07:47:14.881    app     info:    [server-manager] Ready to play!
2025-06-05 07:47:14.898    app     info:    [server-manager] Finished refresh cycle for Tranquility
2025-06-05 07:52:14.916    app     info:    [server-manager] Starting refresh cycle for eve-online / Tranquility
2025-06-05 07:52:15.183    app     info:    [server-manager] Previous Tranquility build: 2929428, current build: 2929428
2025-06-05 07:52:15.183    app     info:    [server-manager] Tranquility build is unchanged.
2025-06-05 07:52:15.208    app     info:    [server-manager] Ready to play!
2025-06-05 07:52:15.227    app     info:    [server-manager] Finished refresh cycle for Tranquility
2025-06-05 07:57:15.239    app     info:    [server-manager] Starting refresh cycle for eve-online / Tranquility
2025-06-05 07:57:16.076    app     info:    [server-manager] Previous Tranquility build: 2929428, current build: 2929428
2025-06-05 07:57:16.077    app     info:    [server-manager] Tranquility build is unchanged.
2025-06-05 07:57:16.095    app     info:    [server-manager] Ready to play!
2025-06-05 07:57:16.121    app     info:    [server-manager] Finished refresh cycle for Tranquility
2025-06-05 08:02:16.138    app     info:    [server-manager] Starting refresh cycle for eve-online / Tranquility
2025-06-05 08:02:16.613    app     info:    [server-manager] Previous Tranquility build: 2929428, current build: 2929428
2025-06-05 08:02:16.613    app     info:    [server-manager] Tranquility build is unchanged.
2025-06-05 08:02:16.629    app     info:    [server-manager] Ready to play!
2025-06-05 08:02:16.649    app     info:    [server-manager] Finished refresh cycle for Tranquility
2025-06-05 08:07:16.658    app     info:    [server-manager] Starting refresh cycle for eve-online / Tranquility
2025-06-05 08:07:16.952    app     info:    [server-manager] Previous Tranquility build: 2929428, current build: 2929428
2025-06-05 08:07:16.952    app     info:    [server-manager] Tranquility build is unchanged.
2025-06-05 08:07:16.971    app     info:    [server-manager] Ready to play!
2025-06-05 08:07:16.990    app     info:    [server-manager] Finished refresh cycle for Tranquility
2025-06-05 08:12:17.009    app     info:    [server-manager] Starting refresh cycle for eve-online / Tranquility
2025-06-05 08:12:17.407    app     info:    [server-manager] Previous Tranquility build: 2929428, current build: 2929428
2025-06-05 08:12:17.408    app     info:    [server-manager] Tranquility build is unchanged.
2025-06-05 08:12:17.433    app     info:    [server-manager] Ready to play!
2025-06-05 08:12:17.458    app     info:    [server-manager] Finished refresh cycle for Tranquility
2025-06-05 08:17:17.491    app     info:    [server-manager] Starting refresh cycle for eve-online / Tranquility
2025-06-05 08:17:17.759    app     info:    [server-manager] Previous Tranquility build: 2929428, current build: 2929428
2025-06-05 08:17:17.760    app     info:    [server-manager] Tranquility build is unchanged.
2025-06-05 08:17:17.799    app     info:    [server-manager] Ready to play!
2025-06-05 08:17:17.835    app     info:    [server-manager] Finished refresh cycle for Tranquility
2025-06-05 08:22:17.844    app     info:    [server-manager] Starting refresh cycle for eve-online / Tranquility
2025-06-05 08:22:18.119    app     info:    [server-manager] Previous Tranquility build: 2929428, current build: 2929428
2025-06-05 08:22:18.119    app     info:    [server-manager] Tranquility build is unchanged.
2025-06-05 08:22:18.138    app     info:    [server-manager] Ready to play!
2025-06-05 08:22:18.157    app     info:    [server-manager] Finished refresh cycle for Tranquility
2025-06-05 08:25:27.683    app     info:    [client-manager] 'tranquility' for EVE game client for '31367691' exited with no errors.
2025-06-05 08:25:27.692    app     info:    [quasar-elg-events] Queueing event    eve_launcher.electron.eve_client.GameClientExited
2025-06-05 08:25:27.725    app     info:    [server-manager] Starting refresh cycle for eve-online / Tranquility
2025-06-05 08:25:27.919    app     info:    [quasar-elg-events] Event sent    type.evetech.net/eve_launcher.electron.eve_client.GameClientExited
2025-06-05 08:25:27.984    app     info:    [server-manager] Previous Tranquility build: 2929428, current build: 2929428
2025-06-05 08:25:27.984    app     info:    [server-manager] Tranquility build is unchanged.
2025-06-05 08:25:28.008    app     info:    [server-manager] Ready to play!
2025-06-05 08:25:28.027    app     info:    [server-manager] Finished refresh cycle for Tranquility
2025-06-05 08:25:35.327    app     info:    [tray] Main window restored from tray    { windowId: 2 }
2025-06-05 08:25:35.346    app     info:    [scheduler] Starting scheduler foreground
2025-06-05 08:25:35.380    app     info:    [newsfeed] Fetching news for eve-online in ru
2025-06-05 08:25:35.411    app     info:    [creatives] Requesting creatives for eve-online
2025-06-05 08:25:35.412    app     info:    [authentication] Token for '31367691' on 'tranquility' is expired, refresh is required
2025-06-05 08:25:35.412    app     info:    [authentication] Refreshing token for '31367691' on 'tranquility'
2025-06-05 08:25:35.670    app     info:    [creatives] Received 4 creatives for eve-online
2025-06-05 08:25:35.697    app     info:    [newsfeed] Fetched 20 news items for eve-online in ru
2025-06-05 08:25:35.705    app     warn:    [play-area-content] Invalid product found in play area content    { product: 'eve-frontier' }
2025-06-05 08:25:35.706    app     warn:    [play-area-content] Invalid product found in play area content    { product: 'eve-frontier' }
2025-06-05 08:25:35.706    app     warn:    [play-area-content] Invalid product found in play area content    { product: 'eve-frontier' }
2025-06-05 08:25:35.707    app     warn:    [play-area-content] Invalid product found in play area content    { product: 'eve-frontier' }
2025-06-05 08:25:35.707    app     warn:    [play-area-content] Invalid product found in play area content    { product: 'eve-frontier' }
2025-06-05 08:25:35.707    app     warn:    [play-area-content] Invalid product found in play area content    { product: 'eve-frontier' }
2025-06-05 08:25:35.707    app     warn:    [play-area-content] Invalid product found in play area content    { product: 'eve-frontier' }
2025-06-05 08:25:35.707    app     warn:    [play-area-content] Invalid product found in play area content    { product: 'eve-frontier' }
2025-06-05 08:25:35.715    app     info:    [authentication] Token for '31367691' on 'tranquility' has been successfully refreshed
2025-06-05 08:25:35.720    app     info:    [quasar-elg-events] Queueing event    eve_launcher.electron.authentication.UserTokensRefreshed
2025-06-05 08:25:35.727    app     info:    [quasar-elg-events] Event sent    type.evetech.net/eve_launcher.electron.authentication.UserTokensRefreshed
2025-06-05 08:25:35.733    app     info:    [customer-information] Getting character information for '31367691' on 'tranquility'
2025-06-05 08:25:35.733    app     info:    [customer-information] Getting Omega status for '31367691' on 'tranquility' (eve-online)
2025-06-05 08:25:35.734    app     info:    [virtual-goods] Getting Plex status for '31367691' on 'tranquility' (eve-online)
2025-06-05 08:25:35.954    app     info:    [esi] Fetching character details for 2123502320
2025-06-05 08:25:36.324    app     info:    [esi] Fetched 1 character details for 31367691
2025-06-05 08:25:38.364    app     info:    [client-queue] Queued client startup    {
  product: 'eve-online',
  tenant: 'tranquility',
  userId: 31367691,
  characterId: 1,
  profile: 'Default'
}
2025-06-05 08:25:38.369    app     info:    [quasar-elg-events] Queueing event    eve_launcher.electron.eve_client.ClientQueued
2025-06-05 08:25:38.369    app     info:    [quasar-elg-events] Event sent    type.evetech.net/eve_launcher.electron.eve_client.ClientQueued
2025-06-05 08:25:38.370    app     info:    [client-queue] No clients running for 'tranquility' (eve-online), copying files before starting a client
2025-06-05 08:25:38.379    app     info:    [quasar-elg-events] Queueing event    eve_launcher.electron.eve_client.CopyingFilesStarted
2025-06-05 08:25:38.380    app     info:    [binary-copier] Copying 226 files (378 MB) to 'C:\Games\EVE\tq'
2025-06-05 08:25:38.380    app     info:    [quasar-elg-events] Event sent    type.evetech.net/eve_launcher.electron.eve_client.CopyingFilesStarted
2025-06-05 08:25:38.422    app     info:    [binary-copier] Removing old binaries
2025-06-05 08:25:38.453    app     info:    [binary-copier] Copying binaries from ResFiles
2025-06-05 08:25:39.603    app     info:    [binary-copier] Finished copying 226 files to 'C:\Games\EVE\tq' in 1.229 seconds
2025-06-05 08:25:39.606    app     info:    [quasar-elg-events] Queueing event    eve_launcher.electron.eve_client.CopyingFilesFinished
2025-06-05 08:25:39.606    app     info:    [quasar-elg-events] Event sent    type.evetech.net/eve_launcher.electron.eve_client.CopyingFilesFinished
2025-06-05 08:25:39.622    app     info:    [client-manager] Starting EVE Online game client.    C:\Games\EVE\tq\bin64\exefile.exe    [
  '/noconsole',
  '/server:tranquility.servers.eveonline.com',
  '/ssoToken=***',
  '/refreshToken=***',
  '/settingsprofile=Default',
  '/language=ru',
  '/triplatform=dx11',
  '/steamUser',
  '/deviceID=***',
  '/machineHash=***',
  '/journeyID=***',
  'exp=1749112535',
  'tokenExpires=2025-06-05 11:35:35.000'
]    31367691
2025-06-05 08:25:39.629    app     info:    [quasar-elg-events] Queueing event    eve_launcher.electron.eve_client.GameClientStartRequested
2025-06-05 08:25:39.634    app     info:    [quasar-elg-events] Event sent    type.evetech.net/eve_launcher.electron.eve_client.GameClientStartRequested
2025-06-05 08:25:39.698    app     info:    [quasar-elg-events] Queueing event    eve_launcher.electron.eve_client.GameClientStarted
2025-06-05 08:25:39.704    app     info:    [quasar-elg-events] Event sent    type.evetech.net/eve_launcher.electron.eve_client.GameClientStarted
2025-06-05 08:25:39.705    app     info:    [client-queue] Started client from group startup    {
  product: 'eve-online',
  tenant: 'tranquility',
  characterId: 1,
  profile: 'Default',
  userId: 31367691
}
2025-06-05 08:25:40.383    app     info:    [self-update] Checking for application updates.
2025-06-05 08:25:40.797    app    error:    [quasar-manager-helper] Failed to perform Quasar request RESPONSE REFUSED: eve_public.plex.vault.api.BalanceRequest received for 'tranquility-31367691-null' in 5061ms (0: )    c [EpgError]: RESPONSE REFUSED: eve_public.plex.vault.api.BalanceRequest received for 'tranquility-31367691-null' in 5061ms (0: )
    at F (C:\Program Files (x86)\Steam\steamapps\common\Eve Online\app-1.10.1\resources\app.asar\.webpack\main\index.js:8:1837251)
    at P.rejectMessage (C:\Program Files (x86)\Steam\steamapps\common\Eve Online\app-1.10.1\resources\app.asar\.webpack\main\index.js:8:1847430)
    at Timeout.<anonymous> (C:\Program Files (x86)\Steam\steamapps\common\Eve Online\app-1.10.1\resources\app.asar\.webpack\main\index.js:8:1850187)
    at listOnTimeout (node:internal/timers:594:17)
    at process.processTimers (node:internal/timers:529:7) {
  innerError: undefined,
  statusCode: 0,
  statusMessage: ''
}
2025-06-05 08:25:40.797    app     warn:    [virtual-goods] Can't fetch Plex status for '31367691' on 'tranquility' (eve-online), error: EpgError: RESPONSE REFUSED: eve_public.plex.vault.api.BalanceRequest received for 'tranquility-31367691-null' in 5061ms (0: )
2025-06-05 08:25:40.809    app    error:    [AuthenticationMiddleware] RESPONSE REFUSED: eve_public.plex.vault.api.BalanceRequest received for 'tranquility-31367691-null' in 5061ms (0: )    EpgError: RESPONSE REFUSED: eve_public.plex.vault.api.BalanceRequest received for 'tranquility-31367691-null' in 5061ms (0: )
    at F (C:\Program Files (x86)\Steam\steamapps\common\Eve Online\app-1.10.1\resources\app.asar\.webpack\main\index.js:8:1837251)
    at P.rejectMessage (C:\Program Files (x86)\Steam\steamapps\common\Eve Online\app-1.10.1\resources\app.asar\.webpack\main\index.js:8:1847430)
    at Timeout.<anonymous> (C:\Program Files (x86)\Steam\steamapps\common\Eve Online\app-1.10.1\resources\app.asar\.webpack\main\index.js:8:1850187)
    at listOnTimeout (node:internal/timers:594:17)
    at process.processTimers (node:internal/timers:529:7)
2025-06-05 08:25:41.727    app     info:    [client-queue] Queue has stopped running, no more clients pending startup.
2025-06-05 08:25:42.030    app     info:    [self-update] No application updates were found.
2025-06-05 08:26:35.362    app     info:    [customer-information] Getting character information for '31367691' on 'tranquility'
2025-06-05 08:26:35.362    app     info:    [virtual-goods] Getting Plex status for '31367691' on 'tranquility' (eve-online)
2025-06-05 08:26:35.614    app     info:    [esi] Fetching character details for 2123502320
2025-06-05 08:26:35.912    app     info:    [esi] Fetched 1 character details for 31367691
2025-06-05 08:26:40.364    app    error:    [quasar-manager-helper] Failed to perform Quasar request RESPONSE REFUSED: eve_public.plex.vault.api.BalanceRequest received for 'tranquility-31367691-null' in 5000ms (0: )    c [EpgError]: RESPONSE REFUSED: eve_public.plex.vault.api.BalanceRequest received for 'tranquility-31367691-null' in 5000ms (0: )
    at F (C:\Program Files (x86)\Steam\steamapps\common\Eve Online\app-1.10.1\resources\app.asar\.webpack\main\index.js:8:1837251)
    at P.rejectMessage (C:\Program Files (x86)\Steam\steamapps\common\Eve Online\app-1.10.1\resources\app.asar\.webpack\main\index.js:8:1847430)
    at Timeout.<anonymous> (C:\Program Files (x86)\Steam\steamapps\common\Eve Online\app-1.10.1\resources\app.asar\.webpack\main\index.js:8:1850187)
    at listOnTimeout (node:internal/timers:594:17)
    at process.processTimers (node:internal/timers:529:7) {
  innerError: undefined,
  statusCode: 0,
  statusMessage: ''
}
2025-06-05 08:26:40.365    app     warn:    [virtual-goods] Can't fetch Plex status for '31367691' on 'tranquility' (eve-online), error: EpgError: RESPONSE REFUSED: eve_public.plex.vault.api.BalanceRequest received for 'tranquility-31367691-null' in 5000ms (0: )
2025-06-05 08:26:40.376    app    error:    [AuthenticationMiddleware] RESPONSE REFUSED: eve_public.plex.vault.api.BalanceRequest received for 'tranquility-31367691-null' in 5000ms (0: )    EpgError: RESPONSE REFUSED: eve_public.plex.vault.api.BalanceRequest received for 'tranquility-31367691-null' in 5000ms (0: )
    at F (C:\Program Files (x86)\Steam\steamapps\common\Eve Online\app-1.10.1\resources\app.asar\.webpack\main\index.js:8:1837251)
    at P.rejectMessage (C:\Program Files (x86)\Steam\steamapps\common\Eve Online\app-1.10.1\resources\app.asar\.webpack\main\index.js:8:1847430)
    at Timeout.<anonymous> (C:\Program Files (x86)\Steam\steamapps\common\Eve Online\app-1.10.1\resources\app.asar\.webpack\main\index.js:8:1850187)
    at listOnTimeout (node:internal/timers:594:17)
    at process.processTimers (node:internal/timers:529:7)
2025-06-05 08:26:47.489    app     info:    [scheduler] Stopped scheduler foreground
2025-06-05 08:26:47.490    app     info:    [ipc-requests] Handling requests in the background
2025-06-05 08:26:48.490    app     info:    [ipc-requests] No longer handling requests in the background
2025-06-05 08:26:51.198    app     info:    [scheduler] Starting scheduler foreground
2025-06-05 08:26:55.176    app     info:    [scheduler] Stopped scheduler foreground
2025-06-05 08:26:55.177    app     info:    [ipc-requests] Handling requests in the background
2025-06-05 08:26:56.177    app     info:    [ipc-requests] No longer handling requests in the background
2025-06-05 08:28:31.393    app     info:    [scheduler] Starting scheduler foreground
2025-06-05 08:28:31.414    app     info:    [customer-information] Getting character information for '31367691' on 'tranquility'
2025-06-05 08:28:31.414    app     info:    [virtual-goods] Getting Plex status for '31367691' on 'tranquility' (eve-online)
2025-06-05 08:28:32.789    app     info:    [esi] Fetching character details for 2123502320
2025-06-05 08:28:33.608    app     info:    [esi] Fetched 1 character details for 31367691
2025-06-05 08:28:34.094    app     info:    [scheduler] Stopped scheduler foreground
2025-06-05 08:28:34.096    app     info:    [ipc-requests] Handling requests in the background
2025-06-05 08:28:35.097    app     info:    [ipc-requests] No longer handling requests in the background
2025-06-05 08:28:36.417    app    error:    [quasar-manager-helper] Failed to perform Quasar request RESPONSE REFUSED: eve_public.plex.vault.api.BalanceRequest received for 'tranquility-31367691-null' in 5001ms (0: )    c [EpgError]: RESPONSE REFUSED: eve_public.plex.vault.api.BalanceRequest received for 'tranquility-31367691-null' in 5001ms (0: )
    at F (C:\Program Files (x86)\Steam\steamapps\common\Eve Online\app-1.10.1\resources\app.asar\.webpack\main\index.js:8:1837251)
    at P.rejectMessage (C:\Program Files (x86)\Steam\steamapps\common\Eve Online\app-1.10.1\resources\app.asar\.webpack\main\index.js:8:1847430)
    at Timeout.<anonymous> (C:\Program Files (x86)\Steam\steamapps\common\Eve Online\app-1.10.1\resources\app.asar\.webpack\main\index.js:8:1850187)
    at listOnTimeout (node:internal/timers:594:17)
    at process.processTimers (node:internal/timers:529:7) {
  innerError: undefined,
  statusCode: 0,
  statusMessage: ''
}
2025-06-05 08:28:36.417    app     warn:    [virtual-goods] Can't fetch Plex status for '31367691' on 'tranquility' (eve-online), error: EpgError: RESPONSE REFUSED: eve_public.plex.vault.api.BalanceRequest received for 'tranquility-31367691-null' in 5001ms (0: )
2025-06-05 08:28:36.428    app    error:    [AuthenticationMiddleware] RESPONSE REFUSED: eve_public.plex.vault.api.BalanceRequest received for 'tranquility-31367691-null' in 5001ms (0: )    EpgError: RESPONSE REFUSED: eve_public.plex.vault.api.BalanceRequest received for 'tranquility-31367691-null' in 5001ms (0: )
    at F (C:\Program Files (x86)\Steam\steamapps\common\Eve Online\app-1.10.1\resources\app.asar\.webpack\main\index.js:8:1837251)
    at P.rejectMessage (C:\Program Files (x86)\Steam\steamapps\common\Eve Online\app-1.10.1\resources\app.asar\.webpack\main\index.js:8:1847430)
    at Timeout.<anonymous> (C:\Program Files (x86)\Steam\steamapps\common\Eve Online\app-1.10.1\resources\app.asar\.webpack\main\index.js:8:1850187)
    at listOnTimeout (node:internal/timers:594:17)
    at process.processTimers (node:internal/timers:529:7)
2025-06-05 08:28:43.480    app     info:    [scheduler] Starting scheduler foreground
2025-06-05 08:28:44.538    app     info:    [scheduler] Stopped scheduler foreground
2025-06-05 08:28:44.539    app     info:    [ipc-requests] Handling requests in the background
2025-06-05 08:28:45.541    app     info:    [ipc-requests] No longer handling requests in the background
2025-06-05 08:30:26.899    app     info:    [scheduler] Starting scheduler foreground
2025-06-05 08:30:26.920    app     info:    [customer-information] Getting character information for '31367691' on 'tranquility'
2025-06-05 08:30:26.920    app     info:    [customer-information] Getting Omega status for '31367691' on 'tranquility' (eve-online)
2025-06-05 08:30:26.921    app     info:    [virtual-goods] Getting Plex status for '31367691' on 'tranquility' (eve-online)
2025-06-05 08:30:28.041    app     info:    [server-manager] Starting refresh cycle for eve-online / Tranquility
2025-06-05 08:30:29.135    app     info:    [esi] Fetching character details for 2123502320
2025-06-05 08:30:29.186    app     info:    [server-manager] Previous Tranquility build: 2929428, current build: 2929428
2025-06-05 08:30:29.187    app     info:    [server-manager] Tranquility build is unchanged.
2025-06-05 08:30:29.217    app     info:    [server-manager] Ready to play!
2025-06-05 08:30:29.251    app     info:    [server-manager] Finished refresh cycle for Tranquility
2025-06-05 08:30:29.827    app     info:    [esi] Fetched 1 character details for 31367691
2025-06-05 08:30:30.056    app     info:    [scheduler] Stopped scheduler foreground
2025-06-05 08:30:30.058    app     info:    [ipc-requests] Handling requests in the background
2025-06-05 08:30:31.058    app     info:    [ipc-requests] No longer handling requests in the background
2025-06-05 08:30:31.924    app    error:    [quasar-manager-helper] Failed to perform Quasar request RESPONSE REFUSED: eve_public.plex.vault.api.BalanceRequest received for 'tranquility-31367691-null' in 5000ms (0: )    c [EpgError]: RESPONSE REFUSED: eve_public.plex.vault.api.BalanceRequest received for 'tranquility-31367691-null' in 5000ms (0: )
    at F (C:\Program Files (x86)\Steam\steamapps\common\Eve Online\app-1.10.1\resources\app.asar\.webpack\main\index.js:8:1837251)
    at P.rejectMessage (C:\Program Files (x86)\Steam\steamapps\common\Eve Online\app-1.10.1\resources\app.asar\.webpack\main\index.js:8:1847430)
    at Timeout.<anonymous> (C:\Program Files (x86)\Steam\steamapps\common\Eve Online\app-1.10.1\resources\app.asar\.webpack\main\index.js:8:1850187)
    at listOnTimeout (node:internal/timers:594:17)
    at process.processTimers (node:internal/timers:529:7) {
  innerError: undefined,
  statusCode: 0,
  statusMessage: ''
}
2025-06-05 08:30:31.924    app     warn:    [virtual-goods] Can't fetch Plex status for '31367691' on 'tranquility' (eve-online), error: EpgError: RESPONSE REFUSED: eve_public.plex.vault.api.BalanceRequest received for 'tranquility-31367691-null' in 5000ms (0: )
2025-06-05 08:30:31.933    app    error:    [AuthenticationMiddleware] RESPONSE REFUSED: eve_public.plex.vault.api.BalanceRequest received for 'tranquility-31367691-null' in 5000ms (0: )    EpgError: RESPONSE REFUSED: eve_public.plex.vault.api.BalanceRequest received for 'tranquility-31367691-null' in 5000ms (0: )
    at F (C:\Program Files (x86)\Steam\steamapps\common\Eve Online\app-1.10.1\resources\app.asar\.webpack\main\index.js:8:1837251)
    at P.rejectMessage (C:\Program Files (x86)\Steam\steamapps\common\Eve Online\app-1.10.1\resources\app.asar\.webpack\main\index.js:8:1847430)
    at Timeout.<anonymous> (C:\Program Files (x86)\Steam\steamapps\common\Eve Online\app-1.10.1\resources\app.asar\.webpack\main\index.js:8:1850187)
    at listOnTimeout (node:internal/timers:594:17)
    at process.processTimers (node:internal/timers:529:7)
2025-06-05 08:30:39.683    app     info:    [scheduler] Starting scheduler foreground
2025-06-05 08:30:42.970    app     info:    [authentication] Token for '26239201' on 'tranquility' is expired, refresh is required
2025-06-05 08:30:42.970    app     info:    [authentication] Refreshing token for '26239201' on 'tranquility'
2025-06-05 08:30:42.971    app     info:    [authentication] Token for '26239201' on 'tranquility' is expired, refresh is required
2025-06-05 08:30:42.971    app     info:    [authentication] Refreshing token for '26239201' on 'tranquility'
2025-06-05 08:30:42.980    app     info:    [authentication] Token for '26239201' on 'tranquility' is expired, refresh is required
2025-06-05 08:30:42.980    app     info:    [authentication] Refreshing token for '26239201' on 'tranquility'
2025-06-05 08:30:43.178    app     info:    [authentication] Token for '26239201' on 'tranquility' has been successfully refreshed
2025-06-05 08:30:43.182    app     info:    [quasar-elg-events] Queueing event    eve_launcher.electron.authentication.UserTokensRefreshed
2025-06-05 08:30:43.189    app     info:    [quasar-elg-events] Event sent    type.evetech.net/eve_launcher.electron.authentication.UserTokensRefreshed
2025-06-05 08:30:43.189    app     info:    [customer-information] Getting character information for '26239201' on 'tranquility'
2025-06-05 08:30:43.189    app     info:    [customer-information] Getting Omega status for '26239201' on 'tranquility' (eve-online)
2025-06-05 08:30:43.189    app     info:    [virtual-goods] Getting Plex status for '26239201' on 'tranquility' (eve-online)
2025-06-05 08:30:43.198    app     info:    [authentication] Token for '26239201' on 'tranquility' has been successfully refreshed
2025-06-05 08:30:43.204    app     info:    [quasar-elg-events] Queueing event    eve_launcher.electron.authentication.UserTokensRefreshed
2025-06-05 08:30:43.210    app     info:    [quasar-elg-events] Event sent    type.evetech.net/eve_launcher.electron.authentication.UserTokensRefreshed
2025-06-05 08:30:43.215    app     info:    [authentication] Token for '26239201' on 'tranquility' has been successfully refreshed
2025-06-05 08:30:43.221    app     info:    [quasar-elg-events] Queueing event    eve_launcher.electron.authentication.UserTokensRefreshed
2025-06-05 08:30:43.230    app     info:    [quasar-elg-events] Event sent    type.evetech.net/eve_launcher.electron.authentication.UserTokensRefreshed
2025-06-05 08:30:43.378    app     info:    [esi] Fetching character details for 2121178171
2025-06-05 08:30:43.969    app     info:    [esi] Fetched 1 character details for 26239201
2025-06-05 08:30:44.699    app     info:    [self-update] Checking for application updates.
2025-06-05 08:30:45.784    app     info:    [self-update] No application updates were found.
2025-06-05 08:30:48.194    app    error:    [quasar-manager-helper] Failed to perform Quasar request RESPONSE REFUSED: eve_public.plex.vault.api.BalanceRequest received for 'tranquility-26239201-null' in 5001ms (0: )    c [EpgError]: RESPONSE REFUSED: eve_public.plex.vault.api.BalanceRequest received for 'tranquility-26239201-null' in 5001ms (0: )
    at F (C:\Program Files (x86)\Steam\steamapps\common\Eve Online\app-1.10.1\resources\app.asar\.webpack\main\index.js:8:1837251)
    at P.rejectMessage (C:\Program Files (x86)\Steam\steamapps\common\Eve Online\app-1.10.1\resources\app.asar\.webpack\main\index.js:8:1847430)
    at Timeout.<anonymous> (C:\Program Files (x86)\Steam\steamapps\common\Eve Online\app-1.10.1\resources\app.asar\.webpack\main\index.js:8:1850187)
    at listOnTimeout (node:internal/timers:594:17)
    at process.processTimers (node:internal/timers:529:7) {
  innerError: undefined,
  statusCode: 0,
  statusMessage: ''
}
2025-06-05 08:30:48.195    app     warn:    [virtual-goods] Can't fetch Plex status for '26239201' on 'tranquility' (eve-online), error: EpgError: RESPONSE REFUSED: eve_public.plex.vault.api.BalanceRequest received for 'tranquility-26239201-null' in 5001ms (0: )
2025-06-05 08:30:48.204    app    error:    [AuthenticationMiddleware] RESPONSE REFUSED: eve_public.plex.vault.api.BalanceRequest received for 'tranquility-26239201-null' in 5001ms (0: )    EpgError: RESPONSE REFUSED: eve_public.plex.vault.api.BalanceRequest received for 'tranquility-26239201-null' in 5001ms (0: )
    at F (C:\Program Files (x86)\Steam\steamapps\common\Eve Online\app-1.10.1\resources\app.asar\.webpack\main\index.js:8:1837251)
    at P.rejectMessage (C:\Program Files (x86)\Steam\steamapps\common\Eve Online\app-1.10.1\resources\app.asar\.webpack\main\index.js:8:1847430)
    at Timeout.<anonymous> (C:\Program Files (x86)\Steam\steamapps\common\Eve Online\app-1.10.1\resources\app.asar\.webpack\main\index.js:8:1850187)
    at listOnTimeout (node:internal/timers:594:17)
    at process.processTimers (node:internal/timers:529:7)
2025-06-05 08:31:24.055    app     info:    [scheduler] Stopped scheduler foreground
2025-06-05 08:31:24.056    app     info:    [ipc-requests] Handling requests in the background
2025-06-05 08:31:25.057    app     info:    [ipc-requests] No longer handling requests in the background
2025-06-05 08:31:30.207    app     info:    [scheduler] Starting scheduler foreground
2025-06-05 08:31:30.226    app     info:    [customer-information] Getting character information for '26239201' on 'tranquility'
2025-06-05 08:31:30.227    app     info:    [virtual-goods] Getting Plex status for '26239201' on 'tranquility' (eve-online)
2025-06-05 08:31:30.465    app     info:    [esi] Fetching character details for 2121178171
2025-06-05 08:31:30.857    app     info:    [esi] Fetched 1 character details for 26239201
2025-06-05 08:31:31.710    app     info:    [customer-information] Agreement status has been fetched for user '26239201'
2025-06-05 08:31:32.501    app     info:    [scheduler] Stopped scheduler foreground
2025-06-05 08:31:32.502    app     info:    [ipc-requests] Handling requests in the background
2025-06-05 08:31:33.502    app     info:    [ipc-requests] No longer handling requests in the background
2025-06-05 08:31:35.229    app    error:    [quasar-manager-helper] Failed to perform Quasar request RESPONSE REFUSED: eve_public.plex.vault.api.BalanceRequest received for 'tranquility-26239201-null' in 5000ms (0: )    c [EpgError]: RESPONSE REFUSED: eve_public.plex.vault.api.BalanceRequest received for 'tranquility-26239201-null' in 5000ms (0: )
    at F (C:\Program Files (x86)\Steam\steamapps\common\Eve Online\app-1.10.1\resources\app.asar\.webpack\main\index.js:8:1837251)
    at P.rejectMessage (C:\Program Files (x86)\Steam\steamapps\common\Eve Online\app-1.10.1\resources\app.asar\.webpack\main\index.js:8:1847430)
    at Timeout.<anonymous> (C:\Program Files (x86)\Steam\steamapps\common\Eve Online\app-1.10.1\resources\app.asar\.webpack\main\index.js:8:1850187)
    at listOnTimeout (node:internal/timers:594:17)
    at process.processTimers (node:internal/timers:529:7) {
  innerError: undefined,
  statusCode: 0,
  statusMessage: ''
}
2025-06-05 08:31:35.229    app     warn:    [virtual-goods] Can't fetch Plex status for '26239201' on 'tranquility' (eve-online), error: EpgError: RESPONSE REFUSED: eve_public.plex.vault.api.BalanceRequest received for 'tranquility-26239201-null' in 5000ms (0: )
2025-06-05 08:31:35.240    app    error:    [AuthenticationMiddleware] RESPONSE REFUSED: eve_public.plex.vault.api.BalanceRequest received for 'tranquility-26239201-null' in 5000ms (0: )    EpgError: RESPONSE REFUSED: eve_public.plex.vault.api.BalanceRequest received for 'tranquility-26239201-null' in 5000ms (0: )
    at F (C:\Program Files (x86)\Steam\steamapps\common\Eve Online\app-1.10.1\resources\app.asar\.webpack\main\index.js:8:1837251)
    at P.rejectMessage (C:\Program Files (x86)\Steam\steamapps\common\Eve Online\app-1.10.1\resources\app.asar\.webpack\main\index.js:8:1847430)
    at Timeout.<anonymous> (C:\Program Files (x86)\Steam\steamapps\common\Eve Online\app-1.10.1\resources\app.asar\.webpack\main\index.js:8:1850187)
    at listOnTimeout (node:internal/timers:594:17)
    at process.processTimers (node:internal/timers:529:7)
2025-06-05 08:32:16.997    app     info:    [scheduler] Starting scheduler foreground
2025-06-05 08:32:17.782    app     info:    [scheduler] Stopped scheduler foreground
2025-06-05 08:32:17.783    app     info:    [ipc-requests] Handling requests in the background
2025-06-05 08:32:18.787    app     info:    [ipc-requests] No longer handling requests in the background
2025-06-05 08:32:39.320    app     info:    [scheduler] Starting scheduler foreground
2025-06-05 08:32:39.339    app     info:    [customer-information] Getting character information for '26239201' on 'tranquility'
2025-06-05 08:32:39.339    app     info:    [virtual-goods] Getting Plex status for '26239201' on 'tranquility' (eve-online)
2025-06-05 08:32:39.777    app     info:    [esi] Fetching character details for 2121178171
2025-06-05 08:32:40.069    app     info:    [esi] Fetched 1 character details for 26239201
2025-06-05 08:32:41.666    app     info:    [scheduler] Stopped scheduler foreground
2025-06-05 08:32:41.667    app     info:    [ipc-requests] Handling requests in the background
2025-06-05 08:32:42.668    app     info:    [ipc-requests] No longer handling requests in the background
2025-06-05 08:32:44.342    app    error:    [quasar-manager-helper] Failed to perform Quasar request RESPONSE REFUSED: eve_public.plex.vault.api.BalanceRequest received for 'tranquility-26239201-null' in 5001ms (0: )    c [EpgError]: RESPONSE REFUSED: eve_public.plex.vault.api.BalanceRequest received for 'tranquility-26239201-null' in 5001ms (0: )
    at F (C:\Program Files (x86)\Steam\steamapps\common\Eve Online\app-1.10.1\resources\app.asar\.webpack\main\index.js:8:1837251)
    at P.rejectMessage (C:\Program Files (x86)\Steam\steamapps\common\Eve Online\app-1.10.1\resources\app.asar\.webpack\main\index.js:8:1847430)
    at Timeout.<anonymous> (C:\Program Files (x86)\Steam\steamapps\common\Eve Online\app-1.10.1\resources\app.asar\.webpack\main\index.js:8:1850187)
    at listOnTimeout (node:internal/timers:594:17)
    at process.processTimers (node:internal/timers:529:7) {
  innerError: undefined,
  statusCode: 0,
  statusMessage: ''
}
2025-06-05 08:32:44.343    app     warn:    [virtual-goods] Can't fetch Plex status for '26239201' on 'tranquility' (eve-online), error: EpgError: RESPONSE REFUSED: eve_public.plex.vault.api.BalanceRequest received for 'tranquility-26239201-null' in 5001ms (0: )
2025-06-05 08:32:44.357    app    error:    [AuthenticationMiddleware] RESPONSE REFUSED: eve_public.plex.vault.api.BalanceRequest received for 'tranquility-26239201-null' in 5001ms (0: )    EpgError: RESPONSE REFUSED: eve_public.plex.vault.api.BalanceRequest received for 'tranquility-26239201-null' in 5001ms (0: )
    at F (C:\Program Files (x86)\Steam\steamapps\common\Eve Online\app-1.10.1\resources\app.asar\.webpack\main\index.js:8:1837251)
    at P.rejectMessage (C:\Program Files (x86)\Steam\steamapps\common\Eve Online\app-1.10.1\resources\app.asar\.webpack\main\index.js:8:1847430)
    at Timeout.<anonymous> (C:\Program Files (x86)\Steam\steamapps\common\Eve Online\app-1.10.1\resources\app.asar\.webpack\main\index.js:8:1850187)
    at listOnTimeout (node:internal/timers:594:17)
    at process.processTimers (node:internal/timers:529:7)
2025-06-05 08:33:22.777    app     info:    [scheduler] Starting scheduler foreground
2025-06-05 08:33:24.250    app     info:    [scheduler] Stopped scheduler foreground
2025-06-05 08:33:24.251    app     info:    [ipc-requests] Handling requests in the background
2025-06-05 08:33:25.251    app     info:    [ipc-requests] No longer handling requests in the background
2025-06-05 08:34:04.829    app     info:    [scheduler] Starting scheduler foreground
2025-06-05 08:34:04.851    app     info:    [customer-information] Getting character information for '26239201' on 'tranquility'
2025-06-05 08:34:04.852    app     info:    [customer-information] Getting Omega status for '26239201' on 'tranquility' (eve-online)
2025-06-05 08:34:04.852    app     info:    [virtual-goods] Getting Plex status for '26239201' on 'tranquility' (eve-online)
2025-06-05 08:34:05.101    app     info:    [esi] Fetching character details for 2121178171
2025-06-05 08:34:05.251    app     info:    [scheduler] Stopped scheduler foreground
2025-06-05 08:34:05.255    app     info:    [ipc-requests] Handling requests in the background
2025-06-05 08:34:05.870    app     info:    [esi] Fetched 1 character details for 26239201
2025-06-05 08:34:06.256    app     info:    [ipc-requests] No longer handling requests in the background
2025-06-05 08:34:09.859    app    error:    [quasar-manager-helper] Failed to perform Quasar request RESPONSE REFUSED: eve_public.plex.vault.api.BalanceRequest received for 'tranquility-26239201-null' in 5000ms (0: )    c [EpgError]: RESPONSE REFUSED: eve_public.plex.vault.api.BalanceRequest received for 'tranquility-26239201-null' in 5000ms (0: )
    at F (C:\Program Files (x86)\Steam\steamapps\common\Eve Online\app-1.10.1\resources\app.asar\.webpack\main\index.js:8:1837251)
    at P.rejectMessage (C:\Program Files (x86)\Steam\steamapps\common\Eve Online\app-1.10.1\resources\app.asar\.webpack\main\index.js:8:1847430)
    at Timeout.<anonymous> (C:\Program Files (x86)\Steam\steamapps\common\Eve Online\app-1.10.1\resources\app.asar\.webpack\main\index.js:8:1850187)
    at listOnTimeout (node:internal/timers:594:17)
    at process.processTimers (node:internal/timers:529:7) {
  innerError: undefined,
  statusCode: 0,
  statusMessage: ''
}
2025-06-05 08:34:09.861    app     warn:    [virtual-goods] Can't fetch Plex status for '26239201' on 'tranquility' (eve-online), error: EpgError: RESPONSE REFUSED: eve_public.plex.vault.api.BalanceRequest received for 'tranquility-26239201-null' in 5000ms (0: )
2025-06-05 08:34:09.882    app    error:    [AuthenticationMiddleware] RESPONSE REFUSED: eve_public.plex.vault.api.BalanceRequest received for 'tranquility-26239201-null' in 5000ms (0: )    EpgError: RESPONSE REFUSED: eve_public.plex.vault.api.BalanceRequest received for 'tranquility-26239201-null' in 5000ms (0: )
    at F (C:\Program Files (x86)\Steam\steamapps\common\Eve Online\app-1.10.1\resources\app.asar\.webpack\main\index.js:8:1837251)
    at P.rejectMessage (C:\Program Files (x86)\Steam\steamapps\common\Eve Online\app-1.10.1\resources\app.asar\.webpack\main\index.js:8:1847430)
    at Timeout.<anonymous> (C:\Program Files (x86)\Steam\steamapps\common\Eve Online\app-1.10.1\resources\app.asar\.webpack\main\index.js:8:1850187)
    at listOnTimeout (node:internal/timers:594:17)
    at process.processTimers (node:internal/timers:529:7)
2025-06-05 08:34:38.117    app     info:    [scheduler] Starting scheduler foreground
2025-06-05 08:34:39.664    app     info:    [scheduler] Stopped scheduler foreground
2025-06-05 08:34:39.665    app     info:    [ipc-requests] Handling requests in the background
2025-06-05 08:34:40.667    app     info:    [ipc-requests] No longer handling requests in the background
2025-06-05 08:34:41.246    app     info:    [scheduler] Starting scheduler foreground
2025-06-05 08:34:56.222    app     info:    [scheduler] Stopped scheduler foreground
2025-06-05 08:34:56.224    app     info:    [ipc-requests] Handling requests in the background
2025-06-05 08:34:57.225    app     info:    [ipc-requests] No longer handling requests in the background
2025-06-05 08:34:58.772    app     info:    [scheduler] Starting scheduler foreground
2025-06-05 08:34:59.939    app     info:    [scheduler] Stopped scheduler foreground
2025-06-05 08:34:59.940    app     info:    [ipc-requests] Handling requests in the background
2025-06-05 08:35:00.941    app     info:    [ipc-requests] No longer handling requests in the background
2025-06-05 08:35:20.732    app     info:    [scheduler] Starting scheduler foreground
2025-06-05 08:35:20.752    app     info:    [customer-information] Getting character information for '26239201' on 'tranquility'
2025-06-05 08:35:20.752    app     info:    [virtual-goods] Getting Plex status for '26239201' on 'tranquility' (eve-online)
2025-06-05 08:35:20.975    app     info:    [esi] Fetching character details for 2121178171
2025-06-05 08:35:21.450    app     info:    [esi] Fetched 1 character details for 26239201
2025-06-05 08:35:22.539    app     info:    [scheduler] Stopped scheduler foreground
2025-06-05 08:35:22.543    app     info:    [ipc-requests] Handling requests in the background
2025-06-05 08:35:23.545    app     info:    [ipc-requests] No longer handling requests in the background
2025-06-05 08:35:23.922    app     info:    [scheduler] Starting scheduler foreground
2025-06-05 08:35:25.754    app    error:    [quasar-manager-helper] Failed to perform Quasar request RESPONSE REFUSED: eve_public.plex.vault.api.BalanceRequest received for 'tranquility-26239201-null' in 5000ms (0: )    c [EpgError]: RESPONSE REFUSED: eve_public.plex.vault.api.BalanceRequest received for 'tranquility-26239201-null' in 5000ms (0: )
    at F (C:\Program Files (x86)\Steam\steamapps\common\Eve Online\app-1.10.1\resources\app.asar\.webpack\main\index.js:8:1837251)
    at P.rejectMessage (C:\Program Files (x86)\Steam\steamapps\common\Eve Online\app-1.10.1\resources\app.asar\.webpack\main\index.js:8:1847430)
    at Timeout.<anonymous> (C:\Program Files (x86)\Steam\steamapps\common\Eve Online\app-1.10.1\resources\app.asar\.webpack\main\index.js:8:1850187)
    at listOnTimeout (node:internal/timers:594:17)
    at process.processTimers (node:internal/timers:529:7) {
  innerError: undefined,
  statusCode: 0,
  statusMessage: ''
}
2025-06-05 08:35:25.755    app     warn:    [virtual-goods] Can't fetch Plex status for '26239201' on 'tranquility' (eve-online), error: EpgError: RESPONSE REFUSED: eve_public.plex.vault.api.BalanceRequest received for 'tranquility-26239201-null' in 5000ms (0: )
2025-06-05 08:35:25.767    app    error:    [AuthenticationMiddleware] RESPONSE REFUSED: eve_public.plex.vault.api.BalanceRequest received for 'tranquility-26239201-null' in 5000ms (0: )    EpgError: RESPONSE REFUSED: eve_public.plex.vault.api.BalanceRequest received for 'tranquility-26239201-null' in 5000ms (0: )
    at F (C:\Program Files (x86)\Steam\steamapps\common\Eve Online\app-1.10.1\resources\app.asar\.webpack\main\index.js:8:1837251)
    at P.rejectMessage (C:\Program Files (x86)\Steam\steamapps\common\Eve Online\app-1.10.1\resources\app.asar\.webpack\main\index.js:8:1847430)
    at Timeout.<anonymous> (C:\Program Files (x86)\Steam\steamapps\common\Eve Online\app-1.10.1\resources\app.asar\.webpack\main\index.js:8:1850187)
    at listOnTimeout (node:internal/timers:594:17)
    at process.processTimers (node:internal/timers:529:7)
2025-06-05 08:35:26.715    app     info:    [authentication] Generated login URL with state 'giCL5F9d7bOmxE2aM3T8ZGP49xPdyqmneJKbKkzEkts' for 'tranquility' using clientID 'eveLauncherTQ'
2025-06-05 08:35:26.731    app     info:    [login-window] Creating login window using URI 'https://login.eveonline.com/account/logoff?lang=en&ReturnUrl=%2Fv2%2Foauth%2Fauthorize%3Fresponse_type%3Dcode%26client_id%3DeveLauncherTQ%26scope%3DeveClientLogin%2Bcisservice.customerRead.v1%2Bcisservice.customerWrite.v1%2Bcisservice.userProfileBasic.v1%2Bvgs.transactionRead.v1%2Bvgs.marketAccess.v1%26redirect_uri%3Dhttps%253A%252F%252Flogin.eveonline.com%252Flauncher%253Fclient_id%253DeveLauncherTQ%26state%3DgiCL5F9d7bOmxE2aM3T8ZGP49xPdyqmneJKbKkzEkts%26code_challenge_method%3DS256%26code_challenge%3DmqRFXUUqhk-gQ1YDAOgKSbP9JaYdv84l_lv076vDNqI'
2025-06-05 08:35:29.263    app     info:    [server-manager] Starting refresh cycle for eve-online / Tranquility
2025-06-05 08:35:29.533    app     info:    [server-manager] Previous Tranquility build: 2929428, current build: 2929428
2025-06-05 08:35:29.534    app     info:    [server-manager] Tranquility build is unchanged.
2025-06-05 08:35:29.553    app     info:    [server-manager] Ready to play!
2025-06-05 08:35:29.570    app     info:    [server-manager] Finished refresh cycle for Tranquility
2025-06-05 08:35:35.379    app     info:    [newsfeed] Fetching news for eve-online in ru
2025-06-05 08:35:35.606    app     info:    [newsfeed] Fetched 20 news items for eve-online in ru
2025-06-05 08:35:35.901    app     warn:    [play-area-content] Invalid product found in play area content    { product: 'eve-frontier' }
2025-06-05 08:35:35.903    app     warn:    [play-area-content] Invalid product found in play area content    { product: 'eve-frontier' }
2025-06-05 08:35:35.904    app     warn:    [play-area-content] Invalid product found in play area content    { product: 'eve-frontier' }
2025-06-05 08:35:35.905    app     warn:    [play-area-content] Invalid product found in play area content    { product: 'eve-frontier' }
2025-06-05 08:35:35.905    app     warn:    [play-area-content] Invalid product found in play area content    { product: 'eve-frontier' }
2025-06-05 08:35:35.905    app     warn:    [play-area-content] Invalid product found in play area content    { product: 'eve-frontier' }
2025-06-05 08:35:35.906    app     warn:    [play-area-content] Invalid product found in play area content    { product: 'eve-frontier' }
2025-06-05 08:35:35.906    app     warn:    [play-area-content] Invalid product found in play area content    { product: 'eve-frontier' }
2025-06-05 08:35:42.576    app     info:    [scheduler] Stopped scheduler foreground
2025-06-05 08:35:42.595    app     info:    [ipc-requests] Handling requests in the background
2025-06-05 08:35:43.277    app     info:    [scheduler] Starting scheduler foreground
2025-06-05 08:35:43.597    app     info:    [ipc-requests] No longer handling requests in the background
2025-06-05 08:35:44.702    app     info:    [self-update] Checking for application updates.
2025-06-05 08:35:45.600    app     info:    [self-update] No application updates were found.
2025-06-05 08:36:20.748    app     info:    [customer-information] Getting character information for '26239201' on 'tranquility'
2025-06-05 08:36:20.749    app     info:    [virtual-goods] Getting Plex status for '26239201' on 'tranquility' (eve-online)
2025-06-05 08:36:20.948    app     info:    [esi] Fetching character details for 2121178171
2025-06-05 08:36:21.045    app     info:    [scheduler] Stopped scheduler foreground
2025-06-05 08:36:21.046    app     info:    [ipc-requests] Handling requests in the background
2025-06-05 08:36:21.051    app     info:    [scheduler] Starting scheduler foreground
2025-06-05 08:36:21.237    app     info:    [esi] Fetched 1 character details for 26239201
2025-06-05 08:36:22.046    app     info:    [ipc-requests] No longer handling requests in the background
2025-06-05 08:36:23.313    app     info:    [login-window] Navigation to login completed, receiving code & state (giCL5F9d7bOmxE2aM3T8ZGP49xPdyqmneJKbKkzEkts)
2025-06-05 08:36:23.549    app     info:    [quasar-elg-events] Queueing event    eve_launcher.electron.authentication.UserTokensReceived
2025-06-05 08:36:23.580    app     info:    [quasar-elg-events] Event sent    type.evetech.net/eve_launcher.electron.authentication.UserTokensReceived
2025-06-05 08:36:23.585    app     info:    [server-manager] Starting refresh cycle for eve-online / Tranquility
2025-06-05 08:36:23.606    app     info:    [quasar-elg-events] Queueing event    eve_launcher.electron.authentication.UserAuthenticated
2025-06-05 08:36:23.628    app     info:    [customer-information] Getting character information for '29280260' on 'tranquility'
2025-06-05 08:36:23.628    app     info:    [customer-information] Getting Omega status for '29280260' on 'tranquility' (eve-online)
2025-06-05 08:36:23.628    app     info:    [virtual-goods] Getting Plex status for '29280260' on 'tranquility' (eve-online)
2025-06-05 08:36:23.652    app     info:    [quasar-elg-events] Event sent    type.evetech.net/eve_launcher.electron.authentication.UserAuthenticated
2025-06-05 08:36:23.662    app     info:    [quasar-elg-events] Queueing event    eve_launcher.electron.authentication.LoginWindowClosed
2025-06-05 08:36:23.662    app     info:    [login-window] Login window with state 'giCL5F9d7bOmxE2aM3T8ZGP49xPdyqmneJKbKkzEkts' has been closed
2025-06-05 08:36:23.666    app     info:    [quasar-elg-events] Event sent    type.evetech.net/eve_launcher.electron.authentication.LoginWindowClosed
2025-06-05 08:36:23.764    app     info:    [customer-information] Agreement status has been fetched for user '29280260'
2025-06-05 08:36:23.791    app     info:    info: [LaunchDarkly] Closing stream connection    []
2025-06-05 08:36:23.792    app     info:    info: [LaunchDarkly] Opening stream connection to https://clientstream.launchdarkly.com/eval/64c3d12e27a4b11365012d39/eyJraW5kIjoibXVsdGkiLCJsYXVuY2hlciI6eyJrZXkiOiJlZjNjMWY1Ny03NWI2LTQzNzItODQzNy1kODQ5MTJjMjgyMWUiLCJpc0ZpcnN0UnVuIjpmYWxzZSwiZGF5c1NpbmNlRmlyc3RSdW4iOjgyLCJsYW5ndWFnZSI6InJ1IiwiYXBwbGljYXRpb24iOiJldmUtb25saW5lIiwidmVyc2lvbiI6IjEuMTAuMSIsInBsYXRmb3JtIjoid2luZG93cyIsImlzR2VGb3JjZU5vdyI6ZmFsc2UsIm9zVmVyc2lvbkRlcHJlY2F0ZWQiOmZhbHNlLCJ1c2VySWRzIjpbMjM2MjI5MDMsMjkyODAyNjAsMjM2MjI5MDMsMzEzNjc2OTFdLCJwcm9kdWN0cyI6WyJldmUtb25saW5lIl0sIm9tZWdhQ291bnQiOjAsImFscGhhQ291bnQiOjYsImFjY291bnRDb3VudCI6Niwib2xkZXN0QWNjb3VudEFnZSI6MTU3NywieW91bmdlc3RBY2NvdW50QWdlIjo3MX0sImpvdXJuZXkiOnsia2V5IjoiYjEyMjhlYTAtMzY5MC00ZDk3LWJjZmUtYmQwMjY0OGNkNTZjIiwiYW5vbnltb3VzIjp0cnVlfX0?withReasons=true    []
2025-06-05 08:36:23.802    app     info:    [shared-content] Shared content fetching has been enabled
2025-06-05 08:36:23.833    app     info:    [esi] Fetching character details for 2121853336
2025-06-05 08:36:23.836    app     info:    [CharactersMiddleware] EVE Online character added, and is being set as active. 2121853336
2025-06-05 08:36:23.865    app     info:    [server-manager] Previous Tranquility build: 2929428, current build: 2929428
2025-06-05 08:36:23.865    app     info:    [server-manager] Tranquility build is unchanged.
2025-06-05 08:36:23.883    app     info:    [server-manager] Ready to play!
2025-06-05 08:36:23.901    app     info:    [server-manager] Finished refresh cycle for Tranquility
2025-06-05 08:36:23.949    app     warn:    [play-area-content] Invalid product found in play area content    { product: 'eve-frontier' }
2025-06-05 08:36:23.949    app     warn:    [play-area-content] Invalid product found in play area content    { product: 'eve-frontier' }
2025-06-05 08:36:23.949    app     warn:    [play-area-content] Invalid product found in play area content    { product: 'eve-frontier' }
2025-06-05 08:36:23.950    app     warn:    [play-area-content] Invalid product found in play area content    { product: 'eve-frontier' }
2025-06-05 08:36:23.950    app     warn:    [play-area-content] Invalid product found in play area content    { product: 'eve-frontier' }
2025-06-05 08:36:23.950    app     warn:    [play-area-content] Invalid product found in play area content    { product: 'eve-frontier' }
2025-06-05 08:36:23.951    app     warn:    [play-area-content] Invalid product found in play area content    { product: 'eve-frontier' }
2025-06-05 08:36:23.951    app     warn:    [play-area-content] Invalid product found in play area content    { product: 'eve-frontier' }
2025-06-05 08:36:23.977    app     info:    [esi] Fetched 1 character details for 29280260
2025-06-05 08:36:24.115    app     info:    [new-player-content] Resetting content as language not in response    { locale: 'tx' }
2025-06-05 08:36:24.236    app     info:    [virtual-goods] Fetched Plex status for '29280260' on 'tranquility' (eve-online) with balance: 20
2025-06-05 08:36:24.242    app     info:    [AuthenticationMiddleware] User information updated
2025-06-05 08:36:25.751    app    error:    [quasar-manager-helper] Failed to perform Quasar request RESPONSE REFUSED: eve_public.plex.vault.api.BalanceRequest received for 'tranquility-26239201-null' in 5001ms (0: )    c [EpgError]: RESPONSE REFUSED: eve_public.plex.vault.api.BalanceRequest received for 'tranquility-26239201-null' in 5001ms (0: )
    at F (C:\Program Files (x86)\Steam\steamapps\common\Eve Online\app-1.10.1\resources\app.asar\.webpack\main\index.js:8:1837251)
    at P.rejectMessage (C:\Program Files (x86)\Steam\steamapps\common\Eve Online\app-1.10.1\resources\app.asar\.webpack\main\index.js:8:1847430)
    at Timeout.<anonymous> (C:\Program Files (x86)\Steam\steamapps\common\Eve Online\app-1.10.1\resources\app.asar\.webpack\main\index.js:8:1850187)
    at listOnTimeout (node:internal/timers:594:17)
    at process.processTimers (node:internal/timers:529:7) {
  innerError: undefined,
  statusCode: 0,
  statusMessage: ''
}
2025-06-05 08:36:25.752    app     warn:    [virtual-goods] Can't fetch Plex status for '26239201' on 'tranquility' (eve-online), error: EpgError: RESPONSE REFUSED: eve_public.plex.vault.api.BalanceRequest received for 'tranquility-26239201-null' in 5001ms (0: )
2025-06-05 08:36:25.762    app    error:    [AuthenticationMiddleware] RESPONSE REFUSED: eve_public.plex.vault.api.BalanceRequest received for 'tranquility-26239201-null' in 5001ms (0: )    EpgError: RESPONSE REFUSED: eve_public.plex.vault.api.BalanceRequest received for 'tranquility-26239201-null' in 5001ms (0: )
    at F (C:\Program Files (x86)\Steam\steamapps\common\Eve Online\app-1.10.1\resources\app.asar\.webpack\main\index.js:8:1837251)
    at P.rejectMessage (C:\Program Files (x86)\Steam\steamapps\common\Eve Online\app-1.10.1\resources\app.asar\.webpack\main\index.js:8:1847430)
    at Timeout.<anonymous> (C:\Program Files (x86)\Steam\steamapps\common\Eve Online\app-1.10.1\resources\app.asar\.webpack\main\index.js:8:1850187)
    at listOnTimeout (node:internal/timers:594:17)
    at process.processTimers (node:internal/timers:529:7)
2025-06-05 08:36:25.944    app     info:    [customer-information] Agreement marked as agreed for '29280260'
2025-06-05 08:36:25.944    app     info:    [AuthenticationMiddleware] Updated agreements for 1 users.    { success: 1, failed: [] }
2025-06-05 08:36:36.700    app     info:    [authentication] Token for '23622903' on 'tranquility' is expired, refresh is required
2025-06-05 08:36:36.700    app     info:    [authentication] Refreshing token for '23622903' on 'tranquility'
2025-06-05 08:36:36.700    app     info:    [authentication] Token for '23622903' on 'tranquility' is expired, refresh is required
2025-06-05 08:36:36.700    app     info:    [authentication] Refreshing token for '23622903' on 'tranquility'
2025-06-05 08:36:36.891    app     info:    [authentication] Token for '23622903' on 'tranquility' has been successfully refreshed
2025-06-05 08:36:36.896    app     info:    [quasar-elg-events] Queueing event    eve_launcher.electron.authentication.UserTokensRefreshed
2025-06-05 08:36:36.903    app     info:    [quasar-elg-events] Event sent    type.evetech.net/eve_launcher.electron.authentication.UserTokensRefreshed
2025-06-05 08:36:36.903    app     info:    [customer-information] Getting character information for '23622903' on 'tranquility'
2025-06-05 08:36:36.903    app     info:    [customer-information] Getting Omega status for '23622903' on 'tranquility' (eve-online)
2025-06-05 08:36:36.903    app     info:    [virtual-goods] Getting Plex status for '23622903' on 'tranquility' (eve-online)
2025-06-05 08:36:36.919    app     info:    [authentication] Token for '23622903' on 'tranquility' has been successfully refreshed
2025-06-05 08:36:36.926    app     info:    [quasar-elg-events] Queueing event    eve_launcher.electron.authentication.UserTokensRefreshed
2025-06-05 08:36:36.933    app     info:    [quasar-elg-events] Event sent    type.evetech.net/eve_launcher.electron.authentication.UserTokensRefreshed
2025-06-05 08:36:37.046    app     info:    [esi] Fetching character details for 2118248041, 2121175776
2025-06-05 08:36:37.587    app     info:    [esi] Fetched 2 character details for 23622903
2025-06-05 08:36:40.195    app     info:    [scheduler] Stopped scheduler foreground
2025-06-05 08:36:40.196    app     info:    [ipc-requests] Handling requests in the background
2025-06-05 08:36:41.196    app     info:    [ipc-requests] No longer handling requests in the background
2025-06-05 08:36:41.412    app     info:    [scheduler] Starting scheduler foreground
2025-06-05 08:36:41.907    app    error:    [quasar-manager-helper] Failed to perform Quasar request RESPONSE REFUSED: eve_public.plex.vault.api.BalanceRequest received for 'tranquility-23622903-null' in 5001ms (0: )    c [EpgError]: RESPONSE REFUSED: eve_public.plex.vault.api.BalanceRequest received for 'tranquility-23622903-null' in 5001ms (0: )
    at F (C:\Program Files (x86)\Steam\steamapps\common\Eve Online\app-1.10.1\resources\app.asar\.webpack\main\index.js:8:1837251)
    at P.rejectMessage (C:\Program Files (x86)\Steam\steamapps\common\Eve Online\app-1.10.1\resources\app.asar\.webpack\main\index.js:8:1847430)
    at Timeout.<anonymous> (C:\Program Files (x86)\Steam\steamapps\common\Eve Online\app-1.10.1\resources\app.asar\.webpack\main\index.js:8:1850187)
    at listOnTimeout (node:internal/timers:594:17)
    at process.processTimers (node:internal/timers:529:7) {
  innerError: undefined,
  statusCode: 0,
  statusMessage: ''
}
2025-06-05 08:36:41.907    app     warn:    [virtual-goods] Can't fetch Plex status for '23622903' on 'tranquility' (eve-online), error: EpgError: RESPONSE REFUSED: eve_public.plex.vault.api.BalanceRequest received for 'tranquility-23622903-null' in 5001ms (0: )
2025-06-05 08:36:41.919    app    error:    [AuthenticationMiddleware] RESPONSE REFUSED: eve_public.plex.vault.api.BalanceRequest received for 'tranquility-23622903-null' in 5001ms (0: )    EpgError: RESPONSE REFUSED: eve_public.plex.vault.api.BalanceRequest received for 'tranquility-23622903-null' in 5001ms (0: )
    at F (C:\Program Files (x86)\Steam\steamapps\common\Eve Online\app-1.10.1\resources\app.asar\.webpack\main\index.js:8:1837251)
    at P.rejectMessage (C:\Program Files (x86)\Steam\steamapps\common\Eve Online\app-1.10.1\resources\app.asar\.webpack\main\index.js:8:1847430)
    at Timeout.<anonymous> (C:\Program Files (x86)\Steam\steamapps\common\Eve Online\app-1.10.1\resources\app.asar\.webpack\main\index.js:8:1850187)
    at listOnTimeout (node:internal/timers:594:17)
    at process.processTimers (node:internal/timers:529:7)
2025-06-05 08:37:02.392    app     info:    [scheduler] Stopped scheduler foreground
2025-06-05 08:37:02.395    app     info:    [ipc-requests] Handling requests in the background
2025-06-05 08:37:03.396    app     info:    [ipc-requests] No longer handling requests in the background
2025-06-05 08:37:27.274    app     info:    [scheduler] Starting scheduler foreground
2025-06-05 08:37:27.293    app     info:    [customer-information] Getting character information for '23622903' on 'tranquility'
2025-06-05 08:37:27.293    app     info:    [virtual-goods] Getting Plex status for '23622903' on 'tranquility' (eve-online)
2025-06-05 08:37:27.474    app     info:    [customer-information] Agreement status has been fetched for user '23622903'
2025-06-05 08:37:27.486    app     info:    [esi] Fetching character details for 2118248041, 2121175776
2025-06-05 08:37:28.377    app     info:    info: [LaunchDarkly] Closing stream connection    []
2025-06-05 08:37:28.377    app     info:    info: [LaunchDarkly] Opening stream connection to https://clientstream.launchdarkly.com/eval/64c3d12e27a4b11365012d39/eyJraW5kIjoibXVsdGkiLCJsYXVuY2hlciI6eyJrZXkiOiJlZjNjMWY1Ny03NWI2LTQzNzItODQzNy1kODQ5MTJjMjgyMWUiLCJpc0ZpcnN0UnVuIjpmYWxzZSwiZGF5c1NpbmNlRmlyc3RSdW4iOjgyLCJsYW5ndWFnZSI6InJ1IiwiYXBwbGljYXRpb24iOiJldmUtb25saW5lIiwidmVyc2lvbiI6IjEuMTAuMSIsInBsYXRmb3JtIjoid2luZG93cyIsImlzR2VGb3JjZU5vdyI6ZmFsc2UsIm9zVmVyc2lvbkRlcHJlY2F0ZWQiOmZhbHNlLCJ1c2VySWRzIjpbMjM2MjI5MDMsMzEzNjc2OTEsMjM2MjI5MDMsMzEzNjc2OTFdLCJwcm9kdWN0cyI6WyJldmUtb25saW5lIl0sIm9tZWdhQ291bnQiOjAsImFscGhhQ291bnQiOjYsImFjY291bnRDb3VudCI6Niwib2xkZXN0QWNjb3VudEFnZSI6MTU3NywieW91bmdlc3RBY2NvdW50QWdlIjo3MX0sImpvdXJuZXkiOnsia2V5IjoiYjEyMjhlYTAtMzY5MC00ZDk3LWJjZmUtYmQwMjY0OGNkNTZjIiwiYW5vbnltb3VzIjp0cnVlfX0?withReasons=true    []
2025-06-05 08:37:28.384    app     info:    [shared-content] Shared content fetching has been enabled
2025-06-05 08:37:28.480    app     info:    [esi] Fetched 2 character details for 23622903
2025-06-05 08:37:28.661    app     warn:    [play-area-content] Invalid product found in play area content    { product: 'eve-frontier' }
2025-06-05 08:37:28.661    app     warn:    [play-area-content] Invalid product found in play area content    { product: 'eve-frontier' }
2025-06-05 08:37:28.661    app     warn:    [play-area-content] Invalid product found in play area content    { product: 'eve-frontier' }
2025-06-05 08:37:28.662    app     warn:    [play-area-content] Invalid product found in play area content    { product: 'eve-frontier' }
2025-06-05 08:37:28.662    app     warn:    [play-area-content] Invalid product found in play area content    { product: 'eve-frontier' }
2025-06-05 08:37:28.662    app     warn:    [play-area-content] Invalid product found in play area content    { product: 'eve-frontier' }
2025-06-05 08:37:28.662    app     warn:    [play-area-content] Invalid product found in play area content    { product: 'eve-frontier' }
2025-06-05 08:37:28.662    app     warn:    [play-area-content] Invalid product found in play area content    { product: 'eve-frontier' }
2025-06-05 08:37:28.663    app     info:    [new-player-content] Resetting content as language not in response    { locale: 'tx' }
2025-06-05 08:37:32.295    app    error:    [quasar-manager-helper] Failed to perform Quasar request RESPONSE REFUSED: eve_public.plex.vault.api.BalanceRequest received for 'tranquility-23622903-null' in 5001ms (0: )    c [EpgError]: RESPONSE REFUSED: eve_public.plex.vault.api.BalanceRequest received for 'tranquility-23622903-null' in 5001ms (0: )
    at F (C:\Program Files (x86)\Steam\steamapps\common\Eve Online\app-1.10.1\resources\app.asar\.webpack\main\index.js:8:1837251)
    at P.rejectMessage (C:\Program Files (x86)\Steam\steamapps\common\Eve Online\app-1.10.1\resources\app.asar\.webpack\main\index.js:8:1847430)
    at Timeout.<anonymous> (C:\Program Files (x86)\Steam\steamapps\common\Eve Online\app-1.10.1\resources\app.asar\.webpack\main\index.js:8:1850187)
    at listOnTimeout (node:internal/timers:594:17)
    at process.processTimers (node:internal/timers:529:7) {
  innerError: undefined,
  statusCode: 0,
  statusMessage: ''
}
2025-06-05 08:37:32.295    app     warn:    [virtual-goods] Can't fetch Plex status for '23622903' on 'tranquility' (eve-online), error: EpgError: RESPONSE REFUSED: eve_public.plex.vault.api.BalanceRequest received for 'tranquility-23622903-null' in 5001ms (0: )
2025-06-05 08:37:32.306    app    error:    [AuthenticationMiddleware] RESPONSE REFUSED: eve_public.plex.vault.api.BalanceRequest received for 'tranquility-23622903-null' in 5001ms (0: )    EpgError: RESPONSE REFUSED: eve_public.plex.vault.api.BalanceRequest received for 'tranquility-23622903-null' in 5001ms (0: )
    at F (C:\Program Files (x86)\Steam\steamapps\common\Eve Online\app-1.10.1\resources\app.asar\.webpack\main\index.js:8:1837251)
    at P.rejectMessage (C:\Program Files (x86)\Steam\steamapps\common\Eve Online\app-1.10.1\resources\app.asar\.webpack\main\index.js:8:1847430)
    at Timeout.<anonymous> (C:\Program Files (x86)\Steam\steamapps\common\Eve Online\app-1.10.1\resources\app.asar\.webpack\main\index.js:8:1850187)
    at listOnTimeout (node:internal/timers:594:17)
    at process.processTimers (node:internal/timers:529:7)
2025-06-05 08:37:35.006    app     info:    [customer-information] Getting character information for '26239201' on 'tranquility'
2025-06-05 08:37:35.006    app     info:    [customer-information] Getting Omega status for '26239201' on 'tranquility' (eve-online)
2025-06-05 08:37:35.006    app     info:    [virtual-goods] Getting Plex status for '26239201' on 'tranquility' (eve-online)
2025-06-05 08:37:35.147    app     info:    [esi] Fetching character details for 2121178171
2025-06-05 08:37:35.407    app     info:    [esi] Fetched 1 character details for 26239201
2025-06-05 08:37:40.010    app    error:    [quasar-manager-helper] Failed to perform Quasar request RESPONSE REFUSED: eve_public.plex.vault.api.BalanceRequest received for 'tranquility-26239201-null' in 5002ms (0: )    c [EpgError]: RESPONSE REFUSED: eve_public.plex.vault.api.BalanceRequest received for 'tranquility-26239201-null' in 5002ms (0: )
    at F (C:\Program Files (x86)\Steam\steamapps\common\Eve Online\app-1.10.1\resources\app.asar\.webpack\main\index.js:8:1837251)
    at P.rejectMessage (C:\Program Files (x86)\Steam\steamapps\common\Eve Online\app-1.10.1\resources\app.asar\.webpack\main\index.js:8:1847430)
    at Timeout.<anonymous> (C:\Program Files (x86)\Steam\steamapps\common\Eve Online\app-1.10.1\resources\app.asar\.webpack\main\index.js:8:1850187)
    at listOnTimeout (node:internal/timers:594:17)
    at process.processTimers (node:internal/timers:529:7) {
  innerError: undefined,
  statusCode: 0,
  statusMessage: ''
}
2025-06-05 08:37:40.010    app     warn:    [virtual-goods] Can't fetch Plex status for '26239201' on 'tranquility' (eve-online), error: EpgError: RESPONSE REFUSED: eve_public.plex.vault.api.BalanceRequest received for 'tranquility-26239201-null' in 5002ms (0: )
2025-06-05 08:37:40.021    app    error:    [AuthenticationMiddleware] RESPONSE REFUSED: eve_public.plex.vault.api.BalanceRequest received for 'tranquility-26239201-null' in 5002ms (0: )    EpgError: RESPONSE REFUSED: eve_public.plex.vault.api.BalanceRequest received for 'tranquility-26239201-null' in 5002ms (0: )
    at F (C:\Program Files (x86)\Steam\steamapps\common\Eve Online\app-1.10.1\resources\app.asar\.webpack\main\index.js:8:1837251)
    at P.rejectMessage (C:\Program Files (x86)\Steam\steamapps\common\Eve Online\app-1.10.1\resources\app.asar\.webpack\main\index.js:8:1847430)
    at Timeout.<anonymous> (C:\Program Files (x86)\Steam\steamapps\common\Eve Online\app-1.10.1\resources\app.asar\.webpack\main\index.js:8:1850187)
    at listOnTimeout (node:internal/timers:594:17)
    at process.processTimers (node:internal/timers:529:7)
2025-06-05 08:37:41.401    app     info:    [customer-information] Getting character information for '23622903' on 'tranquility'
2025-06-05 08:37:41.401    app     info:    [virtual-goods] Getting Plex status for '23622903' on 'tranquility' (eve-online)
2025-06-05 08:37:41.532    app     info:    [customer-information] Agreement status has been fetched for user '23622903'
2025-06-05 08:37:41.538    app     info:    [esi] Fetching character details for 2118248041, 2121175776
2025-06-05 08:37:41.775    app     info:    [esi] Fetched 2 character details for 23622903
2025-06-05 08:37:46.404    app    error:    [quasar-manager-helper] Failed to perform Quasar request RESPONSE REFUSED: eve_public.plex.vault.api.BalanceRequest received for 'tranquility-23622903-null' in 5000ms (0: )    c [EpgError]: RESPONSE REFUSED: eve_public.plex.vault.api.BalanceRequest received for 'tranquility-23622903-null' in 5000ms (0: )
    at F (C:\Program Files (x86)\Steam\steamapps\common\Eve Online\app-1.10.1\resources\app.asar\.webpack\main\index.js:8:1837251)
    at P.rejectMessage (C:\Program Files (x86)\Steam\steamapps\common\Eve Online\app-1.10.1\resources\app.asar\.webpack\main\index.js:8:1847430)
    at Timeout.<anonymous> (C:\Program Files (x86)\Steam\steamapps\common\Eve Online\app-1.10.1\resources\app.asar\.webpack\main\index.js:8:1850187)
    at listOnTimeout (node:internal/timers:594:17)
    at process.processTimers (node:internal/timers:529:7) {
  innerError: undefined,
  statusCode: 0,
  statusMessage: ''
}
2025-06-05 08:37:46.404    app     warn:    [virtual-goods] Can't fetch Plex status for '23622903' on 'tranquility' (eve-online), error: EpgError: RESPONSE REFUSED: eve_public.plex.vault.api.BalanceRequest received for 'tranquility-23622903-null' in 5000ms (0: )
2025-06-05 08:37:46.413    app    error:    [AuthenticationMiddleware] RESPONSE REFUSED: eve_public.plex.vault.api.BalanceRequest received for 'tranquility-23622903-null' in 5000ms (0: )    EpgError: RESPONSE REFUSED: eve_public.plex.vault.api.BalanceRequest received for 'tranquility-23622903-null' in 5000ms (0: )
    at F (C:\Program Files (x86)\Steam\steamapps\common\Eve Online\app-1.10.1\resources\app.asar\.webpack\main\index.js:8:1837251)
    at P.rejectMessage (C:\Program Files (x86)\Steam\steamapps\common\Eve Online\app-1.10.1\resources\app.asar\.webpack\main\index.js:8:1847430)
    at Timeout.<anonymous> (C:\Program Files (x86)\Steam\steamapps\common\Eve Online\app-1.10.1\resources\app.asar\.webpack\main\index.js:8:1850187)
    at listOnTimeout (node:internal/timers:594:17)
    at process.processTimers (node:internal/timers:529:7)
2025-06-05 08:38:00.311    app     info:    [scheduler] Stopped scheduler foreground
2025-06-05 08:38:00.347    app     info:    [ipc-requests] Handling requests in the background
2025-06-05 08:38:01.064    app     info:    [scheduler] Starting scheduler foreground
2025-06-05 08:38:01.349    app     info:    [ipc-requests] No longer handling requests in the background
2025-06-05 08:38:01.749    app     info:    [scheduler] Stopped scheduler foreground
2025-06-05 08:38:01.750    app     info:    [ipc-requests] Handling requests in the background
2025-06-05 08:38:02.750    app     info:    [ipc-requests] No longer handling requests in the background
2025-06-05 08:38:09.229    app     info:    [scheduler] Starting scheduler foreground
2025-06-05 08:38:09.599    app     info:    [scheduler] Stopped scheduler foreground
2025-06-05 08:38:09.600    app     info:    [ipc-requests] Handling requests in the background
2025-06-05 08:38:10.601    app     info:    [ipc-requests] No longer handling requests in the background
2025-06-05 08:38:10.749    app     info:    [scheduler] Starting scheduler foreground
2025-06-05 08:38:27.293    app     info:    [customer-information] Getting character information for '23622903' on 'tranquility'
2025-06-05 08:38:27.293    app     info:    [virtual-goods] Getting Plex status for '23622903' on 'tranquility' (eve-online)
2025-06-05 08:38:27.417    app     info:    [esi] Fetching character details for 2118248041, 2121175776
2025-06-05 08:38:27.454    app     info:    [customer-information] Agreement status has been fetched for user '23622903'
2025-06-05 08:38:27.686    app     info:    [esi] Fetched 2 character details for 23622903
2025-06-05 08:38:32.295    app    error:    [quasar-manager-helper] Failed to perform Quasar request RESPONSE REFUSED: eve_public.plex.vault.api.BalanceRequest received for 'tranquility-23622903-null' in 5000ms (0: )    c [EpgError]: RESPONSE REFUSED: eve_public.plex.vault.api.BalanceRequest received for 'tranquility-23622903-null' in 5000ms (0: )
    at F (C:\Program Files (x86)\Steam\steamapps\common\Eve Online\app-1.10.1\resources\app.asar\.webpack\main\index.js:8:1837251)
    at P.rejectMessage (C:\Program Files (x86)\Steam\steamapps\common\Eve Online\app-1.10.1\resources\app.asar\.webpack\main\index.js:8:1847430)
    at Timeout.<anonymous> (C:\Program Files (x86)\Steam\steamapps\common\Eve Online\app-1.10.1\resources\app.asar\.webpack\main\index.js:8:1850187)
    at listOnTimeout (node:internal/timers:594:17)
    at process.processTimers (node:internal/timers:529:7) {
  innerError: undefined,
  statusCode: 0,
  statusMessage: ''
}
2025-06-05 08:38:32.296    app     warn:    [virtual-goods] Can't fetch Plex status for '23622903' on 'tranquility' (eve-online), error: EpgError: RESPONSE REFUSED: eve_public.plex.vault.api.BalanceRequest received for 'tranquility-23622903-null' in 5000ms (0: )
2025-06-05 08:38:32.309    app    error:    [AuthenticationMiddleware] RESPONSE REFUSED: eve_public.plex.vault.api.BalanceRequest received for 'tranquility-23622903-null' in 5000ms (0: )    EpgError: RESPONSE REFUSED: eve_public.plex.vault.api.BalanceRequest received for 'tranquility-23622903-null' in 5000ms (0: )
    at F (C:\Program Files (x86)\Steam\steamapps\common\Eve Online\app-1.10.1\resources\app.asar\.webpack\main\index.js:8:1837251)
    at P.rejectMessage (C:\Program Files (x86)\Steam\steamapps\common\Eve Online\app-1.10.1\resources\app.asar\.webpack\main\index.js:8:1847430)
    at Timeout.<anonymous> (C:\Program Files (x86)\Steam\steamapps\common\Eve Online\app-1.10.1\resources\app.asar\.webpack\main\index.js:8:1850187)
    at listOnTimeout (node:internal/timers:594:17)
    at process.processTimers (node:internal/timers:529:7)
2025-06-05 08:38:39.529    app     info:    [scheduler] Stopped scheduler foreground
2025-06-05 08:38:39.530    app     info:    [ipc-requests] Handling requests in the background
2025-06-05 08:38:40.390    app     info:    [scheduler] Starting scheduler foreground
2025-06-05 08:38:40.530    app     info:    [ipc-requests] No longer handling requests in the background
2025-06-05 08:38:41.881    app     info:    [scheduler] Stopped scheduler foreground
2025-06-05 08:38:41.883    app     info:    [ipc-requests] Handling requests in the background
2025-06-05 08:38:42.883    app     info:    [ipc-requests] No longer handling requests in the background
2025-06-05 08:39:07.595    app     info:    [scheduler] Starting scheduler foreground
2025-06-05 08:39:10.882    app     info:    [authentication] Generated login URL with state 'YyZfEnRoCh8E-PciUJvs4uGiD7qzC02lBM0zLo6agHA' for 'tranquility' using clientID 'eveLauncherTQ'
2025-06-05 08:39:10.902    app     info:    [login-window] Creating login window using URI 'https://login.eveonline.com/account/logoff?lang=en&ReturnUrl=%2Fv2%2Foauth%2Fauthorize%3Fresponse_type%3Dcode%26client_id%3DeveLauncherTQ%26scope%3DeveClientLogin%2Bcisservice.customerRead.v1%2Bcisservice.customerWrite.v1%2Bcisservice.userProfileBasic.v1%2Bvgs.transactionRead.v1%2Bvgs.marketAccess.v1%26redirect_uri%3Dhttps%253A%252F%252Flogin.eveonline.com%252Flauncher%253Fclient_id%253DeveLauncherTQ%26state%3DYyZfEnRoCh8E-PciUJvs4uGiD7qzC02lBM0zLo6agHA%26code_challenge_method%3DS256%26code_challenge%3DvJl-2JIXqox3a9kwTkDVgtE2TplPskKJj6JiIfVM7pg'
2025-06-05 08:39:23.195    app     info:    [scheduler] Stopped scheduler foreground
2025-06-05 08:39:23.196    app     info:    [ipc-requests] Handling requests in the background
2025-06-05 08:39:24.197    app     info:    [ipc-requests] No longer handling requests in the background
2025-06-05 08:39:26.721    app     info:    [scheduler] Starting scheduler foreground
2025-06-05 08:39:27.290    app     info:    [customer-information] Getting character information for '23622903' on 'tranquility'
2025-06-05 08:39:27.290    app     info:    [virtual-goods] Getting Plex status for '23622903' on 'tranquility' (eve-online)
2025-06-05 08:39:27.431    app     info:    [esi] Fetching character details for 2118248041, 2121175776
2025-06-05 08:39:27.460    app     info:    [customer-information] Agreement status has been fetched for user '23622903'
2025-06-05 08:39:27.700    app     info:    [esi] Fetched 2 character details for 23622903
2025-06-05 08:39:29.153    app     info:    [scheduler] Stopped scheduler foreground
2025-06-05 08:39:29.154    app     info:    [ipc-requests] Handling requests in the background
2025-06-05 08:39:30.155    app     info:    [ipc-requests] No longer handling requests in the background
2025-06-05 08:39:32.295    app    error:    [quasar-manager-helper] Failed to perform Quasar request RESPONSE REFUSED: eve_public.plex.vault.api.BalanceRequest received for 'tranquility-23622903-null' in 5003ms (0: )    c [EpgError]: RESPONSE REFUSED: eve_public.plex.vault.api.BalanceRequest received for 'tranquility-23622903-null' in 5003ms (0: )
    at F (C:\Program Files (x86)\Steam\steamapps\common\Eve Online\app-1.10.1\resources\app.asar\.webpack\main\index.js:8:1837251)
    at P.rejectMessage (C:\Program Files (x86)\Steam\steamapps\common\Eve Online\app-1.10.1\resources\app.asar\.webpack\main\index.js:8:1847430)
    at Timeout.<anonymous> (C:\Program Files (x86)\Steam\steamapps\common\Eve Online\app-1.10.1\resources\app.asar\.webpack\main\index.js:8:1850187)
    at listOnTimeout (node:internal/timers:594:17)
    at process.processTimers (node:internal/timers:529:7) {
  innerError: undefined,
  statusCode: 0,
  statusMessage: ''
}
2025-06-05 08:39:32.295    app     warn:    [virtual-goods] Can't fetch Plex status for '23622903' on 'tranquility' (eve-online), error: EpgError: RESPONSE REFUSED: eve_public.plex.vault.api.BalanceRequest received for 'tranquility-23622903-null' in 5003ms (0: )
2025-06-05 08:39:32.308    app    error:    [AuthenticationMiddleware] RESPONSE REFUSED: eve_public.plex.vault.api.BalanceRequest received for 'tranquility-23622903-null' in 5003ms (0: )    EpgError: RESPONSE REFUSED: eve_public.plex.vault.api.BalanceRequest received for 'tranquility-23622903-null' in 5003ms (0: )
    at F (C:\Program Files (x86)\Steam\steamapps\common\Eve Online\app-1.10.1\resources\app.asar\.webpack\main\index.js:8:1837251)
    at P.rejectMessage (C:\Program Files (x86)\Steam\steamapps\common\Eve Online\app-1.10.1\resources\app.asar\.webpack\main\index.js:8:1847430)
    at Timeout.<anonymous> (C:\Program Files (x86)\Steam\steamapps\common\Eve Online\app-1.10.1\resources\app.asar\.webpack\main\index.js:8:1850187)
    at listOnTimeout (node:internal/timers:594:17)
    at process.processTimers (node:internal/timers:529:7)
2025-06-05 08:39:46.576    app     info:    [scheduler] Starting scheduler foreground
2025-06-05 08:40:18.225    app     info:    [login-window] Navigation to login completed, receiving code & state (YyZfEnRoCh8E-PciUJvs4uGiD7qzC02lBM0zLo6agHA)
2025-06-05 08:40:18.537    app     info:    [quasar-elg-events] Queueing event    eve_launcher.electron.authentication.UserTokensReceived
2025-06-05 08:40:18.572    app     info:    [quasar-elg-events] Event sent    type.evetech.net/eve_launcher.electron.authentication.UserTokensReceived
2025-06-05 08:40:18.578    app     info:    [server-manager] Starting refresh cycle for eve-online / Tranquility
2025-06-05 08:40:18.600    app     info:    [quasar-elg-events] Queueing event    eve_launcher.electron.authentication.UserAuthenticated
2025-06-05 08:40:18.622    app     info:    [customer-information] Getting character information for '16492377' on 'tranquility'
2025-06-05 08:40:18.622    app     info:    [customer-information] Getting Omega status for '16492377' on 'tranquility' (eve-online)
2025-06-05 08:40:18.622    app     info:    [virtual-goods] Getting Plex status for '16492377' on 'tranquility' (eve-online)
2025-06-05 08:40:18.646    app     info:    [quasar-elg-events] Event sent    type.evetech.net/eve_launcher.electron.authentication.UserAuthenticated
2025-06-05 08:40:18.655    app     info:    [quasar-elg-events] Queueing event    eve_launcher.electron.authentication.LoginWindowClosed
2025-06-05 08:40:18.656    app     info:    [login-window] Login window with state 'YyZfEnRoCh8E-PciUJvs4uGiD7qzC02lBM0zLo6agHA' has been closed
2025-06-05 08:40:18.660    app     info:    [quasar-elg-events] Event sent    type.evetech.net/eve_launcher.electron.authentication.LoginWindowClosed
2025-06-05 08:40:18.716    app     info:    [virtual-goods] Fetched Plex status for '16492377' on 'tranquility' (eve-online) with balance: 0
2025-06-05 08:40:18.796    app     info:    [customer-information] Agreement status has been fetched for user '16492377'
2025-06-05 08:40:18.840    app     info:    [esi] Fetching character details for 2113875139, 2121174871
2025-06-05 08:40:18.843    app     info:    [CharactersMiddleware] EVE Online character added, and is being set as active. 2113875139
2025-06-05 08:40:18.874    app     info:    [AuthenticationMiddleware] User information updated
2025-06-05 08:40:18.875    app     info:    info: [LaunchDarkly] Closing stream connection    []
2025-06-05 08:40:18.876    app     info:    info: [LaunchDarkly] Opening stream connection to https://clientstream.launchdarkly.com/eval/64c3d12e27a4b11365012d39/eyJraW5kIjoibXVsdGkiLCJsYXVuY2hlciI6eyJrZXkiOiJlZjNjMWY1Ny03NWI2LTQzNzItODQzNy1kODQ5MTJjMjgyMWUiLCJpc0ZpcnN0UnVuIjpmYWxzZSwiZGF5c1NpbmNlRmlyc3RSdW4iOjgyLCJsYW5ndWFnZSI6InJ1IiwiYXBwbGljYXRpb24iOiJldmUtb25saW5lIiwidmVyc2lvbiI6IjEuMTAuMSIsInBsYXRmb3JtIjoid2luZG93cyIsImlzR2VGb3JjZU5vdyI6ZmFsc2UsIm9zVmVyc2lvbkRlcHJlY2F0ZWQiOmZhbHNlLCJ1c2VySWRzIjpbMjM2MjI5MDMsMTY0OTIzNzcsMjM2MjI5MDMsMzEzNjc2OTFdLCJwcm9kdWN0cyI6WyJldmUtb25saW5lIl0sIm9tZWdhQ291bnQiOjAsImFscGhhQ291bnQiOjcsImFjY291bnRDb3VudCI6Nywib2xkZXN0QWNjb3VudEFnZSI6MTU3NywieW91bmdlc3RBY2NvdW50QWdlIjo3MX0sImpvdXJuZXkiOnsia2V5IjoiYjEyMjhlYTAtMzY5MC00ZDk3LWJjZmUtYmQwMjY0OGNkNTZjIiwiYW5vbnltb3VzIjp0cnVlfX0?withReasons=true    []
2025-06-05 08:40:18.883    app     info:    [shared-content] Shared content fetching has been enabled
2025-06-05 08:40:18.909    app     info:    [server-manager] Previous Tranquility build: 2929428, current build: 2929428
2025-06-05 08:40:18.910    app     info:    [server-manager] Tranquility build is unchanged.
2025-06-05 08:40:18.932    app     info:    [server-manager] Ready to play!
2025-06-05 08:40:18.969    app     info:    [server-manager] Finished refresh cycle for Tranquility
2025-06-05 08:40:19.043    app     warn:    [play-area-content] Invalid product found in play area content    { product: 'eve-frontier' }
2025-06-05 08:40:19.044    app     warn:    [play-area-content] Invalid product found in play area content    { product: 'eve-frontier' }
2025-06-05 08:40:19.044    app     warn:    [play-area-content] Invalid product found in play area content    { product: 'eve-frontier' }
2025-06-05 08:40:19.044    app     warn:    [play-area-content] Invalid product found in play area content    { product: 'eve-frontier' }
2025-06-05 08:40:19.044    app     warn:    [play-area-content] Invalid product found in play area content    { product: 'eve-frontier' }
2025-06-05 08:40:19.045    app     warn:    [play-area-content] Invalid product found in play area content    { product: 'eve-frontier' }
2025-06-05 08:40:19.045    app     warn:    [play-area-content] Invalid product found in play area content    { product: 'eve-frontier' }
2025-06-05 08:40:19.045    app     warn:    [play-area-content] Invalid product found in play area content    { product: 'eve-frontier' }
2025-06-05 08:40:19.152    app     info:    [new-player-content] Resetting content as language not in response    { locale: 'tx' }
2025-06-05 08:40:19.666    app     info:    [esi] Fetched 2 character details for 16492377
2025-06-05 08:40:23.647    app     info:    info: [LaunchDarkly] Closing stream connection    []
2025-06-05 08:40:23.648    app     info:    info: [LaunchDarkly] Opening stream connection to https://clientstream.launchdarkly.com/eval/64c3d12e27a4b11365012d39/eyJraW5kIjoibXVsdGkiLCJsYXVuY2hlciI6eyJrZXkiOiJlZjNjMWY1Ny03NWI2LTQzNzItODQzNy1kODQ5MTJjMjgyMWUiLCJpc0ZpcnN0UnVuIjpmYWxzZSwiZGF5c1NpbmNlRmlyc3RSdW4iOjgyLCJsYW5ndWFnZSI6InJ1IiwiYXBwbGljYXRpb24iOiJldmUtb25saW5lIiwidmVyc2lvbiI6IjEuMTAuMSIsInBsYXRmb3JtIjoid2luZG93cyIsImlzR2VGb3JjZU5vdyI6ZmFsc2UsIm9zVmVyc2lvbkRlcHJlY2F0ZWQiOmZhbHNlLCJ1c2VySWRzIjpbMjM2MjI5MDMsMTY0OTIzNzcsMzEzNjc2OTFdLCJwcm9kdWN0cyI6WyJldmUtb25saW5lIl0sIm9tZWdhQ291bnQiOjAsImFscGhhQ291bnQiOjcsImFjY291bnRDb3VudCI6Nywib2xkZXN0QWNjb3VudEFnZSI6MjY0OCwieW91bmdlc3RBY2NvdW50QWdlIjo3MX0sImpvdXJuZXkiOnsia2V5IjoiYjEyMjhlYTAtMzY5MC00ZDk3LWJjZmUtYmQwMjY0OGNkNTZjIiwiYW5vbnltb3VzIjp0cnVlfX0?withReasons=true    []
2025-06-05 08:40:23.653    app     info:    [shared-content] Shared content fetching has been enabled
2025-06-05 08:40:23.697    app     info:    [new-player-content] Resetting content as language not in response    { locale: 'tx' }
2025-06-05 08:40:23.811    app     warn:    [play-area-content] Invalid product found in play area content    { product: 'eve-frontier' }
2025-06-05 08:40:23.812    app     warn:    [play-area-content] Invalid product found in play area content    { product: 'eve-frontier' }
2025-06-05 08:40:23.812    app     warn:    [play-area-content] Invalid product found in play area content    { product: 'eve-frontier' }
2025-06-05 08:40:23.812    app     warn:    [play-area-content] Invalid product found in play area content    { product: 'eve-frontier' }
2025-06-05 08:40:23.812    app     warn:    [play-area-content] Invalid product found in play area content    { product: 'eve-frontier' }
2025-06-05 08:40:23.813    app     warn:    [play-area-content] Invalid product found in play area content    { product: 'eve-frontier' }
2025-06-05 08:40:23.813    app     warn:    [play-area-content] Invalid product found in play area content    { product: 'eve-frontier' }
2025-06-05 08:40:23.813    app     warn:    [play-area-content] Invalid product found in play area content    { product: 'eve-frontier' }
2025-06-05 08:40:36.100    app     info:    [customer-information] Getting character information for '23622903' on 'tranquility'
2025-06-05 08:40:36.101    app     info:    [customer-information] Getting Omega status for '23622903' on 'tranquility' (eve-online)
2025-06-05 08:40:36.101    app     info:    [virtual-goods] Getting Plex status for '23622903' on 'tranquility' (eve-online)
2025-06-05 08:40:36.253    app     info:    [esi] Fetching character details for 2118248041, 2121175776
2025-06-05 08:40:36.294    app     info:    [customer-information] Agreement status has been fetched for user '23622903'
2025-06-05 08:40:36.488    app     info:    info: [LaunchDarkly] Closing stream connection    []
2025-06-05 08:40:36.488    app     info:    info: [LaunchDarkly] Opening stream connection to https://clientstream.launchdarkly.com/eval/64c3d12e27a4b11365012d39/eyJraW5kIjoibXVsdGkiLCJsYXVuY2hlciI6eyJrZXkiOiJlZjNjMWY1Ny03NWI2LTQzNzItODQzNy1kODQ5MTJjMjgyMWUiLCJpc0ZpcnN0UnVuIjpmYWxzZSwiZGF5c1NpbmNlRmlyc3RSdW4iOjgyLCJsYW5ndWFnZSI6InJ1IiwiYXBwbGljYXRpb24iOiJldmUtb25saW5lIiwidmVyc2lvbiI6IjEuMTAuMSIsInBsYXRmb3JtIjoid2luZG93cyIsImlzR2VGb3JjZU5vdyI6ZmFsc2UsIm9zVmVyc2lvbkRlcHJlY2F0ZWQiOmZhbHNlLCJ1c2VySWRzIjpbMjM2MjI5MDMsMzEzNjc2OTEsMTY0OTIzNzcsMzEzNjc2OTFdLCJwcm9kdWN0cyI6WyJldmUtb25saW5lIl0sIm9tZWdhQ291bnQiOjAsImFscGhhQ291bnQiOjcsImFjY291bnRDb3VudCI6Nywib2xkZXN0QWNjb3VudEFnZSI6MjY0OCwieW91bmdlc3RBY2NvdW50QWdlIjo3MX0sImpvdXJuZXkiOnsia2V5IjoiYjEyMjhlYTAtMzY5MC00ZDk3LWJjZmUtYmQwMjY0OGNkNTZjIiwiYW5vbnltb3VzIjp0cnVlfX0?withReasons=true    []
2025-06-05 08:40:36.496    app     info:    [shared-content] Shared content fetching has been enabled
2025-06-05 08:40:36.597    app     info:    [esi] Fetched 2 character details for 23622903
2025-06-05 08:40:36.634    app     info:    [new-player-content] Resetting content as language not in response    { locale: 'tx' }
2025-06-05 08:40:36.760    app     warn:    [play-area-content] Invalid product found in play area content    { product: 'eve-frontier' }
2025-06-05 08:40:36.760    app     warn:    [play-area-content] Invalid product found in play area content    { product: 'eve-frontier' }
2025-06-05 08:40:36.760    app     warn:    [play-area-content] Invalid product found in play area content    { product: 'eve-frontier' }
2025-06-05 08:40:36.761    app     warn:    [play-area-content] Invalid product found in play area content    { product: 'eve-frontier' }
2025-06-05 08:40:36.761    app     warn:    [play-area-content] Invalid product found in play area content    { product: 'eve-frontier' }
2025-06-05 08:40:36.761    app     warn:    [play-area-content] Invalid product found in play area content    { product: 'eve-frontier' }
2025-06-05 08:40:36.761    app     warn:    [play-area-content] Invalid product found in play area content    { product: 'eve-frontier' }
2025-06-05 08:40:36.761    app     warn:    [play-area-content] Invalid product found in play area content    { product: 'eve-frontier' }
2025-06-05 08:40:39.341    app     info:    [authentication] Token for '26239201' on 'tranquility' is expired, refresh is required
2025-06-05 08:40:39.341    app     info:    [authentication] Refreshing token for '26239201' on 'tranquility'
2025-06-05 08:40:39.551    app     info:    [authentication] Token for '26239201' on 'tranquility' has been successfully refreshed
2025-06-05 08:40:39.556    app     info:    [quasar-elg-events] Queueing event    eve_launcher.electron.authentication.UserTokensRefreshed
2025-06-05 08:40:39.564    app     info:    [quasar-elg-events] Event sent    type.evetech.net/eve_launcher.electron.authentication.UserTokensRefreshed
2025-06-05 08:40:39.564    app     info:    [customer-information] Getting character information for '26239201' on 'tranquility'
2025-06-05 08:40:39.565    app     info:    [customer-information] Getting Omega status for '26239201' on 'tranquility' (eve-online)
2025-06-05 08:40:39.565    app     info:    [virtual-goods] Getting Plex status for '26239201' on 'tranquility' (eve-online)
2025-06-05 08:40:39.669    app     info:    [esi] Fetching character details for 2121178171
2025-06-05 08:40:39.808    app     info:    [esi] Fetched 1 character details for 26239201
2025-06-05 08:40:41.091    app     info:    [customer-information] Agreement status has been fetched for user '23622903'
2025-06-05 08:40:41.104    app    error:    [quasar-manager-helper] Failed to perform Quasar request RESPONSE REFUSED: eve_public.plex.vault.api.BalanceRequest received for 'tranquility-23622903-null' in 5001ms (0: )    c [EpgError]: RESPONSE REFUSED: eve_public.plex.vault.api.BalanceRequest received for 'tranquility-23622903-null' in 5001ms (0: )
    at F (C:\Program Files (x86)\Steam\steamapps\common\Eve Online\app-1.10.1\resources\app.asar\.webpack\main\index.js:8:1837251)
    at P.rejectMessage (C:\Program Files (x86)\Steam\steamapps\common\Eve Online\app-1.10.1\resources\app.asar\.webpack\main\index.js:8:1847430)
    at Timeout.<anonymous> (C:\Program Files (x86)\Steam\steamapps\common\Eve Online\app-1.10.1\resources\app.asar\.webpack\main\index.js:8:1850187)
    at listOnTimeout (node:internal/timers:594:17)
    at process.processTimers (node:internal/timers:529:7) {
  innerError: undefined,
  statusCode: 0,
  statusMessage: ''
}
2025-06-05 08:40:41.105    app     warn:    [virtual-goods] Can't fetch Plex status for '23622903' on 'tranquility' (eve-online), error: EpgError: RESPONSE REFUSED: eve_public.plex.vault.api.BalanceRequest received for 'tranquility-23622903-null' in 5001ms (0: )
2025-06-05 08:40:41.114    app    error:    [AuthenticationMiddleware] RESPONSE REFUSED: eve_public.plex.vault.api.BalanceRequest received for 'tranquility-23622903-null' in 5001ms (0: )    EpgError: RESPONSE REFUSED: eve_public.plex.vault.api.BalanceRequest received for 'tranquility-23622903-null' in 5001ms (0: )
    at F (C:\Program Files (x86)\Steam\steamapps\common\Eve Online\app-1.10.1\resources\app.asar\.webpack\main\index.js:8:1837251)
    at P.rejectMessage (C:\Program Files (x86)\Steam\steamapps\common\Eve Online\app-1.10.1\resources\app.asar\.webpack\main\index.js:8:1847430)
    at Timeout.<anonymous> (C:\Program Files (x86)\Steam\steamapps\common\Eve Online\app-1.10.1\resources\app.asar\.webpack\main\index.js:8:1850187)
    at listOnTimeout (node:internal/timers:594:17)
    at process.processTimers (node:internal/timers:529:7)
2025-06-05 08:40:44.566    app    error:    [quasar-manager-helper] Failed to perform Quasar request RESPONSE REFUSED: eve_public.plex.vault.api.BalanceRequest received for 'tranquility-26239201-null' in 5000ms (0: )    c [EpgError]: RESPONSE REFUSED: eve_public.plex.vault.api.BalanceRequest received for 'tranquility-26239201-null' in 5000ms (0: )
    at F (C:\Program Files (x86)\Steam\steamapps\common\Eve Online\app-1.10.1\resources\app.asar\.webpack\main\index.js:8:1837251)
    at P.rejectMessage (C:\Program Files (x86)\Steam\steamapps\common\Eve Online\app-1.10.1\resources\app.asar\.webpack\main\index.js:8:1847430)
    at Timeout.<anonymous> (C:\Program Files (x86)\Steam\steamapps\common\Eve Online\app-1.10.1\resources\app.asar\.webpack\main\index.js:8:1850187)
    at listOnTimeout (node:internal/timers:594:17)
    at process.processTimers (node:internal/timers:529:7) {
  innerError: undefined,
  statusCode: 0,
  statusMessage: ''
}
2025-06-05 08:40:44.567    app     warn:    [virtual-goods] Can't fetch Plex status for '26239201' on 'tranquility' (eve-online), error: EpgError: RESPONSE REFUSED: eve_public.plex.vault.api.BalanceRequest received for 'tranquility-26239201-null' in 5000ms (0: )
2025-06-05 08:40:44.572    app    error:    [AuthenticationMiddleware] RESPONSE REFUSED: eve_public.plex.vault.api.BalanceRequest received for 'tranquility-26239201-null' in 5000ms (0: )    EpgError: RESPONSE REFUSED: eve_public.plex.vault.api.BalanceRequest received for 'tranquility-26239201-null' in 5000ms (0: )
    at F (C:\Program Files (x86)\Steam\steamapps\common\Eve Online\app-1.10.1\resources\app.asar\.webpack\main\index.js:8:1837251)
    at P.rejectMessage (C:\Program Files (x86)\Steam\steamapps\common\Eve Online\app-1.10.1\resources\app.asar\.webpack\main\index.js:8:1847430)
    at Timeout.<anonymous> (C:\Program Files (x86)\Steam\steamapps\common\Eve Online\app-1.10.1\resources\app.asar\.webpack\main\index.js:8:1850187)
    at listOnTimeout (node:internal/timers:594:17)
    at process.processTimers (node:internal/timers:529:7)
2025-06-05 08:40:44.706    app     info:    [self-update] Checking for application updates.
2025-06-05 08:40:45.509    app     info:    [self-update] No application updates were found.
2025-06-05 08:41:01.237    app     info:    [scheduler] Stopped scheduler foreground
2025-06-05 08:41:01.239    app     info:    [ipc-requests] Handling requests in the background
2025-06-05 08:41:01.441    app     info:    [scheduler] Starting scheduler foreground
2025-06-05 08:41:02.357    app     info:    [ipc-requests] No longer handling requests in the background
2025-06-05 08:41:49.155    app     info:    [scheduler] Stopped scheduler foreground
2025-06-05 08:41:49.156    app     info:    [ipc-requests] Handling requests in the background
2025-06-05 08:41:50.157    app     info:    [ipc-requests] No longer handling requests in the background
2025-06-05 08:44:01.583    app     info:    [scheduler] Starting scheduler foreground
2025-06-05 08:44:34.252    app     info:    [scheduler] Stopped scheduler foreground
2025-06-05 08:44:34.254    app     info:    [ipc-requests] Handling requests in the background
2025-06-05 08:44:35.255    app     info:    [ipc-requests] No longer handling requests in the background
2025-06-05 08:44:45.427    app     info:    [scheduler] Starting scheduler foreground
2025-06-05 08:44:49.192    app     info:    [window-manager-minimize] Main window minimized to tray    { windowId: 2 }
2025-06-05 08:44:49.263    app     info:    [scheduler] Stopped scheduler foreground
2025-06-05 08:44:49.264    app     info:    [ipc-requests] Handling requests in the background
2025-06-05 08:44:50.266    app     info:    [ipc-requests] No longer handling requests in the background
2025-06-05 08:45:18.987    app     info:    [server-manager] Starting refresh cycle for eve-online / Tranquility
2025-06-05 08:45:19.330    app     info:    [server-manager] Previous Tranquility build: 2929428, current build: 2929428
2025-06-05 08:45:19.331    app     info:    [server-manager] Tranquility build is unchanged.
2025-06-05 08:45:19.353    app     info:    [server-manager] Ready to play!
2025-06-05 08:45:19.377    app     info:    [server-manager] Finished refresh cycle for Tranquility
2025-06-05 08:50:19.389    app     info:    [server-manager] Starting refresh cycle for eve-online / Tranquility
2025-06-05 08:50:19.695    app     info:    [server-manager] Previous Tranquility build: 2929428, current build: 2929428
2025-06-05 08:50:19.695    app     info:    [server-manager] Tranquility build is unchanged.
2025-06-05 08:50:19.715    app     info:    [server-manager] Ready to play!
2025-06-05 08:50:19.733    app     info:    [server-manager] Finished refresh cycle for Tranquility
2025-06-05 08:55:19.744    app     info:    [server-manager] Starting refresh cycle for eve-online / Tranquility
2025-06-05 08:55:20.012    app     info:    [server-manager] Previous Tranquility build: 2929428, current build: 2929428
2025-06-05 08:55:20.012    app     info:    [server-manager] Tranquility build is unchanged.
2025-06-05 08:55:20.031    app     info:    [server-manager] Ready to play!
2025-06-05 08:55:20.050    app     info:    [server-manager] Finished refresh cycle for Tranquility
2025-06-05 09:00:20.072    app     info:    [server-manager] Starting refresh cycle for eve-online / Tranquility
2025-06-05 09:00:20.424    app     info:    [server-manager] Previous Tranquility build: 2929428, current build: 2929428
2025-06-05 09:00:20.425    app     info:    [server-manager] Tranquility build is unchanged.
2025-06-05 09:00:20.452    app     info:    [server-manager] Ready to play!
2025-06-05 09:00:20.475    app     info:    [server-manager] Finished refresh cycle for Tranquility
2025-06-05 09:05:20.498    app     info:    [server-manager] Starting refresh cycle for eve-online / Tranquility
2025-06-05 09:05:20.832    app     info:    [server-manager] Previous Tranquility build: 2929428, current build: 2929428
2025-06-05 09:05:20.833    app     info:    [server-manager] Tranquility build is unchanged.
2025-06-05 09:05:20.868    app     info:    [server-manager] Ready to play!
2025-06-05 09:05:20.906    app     info:    [server-manager] Finished refresh cycle for Tranquility
2025-06-05 09:10:20.924    app     info:    [server-manager] Starting refresh cycle for eve-online / Tranquility
2025-06-05 09:10:21.259    app     info:    [server-manager] Previous Tranquility build: 2929428, current build: 2929428
2025-06-05 09:10:21.260    app     info:    [server-manager] Tranquility build is unchanged.
2025-06-05 09:10:21.293    app     info:    [server-manager] Ready to play!
2025-06-05 09:10:21.330    app     info:    [server-manager] Finished refresh cycle for Tranquility
2025-06-05 09:15:21.351    app     info:    [server-manager] Starting refresh cycle for eve-online / Tranquility
2025-06-05 09:15:21.735    app     info:    [server-manager] Previous Tranquility build: 2929428, current build: 2929428
2025-06-05 09:15:21.735    app     info:    [server-manager] Tranquility build is unchanged.
2025-06-05 09:15:21.763    app     info:    [server-manager] Ready to play!
2025-06-05 09:15:21.787    app     info:    [server-manager] Finished refresh cycle for Tranquility
2025-06-05 09:20:21.810    app     info:    [server-manager] Starting refresh cycle for eve-online / Tranquility
2025-06-05 09:20:22.026    app     info:    [server-manager] Previous Tranquility build: 2929428, current build: 2929428
2025-06-05 09:20:22.026    app     info:    [server-manager] Tranquility build is unchanged.
2025-06-05 09:20:22.059    app     info:    [server-manager] Ready to play!
2025-06-05 09:20:22.084    app     info:    [server-manager] Finished refresh cycle for Tranquility
2025-06-05 09:25:22.104    app     info:    [server-manager] Starting refresh cycle for eve-online / Tranquility
2025-06-05 09:25:22.418    app     info:    [server-manager] Previous Tranquility build: 2929428, current build: 2929428
2025-06-05 09:25:22.418    app     info:    [server-manager] Tranquility build is unchanged.
2025-06-05 09:25:22.450    app     info:    [server-manager] Ready to play!
2025-06-05 09:25:22.485    app     info:    [server-manager] Finished refresh cycle for Tranquility
2025-06-05 09:30:22.501    app     info:    [server-manager] Starting refresh cycle for eve-online / Tranquility
2025-06-05 09:30:22.701    app     info:    [server-manager] Previous Tranquility build: 2929428, current build: 2929428
2025-06-05 09:30:22.702    app     info:    [server-manager] Tranquility build is unchanged.
2025-06-05 09:30:22.723    app     info:    [server-manager] Ready to play!
2025-06-05 09:30:22.747    app     info:    [server-manager] Finished refresh cycle for Tranquility
2025-06-05 09:35:22.776    app     info:    [server-manager] Starting refresh cycle for eve-online / Tranquility
2025-06-05 09:35:23.070    app     info:    [server-manager] Previous Tranquility build: 2929428, current build: 2929428
2025-06-05 09:35:23.071    app     info:    [server-manager] Tranquility build is unchanged.
2025-06-05 09:35:23.090    app     info:    [server-manager] Ready to play!
2025-06-05 09:35:23.119    app     info:    [server-manager] Finished refresh cycle for Tranquility
2025-06-05 09:40:23.138    app     info:    [server-manager] Starting refresh cycle for eve-online / Tranquility
2025-06-05 09:40:23.421    app     info:    [server-manager] Previous Tranquility build: 2929428, current build: 2929428
2025-06-05 09:40:23.421    app     info:    [server-manager] Tranquility build is unchanged.
2025-06-05 09:40:23.444    app     info:    [server-manager] Ready to play!
2025-06-05 09:40:23.473    app     info:    [server-manager] Finished refresh cycle for Tranquility
2025-06-05 09:45:23.496    app     info:    [server-manager] Starting refresh cycle for eve-online / Tranquility
2025-06-05 09:45:23.905    app     info:    [server-manager] Previous Tranquility build: 2929428, current build: 2929428
2025-06-05 09:45:23.906    app     info:    [server-manager] Tranquility build is unchanged.
2025-06-05 09:45:23.935    app     info:    [server-manager] Ready to play!
2025-06-05 09:45:23.965    app     info:    [server-manager] Finished refresh cycle for Tranquility
2025-06-05 09:50:23.984    app     info:    [server-manager] Starting refresh cycle for eve-online / Tranquility
2025-06-05 09:50:24.303    app     info:    [server-manager] Previous Tranquility build: 2929428, current build: 2929428
2025-06-05 09:50:24.304    app     info:    [server-manager] Tranquility build is unchanged.
2025-06-05 09:50:24.333    app     info:    [server-manager] Ready to play!
2025-06-05 09:50:24.364    app     info:    [server-manager] Finished refresh cycle for Tranquility
2025-06-05 09:55:24.386    app     info:    [server-manager] Starting refresh cycle for eve-online / Tranquility
2025-06-05 09:55:24.736    app     info:    [server-manager] Previous Tranquility build: 2929428, current build: 2929428
2025-06-05 09:55:24.736    app     info:    [server-manager] Tranquility build is unchanged.
2025-06-05 09:55:24.765    app     info:    [server-manager] Ready to play!
2025-06-05 09:55:24.800    app     info:    [server-manager] Finished refresh cycle for Tranquility
