2025-06-08 13:44:50.757    app     info:    [migrations] Running state migrations from 202403271440 to 202403271440
2025-06-08 13:44:50.945    app     info:    [self-update] Configuring update feed.
2025-06-08 13:44:50.945    app     info:    [self-update] Update feed set to: https://launcher.ccpgames.com/eve-online/release/win32/x64/
2025-06-08 13:44:51.132    app     info:    Startup arguments    []
2025-06-08 13:44:51.269    app     info:    [self-update] Auto-updating is now enabled
2025-06-08 13:44:51.272    app     info:    [migrations] Running state migrations from 202403271440 to 202403271440
2025-06-08 13:44:51.279    app    error:    (node:6052) [DEP0180] DeprecationWarning: fs.Stats constructor is deprecated.
(Use `eve-online --trace-deprecation ...` to show where the warning was created)    []
2025-06-08 13:44:51.280    app     info:    [third-party-authentications] Checking for Steam startup
2025-06-08 13:44:52.030    app     info:    [migrations] Running secured-state migrations from 202406060001 to 202406060001
2025-06-08 13:44:52.149    app     info:    [i18next] Changed language    ru
2025-06-08 13:44:52.208    app     info:    [steam-auth] Steam startup detected
2025-06-08 13:44:52.229    app     info:    [authentication] Generated login URL with state 'WE3mFPL8oRG9y_WJQ-B5POTm32NXSb6ulPXqXhbBH-M' for 'tranquility' using clientID 'eveLauncherTQ'
2025-06-08 13:44:52.230    app     info:    [third-party-authentications] Done checking third party startups
2025-06-08 13:44:52.352    app     info:    [cache-protocol] Found 0 entries to remove
2025-06-08 13:44:52.353    app     info:    [cache-protocol] Nothing to clean up.
2025-06-08 13:44:52.424    app     info:    [customer-information] Agreements have been updated
2025-06-08 13:44:52.619    app     info:    [quasar-elg-events] Queueing event    eve_launcher.electron.application.LauncherStarted
2025-06-08 13:44:52.705    app     info:    [analytics] Application name:    EVE Online
2025-06-08 13:44:52.705    app     info:    [analytics] Application version:    1.10.1
2025-06-08 13:44:52.706    app     info:    [analytics] Domain    undefined
2025-06-08 13:44:52.708    app     info:    [analytics] Working directory    C:\Program Files (x86)\Steam\steamapps\common\Eve Online\app-1.10.1
2025-06-08 13:44:52.709    app     info:    [analytics] Username contains UTF8?    false
2025-06-08 13:44:53.760    app     info:    [quasar-elg-events] Queueing event    eve_launcher.electron.application.PdmLoaded
2025-06-08 13:44:53.778    app     info:    [quasar-elg-events] Queueing event    eve_launcher.electron.application.CoreDataLoaded
2025-06-08 13:44:53.782    app     info:    [analytics] Operating system    { type: 'Windows', name: 'Windows 10 Home', version: '10.0 (19045)' }
2025-06-08 13:44:53.782    app     info:    [analytics] Encryption available:    true
2025-06-08 13:44:53.782    app     info:    [analytics] Machine UUID    B7B2A471-C4FE-4353-880B-870CE29AC3D8
2025-06-08 13:44:53.782    app     info:    [analytics] PDM Version    2.1.4
2025-06-08 13:44:53.782    app     info:    [analytics] Release channel    release
2025-06-08 13:44:53.783    app     info:    [initializers] Shared cache directory set to    C:\Games\EVE
2025-06-08 13:44:53.793    app     info:    [initializers] Shared cache drive free space: 43.94 GiB / 237.84 GiB
2025-06-08 13:44:53.795    app     info:    [feature-flags] Initializing feature flag client
2025-06-08 13:44:53.837    app     info:    [migrations] Running file-system migrations from 202408021525 to 202408021525
2025-06-08 13:44:53.842    app     info:    [scheduler] Starting scheduler background
2025-06-08 13:44:53.867    app    error:    (node:6052) MaxListenersExceededWarning: Possible EventEmitter memory leak detected. 11 scheduler/triggered listeners added to [IpcMainImpl]. MaxListeners is 10. Use emitter.setMaxListeners() to increase limit    []
2025-06-08 13:44:53.876    app     info:    [shared-cache] Looking for eve-online profiles in 'c_games_eve_tq_tranquility'...
2025-06-08 13:44:53.890    app     info:    [shared-cache] No profiles found on disk
2025-06-08 13:44:53.913    app     info:    [analytics] Hardware rendering enabled:    true    { disabledViaCommandline: false, disabledViaSettings: true }
2025-06-08 13:44:53.958    app     info:    [first-run] Application has been run before: 2025-03-14T09:16:58.327Z
2025-06-08 13:44:54.110    app     info:    [quasar-elg-events] Event sent    type.evetech.net/eve_launcher.electron.application.LauncherStarted
2025-06-08 13:44:54.113    app     info:    [quasar-elg-events] Event sent    type.evetech.net/eve_launcher.electron.application.PdmLoaded
2025-06-08 13:44:54.114    app     info:    [quasar-elg-events] Event sent    type.evetech.net/eve_launcher.electron.application.CoreDataLoaded
2025-06-08 13:44:54.207    app     info:    info: [LaunchDarkly] LaunchDarkly client initialized    []
2025-06-08 13:44:54.208    app     info:    info: [LaunchDarkly] Opening stream connection to https://clientstream.launchdarkly.com/eval/64c3d12e27a4b11365012d39/eyJraW5kIjoibXVsdGkiLCJsYXVuY2hlciI6eyJrZXkiOiJlZjNjMWY1Ny03NWI2LTQzNzItODQzNy1kODQ5MTJjMjgyMWUiLCJpc0ZpcnN0UnVuIjpmYWxzZSwiZGF5c1NpbmNlRmlyc3RSdW4iOjg2LCJsYW5ndWFnZSI6InJ1IiwiYXBwbGljYXRpb24iOiJldmUtb25saW5lIiwidmVyc2lvbiI6IjEuMTAuMSIsInBsYXRmb3JtIjoid2luZG93cyIsImlzR2VGb3JjZU5vdyI6ZmFsc2UsIm9zVmVyc2lvbkRlcHJlY2F0ZWQiOmZhbHNlLCJ1c2VySWRzIjpbMzEzNjc2OTEsMjkyODU2NDUsMTY0OTIzNzcsMzEzNjc2OTFdLCJwcm9kdWN0cyI6WyJldmUtb25saW5lIl0sIm9tZWdhQ291bnQiOjAsImFscGhhQ291bnQiOjgsImFjY291bnRDb3VudCI6OCwib2xkZXN0QWNjb3VudEFnZSI6MjY1MSwieW91bmdlc3RBY2NvdW50QWdlIjo3NH0sImpvdXJuZXkiOnsia2V5IjoiYjEyMjhlYTAtMzY5MC00ZDk3LWJjZmUtYmQwMjY0OGNkNTZjIiwiYW5vbnltb3VzIjp0cnVlfX0?withReasons=true    []
2025-06-08 13:44:54.211    app     info:    [feature-flags] Client ef3c1f57... ready, fetching flags
2025-06-08 13:44:54.213    app     info:    [self-update] Auto-updating is now enabled
2025-06-08 13:44:54.214    app     info:    [quasar-manager] Quasar (EPG) feature flag is enabled
2025-06-08 13:44:54.219    app     info:    [feature-flags] Received 40 flags for client ef3c1f57...
2025-06-08 13:44:54.220    app     info:    [feature-flags] Client initialized with key ef3c1f57...
2025-06-08 13:44:54.233    app     info:    [quasar-manager] Quasar (EPG) feature flag is enabled
2025-06-08 13:44:54.238    app     info:    [self-update] Configuring update feed.
2025-06-08 13:44:54.238    app     info:    [self-update] Update feed set to: https://launcher.ccpgames.com/eve-online/release/win32/x64/
2025-06-08 13:44:54.238    app     info:    [self-update] Auto-updating is now enabled
2025-06-08 13:44:54.603    app     warn:    (electron) 'console-message' arguments are deprecated and will be removed. Please use Event<WebContentsConsoleMessageEventParams> object instead.    []
2025-06-08 13:44:54.623    app     info:    [quasar-elg-events] Queueing event    eve_launcher.electron.application.RendererLoaded
2025-06-08 13:44:54.624    app     info:    [quasar-elg-events] Event sent    type.evetech.net/eve_launcher.electron.application.RendererLoaded
2025-06-08 13:44:54.626    app     info:    [scheduler] Starting scheduler foreground
2025-06-08 13:44:54.653    app     info:    [newsfeed] Fetching news for eve-online in ru
2025-06-08 13:44:54.679    app     info:    [content-delivery-trace] Fetching CDN trace data from https://binaries.eveonline.com/cdn-cgi/trace
2025-06-08 13:44:54.708    app     info:    [creatives] Requesting creatives for eve-online
2025-06-08 13:44:54.711    app     info:    [authentication] Token for '31367691' on 'tranquility' is expired, refresh is required
2025-06-08 13:44:54.711    app     info:    [authentication] Refreshing token for '31367691' on 'tranquility'
2025-06-08 13:44:54.712    app     info:    [authentication] Token for '31367691' on 'tranquility' is expired, refresh is required
2025-06-08 13:44:54.712    app     info:    [authentication] Refreshing token for '31367691' on 'tranquility'
2025-06-08 13:44:54.733     ui     info:    [i18next] Requesting missing translation ru readnought title title    ccp://launcher/renderer/main_window/index.js    2
2025-06-08 13:44:54.831    app     info:    [newsfeed] Fetched 20 news items for eve-online in ru
2025-06-08 13:44:54.901    app     info:    [jukebox] Fetched 2 jukebox playlists
2025-06-08 13:44:54.957    app     info:    [new-player-content] Resetting content as language not in response    { locale: 'tx' }
2025-06-08 13:44:55.086    app     warn:    [play-area-content] Invalid product found in play area content    { product: 'eve-frontier' }
2025-06-08 13:44:55.087    app     warn:    [play-area-content] Invalid product found in play area content    { product: 'eve-frontier' }
2025-06-08 13:44:55.087    app     warn:    [play-area-content] Invalid product found in play area content    { product: 'eve-frontier' }
2025-06-08 13:44:55.088    app     warn:    [play-area-content] Invalid product found in play area content    { product: 'eve-frontier' }
2025-06-08 13:44:55.088    app     warn:    [play-area-content] Invalid product found in play area content    { product: 'eve-frontier' }
2025-06-08 13:44:55.089    app     warn:    [play-area-content] Invalid product found in play area content    { product: 'eve-frontier' }
2025-06-08 13:44:55.089    app     warn:    [play-area-content] Invalid product found in play area content    { product: 'eve-frontier' }
2025-06-08 13:44:55.090    app     warn:    [play-area-content] Invalid product found in play area content    { product: 'eve-frontier' }
2025-06-08 13:44:55.609    app     info:    [window-manager] Main window registered    { windowId: 2 }
2025-06-08 13:44:55.631    app     info:    [login-window] Creating login window using URI 'https://login.eveonline.com/account/logoff?lang=en&ReturnUrl=%2Fv2%2Foauth%2Fauthorize%3Fresponse_type%3Dcode%26client_id%3DeveLauncherTQ%26scope%3DeveClientLogin%2Bcisservice.customerRead.v1%2Bcisservice.customerWrite.v1%2Bcisservice.userProfileBasic.v1%2Bvgs.transactionRead.v1%2Bvgs.marketAccess.v1%26redirect_uri%3Dhttps%253A%252F%252Flogin.eveonline.com%252Flauncher%253Fclient_id%253DeveLauncherTQ%26state%3DWE3mFPL8oRG9y_WJQ-B5POTm32NXSb6ulPXqXhbBH-M%26code_challenge_method%3DS256%26code_challenge%3DhSJpebDcvSdaeCwgQ6P4przlRZTN1ZdWnhvJEcS9ROc%26steam_ticket%3D14000000eadf985be6017f1f1bd7f11a01001001ad704568180000000100000002000000fb734715cf098057af91890004000000b200000032000000040000001bd7f11a0100100134210000cc82a42edd06000a000000000c3140688ce05b6801002f22020000000000cc00b2a9c485eaed298a68b68cb4fdcd5d920993bb259c655ee343fb2c256ebdbfb6a93aaeba88f9235f249fc229e3bf5c3230ddbce77bfe22d226bc3b40cbd3a28d293e1ee0514e2bd0bfafc959be51c554e56a9f896b0b75f085844f1c11872911ce3bd7785d3fd1a35b3c8a1988d8f79d3429392c34b5755b67223f9a430e'
2025-06-08 13:44:55.960    app     info:    [authentication] Token for '16492377' on 'tranquility' is expired, refresh is required
2025-06-08 13:44:55.960    app     info:    [authentication] Refreshing token for '16492377' on 'tranquility'
2025-06-08 13:44:55.961    app     info:    [authentication] Token for '23622903' on 'tranquility' is expired, refresh is required
2025-06-08 13:44:55.961    app     info:    [authentication] Refreshing token for '23622903' on 'tranquility'
2025-06-08 13:44:55.962    app     info:    [authentication] Token for '26239201' on 'tranquility' is expired, refresh is required
2025-06-08 13:44:55.962    app     info:    [authentication] Refreshing token for '26239201' on 'tranquility'
2025-06-08 13:44:55.963    app     info:    [authentication] Token for '29280260' on 'tranquility' is expired, refresh is required
2025-06-08 13:44:55.963    app     info:    [authentication] Refreshing token for '29280260' on 'tranquility'
2025-06-08 13:44:55.963    app     info:    [authentication] Token for '29285645' on 'tranquility' is expired, refresh is required
2025-06-08 13:44:55.964    app     info:    [authentication] Refreshing token for '29285645' on 'tranquility'
2025-06-08 13:44:55.964    app     info:    [authentication] Token for '29795975' on 'tranquility' is expired, refresh is required
2025-06-08 13:44:55.964    app     info:    [authentication] Refreshing token for '29795975' on 'tranquility'
2025-06-08 13:44:55.965    app     info:    [authentication] Token for '31320672' on 'tranquility' is expired, refresh is required
2025-06-08 13:44:55.965    app     info:    [authentication] Refreshing token for '31320672' on 'tranquility'
2025-06-08 13:44:55.965    app     info:    [authentication] Token for '31367691' on 'tranquility' is expired, refresh is required
2025-06-08 13:44:55.966    app     info:    [authentication] Refreshing token for '31367691' on 'tranquility'
2025-06-08 13:44:55.966    app     info:    [AuthenticationMiddleware] Refreshed 8 / 8 users for tranquility on eve-online
2025-06-08 13:44:55.977    app     info:    [server-manager] Starting refresh cycle for eve-online / Tranquility
2025-06-08 13:44:56.177    app     info:    [server-manager] Previous Tranquility build: 2932557, current build: 2932557
2025-06-08 13:44:56.177    app     info:    [server-manager] Tranquility build is unchanged.
2025-06-08 13:44:56.198    app     info:    [server-manager] Ready to play!
2025-06-08 13:44:56.217    app     info:    [server-manager] Finished refresh cycle for Tranquility
2025-06-08 13:44:56.299    app     info:    [creatives] Received 4 creatives for eve-online
2025-06-08 13:44:56.469    app     info:    [login-window] Navigation to login completed, receiving code & state (WE3mFPL8oRG9y_WJQ-B5POTm32NXSb6ulPXqXhbBH-M)
2025-06-08 13:44:56.676    app     info:    [authentication] Token for '31367691' on 'tranquility' has been successfully refreshed
2025-06-08 13:44:56.684    app     info:    [quasar-elg-events] Queueing event    eve_launcher.electron.authentication.UserTokensRefreshed
2025-06-08 13:44:56.704    app     info:    [quasar-elg-events] Event sent    type.evetech.net/eve_launcher.electron.authentication.UserTokensRefreshed
2025-06-08 13:44:56.713    app     info:    [authentication] Token for '31367691' on 'tranquility' has been successfully refreshed
2025-06-08 13:44:56.722    app     info:    [quasar-elg-events] Queueing event    eve_launcher.electron.authentication.UserTokensRefreshed
2025-06-08 13:44:56.743    app     info:    [customer-information] Getting character information for '31367691' on 'tranquility'
2025-06-08 13:44:56.744    app     info:    [customer-information] Getting Omega status for '31367691' on 'tranquility' (eve-online)
2025-06-08 13:44:56.744    app     info:    [virtual-goods] Getting Plex status for '31367691' on 'tranquility' (eve-online)
2025-06-08 13:44:56.752    app     info:    [authentication] Token for '16492377' on 'tranquility' has been successfully refreshed
2025-06-08 13:44:56.758    app     info:    [quasar-elg-events] Queueing event    eve_launcher.electron.authentication.UserTokensRefreshed
2025-06-08 13:44:56.769    app     info:    [authentication] Token for '31320672' on 'tranquility' has been successfully refreshed
2025-06-08 13:44:56.776    app     info:    [quasar-elg-events] Queueing event    eve_launcher.electron.authentication.UserTokensRefreshed
2025-06-08 13:44:56.786    app     info:    [authentication] Token for '29285645' on 'tranquility' has been successfully refreshed
2025-06-08 13:44:56.794    app     info:    [quasar-elg-events] Queueing event    eve_launcher.electron.authentication.UserTokensRefreshed
2025-06-08 13:44:56.805    app     info:    [authentication] Token for '26239201' on 'tranquility' has been successfully refreshed
2025-06-08 13:44:56.812    app     info:    [quasar-elg-events] Queueing event    eve_launcher.electron.authentication.UserTokensRefreshed
2025-06-08 13:44:56.829    app     info:    [quasar-elg-events] Queueing event    eve_launcher.electron.authentication.UserTokensReceived
2025-06-08 13:44:56.844    app     info:    [quasar-elg-events] Queueing event    eve_launcher.electron.authentication.UserAuthenticated
2025-06-08 13:44:56.880    app     info:    [quasar-elg-events] Event sent    type.evetech.net/eve_launcher.electron.authentication.UserTokensRefreshed
2025-06-08 13:44:56.885    app    error:    [login-window] Could not load the login page: 'https://login.eveonline.com/account/logoff?lang=en&ReturnUrl=%2Fv2%2Foauth%2Fauthorize%3Fresponse_type%3Dcode%26client_id%3DeveLauncherTQ%26scope%3DeveClientLogin%2Bcisservice.customerRead.v1%2Bcisservice.customerWrite.v1%2Bcisservice.userProfileBasic.v1%2Bvgs.transactionRead.v1%2Bvgs.marketAccess.v1%26redirect_uri%3Dhttps%253A%252F%252Flogin.eveonline.com%252Flauncher%253Fclient_id%253DeveLauncherTQ%26state%3DWE3mFPL8oRG9y_WJQ-B5POTm32NXSb6ulPXqXhbBH-M%26code_challenge_method%3DS256%26code_challenge%3DhSJpebDcvSdaeCwgQ6P4przlRZTN1ZdWnhvJEcS9ROc%26steam_ticket%3D14000000eadf985be6017f1f1bd7f11a01001001ad704568180000000100000002000000fb734715cf098057af91890004000000b200000032000000040000001bd7f11a0100100134210000cc82a42edd06000a000000000c3140688ce05b6801002f22020000000000cc00b2a9c485eaed298a68b68cb4fdcd5d920993bb259c655ee343fb2c256ebdbfb6a93aaeba88f9235f249fc229e3bf5c3230ddbce77bfe22d226bc3b40cbd3a28d293e1ee0514e2bd0bfafc959be51c554e56a9f896b0b75f085844f1c11872911ce3bd7785d3fd1a35b3c8a1988d8f79d3429392c34b5755b67223f9a430e' ERR_ABORTED (-3) loading 'eveonline://callback?client_id=eveLauncherTQ&code=t8H-SxbDh0aLxRbKasTZzA&state=WE3mFPL8oRG9y_WJQ-B5POTm32NXSb6ulPXqXhbBH-M'    Error: ERR_ABORTED (-3) loading 'eveonline://callback?client_id=eveLauncherTQ&code=t8H-SxbDh0aLxRbKasTZzA&state=WE3mFPL8oRG9y_WJQ-B5POTm32NXSb6ulPXqXhbBH-M'
    at rejectAndCleanup (node:electron/js2c/browser_init:2:79523)
    at WebContents.navigationListener (node:electron/js2c/browser_init:2:79803)
    at WebContents.emit (node:events:518:28)
    at e.emit (C:\Program Files (x86)\Steam\steamapps\common\Eve Online\app-1.10.1\resources\app.asar\.webpack\main\index.js:8:2737360) {
  errno: -3,
  code: 'ERR_ABORTED',
  url: 'eveonline://callback?client_id=eveLauncherTQ&code=t8H-SxbDh0aLxRbKasTZzA&state=WE3mFPL8oRG9y_WJQ-B5POTm32NXSb6ulPXqXhbBH-M'
}
2025-06-08 13:44:56.897    app     info:    [quasar-elg-events] Queueing event    eve_launcher.electron.authentication.LoginWindowClosed
2025-06-08 13:44:56.898    app     info:    [login-window] Login window with state 'WE3mFPL8oRG9y_WJQ-B5POTm32NXSb6ulPXqXhbBH-M' has been closed
2025-06-08 13:44:56.909    app     info:    [quasar-elg-events] Event sent    type.evetech.net/eve_launcher.electron.authentication.UserTokensRefreshed
2025-06-08 13:44:56.915    app     info:    [quasar-elg-events] Event sent    type.evetech.net/eve_launcher.electron.authentication.UserTokensRefreshed
2025-06-08 13:44:56.922    app     info:    [quasar-elg-events] Event sent    type.evetech.net/eve_launcher.electron.authentication.UserTokensRefreshed
2025-06-08 13:44:56.924    app     info:    [quasar-elg-events] Event sent    type.evetech.net/eve_launcher.electron.authentication.UserTokensRefreshed
2025-06-08 13:44:56.926    app     info:    [quasar-elg-events] Event sent    type.evetech.net/eve_launcher.electron.authentication.UserTokensReceived
2025-06-08 13:44:56.930    app     info:    [quasar-elg-events] Event sent    type.evetech.net/eve_launcher.electron.authentication.UserAuthenticated
2025-06-08 13:44:56.934    app     info:    [quasar-elg-events] Event sent    type.evetech.net/eve_launcher.electron.authentication.LoginWindowClosed
2025-06-08 13:44:56.943    app     info:    [authentication] Token for '29795975' on 'tranquility' has been successfully refreshed
2025-06-08 13:44:56.949    app     info:    [quasar-elg-events] Queueing event    eve_launcher.electron.authentication.UserTokensRefreshed
2025-06-08 13:44:56.959    app     info:    [quasar-elg-events] Event sent    type.evetech.net/eve_launcher.electron.authentication.UserTokensRefreshed
2025-06-08 13:44:56.960    app     info:    [authentication] Token for '29280260' on 'tranquility' has been successfully refreshed
2025-06-08 13:44:56.967    app     info:    [quasar-elg-events] Queueing event    eve_launcher.electron.authentication.UserTokensRefreshed
2025-06-08 13:44:56.977    app     info:    [quasar-elg-events] Event sent    type.evetech.net/eve_launcher.electron.authentication.UserTokensRefreshed
2025-06-08 13:44:57.013    app     info:    [authentication] Token for '23622903' on 'tranquility' has been successfully refreshed
2025-06-08 13:44:57.019    app     info:    [quasar-elg-events] Queueing event    eve_launcher.electron.authentication.UserTokensRefreshed
2025-06-08 13:44:57.028    app     info:    [quasar-elg-events] Event sent    type.evetech.net/eve_launcher.electron.authentication.UserTokensRefreshed
2025-06-08 13:44:57.045    app     info:    [authentication] Token for '31367691' on 'tranquility' has been successfully refreshed
2025-06-08 13:44:57.051    app     info:    [quasar-elg-events] Queueing event    eve_launcher.electron.authentication.UserTokensRefreshed
2025-06-08 13:44:57.059    app     info:    [quasar-elg-events] Event sent    type.evetech.net/eve_launcher.electron.authentication.UserTokensRefreshed
2025-06-08 13:44:57.060    app     info:    [AuthenticationMiddleware] Successfully restored 8 / 8 users
2025-06-08 13:44:57.093    app     info:    [esi] Fetching character details for 2123502320
2025-06-08 13:44:57.239    app     info:    [virtual-goods] Fetched Plex status for '31367691' on 'tranquility' (eve-online) with balance: 0
2025-06-08 13:44:57.833    app     info:    [esi] Fetched 1 character details for 31367691
2025-06-08 13:44:59.294     ui     info:    Initializing captcha    ccp://launcher/renderer/main_window/index.js    2
2025-06-08 13:44:59.315    app     info:    [authentication] Generated login URL with state 'TY3uaQ9SrdDvsIeWIaYJtZGOnbVebKcfICM6x431Cig' for 'tranquility' using clientID 'eveLauncherTQ'
2025-06-08 13:44:59.334    app     info:    [login-window] Creating login window using URI 'https://login.eveonline.com/account/logoff?lang=en&ReturnUrl=%2Fv2%2Foauth%2Fauthorize%3Fresponse_type%3Dcode%26client_id%3DeveLauncherTQ%26scope%3DeveClientLogin%2Bcisservice.customerRead.v1%2Bcisservice.customerWrite.v1%2Bcisservice.userProfileBasic.v1%2Bvgs.transactionRead.v1%2Bvgs.marketAccess.v1%26redirect_uri%3Dhttps%253A%252F%252Flogin.eveonline.com%252Flauncher%253Fclient_id%253DeveLauncherTQ%26state%3DTY3uaQ9SrdDvsIeWIaYJtZGOnbVebKcfICM6x431Cig%26code_challenge_method%3DS256%26code_challenge%3DZwZ2tz37QzAF6G2Li4wyniiIS-UpJKqNVD4gYmmBgvU'
2025-06-08 13:44:59.661    app     info:    [self-update] Checking for application updates.
2025-06-08 13:45:00.152    app     info:    [time-sync] Failed to sync time with 3 servers
2025-06-08 13:45:00.153    app     info:    [time-sync] Compared time with 4 servers. 1 successful, 3 failed.
2025-06-08 13:45:00.153    app     info:    [time-sync] Not showing any warnings because there were errors fetching the time.
2025-06-08 13:45:02.348    app     info:    [self-update] No application updates were found.
2025-06-08 13:45:17.920    app     info:    [scheduler] Stopped scheduler foreground
2025-06-08 13:45:17.921    app     info:    [ipc-requests] Handling requests in the background
2025-06-08 13:45:19.704    app     info:    [ipc-requests] No longer handling requests in the background
2025-06-08 13:45:25.748    app     warn:    The connection to LogLite was refused. A LogLite server may not be running, or be listening to connections.    []
2025-06-08 13:46:29.664    app     info:    [scheduler] Starting scheduler foreground
2025-06-08 13:46:30.027    app     info:    [customer-information] Agreement status has been fetched for user '31367691'
2025-06-08 13:46:35.097    app     info:    [login-window] Navigation to login completed, receiving code & state (TY3uaQ9SrdDvsIeWIaYJtZGOnbVebKcfICM6x431Cig)
2025-06-08 13:46:35.386    app     info:    [quasar-elg-events] Queueing event    eve_launcher.electron.authentication.UserTokensReceived
2025-06-08 13:46:35.458    app     info:    [quasar-elg-events] Event sent    type.evetech.net/eve_launcher.electron.authentication.UserTokensReceived
2025-06-08 13:46:35.467    app     info:    [server-manager] Starting refresh cycle for eve-online / Tranquility
2025-06-08 13:46:35.501    app     info:    [quasar-elg-events] Queueing event    eve_launcher.electron.authentication.UserAuthenticated
2025-06-08 13:46:35.533    app     info:    [customer-information] Getting character information for '2110311' on 'tranquility'
2025-06-08 13:46:35.533    app     info:    [customer-information] Getting Omega status for '2110311' on 'tranquility' (eve-online)
2025-06-08 13:46:35.533    app     info:    [virtual-goods] Getting Plex status for '2110311' on 'tranquility' (eve-online)
2025-06-08 13:46:35.570    app     info:    [quasar-elg-events] Event sent    type.evetech.net/eve_launcher.electron.authentication.UserAuthenticated
2025-06-08 13:46:35.582    app     info:    [quasar-elg-events] Queueing event    eve_launcher.electron.authentication.LoginWindowClosed
2025-06-08 13:46:35.582    app     info:    [login-window] Login window with state 'TY3uaQ9SrdDvsIeWIaYJtZGOnbVebKcfICM6x431Cig' has been closed
2025-06-08 13:46:35.589    app     info:    [quasar-elg-events] Event sent    type.evetech.net/eve_launcher.electron.authentication.LoginWindowClosed
2025-06-08 13:46:35.685    app     info:    [virtual-goods] Fetched Plex status for '2110311' on 'tranquility' (eve-online) with balance: 0
2025-06-08 13:46:35.764    app     info:    [server-manager] Previous Tranquility build: 2932557, current build: 2932557
2025-06-08 13:46:35.764    app     info:    [server-manager] Tranquility build is unchanged.
2025-06-08 13:46:35.785    app     info:    [server-manager] Ready to play!
2025-06-08 13:46:35.805    app     info:    [server-manager] Finished refresh cycle for Tranquility
2025-06-08 13:46:35.826    app     info:    [esi] Fetching character details for 578564394, 2115457291
2025-06-08 13:46:35.830    app     info:    [CharactersMiddleware] EVE Online character added, and is being set as active. 578564394
2025-06-08 13:46:35.883    app     info:    [customer-information] Agreement status has been fetched for user '2110311'
2025-06-08 13:46:35.884    app     info:    [AuthenticationMiddleware] User information updated
2025-06-08 13:46:35.886    app     info:    info: [LaunchDarkly] Closing stream connection    []
2025-06-08 13:46:35.887    app     info:    info: [LaunchDarkly] Opening stream connection to https://clientstream.launchdarkly.com/eval/64c3d12e27a4b11365012d39/eyJraW5kIjoibXVsdGkiLCJsYXVuY2hlciI6eyJrZXkiOiJlZjNjMWY1Ny03NWI2LTQzNzItODQzNy1kODQ5MTJjMjgyMWUiLCJpc0ZpcnN0UnVuIjpmYWxzZSwiZGF5c1NpbmNlRmlyc3RSdW4iOjg2LCJsYW5ndWFnZSI6InJ1IiwiYXBwbGljYXRpb24iOiJldmUtb25saW5lIiwidmVyc2lvbiI6IjEuMTAuMSIsInBsYXRmb3JtIjoid2luZG93cyIsImlzR2VGb3JjZU5vdyI6ZmFsc2UsIm9zVmVyc2lvbkRlcHJlY2F0ZWQiOmZhbHNlLCJ1c2VySWRzIjpbMzEzNjc2OTEsMjExMDMxMSwxNjQ5MjM3NywzMTM2NzY5MV0sInByb2R1Y3RzIjpbImV2ZS1vbmxpbmUiXSwib21lZ2FDb3VudCI6MCwiYWxwaGFDb3VudCI6OSwiYWNjb3VudENvdW50Ijo5LCJvbGRlc3RBY2NvdW50QWdlIjoyNjUxLCJ5b3VuZ2VzdEFjY291bnRBZ2UiOjc0fSwiam91cm5leSI6eyJrZXkiOiJiMTIyOGVhMC0zNjkwLTRkOTctYmNmZS1iZDAyNjQ4Y2Q1NmMiLCJhbm9ueW1vdXMiOnRydWV9fQ?withReasons=true    []
2025-06-08 13:46:35.896    app     info:    [shared-content] Shared content fetching has been enabled
2025-06-08 13:46:36.011    app     info:    [customer-information] Agreement status has been fetched for user '2110311'
2025-06-08 13:46:36.153    app     warn:    [play-area-content] Invalid product found in play area content    { product: 'eve-frontier' }
2025-06-08 13:46:36.154    app     warn:    [play-area-content] Invalid product found in play area content    { product: 'eve-frontier' }
2025-06-08 13:46:36.154    app     warn:    [play-area-content] Invalid product found in play area content    { product: 'eve-frontier' }
2025-06-08 13:46:36.154    app     warn:    [play-area-content] Invalid product found in play area content    { product: 'eve-frontier' }
2025-06-08 13:46:36.154    app     warn:    [play-area-content] Invalid product found in play area content    { product: 'eve-frontier' }
2025-06-08 13:46:36.154    app     warn:    [play-area-content] Invalid product found in play area content    { product: 'eve-frontier' }
2025-06-08 13:46:36.155    app     warn:    [play-area-content] Invalid product found in play area content    { product: 'eve-frontier' }
2025-06-08 13:46:36.155    app     warn:    [play-area-content] Invalid product found in play area content    { product: 'eve-frontier' }
2025-06-08 13:46:36.255    app     info:    [new-player-content] Resetting content as language not in response    { locale: 'tx' }
2025-06-08 13:46:36.603    app     info:    [esi] Fetched 2 character details for 2110311
2025-06-08 13:46:40.623    app     info:    info: [LaunchDarkly] Closing stream connection    []
2025-06-08 13:46:40.624    app     info:    info: [LaunchDarkly] Opening stream connection to https://clientstream.launchdarkly.com/eval/64c3d12e27a4b11365012d39/eyJraW5kIjoibXVsdGkiLCJsYXVuY2hlciI6eyJrZXkiOiJlZjNjMWY1Ny03NWI2LTQzNzItODQzNy1kODQ5MTJjMjgyMWUiLCJpc0ZpcnN0UnVuIjpmYWxzZSwiZGF5c1NpbmNlRmlyc3RSdW4iOjg2LCJsYW5ndWFnZSI6InJ1IiwiYXBwbGljYXRpb24iOiJldmUtb25saW5lIiwidmVyc2lvbiI6IjEuMTAuMSIsInBsYXRmb3JtIjoid2luZG93cyIsImlzR2VGb3JjZU5vdyI6ZmFsc2UsIm9zVmVyc2lvbkRlcHJlY2F0ZWQiOmZhbHNlLCJ1c2VySWRzIjpbMzEzNjc2OTEsMjExMDMxMSwzMTM2NzY5MV0sInByb2R1Y3RzIjpbImV2ZS1vbmxpbmUiXSwib21lZ2FDb3VudCI6MCwiYWxwaGFDb3VudCI6OSwiYWNjb3VudENvdW50Ijo5LCJvbGRlc3RBY2NvdW50QWdlIjo2NTQyLCJ5b3VuZ2VzdEFjY291bnRBZ2UiOjc0fSwiam91cm5leSI6eyJrZXkiOiJiMTIyOGVhMC0zNjkwLTRkOTctYmNmZS1iZDAyNjQ4Y2Q1NmMiLCJhbm9ueW1vdXMiOnRydWV9fQ?withReasons=true    []
2025-06-08 13:46:40.633    app     info:    [shared-content] Shared content fetching has been enabled
2025-06-08 13:46:40.674    app     warn:    [play-area-content] Invalid product found in play area content    { product: 'eve-frontier' }
2025-06-08 13:46:40.674    app     warn:    [play-area-content] Invalid product found in play area content    { product: 'eve-frontier' }
2025-06-08 13:46:40.675    app     warn:    [play-area-content] Invalid product found in play area content    { product: 'eve-frontier' }
2025-06-08 13:46:40.675    app     warn:    [play-area-content] Invalid product found in play area content    { product: 'eve-frontier' }
2025-06-08 13:46:40.675    app     warn:    [play-area-content] Invalid product found in play area content    { product: 'eve-frontier' }
2025-06-08 13:46:40.676    app     warn:    [play-area-content] Invalid product found in play area content    { product: 'eve-frontier' }
2025-06-08 13:46:40.676    app     warn:    [play-area-content] Invalid product found in play area content    { product: 'eve-frontier' }
2025-06-08 13:46:40.676    app     warn:    [play-area-content] Invalid product found in play area content    { product: 'eve-frontier' }
2025-06-08 13:46:40.722    app     info:    [new-player-content] Resetting content as language not in response    { locale: 'tx' }
2025-06-08 13:47:25.725    app     info:    [scheduler] Stopped scheduler foreground
2025-06-08 13:47:25.727    app     info:    [ipc-requests] Handling requests in the background
2025-06-08 13:47:26.064    app     info:    [scheduler] Starting scheduler foreground
2025-06-08 13:47:26.727    app     info:    [ipc-requests] No longer handling requests in the background
2025-06-08 13:47:34.675    app     info:    [scheduler] Stopped scheduler foreground
2025-06-08 13:47:34.676    app     info:    [ipc-requests] Handling requests in the background
2025-06-08 13:47:35.677    app     info:    [ipc-requests] No longer handling requests in the background
2025-06-08 13:47:36.201    app     info:    [scheduler] Starting scheduler foreground
2025-06-08 13:48:15.411    app     info:    [client-queue] Queued client startup    {
  product: 'eve-online',
  tenant: 'tranquility',
  userId: 2110311,
  characterId: 1,
  profile: 'Default'
}
2025-06-08 13:48:15.417    app     info:    [quasar-elg-events] Queueing event    eve_launcher.electron.eve_client.ClientQueued
2025-06-08 13:48:15.419    app     info:    [client-queue] No clients running for 'tranquility' (eve-online), copying files before starting a client
2025-06-08 13:48:15.420    app     info:    [quasar-elg-events] Event sent    type.evetech.net/eve_launcher.electron.eve_client.ClientQueued
2025-06-08 13:48:15.430    app     info:    [quasar-elg-events] Queueing event    eve_launcher.electron.eve_client.CopyingFilesStarted
2025-06-08 13:48:15.430    app     info:    [binary-copier] Copying 226 files (378 MB) to 'C:\Games\EVE\tq'
2025-06-08 13:48:15.432    app     info:    [quasar-elg-events] Event sent    type.evetech.net/eve_launcher.electron.eve_client.CopyingFilesStarted
2025-06-08 13:48:15.485    app     info:    [binary-copier] Removing old binaries
2025-06-08 13:48:15.524    app     info:    [binary-copier] Copying binaries from ResFiles
2025-06-08 13:48:16.790    app     info:    [binary-copier] Finished copying 226 files to 'C:\Games\EVE\tq' in 1.365 seconds
2025-06-08 13:48:16.795    app     info:    [quasar-elg-events] Queueing event    eve_launcher.electron.eve_client.CopyingFilesFinished
2025-06-08 13:48:16.796    app     info:    [quasar-elg-events] Event sent    type.evetech.net/eve_launcher.electron.eve_client.CopyingFilesFinished
2025-06-08 13:48:16.815    app     info:    [client-manager] Starting EVE Online game client.    C:\Games\EVE\tq\bin64\exefile.exe    [
  '/noconsole',
  '/server:tranquility.servers.eveonline.com',
  '/ssoToken=***',
  '/refreshToken=***',
  '/settingsprofile=Default',
  '/language=ru',
  '/triplatform=dx11',
  '/steamUser',
  '/deviceID=***',
  '/machineHash=***',
  '/journeyID=***',
  'exp=1749390995',
  'tokenExpires=2025-06-08 16:56:35.000'
]    2110311
2025-06-08 13:48:16.824    app     info:    [quasar-elg-events] Queueing event    eve_launcher.electron.eve_client.GameClientStartRequested
2025-06-08 13:48:16.827    app     info:    [quasar-elg-events] Event sent    type.evetech.net/eve_launcher.electron.eve_client.GameClientStartRequested
2025-06-08 13:48:16.873    app     info:    [quasar-elg-events] Queueing event    eve_launcher.electron.eve_client.GameClientStarted
2025-06-08 13:48:16.881    app     info:    [quasar-elg-events] Event sent    type.evetech.net/eve_launcher.electron.eve_client.GameClientStarted
2025-06-08 13:48:16.882    app     info:    [client-queue] Started client from group startup    {
  product: 'eve-online',
  tenant: 'tranquility',
  characterId: 1,
  profile: 'Default',
  userId: 2110311
}
2025-06-08 13:48:18.902    app     info:    [client-queue] Queue has stopped running, no more clients pending startup.
2025-06-08 13:48:45.301    app     info:    [scheduler] Stopped scheduler foreground
2025-06-08 13:48:45.303    app     info:    [ipc-requests] Handling requests in the background
2025-06-08 13:48:46.303    app     info:    [ipc-requests] No longer handling requests in the background
2025-06-08 13:48:46.720    app     info:    [scheduler] Starting scheduler foreground
2025-06-08 13:49:24.885    app     info:    [scheduler] Stopped scheduler foreground
2025-06-08 13:49:24.890    app     info:    [ipc-requests] Handling requests in the background
2025-06-08 13:49:25.893    app     info:    [ipc-requests] No longer handling requests in the background
2025-06-08 13:49:36.440    app     info:    [scheduler] Starting scheduler foreground
2025-06-08 13:49:38.847    app     info:    [scheduler] Stopped scheduler foreground
2025-06-08 13:49:38.847    app     info:    [ipc-requests] Handling requests in the background
2025-06-08 13:49:39.848    app     info:    [ipc-requests] No longer handling requests in the background
2025-06-08 13:51:35.818    app     info:    [server-manager] Starting refresh cycle for eve-online / Tranquility
2025-06-08 13:51:36.002    app     info:    [server-manager] Previous Tranquility build: 2932557, current build: 2932557
2025-06-08 13:51:36.003    app     info:    [server-manager] Tranquility build is unchanged.
2025-06-08 13:51:36.020    app     info:    [server-manager] Ready to play!
2025-06-08 13:51:36.039    app     info:    [server-manager] Finished refresh cycle for Tranquility
2025-06-08 13:53:11.902    app     info:    [scheduler] Starting scheduler foreground
2025-06-08 13:53:12.832    app     info:    [scheduler] Stopped scheduler foreground
2025-06-08 13:53:12.833    app     info:    [ipc-requests] Handling requests in the background
2025-06-08 13:53:13.835    app     info:    [ipc-requests] No longer handling requests in the background
2025-06-08 13:53:16.948    app     info:    [self-update] Checking for application updates.
2025-06-08 13:53:18.193    app     info:    [self-update] No application updates were found.
2025-06-08 13:54:02.959    app     info:    [scheduler] Starting scheduler foreground
2025-06-08 13:54:03.752    app     info:    [scheduler] Stopped scheduler foreground
2025-06-08 13:54:03.753    app     info:    [ipc-requests] Handling requests in the background
2025-06-08 13:54:04.753    app     info:    [ipc-requests] No longer handling requests in the background
2025-06-08 13:54:20.889    app     info:    [scheduler] Starting scheduler foreground
2025-06-08 13:54:21.064    app     info:    [scheduler] Stopped scheduler foreground
2025-06-08 13:54:21.065    app     info:    [ipc-requests] Handling requests in the background
2025-06-08 13:54:22.068    app     info:    [ipc-requests] No longer handling requests in the background
2025-06-08 13:54:43.152    app     info:    [scheduler] Starting scheduler foreground
2025-06-08 13:54:43.743    app     info:    [scheduler] Stopped scheduler foreground
2025-06-08 13:54:43.744    app     info:    [ipc-requests] Handling requests in the background
2025-06-08 13:54:44.745    app     info:    [ipc-requests] No longer handling requests in the background
2025-06-08 13:55:25.477    app     info:    [scheduler] Starting scheduler foreground
2025-06-08 13:55:25.502    app     info:    [newsfeed] Fetching news for eve-online in ru
2025-06-08 13:55:25.518    app     info:    [authentication] Token for '2110311' on 'tranquility' is expired, refresh is required
2025-06-08 13:55:25.518    app     info:    [authentication] Refreshing token for '2110311' on 'tranquility'
2025-06-08 13:55:25.662    app     info:    [newsfeed] Fetched 20 news items for eve-online in ru
2025-06-08 13:55:25.697    app     warn:    [play-area-content] Invalid product found in play area content    { product: 'eve-frontier' }
2025-06-08 13:55:25.698    app     warn:    [play-area-content] Invalid product found in play area content    { product: 'eve-frontier' }
2025-06-08 13:55:25.698    app     warn:    [play-area-content] Invalid product found in play area content    { product: 'eve-frontier' }
2025-06-08 13:55:25.698    app     warn:    [play-area-content] Invalid product found in play area content    { product: 'eve-frontier' }
2025-06-08 13:55:25.699    app     warn:    [play-area-content] Invalid product found in play area content    { product: 'eve-frontier' }
2025-06-08 13:55:25.699    app     warn:    [play-area-content] Invalid product found in play area content    { product: 'eve-frontier' }
2025-06-08 13:55:25.699    app     warn:    [play-area-content] Invalid product found in play area content    { product: 'eve-frontier' }
2025-06-08 13:55:25.699    app     warn:    [play-area-content] Invalid product found in play area content    { product: 'eve-frontier' }
2025-06-08 13:55:25.878    app     info:    [authentication] Token for '2110311' on 'tranquility' has been successfully refreshed
2025-06-08 13:55:25.883    app     info:    [quasar-elg-events] Queueing event    eve_launcher.electron.authentication.UserTokensRefreshed
2025-06-08 13:55:25.897    app     info:    [quasar-elg-events] Event sent    type.evetech.net/eve_launcher.electron.authentication.UserTokensRefreshed
2025-06-08 13:55:26.068    app     info:    [scheduler] Stopped scheduler foreground
2025-06-08 13:55:26.069    app     info:    [ipc-requests] Handling requests in the background
2025-06-08 13:55:27.071    app     info:    [ipc-requests] No longer handling requests in the background
2025-06-08 13:55:40.475    app     info:    [scheduler] Starting scheduler foreground
2025-06-08 13:55:40.699    app     info:    [scheduler] Stopped scheduler foreground
2025-06-08 13:55:40.700    app     info:    [ipc-requests] Handling requests in the background
2025-06-08 13:55:41.906    app     info:    [ipc-requests] No longer handling requests in the background
2025-06-08 13:56:19.893    app     info:    [scheduler] Starting scheduler foreground
2025-06-08 13:56:20.659    app     info:    [scheduler] Stopped scheduler foreground
2025-06-08 13:56:20.660    app     info:    [ipc-requests] Handling requests in the background
2025-06-08 13:56:21.661    app     info:    [ipc-requests] No longer handling requests in the background
2025-06-08 13:56:23.818    app     info:    [scheduler] Starting scheduler foreground
2025-06-08 13:56:23.964    app     info:    [scheduler] Stopped scheduler foreground
2025-06-08 13:56:23.967    app     info:    [ipc-requests] Handling requests in the background
2025-06-08 13:56:24.968    app     info:    [ipc-requests] No longer handling requests in the background
2025-06-08 13:56:36.068    app     info:    [server-manager] Starting refresh cycle for eve-online / Tranquility
2025-06-08 13:56:36.386    app     info:    [server-manager] Previous Tranquility build: 2932557, current build: 2932557
2025-06-08 13:56:36.387    app     info:    [server-manager] Tranquility build is unchanged.
2025-06-08 13:56:36.427    app     info:    [server-manager] Ready to play!
2025-06-08 13:56:36.474    app     info:    [server-manager] Finished refresh cycle for Tranquility
2025-06-08 13:56:50.380    app     info:    [scheduler] Starting scheduler foreground
2025-06-08 13:56:51.095    app     info:    [scheduler] Stopped scheduler foreground
2025-06-08 13:56:51.098    app     info:    [ipc-requests] Handling requests in the background
2025-06-08 13:56:52.100    app     info:    [ipc-requests] No longer handling requests in the background
2025-06-08 13:57:14.922    app     info:    [scheduler] Starting scheduler foreground
2025-06-08 13:57:15.065    app     info:    [scheduler] Stopped scheduler foreground
2025-06-08 13:57:15.066    app     info:    [ipc-requests] Handling requests in the background
2025-06-08 13:57:16.067    app     info:    [ipc-requests] No longer handling requests in the background
2025-06-08 13:57:28.899    app     info:    [scheduler] Starting scheduler foreground
2025-06-08 13:57:29.108    app     info:    [scheduler] Stopped scheduler foreground
2025-06-08 13:57:29.109    app     info:    [ipc-requests] Handling requests in the background
2025-06-08 13:57:30.450    app     info:    [ipc-requests] No longer handling requests in the background
2025-06-08 13:58:34.542    app     info:    [scheduler] Starting scheduler foreground
2025-06-08 13:58:37.596    app     info:    [scheduler] Stopped scheduler foreground
2025-06-08 13:58:37.597    app     info:    [ipc-requests] Handling requests in the background
2025-06-08 13:58:38.598    app     info:    [ipc-requests] No longer handling requests in the background
2025-06-08 13:58:39.573    app     info:    [self-update] Checking for application updates.
2025-06-08 13:58:40.318    app     info:    [self-update] No application updates were found.
2025-06-08 13:59:06.310    app     info:    [scheduler] Starting scheduler foreground
2025-06-08 13:59:06.453    app     info:    [scheduler] Stopped scheduler foreground
2025-06-08 13:59:06.582    app     info:    [ipc-requests] Handling requests in the background
2025-06-08 13:59:07.542    app     info:    [scheduler] Starting scheduler foreground
2025-06-08 13:59:07.600    app     info:    [ipc-requests] No longer handling requests in the background
2025-06-08 13:59:07.805    app     info:    [scheduler] Stopped scheduler foreground
2025-06-08 13:59:07.806    app     info:    [ipc-requests] Handling requests in the background
2025-06-08 13:59:08.943    app     info:    [ipc-requests] No longer handling requests in the background
2025-06-08 13:59:09.166    app     info:    [scheduler] Starting scheduler foreground
2025-06-08 13:59:09.461    app     info:    [scheduler] Stopped scheduler foreground
2025-06-08 13:59:09.462    app     info:    [ipc-requests] Handling requests in the background
2025-06-08 13:59:10.108    app     info:    [scheduler] Starting scheduler foreground
2025-06-08 13:59:10.462    app     info:    [ipc-requests] No longer handling requests in the background
2025-06-08 13:59:11.742    app     info:    [scheduler] Stopped scheduler foreground
2025-06-08 13:59:11.743    app     info:    [ipc-requests] Handling requests in the background
2025-06-08 13:59:12.744    app     info:    [ipc-requests] No longer handling requests in the background
2025-06-08 13:59:20.011    app     info:    [scheduler] Starting scheduler foreground
2025-06-08 13:59:22.322    app     info:    [scheduler] Stopped scheduler foreground
2025-06-08 13:59:22.323    app     info:    [ipc-requests] Handling requests in the background
2025-06-08 13:59:23.324    app     info:    [ipc-requests] No longer handling requests in the background
2025-06-08 13:59:31.732    app     info:    [scheduler] Starting scheduler foreground
2025-06-08 13:59:32.613    app     info:    [scheduler] Stopped scheduler foreground
2025-06-08 13:59:32.614    app     info:    [ipc-requests] Handling requests in the background
2025-06-08 13:59:33.615    app     info:    [ipc-requests] No longer handling requests in the background
2025-06-08 13:59:43.453    app     info:    [scheduler] Starting scheduler foreground
2025-06-08 13:59:45.460    app     info:    [scheduler] Stopped scheduler foreground
2025-06-08 13:59:45.461    app     info:    [ipc-requests] Handling requests in the background
2025-06-08 13:59:46.462    app     info:    [ipc-requests] No longer handling requests in the background
2025-06-08 14:00:14.941    app     info:    [scheduler] Starting scheduler foreground
2025-06-08 14:00:19.023    app     info:    [scheduler] Stopped scheduler foreground
2025-06-08 14:00:19.024    app     info:    [ipc-requests] Handling requests in the background
2025-06-08 14:00:20.025    app     info:    [ipc-requests] No longer handling requests in the background
2025-06-08 14:01:13.204    app     info:    [scheduler] Starting scheduler foreground
2025-06-08 14:01:13.679    app     info:    [scheduler] Stopped scheduler foreground
2025-06-08 14:01:13.681    app     info:    [ipc-requests] Handling requests in the background
2025-06-08 14:01:14.683    app     info:    [ipc-requests] No longer handling requests in the background
2025-06-08 14:01:36.489    app     info:    [server-manager] Starting refresh cycle for eve-online / Tranquility
2025-06-08 14:01:36.807    app     info:    [server-manager] Previous Tranquility build: 2932557, current build: 2932557
2025-06-08 14:01:36.808    app     info:    [server-manager] Tranquility build is unchanged.
2025-06-08 14:01:36.834    app     info:    [server-manager] Ready to play!
2025-06-08 14:01:36.868    app     info:    [server-manager] Finished refresh cycle for Tranquility
2025-06-08 14:01:45.595    app     info:    [scheduler] Starting scheduler foreground
2025-06-08 14:01:46.786    app     info:    [scheduler] Stopped scheduler foreground
2025-06-08 14:01:46.787    app     info:    [ipc-requests] Handling requests in the background
2025-06-08 14:01:47.787    app     info:    [ipc-requests] No longer handling requests in the background
2025-06-08 14:01:52.429    app     info:    [scheduler] Starting scheduler foreground
2025-06-08 14:01:52.580    app     info:    [scheduler] Stopped scheduler foreground
2025-06-08 14:01:52.581    app     info:    [ipc-requests] Handling requests in the background
2025-06-08 14:01:53.582    app     info:    [ipc-requests] No longer handling requests in the background
2025-06-08 14:02:08.018    app     info:    [scheduler] Starting scheduler foreground
2025-06-08 14:02:08.222    app     info:    [scheduler] Stopped scheduler foreground
2025-06-08 14:02:08.223    app     info:    [ipc-requests] Handling requests in the background
2025-06-08 14:02:09.227    app     info:    [ipc-requests] No longer handling requests in the background
2025-06-08 14:02:18.474    app     info:    [scheduler] Starting scheduler foreground
2025-06-08 14:02:18.623    app     info:    [scheduler] Stopped scheduler foreground
2025-06-08 14:02:18.627    app     info:    [ipc-requests] Handling requests in the background
2025-06-08 14:02:19.627    app     info:    [ipc-requests] No longer handling requests in the background
2025-06-08 14:02:23.207    app     info:    [scheduler] Starting scheduler foreground
2025-06-08 14:02:23.368    app     info:    [scheduler] Stopped scheduler foreground
2025-06-08 14:02:23.369    app     info:    [ipc-requests] Handling requests in the background
2025-06-08 14:02:24.411    app     info:    [ipc-requests] No longer handling requests in the background
2025-06-08 14:02:37.483    app     info:    [scheduler] Starting scheduler foreground
2025-06-08 14:02:37.625    app     info:    [scheduler] Stopped scheduler foreground
2025-06-08 14:02:37.626    app     info:    [ipc-requests] Handling requests in the background
2025-06-08 14:02:38.626    app     info:    [ipc-requests] No longer handling requests in the background
2025-06-08 14:02:47.831    app     info:    [scheduler] Starting scheduler foreground
2025-06-08 14:02:47.968    app     info:    [scheduler] Stopped scheduler foreground
2025-06-08 14:02:47.969    app     info:    [ipc-requests] Handling requests in the background
2025-06-08 14:02:48.971    app     info:    [ipc-requests] No longer handling requests in the background
2025-06-08 14:04:42.405    app     info:    [scheduler] Starting scheduler foreground
2025-06-08 14:04:42.437    app     info:    [authentication] Token for '2110311' on 'tranquility' is expired, refresh is required
2025-06-08 14:04:42.437    app     info:    [authentication] Refreshing token for '2110311' on 'tranquility'
2025-06-08 14:04:42.722    app     info:    [authentication] Token for '2110311' on 'tranquility' has been successfully refreshed
2025-06-08 14:04:42.727    app     info:    [quasar-elg-events] Queueing event    eve_launcher.electron.authentication.UserTokensRefreshed
2025-06-08 14:04:42.742    app     info:    [quasar-elg-events] Event sent    type.evetech.net/eve_launcher.electron.authentication.UserTokensRefreshed
2025-06-08 14:04:43.397    app     info:    [scheduler] Stopped scheduler foreground
2025-06-08 14:04:43.403    app     info:    [ipc-requests] Handling requests in the background
2025-06-08 14:04:44.403    app     info:    [ipc-requests] No longer handling requests in the background
2025-06-08 14:04:47.467    app     info:    [self-update] Checking for application updates.
2025-06-08 14:04:49.420    app     info:    [self-update] No application updates were found.
2025-06-08 14:06:36.887    app     info:    [server-manager] Starting refresh cycle for eve-online / Tranquility
2025-06-08 14:06:37.180    app     info:    [server-manager] Previous Tranquility build: 2932557, current build: 2932557
2025-06-08 14:06:37.181    app     info:    [server-manager] Tranquility build is unchanged.
2025-06-08 14:06:37.216    app     info:    [server-manager] Ready to play!
2025-06-08 14:06:37.244    app     info:    [server-manager] Finished refresh cycle for Tranquility
2025-06-08 14:08:18.994    app     info:    [client-manager] 'tranquility' for EVE game client for '2110311' exited with no errors.
2025-06-08 14:08:19.002    app     info:    [quasar-elg-events] Queueing event    eve_launcher.electron.eve_client.GameClientExited
2025-06-08 14:08:19.022    app     info:    [quasar-elg-events] Event sent    type.evetech.net/eve_launcher.electron.eve_client.GameClientExited
2025-06-08 14:08:19.029    app     info:    [server-manager] Starting refresh cycle for eve-online / Tranquility
2025-06-08 14:08:19.285    app     info:    [server-manager] Previous Tranquility build: 2932557, current build: 2932557
2025-06-08 14:08:19.285    app     info:    [server-manager] Tranquility build is unchanged.
2025-06-08 14:08:19.303    app     info:    [server-manager] Ready to play!
2025-06-08 14:08:19.321    app     info:    [server-manager] Finished refresh cycle for Tranquility
2025-06-08 14:09:08.929    app     info:    [scheduler] Starting scheduler foreground
2025-06-08 14:09:08.953    app     info:    [newsfeed] Fetching news for eve-online in ru
2025-06-08 14:09:09.129    app     warn:    [play-area-content] Invalid product found in play area content    { product: 'eve-frontier' }
2025-06-08 14:09:09.129    app     warn:    [play-area-content] Invalid product found in play area content    { product: 'eve-frontier' }
2025-06-08 14:09:09.130    app     warn:    [play-area-content] Invalid product found in play area content    { product: 'eve-frontier' }
2025-06-08 14:09:09.130    app     warn:    [play-area-content] Invalid product found in play area content    { product: 'eve-frontier' }
2025-06-08 14:09:09.130    app     warn:    [play-area-content] Invalid product found in play area content    { product: 'eve-frontier' }
2025-06-08 14:09:09.130    app     warn:    [play-area-content] Invalid product found in play area content    { product: 'eve-frontier' }
2025-06-08 14:09:09.131    app     warn:    [play-area-content] Invalid product found in play area content    { product: 'eve-frontier' }
2025-06-08 14:09:09.131    app     warn:    [play-area-content] Invalid product found in play area content    { product: 'eve-frontier' }
2025-06-08 14:09:09.263    app     info:    [newsfeed] Fetched 20 news items for eve-online in ru
2025-06-08 14:09:09.877    app     info:    [scheduler] Stopped scheduler foreground
2025-06-08 14:09:09.878    app     info:    [ipc-requests] Handling requests in the background
2025-06-08 14:09:10.879    app     info:    [ipc-requests] No longer handling requests in the background
2025-06-08 14:09:15.975    app     info:    [scheduler] Starting scheduler foreground
2025-06-08 14:09:16.386    app     info:    [scheduler] Stopped scheduler foreground
2025-06-08 14:09:16.387    app     info:    [ipc-requests] Handling requests in the background
2025-06-08 14:09:17.387    app     info:    [ipc-requests] No longer handling requests in the background
2025-06-08 14:09:20.851    app     info:    [scheduler] Starting scheduler foreground
2025-06-08 14:09:27.748    app     info:    [authentication] Token for '29795975' on 'tranquility' is expired, refresh is required
2025-06-08 14:09:27.749    app     info:    [authentication] Refreshing token for '29795975' on 'tranquility'
2025-06-08 14:09:27.749    app     info:    [authentication] Token for '29795975' on 'tranquility' is expired, refresh is required
2025-06-08 14:09:27.749    app     info:    [authentication] Refreshing token for '29795975' on 'tranquility'
2025-06-08 14:09:27.759    app     info:    [authentication] Token for '29795975' on 'tranquility' is expired, refresh is required
2025-06-08 14:09:27.759    app     info:    [authentication] Refreshing token for '29795975' on 'tranquility'
2025-06-08 14:09:27.995    app     info:    [authentication] Token for '29795975' on 'tranquility' has been successfully refreshed
2025-06-08 14:09:27.999    app     info:    [quasar-elg-events] Queueing event    eve_launcher.electron.authentication.UserTokensRefreshed
2025-06-08 14:09:28.009    app     info:    [quasar-elg-events] Event sent    type.evetech.net/eve_launcher.electron.authentication.UserTokensRefreshed
2025-06-08 14:09:28.052    app     info:    [authentication] Token for '29795975' on 'tranquility' has been successfully refreshed
2025-06-08 14:09:28.058    app     info:    [quasar-elg-events] Queueing event    eve_launcher.electron.authentication.UserTokensRefreshed
2025-06-08 14:09:28.066    app     info:    [quasar-elg-events] Event sent    type.evetech.net/eve_launcher.electron.authentication.UserTokensRefreshed
2025-06-08 14:09:28.068    app     info:    [authentication] Token for '29795975' on 'tranquility' has been successfully refreshed
2025-06-08 14:09:28.074    app     info:    [quasar-elg-events] Queueing event    eve_launcher.electron.authentication.UserTokensRefreshed
2025-06-08 14:09:28.082    app     info:    [customer-information] Getting character information for '29795975' on 'tranquility'
2025-06-08 14:09:28.082    app     info:    [customer-information] Getting Omega status for '29795975' on 'tranquility' (eve-online)
2025-06-08 14:09:28.082    app     info:    [virtual-goods] Getting Plex status for '29795975' on 'tranquility' (eve-online)
2025-06-08 14:09:28.089    app     info:    [quasar-elg-events] Event sent    type.evetech.net/eve_launcher.electron.authentication.UserTokensRefreshed
2025-06-08 14:09:28.185    app     info:    [virtual-goods] Fetched Plex status for '29795975' on 'tranquility' (eve-online) with balance: 0
2025-06-08 14:09:28.326    app     info:    [esi] Fetching character details for 2122197514
2025-06-08 14:09:28.655    app     info:    [esi] Fetched 1 character details for 29795975
2025-06-08 14:09:30.526    app     info:    [customer-information] Agreement status has been fetched for user '29795975'
2025-06-08 14:09:47.443    app     info:    [self-update] Checking for application updates.
2025-06-08 14:09:48.166    app     info:    [self-update] No application updates were found.
2025-06-08 14:09:55.421    app     info:    [scheduler] Stopped scheduler foreground
2025-06-08 14:09:55.422    app     info:    [ipc-requests] Handling requests in the background
2025-06-08 14:09:56.709    app     info:    [ipc-requests] No longer handling requests in the background
2025-06-08 14:10:32.773    app     info:    [scheduler] Starting scheduler foreground
2025-06-08 14:10:34.278    app     info:    [scheduler] Stopped scheduler foreground
2025-06-08 14:10:34.279    app     info:    [ipc-requests] Handling requests in the background
2025-06-08 14:10:35.280    app     info:    [ipc-requests] No longer handling requests in the background
2025-06-08 14:10:52.331    app     info:    [scheduler] Starting scheduler foreground
2025-06-08 14:10:52.846    app     info:    [scheduler] Stopped scheduler foreground
2025-06-08 14:10:52.847    app     info:    [ipc-requests] Handling requests in the background
2025-06-08 14:10:53.848    app     info:    [ipc-requests] No longer handling requests in the background
2025-06-08 14:10:54.592    app     info:    [scheduler] Starting scheduler foreground
2025-06-08 14:10:55.394    app     info:    [scheduler] Stopped scheduler foreground
2025-06-08 14:10:55.395    app     info:    [ipc-requests] Handling requests in the background
2025-06-08 14:10:56.396    app     info:    [ipc-requests] No longer handling requests in the background
2025-06-08 14:11:04.737    app     info:    [scheduler] Starting scheduler foreground
2025-06-08 14:11:05.037    app     info:    [scheduler] Stopped scheduler foreground
2025-06-08 14:11:05.038    app     info:    [ipc-requests] Handling requests in the background
2025-06-08 14:11:06.037    app     info:    [ipc-requests] No longer handling requests in the background
2025-06-08 14:11:06.330    app     info:    [scheduler] Starting scheduler foreground
2025-06-08 14:11:09.833    app     info:    [scheduler] Stopped scheduler foreground
2025-06-08 14:11:09.834    app     info:    [ipc-requests] Handling requests in the background
2025-06-08 14:11:10.833    app     info:    [ipc-requests] No longer handling requests in the background
2025-06-08 14:12:34.659    app     info:    [scheduler] Starting scheduler foreground
2025-06-08 14:12:37.640    app     info:    [scheduler] Stopped scheduler foreground
2025-06-08 14:12:37.641    app     info:    [ipc-requests] Handling requests in the background
2025-06-08 14:12:38.642    app     info:    [ipc-requests] No longer handling requests in the background
2025-06-08 14:13:19.329    app     info:    [server-manager] Starting refresh cycle for eve-online / Tranquility
2025-06-08 14:13:19.659    app     info:    [server-manager] Previous Tranquility build: 2932557, current build: 2932557
2025-06-08 14:13:19.660    app     info:    [server-manager] Tranquility build is unchanged.
2025-06-08 14:13:19.677    app     info:    [server-manager] Ready to play!
2025-06-08 14:13:19.693    app     info:    [server-manager] Finished refresh cycle for Tranquility
2025-06-08 14:13:46.955    app     info:    [scheduler] Starting scheduler foreground
2025-06-08 14:13:49.787    app     info:    [authentication] Token for '26239201' on 'tranquility' is expired, refresh is required
2025-06-08 14:13:49.787    app     info:    [authentication] Refreshing token for '26239201' on 'tranquility'
2025-06-08 14:13:49.788    app     info:    [authentication] Token for '26239201' on 'tranquility' is expired, refresh is required
2025-06-08 14:13:49.788    app     info:    [authentication] Refreshing token for '26239201' on 'tranquility'
2025-06-08 14:13:49.796    app     info:    [authentication] Token for '26239201' on 'tranquility' is expired, refresh is required
2025-06-08 14:13:49.796    app     info:    [authentication] Refreshing token for '26239201' on 'tranquility'
2025-06-08 14:13:50.017    app     info:    [authentication] Token for '26239201' on 'tranquility' has been successfully refreshed
2025-06-08 14:13:50.024    app     info:    [quasar-elg-events] Queueing event    eve_launcher.electron.authentication.UserTokensRefreshed
2025-06-08 14:13:50.035    app     info:    [quasar-elg-events] Event sent    type.evetech.net/eve_launcher.electron.authentication.UserTokensRefreshed
2025-06-08 14:13:50.048    app     info:    [authentication] Token for '26239201' on 'tranquility' has been successfully refreshed
2025-06-08 14:13:50.055    app     info:    [quasar-elg-events] Queueing event    eve_launcher.electron.authentication.UserTokensRefreshed
2025-06-08 14:13:50.066    app     info:    [quasar-elg-events] Event sent    type.evetech.net/eve_launcher.electron.authentication.UserTokensRefreshed
2025-06-08 14:13:50.067    app     info:    [customer-information] Getting character information for '26239201' on 'tranquility'
2025-06-08 14:13:50.067    app     info:    [customer-information] Getting Omega status for '26239201' on 'tranquility' (eve-online)
2025-06-08 14:13:50.067    app     info:    [virtual-goods] Getting Plex status for '26239201' on 'tranquility' (eve-online)
2025-06-08 14:13:50.073    app     info:    [authentication] Token for '26239201' on 'tranquility' has been successfully refreshed
2025-06-08 14:13:50.080    app     info:    [quasar-elg-events] Queueing event    eve_launcher.electron.authentication.UserTokensRefreshed
2025-06-08 14:13:50.093    app     info:    [quasar-elg-events] Event sent    type.evetech.net/eve_launcher.electron.authentication.UserTokensRefreshed
2025-06-08 14:13:50.190    app     info:    [virtual-goods] Fetched Plex status for '26239201' on 'tranquility' (eve-online) with balance: 0
2025-06-08 14:13:50.270    app     info:    [esi] Fetching character details for 2121178171
2025-06-08 14:13:50.599    app     info:    [esi] Fetched 1 character details for 26239201
2025-06-08 14:13:50.945    app     info:    [client-queue] Queued client startup    {
  product: 'eve-online',
  tenant: 'tranquility',
  userId: 26239201,
  characterId: 1,
  profile: 'Default'
}
2025-06-08 14:13:50.952    app     info:    [quasar-elg-events] Queueing event    eve_launcher.electron.eve_client.ClientQueued
2025-06-08 14:13:50.952    app     info:    [quasar-elg-events] Event sent    type.evetech.net/eve_launcher.electron.eve_client.ClientQueued
2025-06-08 14:13:50.953    app     info:    [client-queue] No clients running for 'tranquility' (eve-online), copying files before starting a client
2025-06-08 14:13:50.963    app     info:    [quasar-elg-events] Queueing event    eve_launcher.electron.eve_client.CopyingFilesStarted
2025-06-08 14:13:50.964    app     info:    [binary-copier] Copying 226 files (378 MB) to 'C:\Games\EVE\tq'
2025-06-08 14:13:50.964    app     info:    [quasar-elg-events] Event sent    type.evetech.net/eve_launcher.electron.eve_client.CopyingFilesStarted
2025-06-08 14:13:51.004    app     info:    [binary-copier] Removing old binaries
2025-06-08 14:13:51.076    app     info:    [binary-copier] Copying binaries from ResFiles
2025-06-08 14:13:52.070    app     info:    [binary-copier] Finished copying 226 files to 'C:\Games\EVE\tq' in 1.114 seconds
2025-06-08 14:13:52.074    app     info:    [quasar-elg-events] Queueing event    eve_launcher.electron.eve_client.CopyingFilesFinished
2025-06-08 14:13:52.074    app     info:    [quasar-elg-events] Event sent    type.evetech.net/eve_launcher.electron.eve_client.CopyingFilesFinished
2025-06-08 14:13:52.091    app     info:    [client-manager] Starting EVE Online game client.    C:\Games\EVE\tq\bin64\exefile.exe    [
  '/noconsole',
  '/server:tranquility.servers.eveonline.com',
  '/ssoToken=***',
  '/refreshToken=***',
  '/settingsprofile=Default',
  '/language=ru',
  '/triplatform=dx11',
  '/steamUser',
  '/deviceID=***',
  '/machineHash=***',
  '/journeyID=***',
  'exp=1749392630',
  'tokenExpires=2025-06-08 17:23:50.000'
]    26239201
2025-06-08 14:13:52.096    app     info:    [quasar-elg-events] Queueing event    eve_launcher.electron.eve_client.GameClientStartRequested
2025-06-08 14:13:52.099    app     info:    [quasar-elg-events] Event sent    type.evetech.net/eve_launcher.electron.eve_client.GameClientStartRequested
2025-06-08 14:13:52.139    app     info:    [quasar-elg-events] Queueing event    eve_launcher.electron.eve_client.GameClientStarted
2025-06-08 14:13:52.145    app     info:    [quasar-elg-events] Event sent    type.evetech.net/eve_launcher.electron.eve_client.GameClientStarted
2025-06-08 14:13:52.146    app     info:    [client-queue] Started client from group startup    {
  product: 'eve-online',
  tenant: 'tranquility',
  characterId: 1,
  profile: 'Default',
  userId: 26239201
}
2025-06-08 14:13:53.464    app     info:    [scheduler] Stopped scheduler foreground
2025-06-08 14:13:53.465    app     info:    [ipc-requests] Handling requests in the background
2025-06-08 14:13:54.165    app     info:    [client-queue] Queue has stopped running, no more clients pending startup.
2025-06-08 14:13:54.466    app     info:    [ipc-requests] No longer handling requests in the background
2025-06-08 14:14:23.498    app     info:    [scheduler] Starting scheduler foreground
2025-06-08 14:14:47.156    app     info:    [customer-information] Agreement status has been fetched for user '26239201'
2025-06-08 14:14:47.440    app     info:    [self-update] Checking for application updates.
2025-06-08 14:14:49.164    app     info:    [self-update] No application updates were found.
2025-06-08 14:16:51.368    app     info:    [scheduler] Stopped scheduler foreground
2025-06-08 14:16:51.370    app     info:    [ipc-requests] Handling requests in the background
2025-06-08 14:16:52.371    app     info:    [ipc-requests] No longer handling requests in the background
2025-06-08 14:18:19.704    app     info:    [server-manager] Starting refresh cycle for eve-online / Tranquility
2025-06-08 14:18:19.970    app     info:    [server-manager] Previous Tranquility build: 2932557, current build: 2932557
2025-06-08 14:18:19.970    app     info:    [server-manager] Tranquility build is unchanged.
2025-06-08 14:18:19.991    app     info:    [server-manager] Ready to play!
2025-06-08 14:18:20.012    app     info:    [server-manager] Finished refresh cycle for Tranquility
2025-06-08 14:19:01.299    app     info:    [scheduler] Starting scheduler foreground
2025-06-08 14:19:02.477    app     info:    [scheduler] Stopped scheduler foreground
2025-06-08 14:19:02.478    app     info:    [ipc-requests] Handling requests in the background
2025-06-08 14:19:03.478    app     info:    [ipc-requests] No longer handling requests in the background
2025-06-08 14:19:12.780    app     info:    [scheduler] Starting scheduler foreground
2025-06-08 14:19:12.789    app     info:    [newsfeed] Fetching news for eve-online in ru
2025-06-08 14:19:12.950    app     info:    [newsfeed] Fetched 20 news items for eve-online in ru
2025-06-08 14:19:12.996    app     warn:    [play-area-content] Invalid product found in play area content    { product: 'eve-frontier' }
2025-06-08 14:19:12.996    app     warn:    [play-area-content] Invalid product found in play area content    { product: 'eve-frontier' }
2025-06-08 14:19:12.996    app     warn:    [play-area-content] Invalid product found in play area content    { product: 'eve-frontier' }
2025-06-08 14:19:12.997    app     warn:    [play-area-content] Invalid product found in play area content    { product: 'eve-frontier' }
2025-06-08 14:19:12.997    app     warn:    [play-area-content] Invalid product found in play area content    { product: 'eve-frontier' }
2025-06-08 14:19:12.997    app     warn:    [play-area-content] Invalid product found in play area content    { product: 'eve-frontier' }
2025-06-08 14:19:12.997    app     warn:    [play-area-content] Invalid product found in play area content    { product: 'eve-frontier' }
2025-06-08 14:19:12.997    app     warn:    [play-area-content] Invalid product found in play area content    { product: 'eve-frontier' }
2025-06-08 14:19:13.847    app     info:    [scheduler] Stopped scheduler foreground
2025-06-08 14:19:13.848    app     info:    [ipc-requests] Handling requests in the background
2025-06-08 14:19:14.848    app     info:    [ipc-requests] No longer handling requests in the background
2025-06-08 14:19:57.050    app     info:    [scheduler] Starting scheduler foreground
2025-06-08 14:19:58.956    app     info:    [client-queue] Stopping client for 26239201 on tranquility
2025-06-08 14:19:59.756    app     info:    [client-manager] Launcher sent close command to a client for user: '26239201'
2025-06-08 14:19:59.764    app     info:    [quasar-elg-events] Queueing event    eve_launcher.electron.eve_client.GameClientStopRequested
2025-06-08 14:19:59.778    app     info:    [quasar-elg-events] Event sent    type.evetech.net/eve_launcher.electron.eve_client.GameClientStopRequested
2025-06-08 14:20:00.297    app     info:    [scheduler] Stopped scheduler foreground
2025-06-08 14:20:00.299    app     info:    [ipc-requests] Handling requests in the background
2025-06-08 14:20:00.520    app     info:    [scheduler] Starting scheduler foreground
2025-06-08 14:20:01.299    app     info:    [ipc-requests] No longer handling requests in the background
2025-06-08 14:20:01.535    app     info:    [client-manager] 'tranquility' for EVE game client for '26239201' exited with no errors.
2025-06-08 14:20:01.544    app     info:    [quasar-elg-events] Queueing event    eve_launcher.electron.eve_client.GameClientExited
2025-06-08 14:20:01.566    app     info:    [quasar-elg-events] Event sent    type.evetech.net/eve_launcher.electron.eve_client.GameClientExited
2025-06-08 14:20:01.575    app     info:    [server-manager] Starting refresh cycle for eve-online / Tranquility
2025-06-08 14:20:01.746    app     info:    [server-manager] Previous Tranquility build: 2932557, current build: 2932557
2025-06-08 14:20:01.746    app     info:    [server-manager] Tranquility build is unchanged.
2025-06-08 14:20:01.766    app     info:    [server-manager] Ready to play!
2025-06-08 14:20:01.784    app     info:    [server-manager] Finished refresh cycle for Tranquility
2025-06-08 14:20:02.072    app     info:    [self-update] Checking for application updates.
2025-06-08 14:20:02.908    app     info:    [self-update] No application updates were found.
2025-06-08 14:20:05.385    app     info:    [authentication] Token for '16492377' on 'tranquility' is expired, refresh is required
2025-06-08 14:20:05.385    app     info:    [authentication] Refreshing token for '16492377' on 'tranquility'
2025-06-08 14:20:05.385    app     info:    [authentication] Token for '16492377' on 'tranquility' is expired, refresh is required
2025-06-08 14:20:05.386    app     info:    [authentication] Refreshing token for '16492377' on 'tranquility'
2025-06-08 14:20:05.727    app     info:    [authentication] Token for '16492377' on 'tranquility' has been successfully refreshed
2025-06-08 14:20:05.732    app     info:    [quasar-elg-events] Queueing event    eve_launcher.electron.authentication.UserTokensRefreshed
2025-06-08 14:20:05.739    app     info:    [quasar-elg-events] Event sent    type.evetech.net/eve_launcher.electron.authentication.UserTokensRefreshed
2025-06-08 14:20:05.740    app     info:    [customer-information] Getting character information for '16492377' on 'tranquility'
2025-06-08 14:20:05.740    app     info:    [customer-information] Getting Omega status for '16492377' on 'tranquility' (eve-online)
2025-06-08 14:20:05.740    app     info:    [virtual-goods] Getting Plex status for '16492377' on 'tranquility' (eve-online)
2025-06-08 14:20:05.754    app     info:    [authentication] Token for '16492377' on 'tranquility' has been successfully refreshed
2025-06-08 14:20:05.760    app     info:    [quasar-elg-events] Queueing event    eve_launcher.electron.authentication.UserTokensRefreshed
2025-06-08 14:20:05.767    app     info:    [quasar-elg-events] Event sent    type.evetech.net/eve_launcher.electron.authentication.UserTokensRefreshed
2025-06-08 14:20:05.860    app     info:    [virtual-goods] Fetched Plex status for '16492377' on 'tranquility' (eve-online) with balance: 0
2025-06-08 14:20:05.927    app     info:    [esi] Fetching character details for 2113875139, 2121174871
2025-06-08 14:20:06.392    app     info:    [esi] Fetched 2 character details for 16492377
2025-06-08 14:20:06.656    app     info:    [customer-information] Agreement status has been fetched for user '16492377'
2025-06-08 14:20:07.414    app     info:    [client-queue] Queued client startup    {
  product: 'eve-online',
  tenant: 'tranquility',
  userId: 16492377,
  characterId: 1,
  profile: 'Default'
}
2025-06-08 14:20:07.427    app     info:    [quasar-elg-events] Queueing event    eve_launcher.electron.eve_client.ClientQueued
2025-06-08 14:20:07.428    app     info:    [quasar-elg-events] Event sent    type.evetech.net/eve_launcher.electron.eve_client.ClientQueued
2025-06-08 14:20:07.428    app     info:    [client-queue] No clients running for 'tranquility' (eve-online), copying files before starting a client
2025-06-08 14:20:07.445    app     info:    [quasar-elg-events] Queueing event    eve_launcher.electron.eve_client.CopyingFilesStarted
2025-06-08 14:20:07.445    app     info:    [binary-copier] Copying 226 files (378 MB) to 'C:\Games\EVE\tq'
2025-06-08 14:20:07.447    app     info:    [quasar-elg-events] Event sent    type.evetech.net/eve_launcher.electron.eve_client.CopyingFilesStarted
2025-06-08 14:20:07.533    app     info:    [binary-copier] Removing old binaries
2025-06-08 14:20:07.662    app     info:    [binary-copier] Copying binaries from ResFiles
2025-06-08 14:20:08.683    app     info:    [binary-copier] Finished copying 226 files to 'C:\Games\EVE\tq' in 1.251 seconds
2025-06-08 14:20:08.690    app     info:    [quasar-elg-events] Queueing event    eve_launcher.electron.eve_client.CopyingFilesFinished
2025-06-08 14:20:08.690    app     info:    [quasar-elg-events] Event sent    type.evetech.net/eve_launcher.electron.eve_client.CopyingFilesFinished
2025-06-08 14:20:08.705    app     info:    [client-manager] Starting EVE Online game client.    C:\Games\EVE\tq\bin64\exefile.exe    [
  '/noconsole',
  '/server:tranquility.servers.eveonline.com',
  '/ssoToken=***',
  '/refreshToken=***',
  '/settingsprofile=Default',
  '/language=ru',
  '/triplatform=dx11',
  '/steamUser',
  '/deviceID=***',
  '/machineHash=***',
  '/journeyID=***',
  'exp=1749393006',
  'tokenExpires=2025-06-08 17:30:06.000'
]    16492377
2025-06-08 14:20:08.710    app     info:    [quasar-elg-events] Queueing event    eve_launcher.electron.eve_client.GameClientStartRequested
2025-06-08 14:20:08.713    app     info:    [quasar-elg-events] Event sent    type.evetech.net/eve_launcher.electron.eve_client.GameClientStartRequested
2025-06-08 14:20:08.903    app     info:    [quasar-elg-events] Queueing event    eve_launcher.electron.eve_client.GameClientStarted
2025-06-08 14:20:08.911    app     info:    [quasar-elg-events] Event sent    type.evetech.net/eve_launcher.electron.eve_client.GameClientStarted
2025-06-08 14:20:08.911    app     info:    [client-queue] Started client from group startup    {
  product: 'eve-online',
  tenant: 'tranquility',
  characterId: 1,
  profile: 'Default',
  userId: 16492377
}
2025-06-08 14:20:10.931    app     info:    [client-queue] Queue has stopped running, no more clients pending startup.
2025-06-08 14:20:15.937    app     info:    [scheduler] Stopped scheduler foreground
2025-06-08 14:20:15.938    app     info:    [ipc-requests] Handling requests in the background
2025-06-08 14:20:16.938    app     info:    [ipc-requests] No longer handling requests in the background
2025-06-08 14:22:06.249    app     info:    [scheduler] Starting scheduler foreground
2025-06-08 14:22:07.106    app     info:    [scheduler] Stopped scheduler foreground
2025-06-08 14:22:07.107    app     info:    [ipc-requests] Handling requests in the background
2025-06-08 14:22:08.114    app     info:    [ipc-requests] No longer handling requests in the background
2025-06-08 14:22:09.189    app     info:    [scheduler] Starting scheduler foreground
2025-06-08 14:22:09.395    app     info:    [scheduler] Stopped scheduler foreground
2025-06-08 14:22:09.524    app     info:    [ipc-requests] Handling requests in the background
2025-06-08 14:22:10.526    app     info:    [ipc-requests] No longer handling requests in the background
2025-06-08 14:22:19.079    app     info:    [scheduler] Starting scheduler foreground
2025-06-08 14:22:19.321    app     info:    [scheduler] Stopped scheduler foreground
2025-06-08 14:22:19.322    app     info:    [ipc-requests] Handling requests in the background
2025-06-08 14:22:19.550    app     info:    [client-manager] 'tranquility' for EVE game client for '16492377' exited with no errors.
2025-06-08 14:22:19.557    app     info:    [quasar-elg-events] Queueing event    eve_launcher.electron.eve_client.GameClientExited
2025-06-08 14:22:19.572    app     info:    [quasar-elg-events] Event sent    type.evetech.net/eve_launcher.electron.eve_client.GameClientExited
2025-06-08 14:22:19.579    app     info:    [server-manager] Starting refresh cycle for eve-online / Tranquility
2025-06-08 14:22:20.059    app     info:    [server-manager] Previous Tranquility build: 2932557, current build: 2932557
2025-06-08 14:22:20.059    app     info:    [server-manager] Tranquility build is unchanged.
2025-06-08 14:22:20.082    app     info:    [server-manager] Ready to play!
2025-06-08 14:22:20.104    app     info:    [server-manager] Finished refresh cycle for Tranquility
2025-06-08 14:22:20.322    app     info:    [ipc-requests] No longer handling requests in the background
2025-06-08 14:22:22.276    app     info:    [scheduler] Starting scheduler foreground
2025-06-08 14:22:24.400    app     info:    [authentication] Token for '26239201' on 'tranquility' is expired, refresh is required
2025-06-08 14:22:24.400    app     info:    [authentication] Refreshing token for '26239201' on 'tranquility'
2025-06-08 14:22:24.660    app     info:    [authentication] Token for '26239201' on 'tranquility' has been successfully refreshed
2025-06-08 14:22:24.668    app     info:    [quasar-elg-events] Queueing event    eve_launcher.electron.authentication.UserTokensRefreshed
2025-06-08 14:22:24.678    app     info:    [quasar-elg-events] Event sent    type.evetech.net/eve_launcher.electron.authentication.UserTokensRefreshed
2025-06-08 14:22:25.487    app     info:    [client-queue] Queued client startup    {
  product: 'eve-online',
  tenant: 'tranquility',
  userId: 26239201,
  characterId: 1,
  profile: 'Default'
}
2025-06-08 14:22:25.493    app     info:    [quasar-elg-events] Queueing event    eve_launcher.electron.eve_client.ClientQueued
2025-06-08 14:22:25.494    app     info:    [quasar-elg-events] Event sent    type.evetech.net/eve_launcher.electron.eve_client.ClientQueued
2025-06-08 14:22:25.494    app     info:    [client-queue] No clients running for 'tranquility' (eve-online), copying files before starting a client
2025-06-08 14:22:25.502    app     info:    [quasar-elg-events] Queueing event    eve_launcher.electron.eve_client.CopyingFilesStarted
2025-06-08 14:22:25.502    app     info:    [binary-copier] Copying 226 files (378 MB) to 'C:\Games\EVE\tq'
2025-06-08 14:22:25.503    app     info:    [quasar-elg-events] Event sent    type.evetech.net/eve_launcher.electron.eve_client.CopyingFilesStarted
2025-06-08 14:22:25.539    app     info:    [binary-copier] Removing old binaries
2025-06-08 14:22:25.611    app     info:    [binary-copier] Copying binaries from ResFiles
2025-06-08 14:22:26.614    app     info:    [binary-copier] Finished copying 226 files to 'C:\Games\EVE\tq' in 1.117 seconds
2025-06-08 14:22:26.621    app     info:    [quasar-elg-events] Queueing event    eve_launcher.electron.eve_client.CopyingFilesFinished
2025-06-08 14:22:26.621    app     info:    [quasar-elg-events] Event sent    type.evetech.net/eve_launcher.electron.eve_client.CopyingFilesFinished
2025-06-08 14:22:26.636    app     info:    [client-manager] Starting EVE Online game client.    C:\Games\EVE\tq\bin64\exefile.exe    [
  '/noconsole',
  '/server:tranquility.servers.eveonline.com',
  '/ssoToken=***',
  '/refreshToken=***',
  '/settingsprofile=Default',
  '/language=ru',
  '/triplatform=dx11',
  '/steamUser',
  '/deviceID=***',
  '/machineHash=***',
  '/journeyID=***',
  'exp=1749393145',
  'tokenExpires=2025-06-08 17:32:25.000'
]    26239201
2025-06-08 14:22:26.643    app     info:    [quasar-elg-events] Queueing event    eve_launcher.electron.eve_client.GameClientStartRequested
2025-06-08 14:22:26.647    app     info:    [quasar-elg-events] Event sent    type.evetech.net/eve_launcher.electron.eve_client.GameClientStartRequested
2025-06-08 14:22:26.718    app     info:    [quasar-elg-events] Queueing event    eve_launcher.electron.eve_client.GameClientStarted
2025-06-08 14:22:26.726    app     info:    [quasar-elg-events] Event sent    type.evetech.net/eve_launcher.electron.eve_client.GameClientStarted
2025-06-08 14:22:26.726    app     info:    [client-queue] Started client from group startup    {
  product: 'eve-online',
  tenant: 'tranquility',
  characterId: 1,
  profile: 'Default',
  userId: 26239201
}
2025-06-08 14:22:28.744    app     info:    [client-queue] Queue has stopped running, no more clients pending startup.
2025-06-08 14:22:30.895    app     info:    [scheduler] Stopped scheduler foreground
2025-06-08 14:22:30.896    app     info:    [ipc-requests] Handling requests in the background
2025-06-08 14:22:31.897    app     info:    [ipc-requests] No longer handling requests in the background
2025-06-08 14:22:41.630    app     info:    [scheduler] Starting scheduler foreground
2025-06-08 14:22:41.852    app     info:    [scheduler] Stopped scheduler foreground
2025-06-08 14:22:41.853    app     info:    [ipc-requests] Handling requests in the background
2025-06-08 14:22:42.854    app     info:    [ipc-requests] No longer handling requests in the background
2025-06-08 14:22:51.944    app     info:    [scheduler] Starting scheduler foreground
2025-06-08 14:22:53.310    app     info:    [scheduler] Stopped scheduler foreground
2025-06-08 14:22:53.311    app     info:    [ipc-requests] Handling requests in the background
2025-06-08 14:22:54.311    app     info:    [ipc-requests] No longer handling requests in the background
2025-06-08 14:23:02.947    app     info:    [scheduler] Starting scheduler foreground
2025-06-08 14:23:03.224    app     info:    [scheduler] Stopped scheduler foreground
2025-06-08 14:23:03.225    app     info:    [ipc-requests] Handling requests in the background
2025-06-08 14:23:04.226    app     info:    [ipc-requests] No longer handling requests in the background
2025-06-08 14:23:10.749    app     info:    [scheduler] Starting scheduler foreground
2025-06-08 14:23:10.938    app     info:    [scheduler] Stopped scheduler foreground
2025-06-08 14:23:10.939    app     info:    [ipc-requests] Handling requests in the background
2025-06-08 14:23:11.942    app     info:    [ipc-requests] No longer handling requests in the background
2025-06-08 14:23:34.801    app     info:    [scheduler] Starting scheduler foreground
2025-06-08 14:23:37.401    app     info:    [scheduler] Stopped scheduler foreground
2025-06-08 14:23:37.401    app     info:    [ipc-requests] Handling requests in the background
2025-06-08 14:23:38.402    app     info:    [ipc-requests] No longer handling requests in the background
2025-06-08 14:23:43.579    app     info:    [scheduler] Starting scheduler foreground
2025-06-08 14:23:43.783    app     info:    [scheduler] Stopped scheduler foreground
2025-06-08 14:23:43.784    app     info:    [ipc-requests] Handling requests in the background
2025-06-08 14:23:44.785    app     info:    [ipc-requests] No longer handling requests in the background
2025-06-08 14:23:57.868    app     info:    [scheduler] Starting scheduler foreground
2025-06-08 14:23:57.877    app     info:    [scheduler] Stopped scheduler foreground
2025-06-08 14:23:57.879    app     info:    [ipc-requests] Handling requests in the background
2025-06-08 14:23:58.338    app     info:    [client-manager] 'tranquility' for EVE game client for '26239201' exited with no errors.
2025-06-08 14:23:58.346    app     info:    [quasar-elg-events] Queueing event    eve_launcher.electron.eve_client.GameClientExited
2025-06-08 14:23:58.359    app     info:    [quasar-elg-events] Event sent    type.evetech.net/eve_launcher.electron.eve_client.GameClientExited
2025-06-08 14:23:58.364    app     info:    [server-manager] Starting refresh cycle for eve-online / Tranquility
2025-06-08 14:23:58.592    app     info:    [server-manager] Previous Tranquility build: 2932557, current build: 2932557
2025-06-08 14:23:58.593    app     info:    [server-manager] Tranquility build is unchanged.
2025-06-08 14:23:58.610    app     info:    [server-manager] Ready to play!
2025-06-08 14:23:58.631    app     info:    [server-manager] Finished refresh cycle for Tranquility
2025-06-08 14:23:58.885    app     info:    [ipc-requests] No longer handling requests in the background
2025-06-08 14:24:01.548    app     info:    [scheduler] Starting scheduler foreground
2025-06-08 14:24:03.239    app     info:    [scheduler] Stopped scheduler foreground
2025-06-08 14:24:03.240    app     info:    [ipc-requests] Handling requests in the background
2025-06-08 14:24:04.240    app     info:    [ipc-requests] No longer handling requests in the background
2025-06-08 14:24:35.835    app     info:    [scheduler] Starting scheduler foreground
2025-06-08 14:24:41.106    app     info:    [authentication] Token for '29285645' on 'tranquility' is expired, refresh is required
2025-06-08 14:24:41.106    app     info:    [authentication] Refreshing token for '29285645' on 'tranquility'
2025-06-08 14:24:41.106    app     info:    [authentication] Token for '29285645' on 'tranquility' is expired, refresh is required
2025-06-08 14:24:41.106    app     info:    [authentication] Refreshing token for '29285645' on 'tranquility'
2025-06-08 14:24:41.301    app     info:    [authentication] Token for '29285645' on 'tranquility' has been successfully refreshed
2025-06-08 14:24:41.307    app     info:    [quasar-elg-events] Queueing event    eve_launcher.electron.authentication.UserTokensRefreshed
2025-06-08 14:24:41.315    app     info:    [quasar-elg-events] Event sent    type.evetech.net/eve_launcher.electron.authentication.UserTokensRefreshed
2025-06-08 14:24:41.336    app     info:    [authentication] Token for '29285645' on 'tranquility' has been successfully refreshed
2025-06-08 14:24:41.341    app     info:    [quasar-elg-events] Queueing event    eve_launcher.electron.authentication.UserTokensRefreshed
2025-06-08 14:24:41.350    app     info:    [quasar-elg-events] Event sent    type.evetech.net/eve_launcher.electron.authentication.UserTokensRefreshed
2025-06-08 14:24:41.351    app     info:    [customer-information] Getting character information for '29285645' on 'tranquility'
2025-06-08 14:24:41.351    app     info:    [customer-information] Getting Omega status for '29285645' on 'tranquility' (eve-online)
2025-06-08 14:24:41.351    app     info:    [virtual-goods] Getting Plex status for '29285645' on 'tranquility' (eve-online)
2025-06-08 14:24:41.457    app     info:    [virtual-goods] Fetched Plex status for '29285645' on 'tranquility' (eve-online) with balance: 0
2025-06-08 14:24:42.505    app     info:    [esi] Fetching character details for 2121878074
2025-06-08 14:24:42.647    app     info:    [client-queue] Queued client startup    {
  product: 'eve-online',
  tenant: 'tranquility',
  userId: 29285645,
  characterId: 1,
  profile: 'Default'
}
2025-06-08 14:24:42.653    app     info:    [quasar-elg-events] Queueing event    eve_launcher.electron.eve_client.ClientQueued
2025-06-08 14:24:42.653    app     info:    [quasar-elg-events] Event sent    type.evetech.net/eve_launcher.electron.eve_client.ClientQueued
2025-06-08 14:24:42.653    app     info:    [client-queue] No clients running for 'tranquility' (eve-online), copying files before starting a client
2025-06-08 14:24:42.661    app     info:    [quasar-elg-events] Queueing event    eve_launcher.electron.eve_client.CopyingFilesStarted
2025-06-08 14:24:42.661    app     info:    [binary-copier] Copying 226 files (378 MB) to 'C:\Games\EVE\tq'
2025-06-08 14:24:42.662    app     info:    [quasar-elg-events] Event sent    type.evetech.net/eve_launcher.electron.eve_client.CopyingFilesStarted
2025-06-08 14:24:42.725    app     info:    [binary-copier] Removing old binaries
2025-06-08 14:24:42.785    app     info:    [esi] Fetched 1 character details for 29285645
2025-06-08 14:24:42.802    app     info:    [binary-copier] Copying binaries from ResFiles
2025-06-08 14:24:43.313    app     info:    [binary-copier] Finished copying 226 files to 'C:\Games\EVE\tq' in 0.657 seconds
2025-06-08 14:24:43.320    app     info:    [quasar-elg-events] Queueing event    eve_launcher.electron.eve_client.CopyingFilesFinished
2025-06-08 14:24:43.320    app     info:    [quasar-elg-events] Event sent    type.evetech.net/eve_launcher.electron.eve_client.CopyingFilesFinished
2025-06-08 14:24:43.337    app     info:    [client-manager] Starting EVE Online game client.    C:\Games\EVE\tq\bin64\exefile.exe    [
  '/noconsole',
  '/server:tranquility.servers.eveonline.com',
  '/ssoToken=***',
  '/refreshToken=***',
  '/settingsprofile=Default',
  '/language=ru',
  '/triplatform=dx11',
  '/steamUser',
  '/deviceID=***',
  '/machineHash=***',
  '/journeyID=***',
  'exp=1749393281',
  'tokenExpires=2025-06-08 17:34:41.000'
]    29285645
2025-06-08 14:24:43.342    app     info:    [quasar-elg-events] Queueing event    eve_launcher.electron.eve_client.GameClientStartRequested
2025-06-08 14:24:43.344    app     info:    [quasar-elg-events] Event sent    type.evetech.net/eve_launcher.electron.eve_client.GameClientStartRequested
2025-06-08 14:24:43.383    app     info:    [quasar-elg-events] Queueing event    eve_launcher.electron.eve_client.GameClientStarted
2025-06-08 14:24:43.391    app     info:    [quasar-elg-events] Event sent    type.evetech.net/eve_launcher.electron.eve_client.GameClientStarted
2025-06-08 14:24:43.391    app     info:    [client-queue] Started client from group startup    {
  product: 'eve-online',
  tenant: 'tranquility',
  characterId: 1,
  profile: 'Default',
  userId: 29285645
}
2025-06-08 14:24:45.363    app     info:    [customer-information] Agreement status has been fetched for user '29285645'
2025-06-08 14:24:45.411    app     info:    [client-queue] Queue has stopped running, no more clients pending startup.
2025-06-08 14:24:55.441    app     info:    [scheduler] Stopped scheduler foreground
2025-06-08 14:24:55.443    app     info:    [ipc-requests] Handling requests in the background
2025-06-08 14:24:56.444    app     info:    [ipc-requests] No longer handling requests in the background
2025-06-08 14:25:07.912    app     info:    [scheduler] Starting scheduler foreground
2025-06-08 14:25:08.138    app     info:    [scheduler] Stopped scheduler foreground
2025-06-08 14:25:08.139    app     info:    [ipc-requests] Handling requests in the background
2025-06-08 14:25:08.713    app     info:    [scheduler] Starting scheduler foreground
2025-06-08 14:25:09.140    app     info:    [ipc-requests] No longer handling requests in the background
2025-06-08 14:25:12.930    app     info:    [self-update] Checking for application updates.
2025-06-08 14:25:14.015    app     info:    [self-update] No application updates were found.
2025-06-08 14:25:26.591    app     info:    [scheduler] Stopped scheduler foreground
2025-06-08 14:25:26.592    app     info:    [ipc-requests] Handling requests in the background
2025-06-08 14:25:27.593    app     info:    [ipc-requests] No longer handling requests in the background
2025-06-08 14:26:21.082    app     info:    [scheduler] Starting scheduler foreground
2025-06-08 14:26:24.713    app     info:    [scheduler] Stopped scheduler foreground
2025-06-08 14:26:24.715    app     info:    [ipc-requests] Handling requests in the background
2025-06-08 14:26:25.717    app     info:    [ipc-requests] No longer handling requests in the background
2025-06-08 14:27:05.187    app     info:    [scheduler] Starting scheduler foreground
2025-06-08 14:27:07.867    app     info:    [authentication] Token for '2110311' on 'tranquility' is expired, refresh is required
2025-06-08 14:27:07.867    app     info:    [authentication] Refreshing token for '2110311' on 'tranquility'
2025-06-08 14:27:08.186    app     info:    [authentication] Token for '2110311' on 'tranquility' has been successfully refreshed
2025-06-08 14:27:08.194    app     info:    [quasar-elg-events] Queueing event    eve_launcher.electron.authentication.UserTokensRefreshed
2025-06-08 14:27:08.207    app     info:    [quasar-elg-events] Event sent    type.evetech.net/eve_launcher.electron.authentication.UserTokensRefreshed
2025-06-08 14:27:11.548    app     info:    [authentication] Token for '29280260' on 'tranquility' is expired, refresh is required
2025-06-08 14:27:11.548    app     info:    [authentication] Refreshing token for '29280260' on 'tranquility'
2025-06-08 14:27:11.549    app     info:    [authentication] Token for '29280260' on 'tranquility' is expired, refresh is required
2025-06-08 14:27:11.549    app     info:    [authentication] Refreshing token for '29280260' on 'tranquility'
2025-06-08 14:27:11.558    app     info:    [authentication] Token for '29280260' on 'tranquility' is expired, refresh is required
2025-06-08 14:27:11.558    app     info:    [authentication] Refreshing token for '29280260' on 'tranquility'
2025-06-08 14:27:11.724    app     info:    [authentication] Token for '29280260' on 'tranquility' has been successfully refreshed
2025-06-08 14:27:11.731    app     info:    [quasar-elg-events] Queueing event    eve_launcher.electron.authentication.UserTokensRefreshed
2025-06-08 14:27:11.740    app     info:    [quasar-elg-events] Event sent    type.evetech.net/eve_launcher.electron.authentication.UserTokensRefreshed
2025-06-08 14:27:11.754    app     info:    [authentication] Token for '29280260' on 'tranquility' has been successfully refreshed
2025-06-08 14:27:11.761    app     info:    [quasar-elg-events] Queueing event    eve_launcher.electron.authentication.UserTokensRefreshed
2025-06-08 14:27:11.771    app     info:    [quasar-elg-events] Event sent    type.evetech.net/eve_launcher.electron.authentication.UserTokensRefreshed
2025-06-08 14:27:11.781    app     info:    [authentication] Token for '29280260' on 'tranquility' has been successfully refreshed
2025-06-08 14:27:11.787    app     info:    [quasar-elg-events] Queueing event    eve_launcher.electron.authentication.UserTokensRefreshed
2025-06-08 14:27:11.795    app     info:    [quasar-elg-events] Event sent    type.evetech.net/eve_launcher.electron.authentication.UserTokensRefreshed
2025-06-08 14:27:11.796    app     info:    [customer-information] Getting character information for '29280260' on 'tranquility'
2025-06-08 14:27:11.796    app     info:    [customer-information] Getting Omega status for '29280260' on 'tranquility' (eve-online)
2025-06-08 14:27:11.796    app     info:    [virtual-goods] Getting Plex status for '29280260' on 'tranquility' (eve-online)
2025-06-08 14:27:11.886    app     info:    [virtual-goods] Fetched Plex status for '29280260' on 'tranquility' (eve-online) with balance: 20
2025-06-08 14:27:14.143    app     info:    [scheduler] Stopped scheduler foreground
2025-06-08 14:27:14.144    app     info:    [ipc-requests] Handling requests in the background
2025-06-08 14:27:15.145    app     info:    [ipc-requests] No longer handling requests in the background
2025-06-08 14:27:18.093    app     info:    [esi] Fetching character details for 2121853336
2025-06-08 14:27:18.438    app     info:    [esi] Fetched 1 character details for 29280260
2025-06-08 14:27:44.077    app     info:    [scheduler] Starting scheduler foreground
2025-06-08 14:27:44.366    app     info:    [scheduler] Stopped scheduler foreground
2025-06-08 14:27:44.367    app     info:    [ipc-requests] Handling requests in the background
2025-06-08 14:27:44.387    app     info:    [customer-information] Agreement status has been fetched for user '29280260'
2025-06-08 14:27:45.368    app     info:    [ipc-requests] No longer handling requests in the background
2025-06-08 14:27:49.365    app     info:    [scheduler] Starting scheduler foreground
2025-06-08 14:27:51.397    app     info:    [scheduler] Stopped scheduler foreground
2025-06-08 14:27:51.398    app     info:    [ipc-requests] Handling requests in the background
2025-06-08 14:27:52.399    app     info:    [ipc-requests] No longer handling requests in the background
2025-06-08 14:27:52.733    app     info:    [scheduler] Starting scheduler foreground
2025-06-08 14:27:53.428    app     info:    [scheduler] Stopped scheduler foreground
2025-06-08 14:27:53.429    app     info:    [ipc-requests] Handling requests in the background
2025-06-08 14:27:54.376    app     info:    [scheduler] Starting scheduler foreground
2025-06-08 14:27:54.462    app     info:    [ipc-requests] No longer handling requests in the background
2025-06-08 14:27:55.428    app     info:    [scheduler] Stopped scheduler foreground
2025-06-08 14:27:55.430    app     info:    [ipc-requests] Handling requests in the background
2025-06-08 14:27:56.431    app     info:    [ipc-requests] No longer handling requests in the background
2025-06-08 14:27:56.544    app     info:    [scheduler] Starting scheduler foreground
2025-06-08 14:28:02.447    app     info:    [authentication] Token for '31367691' on 'tranquility' is expired, refresh is required
2025-06-08 14:28:02.448    app     info:    [authentication] Refreshing token for '31367691' on 'tranquility'
2025-06-08 14:28:02.709    app     info:    [authentication] Token for '31367691' on 'tranquility' has been successfully refreshed
2025-06-08 14:28:02.715    app     info:    [quasar-elg-events] Queueing event    eve_launcher.electron.authentication.UserTokensRefreshed
2025-06-08 14:28:02.725    app     info:    [quasar-elg-events] Event sent    type.evetech.net/eve_launcher.electron.authentication.UserTokensRefreshed
2025-06-08 14:28:06.317    app     info:    [scheduler] Stopped scheduler foreground
2025-06-08 14:28:06.320    app     info:    [ipc-requests] Handling requests in the background
2025-06-08 14:28:07.321    app     info:    [ipc-requests] No longer handling requests in the background
2025-06-08 14:28:37.953    app     info:    [scheduler] Starting scheduler foreground
2025-06-08 14:28:44.236    app     info:    [scheduler] Stopped scheduler foreground
2025-06-08 14:28:44.237    app     info:    [ipc-requests] Handling requests in the background
2025-06-08 14:28:45.237    app     info:    [ipc-requests] No longer handling requests in the background
2025-06-08 14:28:58.641    app     info:    [server-manager] Starting refresh cycle for eve-online / Tranquility
2025-06-08 14:28:58.836    app     info:    [server-manager] Previous Tranquility build: 2932557, current build: 2932557
2025-06-08 14:28:58.837    app     info:    [server-manager] Tranquility build is unchanged.
2025-06-08 14:28:58.854    app     info:    [server-manager] Ready to play!
2025-06-08 14:28:58.871    app     info:    [server-manager] Finished refresh cycle for Tranquility
2025-06-08 14:29:06.025    app     info:    [scheduler] Starting scheduler foreground
2025-06-08 14:29:12.787    app     info:    [newsfeed] Fetching news for eve-online in ru
2025-06-08 14:29:12.951    app     warn:    [play-area-content] Invalid product found in play area content    { product: 'eve-frontier' }
2025-06-08 14:29:12.952    app     warn:    [play-area-content] Invalid product found in play area content    { product: 'eve-frontier' }
2025-06-08 14:29:12.952    app     warn:    [play-area-content] Invalid product found in play area content    { product: 'eve-frontier' }
2025-06-08 14:29:12.952    app     warn:    [play-area-content] Invalid product found in play area content    { product: 'eve-frontier' }
2025-06-08 14:29:12.952    app     warn:    [play-area-content] Invalid product found in play area content    { product: 'eve-frontier' }
2025-06-08 14:29:12.952    app     warn:    [play-area-content] Invalid product found in play area content    { product: 'eve-frontier' }
2025-06-08 14:29:12.953    app     warn:    [play-area-content] Invalid product found in play area content    { product: 'eve-frontier' }
2025-06-08 14:29:12.953    app     warn:    [play-area-content] Invalid product found in play area content    { product: 'eve-frontier' }
2025-06-08 14:29:12.987    app     info:    [newsfeed] Fetched 20 news items for eve-online in ru
2025-06-08 14:29:15.681    app     info:    [scheduler] Stopped scheduler foreground
2025-06-08 14:29:15.683    app     info:    [ipc-requests] Handling requests in the background
2025-06-08 14:29:16.683    app     info:    [ipc-requests] No longer handling requests in the background
2025-06-08 14:29:52.860    app     info:    [scheduler] Starting scheduler foreground
2025-06-08 14:29:53.925    app     info:    [scheduler] Stopped scheduler foreground
2025-06-08 14:29:53.926    app     info:    [ipc-requests] Handling requests in the background
2025-06-08 14:29:54.926    app     info:    [ipc-requests] No longer handling requests in the background
2025-06-08 14:33:58.885    app     info:    [server-manager] Starting refresh cycle for eve-online / Tranquility
2025-06-08 14:33:59.088    app     info:    [server-manager] Previous Tranquility build: 2932557, current build: 2932557
2025-06-08 14:33:59.089    app     info:    [server-manager] Tranquility build is unchanged.
2025-06-08 14:33:59.108    app     info:    [server-manager] Ready to play!
2025-06-08 14:33:59.126    app     info:    [server-manager] Finished refresh cycle for Tranquility
2025-06-08 14:35:11.082    app     info:    [scheduler] Starting scheduler foreground
2025-06-08 14:35:16.115    app     info:    [self-update] Checking for application updates.
2025-06-08 14:35:17.230    app     info:    [self-update] No application updates were found.
2025-06-08 14:35:23.780    app     info:    [scheduler] Stopped scheduler foreground
2025-06-08 14:35:23.781    app     info:    [ipc-requests] Handling requests in the background
2025-06-08 14:35:24.782    app     info:    [ipc-requests] No longer handling requests in the background
2025-06-08 14:37:36.373    app     info:    [scheduler] Starting scheduler foreground
2025-06-08 14:37:36.394    app     info:    [authentication] Token for '2110311' on 'tranquility' is expired, refresh is required
2025-06-08 14:37:36.394    app     info:    [authentication] Refreshing token for '2110311' on 'tranquility'
2025-06-08 14:37:37.375    app     info:    [window-manager-minimize] Main window minimized to tray    { windowId: 2 }
2025-06-08 14:37:37.439    app     info:    [window-manager-minimize] Sent notification that the application is minimized to tray    { windowId: 2 }
2025-06-08 14:37:37.453    app     info:    [scheduler] Stopped scheduler foreground
2025-06-08 14:37:37.454    app     info:    [ipc-requests] Handling requests in the background
2025-06-08 14:37:37.726    app    error:    [authentication] Could not refresh token for '2110311' on 'tranquility' SSO responded with an invalid status code: 400 - Bad Request    Q [InvalidSingleSignOnResponseError]: SSO responded with an invalid status code: 400 - Bad Request
    at F (C:\Program Files (x86)\Steam\steamapps\common\Eve Online\app-1.10.1\resources\app.asar\.webpack\main\index.js:8:1743080)
    at process.processTicksAndRejections (node:internal/process/task_queues:105:5)
    at async C:\Program Files (x86)\Steam\steamapps\common\Eve Online\app-1.10.1\resources\app.asar\.webpack\main\index.js:8:2533768
    at async Promise.allSettled (index 1) {
  body: '{"error":"server_error","error_description":"Cannot get user data"}'
}
2025-06-08 14:37:37.726    app    error:    [AuthenticationMiddleware] Could not update data on active user change SSO responded with an invalid status code: 400 - Bad Request    Q [InvalidSingleSignOnResponseError]: SSO responded with an invalid status code: 400 - Bad Request
    at F (C:\Program Files (x86)\Steam\steamapps\common\Eve Online\app-1.10.1\resources\app.asar\.webpack\main\index.js:8:1743080)
    at process.processTicksAndRejections (node:internal/process/task_queues:105:5)
    at async C:\Program Files (x86)\Steam\steamapps\common\Eve Online\app-1.10.1\resources\app.asar\.webpack\main\index.js:8:2533768
    at async Promise.allSettled (index 1) {
  body: '{"error":"server_error","error_description":"Cannot get user data"}'
}
2025-06-08 14:37:38.454    app     info:    [ipc-requests] No longer handling requests in the background
