2025-06-04 18:46:08.812    app     info:    [migrations] Running state migrations from 202403271440 to 202403271440
2025-06-04 18:46:08.989    app     info:    [self-update] Configuring update feed.
2025-06-04 18:46:08.989    app     info:    [self-update] Update feed set to: https://launcher.ccpgames.com/eve-online/release/win32/x64/
2025-06-04 18:46:09.162    app     info:    Startup arguments    []
2025-06-04 18:46:09.292    app     info:    [self-update] Auto-updating is now enabled
2025-06-04 18:46:09.295    app     info:    [migrations] Running state migrations from 202403271440 to 202403271440
2025-06-04 18:46:09.301    app    error:    (node:1652) [DEP0180] DeprecationWarning: fs.Stats constructor is deprecated.
(Use `eve-online --trace-deprecation ...` to show where the warning was created)    []
2025-06-04 18:46:09.302    app     info:    [third-party-authentications] Checking for Steam startup
2025-06-04 18:46:10.142    app     info:    [migrations] Running secured-state migrations from 202406060001 to 202406060001
2025-06-04 18:46:10.250    app     info:    [i18next] Changed language    ru
2025-06-04 18:46:10.305    app     info:    [steam-auth] Steam startup detected
2025-06-04 18:46:10.324    app     info:    [authentication] Generated login URL with state 'r8BqMGp5VwluBREtSrQqmarSG4UH6kbT1p-_pVQ5jZs' for 'tranquility' using clientID 'eveLauncherTQ'
2025-06-04 18:46:10.325    app     info:    [third-party-authentications] Done checking third party startups
2025-06-04 18:46:10.362    app     info:    [cache-protocol] Found 0 entries to remove
2025-06-04 18:46:10.363    app     info:    [cache-protocol] Nothing to clean up.
2025-06-04 18:46:10.552    app     info:    [customer-information] Agreements have been updated
2025-06-04 18:46:10.678    app     info:    [quasar-elg-events] Queueing event    eve_launcher.electron.application.LauncherStarted
2025-06-04 18:46:10.748    app     info:    [analytics] Application name:    EVE Online
2025-06-04 18:46:10.748    app     info:    [analytics] Application version:    1.10.1
2025-06-04 18:46:10.748    app     info:    [analytics] Domain    undefined
2025-06-04 18:46:10.751    app     info:    [analytics] Working directory    C:\Program Files (x86)\Steam\steamapps\common\Eve Online\app-1.10.1
2025-06-04 18:46:10.751    app     info:    [analytics] Username contains UTF8?    false
2025-06-04 18:46:11.846    app     info:    [quasar-elg-events] Queueing event    eve_launcher.electron.application.PdmLoaded
2025-06-04 18:46:11.860    app     info:    [quasar-elg-events] Queueing event    eve_launcher.electron.application.CoreDataLoaded
2025-06-04 18:46:11.864    app     info:    [analytics] Operating system    { type: 'Windows', name: 'Windows 10 Home', version: '10.0 (19045)' }
2025-06-04 18:46:11.864    app     info:    [analytics] Encryption available:    true
2025-06-04 18:46:11.864    app     info:    [analytics] Machine UUID    B7B2A471-C4FE-4353-880B-870CE29AC3D8
2025-06-04 18:46:11.864    app     info:    [analytics] PDM Version    2.1.4
2025-06-04 18:46:11.864    app     info:    [analytics] Release channel    release
2025-06-04 18:46:11.865    app     info:    [initializers] Shared cache directory set to    C:\Games\EVE
2025-06-04 18:46:11.871    app     info:    [initializers] Shared cache drive free space: 57.50 GiB / 237.84 GiB
2025-06-04 18:46:11.873    app     info:    [feature-flags] Initializing feature flag client
2025-06-04 18:46:11.908    app     info:    [migrations] Running file-system migrations from 202408021525 to 202408021525
2025-06-04 18:46:11.912    app     info:    [scheduler] Starting scheduler background
2025-06-04 18:46:11.934    app    error:    (node:1652) MaxListenersExceededWarning: Possible EventEmitter memory leak detected. 11 scheduler/triggered listeners added to [IpcMainImpl]. MaxListeners is 10. Use emitter.setMaxListeners() to increase limit    []
2025-06-04 18:46:11.936    app     info:    [shared-cache] Looking for eve-online profiles in 'c_games_eve_tq_tranquility'...
2025-06-04 18:46:11.952    app     info:    [shared-cache] No profiles found on disk
2025-06-04 18:46:11.978    app     info:    [analytics] Hardware rendering enabled:    true    { disabledViaCommandline: false, disabledViaSettings: true }
2025-06-04 18:46:12.004    app     info:    [first-run] Application has been run before: 2025-03-14T09:16:58.327Z
2025-06-04 18:46:12.238    app     info:    info: [LaunchDarkly] LaunchDarkly client initialized    []
2025-06-04 18:46:12.239    app     info:    info: [LaunchDarkly] Opening stream connection to https://clientstream.launchdarkly.com/eval/64c3d12e27a4b11365012d39/eyJraW5kIjoibXVsdGkiLCJsYXVuY2hlciI6eyJrZXkiOiJlZjNjMWY1Ny03NWI2LTQzNzItODQzNy1kODQ5MTJjMjgyMWUiLCJpc0ZpcnN0UnVuIjpmYWxzZSwiZGF5c1NpbmNlRmlyc3RSdW4iOjgyLCJsYW5ndWFnZSI6InJ1IiwiYXBwbGljYXRpb24iOiJldmUtb25saW5lIiwidmVyc2lvbiI6IjEuMTAuMSIsInBsYXRmb3JtIjoid2luZG93cyIsImlzR2VGb3JjZU5vdyI6ZmFsc2UsIm9zVmVyc2lvbkRlcHJlY2F0ZWQiOmZhbHNlLCJ1c2VySWRzIjpbMjM2MjI5MDMsMzEzNjc2OTEsMjM2MjI5MDMsMzEzNjc2OTFdLCJwcm9kdWN0cyI6WyJldmUtb25saW5lIl0sIm9tZWdhQ291bnQiOjAsImFscGhhQ291bnQiOjUsImFjY291bnRDb3VudCI6NSwib2xkZXN0QWNjb3VudEFnZSI6MTU3NywieW91bmdlc3RBY2NvdW50QWdlIjo3MH0sImpvdXJuZXkiOnsia2V5IjoiYjEyMjhlYTAtMzY5MC00ZDk3LWJjZmUtYmQwMjY0OGNkNTZjIiwiYW5vbnltb3VzIjp0cnVlfX0?withReasons=true    []
2025-06-04 18:46:12.242    app     info:    [feature-flags] Client ef3c1f57... ready, fetching flags
2025-06-04 18:46:12.244    app     info:    [self-update] Auto-updating is now enabled
2025-06-04 18:46:12.245    app     info:    [quasar-manager] Quasar (EPG) feature flag is enabled
2025-06-04 18:46:12.250    app     info:    [feature-flags] Received 40 flags for client ef3c1f57...
2025-06-04 18:46:12.251    app     info:    [feature-flags] Client initialized with key ef3c1f57...
2025-06-04 18:46:12.257    app     info:    [quasar-manager] Quasar (EPG) feature flag is enabled
2025-06-04 18:46:12.262    app     info:    [self-update] Configuring update feed.
2025-06-04 18:46:12.262    app     info:    [self-update] Update feed set to: https://launcher.ccpgames.com/eve-online/release/win32/x64/
2025-06-04 18:46:12.262    app     info:    [self-update] Auto-updating is now enabled
2025-06-04 18:46:12.449    app     info:    [quasar-elg-events] Event sent    type.evetech.net/eve_launcher.electron.application.LauncherStarted
2025-06-04 18:46:12.451    app     info:    [quasar-elg-events] Event sent    type.evetech.net/eve_launcher.electron.application.PdmLoaded
2025-06-04 18:46:12.452    app     info:    [quasar-elg-events] Event sent    type.evetech.net/eve_launcher.electron.application.CoreDataLoaded
2025-06-04 18:46:12.536    app     warn:    (electron) 'console-message' arguments are deprecated and will be removed. Please use Event<WebContentsConsoleMessageEventParams> object instead.    []
2025-06-04 18:46:12.562    app     info:    [quasar-elg-events] Queueing event    eve_launcher.electron.application.RendererLoaded
2025-06-04 18:46:12.562    app     info:    [quasar-elg-events] Event sent    type.evetech.net/eve_launcher.electron.application.RendererLoaded
2025-06-04 18:46:12.564    app     info:    [scheduler] Starting scheduler foreground
2025-06-04 18:46:12.594    app     info:    [newsfeed] Fetching news for eve-online in ru
2025-06-04 18:46:12.616    app     info:    [content-delivery-trace] Fetching CDN trace data from https://binaries.eveonline.com/cdn-cgi/trace
2025-06-04 18:46:12.636    app     info:    [creatives] Requesting creatives for eve-online
2025-06-04 18:46:12.639    app     info:    [authentication] Token for '31367691' on 'tranquility' is expired, refresh is required
2025-06-04 18:46:12.639    app     info:    [authentication] Refreshing token for '31367691' on 'tranquility'
2025-06-04 18:46:12.664    app     info:    [window-manager] Main window registered    { windowId: 2 }
2025-06-04 18:46:12.684    app     info:    [login-window] Creating login window using URI 'https://login.eveonline.com/account/logoff?lang=en&ReturnUrl=%2Fv2%2Foauth%2Fauthorize%3Fresponse_type%3Dcode%26client_id%3DeveLauncherTQ%26scope%3DeveClientLogin%2Bcisservice.customerRead.v1%2Bcisservice.customerWrite.v1%2Bcisservice.userProfileBasic.v1%2Bvgs.transactionRead.v1%2Bvgs.marketAccess.v1%26redirect_uri%3Dhttps%253A%252F%252Flogin.eveonline.com%252Flauncher%253Fclient_id%253DeveLauncherTQ%26state%3Dr8BqMGp5VwluBREtSrQqmarSG4UH6kbT1p-_pVQ5jZs%26code_challenge_method%3DS256%26code_challenge%3DaxAHpYFoUMSV5CIApGi3-wyhwZSuK8i5jbt8nx2DezM%26steam_ticket%3D140000002694bb538a6e9f5e1bd7f11a0100100167944068180000000100000002000000c3f85dabbe8c39e1c66f000001000000b200000032000000040000001bd7f11a0100100134210000cc82a42edd06000a000000000c3140688ce05b6801002f22020000000000cc00b2a9c485eaed298a68b68cb4fdcd5d920993bb259c655ee343fb2c256ebdbfb6a93aaeba88f9235f249fc229e3bf5c3230ddbce77bfe22d226bc3b40cbd3a28d293e1ee0514e2bd0bfafc959be51c554e56a9f896b0b75f085844f1c11872911ce3bd7785d3fd1a35b3c8a1988d8f79d3429392c34b5755b67223f9a430e'
2025-06-04 18:46:12.714     ui     info:    [i18next] Requesting missing translation ru readnought title title    ccp://launcher/renderer/main_window/index.js    2
2025-06-04 18:46:13.159    app     info:    [newsfeed] Fetched 20 news items for eve-online in ru
2025-06-04 18:46:13.190    app     info:    [jukebox] Fetched 2 jukebox playlists
2025-06-04 18:46:13.257    app     info:    [new-player-content] Resetting content as language not in response    { locale: 'tx' }
2025-06-04 18:46:13.420    app     warn:    [play-area-content] Invalid product found in play area content    { product: 'eve-frontier' }
2025-06-04 18:46:13.420    app     warn:    [play-area-content] Invalid product found in play area content    { product: 'eve-frontier' }
2025-06-04 18:46:13.421    app     warn:    [play-area-content] Invalid product found in play area content    { product: 'eve-frontier' }
2025-06-04 18:46:13.422    app     warn:    [play-area-content] Invalid product found in play area content    { product: 'eve-frontier' }
2025-06-04 18:46:13.423    app     warn:    [play-area-content] Invalid product found in play area content    { product: 'eve-frontier' }
2025-06-04 18:46:13.423    app     warn:    [play-area-content] Invalid product found in play area content    { product: 'eve-frontier' }
2025-06-04 18:46:13.424    app     warn:    [play-area-content] Invalid product found in play area content    { product: 'eve-frontier' }
2025-06-04 18:46:13.424    app     warn:    [play-area-content] Invalid product found in play area content    { product: 'eve-frontier' }
2025-06-04 18:46:13.581    app     info:    [authentication] Token for '23622903' on 'tranquility' is expired, refresh is required
2025-06-04 18:46:13.581    app     info:    [authentication] Refreshing token for '23622903' on 'tranquility'
2025-06-04 18:46:13.582    app     info:    [authentication] Token for '26239201' on 'tranquility' is expired, refresh is required
2025-06-04 18:46:13.582    app     info:    [authentication] Refreshing token for '26239201' on 'tranquility'
2025-06-04 18:46:13.582    app     info:    [authentication] Token for '29795975' on 'tranquility' is expired, refresh is required
2025-06-04 18:46:13.583    app     info:    [authentication] Refreshing token for '29795975' on 'tranquility'
2025-06-04 18:46:13.583    app     info:    [authentication] Token for '31320672' on 'tranquility' is expired, refresh is required
2025-06-04 18:46:13.583    app     info:    [authentication] Refreshing token for '31320672' on 'tranquility'
2025-06-04 18:46:13.584    app     info:    [authentication] Token for '31367691' on 'tranquility' is expired, refresh is required
2025-06-04 18:46:13.584    app     info:    [authentication] Refreshing token for '31367691' on 'tranquility'
2025-06-04 18:46:13.584    app     info:    [AuthenticationMiddleware] Refreshed 5 / 5 users for tranquility on eve-online
2025-06-04 18:46:13.596    app     info:    [server-manager] Starting refresh cycle for eve-online / Tranquility
2025-06-04 18:46:13.773    app     info:    [server-manager] Previous Tranquility build: 2866918, current build: 2929428
2025-06-04 18:46:13.780    app     info:    [quasar-elg-events] Queueing event    eve_launcher.electron.eve_client.GameClientUpdateStarted
2025-06-04 18:46:13.780    app     info:    [server-manager] Starting download of build 2929428 for Tranquility.
2025-06-04 18:46:13.794    app     info:    [quasar-elg-events] Event sent    type.evetech.net/eve_launcher.electron.eve_client.GameClientUpdateStarted
2025-06-04 18:46:14.204    app     info:    [authentication] Token for '31367691' on 'tranquility' has been successfully refreshed
2025-06-04 18:46:14.211    app     info:    [quasar-elg-events] Queueing event    eve_launcher.electron.authentication.UserTokensRefreshed
2025-06-04 18:46:14.230    app     info:    [quasar-elg-events] Event sent    type.evetech.net/eve_launcher.electron.authentication.UserTokensRefreshed
2025-06-04 18:46:14.238    app     info:    [customer-information] Getting character information for '31367691' on 'tranquility'
2025-06-04 18:46:14.239    app     info:    [customer-information] Getting Omega status for '31367691' on 'tranquility' (eve-online)
2025-06-04 18:46:14.239    app     info:    [virtual-goods] Getting Plex status for '31367691' on 'tranquility' (eve-online)
2025-06-04 18:46:14.247    app     info:    [authentication] Token for '23622903' on 'tranquility' has been successfully refreshed
2025-06-04 18:46:14.256    app     info:    [quasar-elg-events] Queueing event    eve_launcher.electron.authentication.UserTokensRefreshed
2025-06-04 18:46:14.268    app     info:    [quasar-elg-events] Event sent    type.evetech.net/eve_launcher.electron.authentication.UserTokensRefreshed
2025-06-04 18:46:14.290    app     info:    [manifest] Excluded 226 files from the manifest, leaving 0 entries
2025-06-04 18:46:14.291    app     info:    [server-manager] Downloading 0 binary files (0 B)
2025-06-04 18:46:14.295    app     warn:    [download-from-manifest] The manifest contained no entries to download    { cdn: 1 }
2025-06-04 18:46:14.303    app     info:    [download-from-manifest] Downloaded 0 files (0.00 B) in Unknown time
2025-06-04 18:46:14.304    app     info:    [download-from-manifest] Average download speed: 0.00 B/s
2025-06-04 18:46:14.318    app     info:    [quasar-elg-events] Queueing event    eve_launcher.electron.eve_client.CopyingFilesStarted
2025-06-04 18:46:14.319    app     info:    [binary-copier] Copying 226 files (378 MB) to 'C:\Games\EVE\tq'
2025-06-04 18:46:14.321    app     info:    [quasar-elg-events] Event sent    type.evetech.net/eve_launcher.electron.eve_client.CopyingFilesStarted
2025-06-04 18:46:14.414    app     info:    [binary-copier] Removing old binaries
2025-06-04 18:46:14.490    app     info:    [binary-copier] Copying binaries from ResFiles
2025-06-04 18:46:14.630    app     info:    [login-window] Navigation to login completed, receiving code & state (r8BqMGp5VwluBREtSrQqmarSG4UH6kbT1p-_pVQ5jZs)
2025-06-04 18:46:14.792    app     info:    [quasar-elg-events] Queueing event    eve_launcher.electron.authentication.UserTokensReceived
2025-06-04 18:46:14.802    app     info:    [quasar-elg-events] Event sent    type.evetech.net/eve_launcher.electron.authentication.UserTokensReceived
2025-06-04 18:46:14.814    app     info:    [quasar-elg-events] Queueing event    eve_launcher.electron.authentication.UserAuthenticated
2025-06-04 18:46:14.856    app     info:    [quasar-elg-events] Event sent    type.evetech.net/eve_launcher.electron.authentication.UserAuthenticated
2025-06-04 18:46:14.869    app     info:    [quasar-elg-events] Queueing event    eve_launcher.electron.authentication.LoginWindowClosed
2025-06-04 18:46:14.869    app     info:    [login-window] Login window with state 'r8BqMGp5VwluBREtSrQqmarSG4UH6kbT1p-_pVQ5jZs' has been closed
2025-06-04 18:46:14.870    app    error:    [login-window] Could not load the login page: 'https://login.eveonline.com/account/logoff?lang=en&ReturnUrl=%2Fv2%2Foauth%2Fauthorize%3Fresponse_type%3Dcode%26client_id%3DeveLauncherTQ%26scope%3DeveClientLogin%2Bcisservice.customerRead.v1%2Bcisservice.customerWrite.v1%2Bcisservice.userProfileBasic.v1%2Bvgs.transactionRead.v1%2Bvgs.marketAccess.v1%26redirect_uri%3Dhttps%253A%252F%252Flogin.eveonline.com%252Flauncher%253Fclient_id%253DeveLauncherTQ%26state%3Dr8BqMGp5VwluBREtSrQqmarSG4UH6kbT1p-_pVQ5jZs%26code_challenge_method%3DS256%26code_challenge%3DaxAHpYFoUMSV5CIApGi3-wyhwZSuK8i5jbt8nx2DezM%26steam_ticket%3D140000002694bb538a6e9f5e1bd7f11a0100100167944068180000000100000002000000c3f85dabbe8c39e1c66f000001000000b200000032000000040000001bd7f11a0100100134210000cc82a42edd06000a000000000c3140688ce05b6801002f22020000000000cc00b2a9c485eaed298a68b68cb4fdcd5d920993bb259c655ee343fb2c256ebdbfb6a93aaeba88f9235f249fc229e3bf5c3230ddbce77bfe22d226bc3b40cbd3a28d293e1ee0514e2bd0bfafc959be51c554e56a9f896b0b75f085844f1c11872911ce3bd7785d3fd1a35b3c8a1988d8f79d3429392c34b5755b67223f9a430e' ERR_FAILED (-2) loading 'https://login.eveonline.com/account/logoff?lang=en&ReturnUrl=%2Fv2%2Foauth%2Fauthorize%3Fresponse_type%3Dcode%26client_id%3DeveLauncherTQ%26scope%3DeveClientLogin%2Bcisservice.customerRead.v1%2Bcisservice.customerWrite.v1%2Bcisservice.userProfileBasic.v1%2Bvgs.transactionRead.v1%2Bvgs.marketAccess.v1%26redirect_uri%3Dhttps%253A%252F%252Flogin.eveonline.com%252Flauncher%253Fclient_id%253DeveLauncherTQ%26state%3Dr8BqMGp5VwluBREtSrQqmarSG4UH6kbT1p-_pVQ5jZs%26code_challenge_method%3DS256%26code_challenge%3DaxAHpYFoUMSV5CIApGi3-wyhwZSuK8i5jbt8nx2DezM%26steam_ticket%3D140000002694bb538a6e9f5e1bd7f11a0100100167944068180000000100000002000000c3f85dabbe8c39e1c66f000001000000b200000032000000040000001bd7f11a0100100134210000cc82a42edd06000a000000000c3140688ce05b6801002f22020000000000cc00b2a9c485eaed298a68b68cb4fdcd5d920993bb259c655ee343fb2c256ebdbfb6a93aaeba88f9235f249fc229e3bf5c3230ddbce77bfe22d226bc3b40cbd3a28d293e1ee0514e2bd0bfafc959be51c554e56a9f896b0b75f085844f1c11872911ce3bd7785d3fd1a35b3c8a1988d8f79d3429392c34b5755b67223f9a430e'    Error: ERR_FAILED (-2) loading 'https://login.eveonline.com/account/logoff?lang=en&ReturnUrl=%2Fv2%2Foauth%2Fauthorize%3Fresponse_type%3Dcode%26client_id%3DeveLauncherTQ%26scope%3DeveClientLogin%2Bcisservice.customerRead.v1%2Bcisservice.customerWrite.v1%2Bcisservice.userProfileBasic.v1%2Bvgs.transactionRead.v1%2Bvgs.marketAccess.v1%26redirect_uri%3Dhttps%253A%252F%252Flogin.eveonline.com%252Flauncher%253Fclient_id%253DeveLauncherTQ%26state%3Dr8BqMGp5VwluBREtSrQqmarSG4UH6kbT1p-_pVQ5jZs%26code_challenge_method%3DS256%26code_challenge%3DaxAHpYFoUMSV5CIApGi3-wyhwZSuK8i5jbt8nx2DezM%26steam_ticket%3D140000002694bb538a6e9f5e1bd7f11a0100100167944068180000000100000002000000c3f85dabbe8c39e1c66f000001000000b200000032000000040000001bd7f11a0100100134210000cc82a42edd06000a000000000c3140688ce05b6801002f22020000000000cc00b2a9c485eaed298a68b68cb4fdcd5d920993bb259c655ee343fb2c256ebdbfb6a93aaeba88f9235f249fc229e3bf5c3230ddbce77bfe22d226bc3b40cbd3a28d293e1ee0514e2bd0bfafc959be51c554e56a9f896b0b75f085844f1c11872911ce3bd7785d3fd1a35b3c8a1988d8f79d3429392c34b5755b67223f9a430e'
    at rejectAndCleanup (node:electron/js2c/browser_init:2:79523)
    at finishListener (node:electron/js2c/browser_init:2:79685)
    at WebContents.stopLoadingListener (node:electron/js2c/browser_init:2:80072)
    at WebContents.emit (node:events:530:35)
    at e.emit (C:\Program Files (x86)\Steam\steamapps\common\Eve Online\app-1.10.1\resources\app.asar\.webpack\main\index.js:8:2737360) {
  errno: -2,
  code: 'ERR_FAILED',
  url: 'https://login.eveonline.com/account/logoff?lang=en&ReturnUrl=%2Fv2%2Foauth%2Fauthorize%3Fresponse_type%3Dcode%26client_id%3DeveLauncherTQ%26scope%3DeveClientLogin%2Bcisservice.customerRead.v1%2Bcisservice.customerWrite.v1%2Bcisservice.userProfileBasic.v1%2Bvgs.transactionRead.v1%2Bvgs.marketAccess.v1%26redirect_uri%3Dhttps%253A%252F%252Flogin.eveonline.com%252Flauncher%253Fclient_id%253DeveLauncherTQ%26state%3Dr8BqMGp5VwluBREtSrQqmarSG4UH6kbT1p-_pVQ5jZs%26code_challenge_method%3DS256%26code_challenge%3DaxAHpYFoUMSV5CIApGi3-wyhwZSuK8i5jbt8nx2DezM%26steam_ticket%3D140000002694bb538a6e9f5e1bd7f11a0100100167944068180000000100000002000000c3f85dabbe8c39e1c66f000001000000b200000032000000040000001bd7f11a0100100134210000cc82a42edd06000a000000000c3140688ce05b6801002f22020000000000cc00b2a9c485eaed298a68b68cb4fdcd5d920993bb259c655ee343fb2c256ebdbfb6a93aaeba88f9235f249fc229e3bf5c3230ddbce77bfe22d226bc3b40cbd3a28d293e1ee0514e2bd0bfafc959be51c554e56a9f896b0b75f085844f1c11872911ce3bd7785d3fd1a35b3c8a1988d8f79d3429392c34b5755b67223f9a430e'
}
2025-06-04 18:46:14.873     ui     info:    Initializing captcha    ccp://launcher/renderer/main_window/index.js    2
2025-06-04 18:46:14.891    app     info:    [quasar-elg-events] Event sent    type.evetech.net/eve_launcher.electron.authentication.LoginWindowClosed
2025-06-04 18:46:14.898    app     info:    [authentication] Token for '31367691' on 'tranquility' has been successfully refreshed
2025-06-04 18:46:14.904    app     info:    [quasar-elg-events] Queueing event    eve_launcher.electron.authentication.UserTokensRefreshed
2025-06-04 18:46:14.913    app     info:    [authentication] Token for '29795975' on 'tranquility' has been successfully refreshed
2025-06-04 18:46:14.919    app     info:    [quasar-elg-events] Queueing event    eve_launcher.electron.authentication.UserTokensRefreshed
2025-06-04 18:46:14.930    app     info:    [quasar-elg-events] Event sent    type.evetech.net/eve_launcher.electron.authentication.UserTokensRefreshed
2025-06-04 18:46:14.934    app     info:    [quasar-elg-events] Event sent    type.evetech.net/eve_launcher.electron.authentication.UserTokensRefreshed
2025-06-04 18:46:14.957    app     info:    [authentication] Token for '31320672' on 'tranquility' has been successfully refreshed
2025-06-04 18:46:14.963    app     info:    [quasar-elg-events] Queueing event    eve_launcher.electron.authentication.UserTokensRefreshed
2025-06-04 18:46:14.973    app     info:    [quasar-elg-events] Event sent    type.evetech.net/eve_launcher.electron.authentication.UserTokensRefreshed
2025-06-04 18:46:14.977    app     info:    [authentication] Token for '26239201' on 'tranquility' has been successfully refreshed
2025-06-04 18:46:14.984    app     info:    [quasar-elg-events] Queueing event    eve_launcher.electron.authentication.UserTokensRefreshed
2025-06-04 18:46:14.993    app     info:    [quasar-elg-events] Event sent    type.evetech.net/eve_launcher.electron.authentication.UserTokensRefreshed
2025-06-04 18:46:14.993    app     info:    [AuthenticationMiddleware] Successfully restored 5 / 5 users
2025-06-04 18:46:15.065    app     info:    [virtual-goods] Fetched Plex status for '31367691' on 'tranquility' (eve-online) with balance: 0
2025-06-04 18:46:15.311    app     info:    [server-manager] Copying executables 131/226
2025-06-04 18:46:15.506     ui     info:    Slow network is detected. See https://www.chromestatus.com/feature/5636954674692096 for more details. Fallback font will be used while loading: https://fonts.gstatic.com/s/roboto/v18/KFOmCnqEu92Fr1Mu4mxP.ttf    https://www.gstatic.com/recaptcha/releases/GUGrl5YkSwqiWrzO3ShIKDlu/recaptcha__en.js    182
2025-06-04 18:46:15.506     ui     info:    Slow network is detected. See https://www.chromestatus.com/feature/5636954674692096 for more details. Fallback font will be used while loading: https://fonts.gstatic.com/s/roboto/v18/KFOlCnqEu92Fr1MmEU9fBBc9.ttf    https://www.gstatic.com/recaptcha/releases/GUGrl5YkSwqiWrzO3ShIKDlu/recaptcha__en.js    182
2025-06-04 18:46:15.982    app     info:    [binary-copier] Finished copying 226 files to 'C:\Games\EVE\tq' in 1.671 seconds
2025-06-04 18:46:15.988    app     info:    [quasar-elg-events] Queueing event    eve_launcher.electron.eve_client.CopyingFilesFinished
2025-06-04 18:46:15.988    app     info:    [quasar-elg-events] Event sent    type.evetech.net/eve_launcher.electron.eve_client.CopyingFilesFinished
2025-06-04 18:46:16.396    app     info:    [creatives] Received 4 creatives for eve-online
2025-06-04 18:46:16.507    app     info:    [server-manager] Downloading prefetch chunks in 496 files (5.19 GB)
2025-06-04 18:46:16.509    app     info:    [download-from-manifest] Preparing to download 496 files    { cdn: 2, concurrent: 10 }
2025-06-04 18:46:16.605    app     info:    [server-manager] Copying executables 226/226
2025-06-04 18:46:17.598    app     info:    [self-update] Checking for application updates.
2025-06-04 18:46:17.966    app     info:    [server-manager] Downloaded 500.96 kiB/4.83 GiB at 731.78 kiB/s
2025-06-04 18:46:18.964    app     info:    [server-manager] Downloaded 1.52 MiB/4.83 GiB at 1.25 MiB/s
2025-06-04 18:46:19.979    app     info:    [server-manager] Downloaded 2.18 MiB/4.83 GiB at 582.23 kiB/s
2025-06-04 18:46:21.008    app     info:    [server-manager] Downloaded 2.91 MiB/4.83 GiB at 559.13 kiB/s
2025-06-04 18:46:22.015    app     info:    [server-manager] Downloaded 3.59 MiB/4.83 GiB at 842.96 kiB/s
2025-06-04 18:46:23.141    app     info:    [server-manager] Downloaded 4.47 MiB/4.83 GiB at 897.62 kiB/s
2025-06-04 18:46:24.164    app     info:    [server-manager] Downloaded 5.35 MiB/4.83 GiB at 843.97 kiB/s
2025-06-04 18:46:25.227    app     info:    [server-manager] Downloaded 6.21 MiB/4.83 GiB at 807.19 kiB/s
2025-06-04 18:46:26.259    app     info:    [server-manager] Downloaded 7.04 MiB/4.83 GiB at 745.18 kiB/s
2025-06-04 18:46:27.268    app     info:    [server-manager] Downloaded 7.77 MiB/4.83 GiB at 823.74 kiB/s
2025-06-04 18:46:27.528    app     info:    [self-update] No application updates were found.
2025-06-04 18:46:28.292    app     info:    [server-manager] Downloaded 8.43 MiB/4.83 GiB at 470.58 kiB/s
2025-06-04 18:46:29.297    app     info:    [server-manager] Downloaded 9.05 MiB/4.83 GiB at 357.63 kiB/s
2025-06-04 18:46:30.116    app     info:    [window-manager-minimize] Main window minimized to tray    { windowId: 2 }
2025-06-04 18:46:30.167    app     info:    [window-manager-minimize] Sent notification that the application is minimized to tray    { windowId: 2 }
2025-06-04 18:46:30.178    app     info:    [scheduler] Stopped scheduler foreground
2025-06-04 18:46:30.179    app     info:    [ipc-requests] Handling requests in the background
2025-06-04 18:46:30.336    app     info:    [server-manager] Downloaded 9.70 MiB/4.83 GiB at 548.80 kiB/s
2025-06-04 18:46:31.179    app     info:    [ipc-requests] No longer handling requests in the background
2025-06-04 18:46:31.432    app     info:    [server-manager] Downloaded 10.30 MiB/4.83 GiB at 723.83 kiB/s
2025-06-04 18:46:32.496    app     info:    [server-manager] Downloaded 10.84 MiB/4.83 GiB at 701.19 kiB/s
2025-06-04 18:46:33.502    app     info:    [server-manager] Downloaded 11.55 MiB/4.83 GiB at 1.04 MiB/s
2025-06-04 18:46:34.514    app     info:    [server-manager] Downloaded 12.29 MiB/4.83 GiB at 795.23 kiB/s
2025-06-04 18:46:35.524    app     info:    [server-manager] Downloaded 13.06 MiB/4.83 GiB at 727.96 kiB/s
2025-06-04 18:46:36.572    app     info:    [server-manager] Downloaded 13.96 MiB/4.83 GiB at 878.38 kiB/s
2025-06-04 18:46:37.579    app     info:    [server-manager] Downloaded 14.81 MiB/4.83 GiB at 1.00 MiB/s
2025-06-04 18:46:38.635    app     info:    [server-manager] Downloaded 15.59 MiB/4.83 GiB at 879.12 kiB/s
2025-06-04 18:46:39.696    app     info:    [server-manager] Downloaded 16.23 MiB/4.83 GiB at 684.82 kiB/s
2025-06-04 18:46:40.896    app     info:    [server-manager] Downloaded 17.03 MiB/4.83 GiB at 579.71 kiB/s
2025-06-04 18:46:41.390    app     warn:    The connection to LogLite was refused. A LogLite server may not be running, or be listening to connections.    []
2025-06-04 18:46:41.920    app     info:    [server-manager] Downloaded 17.70 MiB/4.83 GiB at 314.34 kiB/s
2025-06-04 18:46:42.923    app     info:    [server-manager] Downloaded 18.47 MiB/4.83 GiB at 602.18 kiB/s
2025-06-04 18:46:44.041    app     info:    [server-manager] Downloaded 18.82 MiB/4.83 GiB at 556.63 kiB/s
2025-06-04 18:46:45.156    app     info:    [server-manager] Downloaded 19.44 MiB/4.83 GiB at 681.86 kiB/s
2025-06-04 18:46:46.157    app     info:    [server-manager] Downloaded 20.07 MiB/4.83 GiB at 416.00 kiB/s
2025-06-04 18:46:47.249    app     info:    [server-manager] Downloaded 20.71 MiB/4.83 GiB at 220.91 kiB/s
2025-06-04 18:46:48.265    app     info:    [server-manager] Downloaded 21.39 MiB/4.83 GiB at 781.37 kiB/s
2025-06-04 18:46:49.313    app     info:    [server-manager] Downloaded 22.10 MiB/4.83 GiB at 830.77 kiB/s
2025-06-04 18:46:50.325    app     info:    [server-manager] Downloaded 22.79 MiB/4.83 GiB at 734.53 kiB/s
2025-06-04 18:46:51.388    app     info:    [server-manager] Downloaded 23.52 MiB/4.83 GiB at 781.95 kiB/s
2025-06-04 18:46:52.400    app     info:    [server-manager] Downloaded 24.29 MiB/4.83 GiB at 280.50 kiB/s
2025-06-04 18:46:53.434    app     info:    [server-manager] Downloaded 25.05 MiB/4.83 GiB at 770.71 kiB/s
2025-06-04 18:46:54.480    app     info:    [server-manager] Downloaded 25.91 MiB/4.83 GiB at 914.50 kiB/s
2025-06-04 18:46:55.522    app     info:    [server-manager] Downloaded 26.48 MiB/4.83 GiB at 526.11 kiB/s
2025-06-04 18:46:56.609    app     info:    [server-manager] Downloaded 27.03 MiB/4.83 GiB at 857.33 kiB/s
2025-06-04 18:46:57.618    app     info:    [server-manager] Downloaded 27.53 MiB/4.83 GiB at 509.96 kiB/s
2025-06-04 18:46:58.731    app     info:    [server-manager] Downloaded 28.25 MiB/4.83 GiB at 835.82 kiB/s
2025-06-04 18:46:59.763    app     info:    [server-manager] Downloaded 29.05 MiB/4.83 GiB at 1.13 MiB/s
2025-06-04 18:47:00.794    app     info:    [server-manager] Downloaded 29.82 MiB/4.83 GiB at 1.18 MiB/s
2025-06-04 18:47:01.839    app     info:    [server-manager] Downloaded 30.65 MiB/4.83 GiB at 993.21 kiB/s
2025-06-04 18:47:02.881    app     info:    [server-manager] Downloaded 31.32 MiB/4.83 GiB at 663.03 kiB/s
2025-06-04 18:47:03.959    app     info:    [server-manager] Downloaded 32.00 MiB/4.83 GiB at 703.04 kiB/s
2025-06-04 18:47:04.966    app     info:    [server-manager] Downloaded 32.59 MiB/4.83 GiB at 552.29 kiB/s
2025-06-04 18:47:05.987    app     info:    [server-manager] Downloaded 33.29 MiB/4.83 GiB at 486.69 kiB/s
2025-06-04 18:47:07.031    app     info:    [server-manager] Downloaded 33.87 MiB/4.83 GiB at 821.29 kiB/s
2025-06-04 18:47:08.062    app     info:    [server-manager] Downloaded 34.46 MiB/4.83 GiB at 739.88 kiB/s
2025-06-04 18:47:09.083    app     info:    [server-manager] Downloaded 34.73 MiB/4.83 GiB at 322.49 kiB/s
2025-06-04 18:47:10.087    app     info:    [server-manager] Downloaded 35.15 MiB/4.83 GiB at 229.80 kiB/s
2025-06-04 18:47:11.167    app     info:    [server-manager] Downloaded 35.81 MiB/4.83 GiB at 601.98 kiB/s
2025-06-04 18:47:12.179    app     info:    [server-manager] Downloaded 36.26 MiB/4.83 GiB at 284.58 kiB/s
2025-06-04 18:47:13.230    app     info:    [server-manager] Downloaded 36.93 MiB/4.83 GiB at 700.42 kiB/s
2025-06-04 18:47:14.298    app     info:    [server-manager] Downloaded 37.62 MiB/4.83 GiB at 658.82 kiB/s
2025-06-04 18:47:15.325    app     info:    [server-manager] Downloaded 38.27 MiB/4.83 GiB at 644.27 kiB/s
2025-06-04 18:47:16.418    app     info:    [server-manager] Downloaded 38.56 MiB/4.83 GiB at 228.98 kiB/s
2025-06-04 18:47:17.422    app     info:    [server-manager] Downloaded 39.01 MiB/4.83 GiB at 411.07 kiB/s
2025-06-04 18:47:18.479    app     info:    [server-manager] Downloaded 39.63 MiB/4.83 GiB at 653.06 kiB/s
2025-06-04 18:47:19.541    app     info:    [server-manager] Downloaded 40.26 MiB/4.83 GiB at 492.75 kiB/s
2025-06-04 18:47:20.574    app     info:    [server-manager] Downloaded 41.15 MiB/4.83 GiB at 923.93 kiB/s
2025-06-04 18:47:21.583    app     info:    [server-manager] Downloaded 41.97 MiB/4.83 GiB at 853.75 kiB/s
2025-06-04 18:47:22.607    app     info:    [server-manager] Downloaded 42.98 MiB/4.83 GiB at 1.09 MiB/s
2025-06-04 18:47:23.639    app     info:    [server-manager] Downloaded 43.90 MiB/4.83 GiB at 992.00 kiB/s
2025-06-04 18:47:24.652    app     info:    [server-manager] Downloaded 44.67 MiB/4.83 GiB at 595.57 kiB/s
2025-06-04 18:47:25.671    app     info:    [server-manager] Downloaded 45.55 MiB/4.83 GiB at 798.40 kiB/s
2025-06-04 18:47:26.701    app     info:    [server-manager] Downloaded 46.38 MiB/4.83 GiB at 480.00 kiB/s
2025-06-04 18:47:27.710    app     info:    [server-manager] Downloaded 47.18 MiB/4.83 GiB at 828.69 kiB/s
2025-06-04 18:47:28.716    app     info:    [server-manager] Downloaded 47.90 MiB/4.83 GiB at 829.17 kiB/s
2025-06-04 18:47:29.739    app     info:    [server-manager] Downloaded 48.65 MiB/4.83 GiB at 606.79 kiB/s
2025-06-04 18:47:30.747    app     info:    [server-manager] Downloaded 49.35 MiB/4.83 GiB at 685.48 kiB/s
2025-06-04 18:47:31.793    app     info:    [server-manager] Downloaded 50.19 MiB/4.83 GiB at 849.71 kiB/s
2025-06-04 18:47:32.825    app     info:    [server-manager] Downloaded 50.92 MiB/4.83 GiB at 1.05 MiB/s
2025-06-04 18:47:33.831    app     info:    [server-manager] Downloaded 51.76 MiB/4.83 GiB at 712.82 kiB/s
2025-06-04 18:47:34.917    app     info:    [server-manager] Downloaded 52.77 MiB/4.83 GiB at 928.77 kiB/s
2025-06-04 18:47:35.919    app     info:    [server-manager] Downloaded 53.52 MiB/4.83 GiB at 768.00 kiB/s
2025-06-04 18:47:36.925    app     info:    [server-manager] Downloaded 54.22 MiB/4.83 GiB at 745.63 kiB/s
2025-06-04 18:47:37.985    app     info:    [server-manager] Downloaded 55.17 MiB/4.83 GiB at 863.08 kiB/s
2025-06-04 18:47:39.015    app     info:    [server-manager] Downloaded 56.09 MiB/4.83 GiB at 988.05 kiB/s
2025-06-04 18:47:40.042    app     info:    [server-manager] Downloaded 57.00 MiB/4.83 GiB at 906.44 kiB/s
2025-06-04 18:47:41.071    app     info:    [server-manager] Downloaded 57.89 MiB/4.83 GiB at 763.62 kiB/s
2025-06-04 18:47:42.102    app     info:    [server-manager] Downloaded 58.74 MiB/4.83 GiB at 853.65 kiB/s
2025-06-04 18:47:43.115    app     info:    [server-manager] Downloaded 59.60 MiB/4.83 GiB at 460.25 kiB/s
2025-06-04 18:47:44.124    app     info:    [server-manager] Downloaded 60.42 MiB/4.83 GiB at 968.01 kiB/s
2025-06-04 18:47:45.145    app     info:    [server-manager] Downloaded 61.28 MiB/4.83 GiB at 872.84 kiB/s
2025-06-04 18:47:46.198    app     info:    [server-manager] Downloaded 62.17 MiB/4.83 GiB at 714.54 kiB/s
2025-06-04 18:47:47.205    app     info:    [server-manager] Downloaded 63.03 MiB/4.83 GiB at 986.54 kiB/s
2025-06-04 18:47:48.232    app     info:    [server-manager] Downloaded 64.08 MiB/4.83 GiB at 971.33 kiB/s
2025-06-04 18:47:49.294    app     info:    [server-manager] Downloaded 65.03 MiB/4.83 GiB at 930.23 kiB/s
2025-06-04 18:47:50.330    app     info:    [server-manager] Downloaded 65.77 MiB/4.83 GiB at 661.87 kiB/s
2025-06-04 18:47:51.361    app     info:    [server-manager] Downloaded 66.29 MiB/4.83 GiB at 488.21 kiB/s
2025-06-04 18:47:52.420    app     info:    [server-manager] Downloaded 66.99 MiB/4.83 GiB at 697.75 kiB/s
2025-06-04 18:47:53.450    app     info:    [server-manager] Downloaded 67.73 MiB/4.83 GiB at 896.00 kiB/s
2025-06-04 18:47:54.483    app     info:    [server-manager] Downloaded 68.52 MiB/4.83 GiB at 699.82 kiB/s
2025-06-04 18:47:54.542    app     info:    [save-as] Retrying download of https://resources.eveonline.com/bundles/2929428/resfileindex_prefetch_2929428.txt.bundle.4 (attempt 1) Error occurred while saving file to disk 'C:\Games\EVE\ResFiles\bundles\2929428\.resfileindex_prefetch_2929428.txt.bundle.4.tmp'
Request timed out    S [SaveAsError]: Error occurred while saving file to disk 'C:\Games\EVE\ResFiles\bundles\2929428\.resfileindex_prefetch_2929428.txt.bundle.4.tmp'
Request timed out
    at S.from (C:\Program Files (x86)\Steam\steamapps\common\Eve Online\app-1.10.1\resources\app.asar\.webpack\main\index.js:8:2344035)
    at v.<anonymous> (C:\Program Files (x86)\Steam\steamapps\common\Eve Online\app-1.10.1\resources\app.asar\.webpack\main\index.js:8:1871836)
    at v.emit (node:events:518:28)
    at v.emitError (C:\Program Files (x86)\Steam\steamapps\common\Eve Online\app-1.10.1\resources\app.asar\.webpack\main\index.js:8:2668272)
    at ClientRequest.<anonymous> (C:\Program Files (x86)\Steam\steamapps\common\Eve Online\app-1.10.1\resources\app.asar\.webpack\main\index.js:8:2667225)
    at ClientRequest.emit (node:events:530:35)
    at emitErrorEvent (node:_http_client:104:11)
    at TLSSocket.socketErrorListener (node:_http_client:518:5)
    at TLSSocket.emit (node:events:518:28)
    at emitErrorNT (node:internal/streams/destroy:170:8) {
  cause: p [RequestTimeoutError]: Request timed out
      at ClientRequest.<anonymous> (C:\Program Files (x86)\Steam\steamapps\common\Eve Online\app-1.10.1\resources\app.asar\.webpack\main\index.js:8:2667365)
      at ClientRequest.emit (node:events:530:35)
      at TLSSocket.emitRequestTimeout (node:_http_client:863:9)
      at Object.onceWrapper (node:events:632:28)
      at TLSSocket.emit (node:events:530:35)
      at Socket._onTimeout (node:net:609:8)
      at listOnTimeout (node:internal/timers:594:17)
      at process.processTimers (node:internal/timers:529:7)
}
2025-06-04 18:47:55.490    app     info:    [server-manager] Downloaded 68.17 MiB/4.83 GiB at 1.73 MiB/s
2025-06-04 18:47:56.510    app     info:    [server-manager] Downloaded 69.08 MiB/4.83 GiB at 914.00 kiB/s
2025-06-04 18:47:57.519    app     info:    [server-manager] Downloaded 69.95 MiB/4.83 GiB at 891.09 kiB/s
2025-06-04 18:47:58.527    app     info:    [server-manager] Downloaded 70.84 MiB/4.83 GiB at 907.04 kiB/s
2025-06-04 18:47:59.541    app     info:    [server-manager] Downloaded 71.80 MiB/4.83 GiB at 579.59 kiB/s
2025-06-04 18:48:00.547    app     info:    [server-manager] Downloaded 72.57 MiB/4.83 GiB at 881.89 kiB/s
2025-06-04 18:48:01.580    app     info:    [server-manager] Downloaded 73.44 MiB/4.83 GiB at 890.63 kiB/s
2025-06-04 18:48:02.747    app     info:    [server-manager] Downloaded 74.47 MiB/4.83 GiB at 1.05 MiB/s
2025-06-04 18:48:03.745    app     info:    [server-manager] Downloaded 75.28 MiB/4.83 GiB at 801.99 kiB/s
2025-06-04 18:48:04.761    app     info:    [server-manager] Downloaded 76.22 MiB/4.83 GiB at 997.63 kiB/s
2025-06-04 18:48:05.792    app     info:    [server-manager] Downloaded 77.12 MiB/4.83 GiB at 832.00 kiB/s
2025-06-04 18:48:06.798    app     info:    [server-manager] Downloaded 78.02 MiB/4.83 GiB at 1.41 MiB/s
2025-06-04 18:48:07.806    app     info:    [server-manager] Downloaded 78.97 MiB/4.83 GiB at 828.81 kiB/s
2025-06-04 18:48:08.827    app     info:    [server-manager] Downloaded 79.89 MiB/4.83 GiB at 1.12 MiB/s
2025-06-04 18:48:09.859    app     info:    [server-manager] Downloaded 80.71 MiB/4.83 GiB at 789.31 kiB/s
2025-06-04 18:48:10.926    app     info:    [server-manager] Downloaded 81.55 MiB/4.83 GiB at 849.47 kiB/s
2025-06-04 18:48:11.947    app     info:    [server-manager] Downloaded 82.54 MiB/4.83 GiB at 482.13 kiB/s
2025-06-04 18:48:12.955    app     info:    [server-manager] Downloaded 83.40 MiB/4.83 GiB at 848.02 kiB/s
2025-06-04 18:48:13.982    app     info:    [server-manager] Downloaded 84.34 MiB/4.83 GiB at 908.25 kiB/s
2025-06-04 18:48:15.017    app     info:    [server-manager] Downloaded 85.28 MiB/4.83 GiB at 974.21 kiB/s
2025-06-04 18:48:16.042    app     info:    [server-manager] Downloaded 86.21 MiB/4.83 GiB at 882.47 kiB/s
2025-06-04 18:48:17.087    app     info:    [server-manager] Downloaded 87.17 MiB/4.83 GiB at 891.63 kiB/s
2025-06-04 18:48:18.139    app     info:    [server-manager] Downloaded 88.01 MiB/4.83 GiB at 632.41 kiB/s
2025-06-04 18:48:19.186    app     info:    [server-manager] Downloaded 88.93 MiB/4.83 GiB at 824.16 kiB/s
2025-06-04 18:48:20.245    app     info:    [server-manager] Downloaded 89.73 MiB/4.83 GiB at 1.00 MiB/s
2025-06-04 18:48:21.327    app     info:    [server-manager] Downloaded 90.74 MiB/4.83 GiB at 752.26 kiB/s
2025-06-04 18:48:22.396    app     info:    [server-manager] Downloaded 91.74 MiB/4.83 GiB at 925.88 kiB/s
2025-06-04 18:48:23.513    app     info:    [server-manager] Downloaded 92.70 MiB/4.83 GiB at 929.58 kiB/s
2025-06-04 18:48:24.604    app     info:    [server-manager] Downloaded 93.61 MiB/4.83 GiB at 887.30 kiB/s
2025-06-04 18:48:25.673    app     info:    [server-manager] Downloaded 94.61 MiB/4.83 GiB at 916.21 kiB/s
2025-06-04 18:48:26.690    app     info:    [server-manager] Downloaded 95.55 MiB/4.83 GiB at 976.38 kiB/s
2025-06-04 18:48:27.703    app     info:    [server-manager] Downloaded 96.46 MiB/4.83 GiB at 1.02 MiB/s
2025-06-04 18:48:28.710    app     info:    [server-manager] Downloaded 97.33 MiB/4.83 GiB at 885.38 kiB/s
2025-06-04 18:48:29.727    app     info:    [server-manager] Downloaded 98.20 MiB/4.83 GiB at 408.50 kiB/s
2025-06-04 18:48:30.735    app     info:    [server-manager] Downloaded 99.02 MiB/4.83 GiB at 965.42 kiB/s
2025-06-04 18:48:31.763    app     info:    [server-manager] Downloaded 99.92 MiB/4.83 GiB at 862.28 kiB/s
2025-06-04 18:48:32.824    app     info:    [server-manager] Downloaded 100.89 MiB/4.83 GiB at 942.74 kiB/s
2025-06-04 18:48:33.853    app     info:    [server-manager] Downloaded 101.72 MiB/4.83 GiB at 754.72 kiB/s
2025-06-04 18:48:34.868    app     info:    [server-manager] Downloaded 102.70 MiB/4.83 GiB at 1,015.87 kiB/s
2025-06-04 18:48:35.891    app     info:    [server-manager] Downloaded 103.55 MiB/4.83 GiB at 789.34 kiB/s
2025-06-04 18:48:36.921    app     info:    [server-manager] Downloaded 104.55 MiB/4.83 GiB at 1.11 MiB/s
2025-06-04 18:48:37.980    app     info:    [server-manager] Downloaded 105.47 MiB/4.83 GiB at 1.05 MiB/s
2025-06-04 18:48:38.987    app     info:    [server-manager] Downloaded 106.34 MiB/4.83 GiB at 792.08 kiB/s
2025-06-04 18:48:40.012    app     info:    [server-manager] Downloaded 107.10 MiB/4.83 GiB at 691.63 kiB/s
2025-06-04 18:48:41.049    app     info:    [server-manager] Downloaded 107.94 MiB/4.83 GiB at 814.91 kiB/s
2025-06-04 18:48:42.081    app     info:    [server-manager] Downloaded 108.88 MiB/4.83 GiB at 902.26 kiB/s
2025-06-04 18:48:43.105    app     info:    [server-manager] Downloaded 109.74 MiB/4.83 GiB at 825.20 kiB/s
2025-06-04 18:48:44.139    app     info:    [server-manager] Downloaded 110.62 MiB/4.83 GiB at 866.60 kiB/s
2025-06-04 18:48:45.204    app     info:    [server-manager] Downloaded 111.50 MiB/4.83 GiB at 950.19 kiB/s
2025-06-04 18:48:46.219    app     info:    [server-manager] Downloaded 112.36 MiB/4.83 GiB at 983.39 kiB/s
2025-06-04 18:48:47.264    app     info:    [server-manager] Downloaded 113.24 MiB/4.83 GiB at 917.78 kiB/s
2025-06-04 18:48:48.272    app     info:    [server-manager] Downloaded 114.21 MiB/4.83 GiB at 950.12 kiB/s
2025-06-04 18:48:49.325    app     info:    [server-manager] Downloaded 115.09 MiB/4.83 GiB at 966.59 kiB/s
2025-06-04 18:48:50.372    app     info:    [server-manager] Downloaded 116.02 MiB/4.83 GiB at 838.83 kiB/s
2025-06-04 18:48:51.395    app     info:    [server-manager] Downloaded 116.86 MiB/4.83 GiB at 938.37 kiB/s
2025-06-04 18:48:52.402    app     info:    [server-manager] Downloaded 117.77 MiB/4.83 GiB at 903.30 kiB/s
2025-06-04 18:48:53.429    app     info:    [server-manager] Downloaded 118.68 MiB/4.83 GiB at 978.30 kiB/s
2025-06-04 18:48:54.461    app     info:    [server-manager] Downloaded 119.42 MiB/4.83 GiB at 790.51 kiB/s
2025-06-04 18:48:55.542    app     info:    [server-manager] Downloaded 120.40 MiB/4.83 GiB at 975.52 kiB/s
2025-06-04 18:48:56.578    app     info:    [server-manager] Downloaded 121.36 MiB/4.83 GiB at 953.51 kiB/s
2025-06-04 18:48:57.585    app     info:    [server-manager] Downloaded 122.25 MiB/4.83 GiB at 926.15 kiB/s
2025-06-04 18:48:58.613    app     info:    [server-manager] Downloaded 123.04 MiB/4.83 GiB at 1.18 MiB/s
2025-06-04 18:48:59.635    app     info:    [server-manager] Downloaded 123.83 MiB/4.83 GiB at 779.35 kiB/s
2025-06-04 18:49:00.642    app     info:    [server-manager] Downloaded 124.68 MiB/4.83 GiB at 1.00 MiB/s
2025-06-04 18:49:01.675    app     info:    [server-manager] Downloaded 125.58 MiB/4.83 GiB at 896.70 kiB/s
2025-06-04 18:49:02.713    app     info:    [server-manager] Downloaded 126.42 MiB/4.83 GiB at 792.08 kiB/s
2025-06-04 18:49:03.759    app     info:    [server-manager] Downloaded 127.28 MiB/4.83 GiB at 762.77 kiB/s
2025-06-04 18:49:04.803    app     info:    [server-manager] Downloaded 128.10 MiB/4.83 GiB at 904.25 kiB/s
2025-06-04 18:49:05.822    app     info:    [server-manager] Downloaded 128.93 MiB/4.83 GiB at 864.00 kiB/s
2025-06-04 18:49:06.830    app     info:    [server-manager] Downloaded 129.80 MiB/4.83 GiB at 1.07 MiB/s
2025-06-04 18:49:07.873    app     info:    [server-manager] Downloaded 130.74 MiB/4.83 GiB at 803.09 kiB/s
2025-06-04 18:49:08.897    app     info:    [server-manager] Downloaded 131.61 MiB/4.83 GiB at 998.26 kiB/s
2025-06-04 18:49:09.927    app     info:    [server-manager] Downloaded 132.30 MiB/4.83 GiB at 675.71 kiB/s
2025-06-04 18:49:10.964    app     info:    [server-manager] Downloaded 133.23 MiB/4.83 GiB at 933.04 kiB/s
2025-06-04 18:49:11.980    app     info:    [server-manager] Downloaded 133.95 MiB/4.83 GiB at 885.69 kiB/s
2025-06-04 18:49:13.000    app     info:    [server-manager] Downloaded 134.56 MiB/4.83 GiB at 599.61 kiB/s
2025-06-04 18:49:14.011    app     info:    [server-manager] Downloaded 135.32 MiB/4.83 GiB at 766.47 kiB/s
2025-06-04 18:49:15.016    app     info:    [server-manager] Downloaded 136.16 MiB/4.83 GiB at 894.21 kiB/s
2025-06-04 18:49:16.043    app     info:    [server-manager] Downloaded 136.96 MiB/4.83 GiB at 828.93 kiB/s
2025-06-04 18:49:17.042    app     info:    [server-manager] Downloaded 137.80 MiB/4.83 GiB at 798.40 kiB/s
2025-06-04 18:49:18.074    app     info:    [server-manager] Downloaded 138.73 MiB/4.83 GiB at 1,017.89 kiB/s
2025-06-04 18:49:19.107    app     info:    [server-manager] Downloaded 139.65 MiB/4.83 GiB at 829.17 kiB/s
2025-06-04 18:49:20.114    app     info:    [server-manager] Downloaded 140.51 MiB/4.83 GiB at 815.49 kiB/s
2025-06-04 18:49:21.147    app     info:    [server-manager] Downloaded 141.16 MiB/4.83 GiB at 661.42 kiB/s
2025-06-04 18:49:22.202    app     info:    [server-manager] Downloaded 141.79 MiB/4.83 GiB at 611.85 kiB/s
2025-06-04 18:49:23.268    app     info:    [server-manager] Downloaded 142.32 MiB/4.83 GiB at 469.86 kiB/s
2025-06-04 18:49:24.273    app     info:    [server-manager] Downloaded 142.99 MiB/4.83 GiB at 700.95 kiB/s
2025-06-04 18:49:25.353    app     info:    [server-manager] Downloaded 143.68 MiB/4.83 GiB at 1,022.26 kiB/s
2025-06-04 18:49:26.359    app     info:    [server-manager] Downloaded 144.30 MiB/4.83 GiB at 568.05 kiB/s
2025-06-04 18:49:27.389    app     info:    [server-manager] Downloaded 144.99 MiB/4.83 GiB at 331.59 kiB/s
2025-06-04 18:49:28.418    app     info:    [server-manager] Downloaded 145.80 MiB/4.83 GiB at 748.65 kiB/s
2025-06-04 18:49:29.433    app     info:    [server-manager] Downloaded 146.58 MiB/4.83 GiB at 841.39 kiB/s
2025-06-04 18:49:30.525    app     info:    [server-manager] Downloaded 147.28 MiB/4.83 GiB at 950.19 kiB/s
2025-06-04 18:49:31.557    app     info:    [server-manager] Downloaded 148.03 MiB/4.83 GiB at 784.31 kiB/s
2025-06-04 18:49:32.585    app     info:    [server-manager] Downloaded 148.66 MiB/4.83 GiB at 489.51 kiB/s
2025-06-04 18:49:33.617    app     info:    [server-manager] Downloaded 149.11 MiB/4.83 GiB at 260.87 kiB/s
2025-06-04 18:49:34.699    app     info:    [server-manager] Downloaded 149.64 MiB/4.83 GiB at 807.41 kiB/s
2025-06-04 18:49:35.707    app     info:    [server-manager] Downloaded 150.23 MiB/4.83 GiB at 598.20 kiB/s
2025-06-04 18:49:36.823    app     info:    [server-manager] Downloaded 150.71 MiB/4.83 GiB at 457.14 kiB/s
2025-06-04 18:49:37.828    app     info:    [server-manager] Downloaded 151.45 MiB/4.83 GiB at 339.63 kiB/s
2025-06-04 18:49:38.833    app     info:    [server-manager] Downloaded 152.21 MiB/4.83 GiB at 764.21 kiB/s
2025-06-04 18:49:39.863    app     info:    [server-manager] Downloaded 153.06 MiB/4.83 GiB at 876.85 kiB/s
2025-06-04 18:49:40.894    app     info:    [server-manager] Downloaded 153.89 MiB/4.83 GiB at 722.99 kiB/s
2025-06-04 18:49:41.925    app     info:    [server-manager] Downloaded 154.62 MiB/4.83 GiB at 743.19 kiB/s
2025-06-04 18:49:42.951    app     info:    [server-manager] Downloaded 155.21 MiB/4.83 GiB at 694.28 kiB/s
2025-06-04 18:49:43.980    app     info:    [server-manager] Downloaded 155.98 MiB/4.83 GiB at 822.67 kiB/s
2025-06-04 18:49:44.995    app     info:    [server-manager] Downloaded 156.72 MiB/4.83 GiB at 662.72 kiB/s
2025-06-04 18:49:46.022    app     info:    [server-manager] Downloaded 157.44 MiB/4.83 GiB at 847.22 kiB/s
2025-06-04 18:49:47.073    app     info:    [server-manager] Downloaded 158.08 MiB/4.83 GiB at 659.53 kiB/s
2025-06-04 18:49:48.108    app     info:    [server-manager] Downloaded 158.68 MiB/4.83 GiB at 574.67 kiB/s
2025-06-04 18:49:49.167    app     info:    [server-manager] Downloaded 159.53 MiB/4.83 GiB at 1.20 MiB/s
2025-06-04 18:49:50.175    app     info:    [server-manager] Downloaded 160.17 MiB/4.83 GiB at 760.40 kiB/s
2025-06-04 18:49:51.205    app     info:    [server-manager] Downloaded 160.80 MiB/4.83 GiB at 559.95 kiB/s
2025-06-04 18:49:52.224    app     info:    [server-manager] Downloaded 161.42 MiB/4.83 GiB at 702.59 kiB/s
2025-06-04 18:49:53.233    app     info:    [server-manager] Downloaded 162.16 MiB/4.83 GiB at 759.80 kiB/s
2025-06-04 18:49:54.261    app     info:    [server-manager] Downloaded 163.04 MiB/4.83 GiB at 1.39 MiB/s
2025-06-04 18:49:55.269    app     info:    [server-manager] Downloaded 163.83 MiB/4.83 GiB at 829.68 kiB/s
2025-06-04 18:49:56.294    app     info:    [server-manager] Downloaded 164.56 MiB/4.83 GiB at 894.21 kiB/s
2025-06-04 18:49:57.301    app     info:    [server-manager] Downloaded 165.33 MiB/4.83 GiB at 782.68 kiB/s
2025-06-04 18:49:58.324    app     info:    [server-manager] Downloaded 166.15 MiB/4.83 GiB at 808.67 kiB/s
2025-06-04 18:49:59.330    app     info:    [server-manager] Downloaded 167.01 MiB/4.83 GiB at 826.07 kiB/s
2025-06-04 18:50:00.337    app     info:    [server-manager] Downloaded 167.78 MiB/4.83 GiB at 873.64 kiB/s
2025-06-04 18:50:01.354    app     info:    [server-manager] Downloaded 168.56 MiB/4.83 GiB at 384.00 kiB/s
2025-06-04 18:50:02.360    app     info:    [server-manager] Downloaded 169.39 MiB/4.83 GiB at 992.05 kiB/s
2025-06-04 18:50:03.402    app     info:    [server-manager] Downloaded 170.11 MiB/4.83 GiB at 843.19 kiB/s
2025-06-04 18:50:04.419    app     info:    [server-manager] Downloaded 170.92 MiB/4.83 GiB at 957.38 kiB/s
2025-06-04 18:50:05.455    app     info:    [server-manager] Downloaded 171.86 MiB/4.83 GiB at 866.76 kiB/s
2025-06-04 18:50:06.479    app     info:    [server-manager] Downloaded 172.63 MiB/4.83 GiB at 1.13 MiB/s
2025-06-04 18:50:07.485    app     info:    [server-manager] Downloaded 173.46 MiB/4.83 GiB at 849.98 kiB/s
2025-06-04 18:50:08.514    app     info:    [server-manager] Downloaded 174.28 MiB/4.83 GiB at 855.45 kiB/s
2025-06-04 18:50:09.522    app     info:    [server-manager] Downloaded 175.09 MiB/4.83 GiB at 760.40 kiB/s
2025-06-04 18:50:10.542    app     info:    [server-manager] Downloaded 175.95 MiB/4.83 GiB at 833.98 kiB/s
2025-06-04 18:50:11.574    app     info:    [server-manager] Downloaded 176.80 MiB/4.83 GiB at 1,009.81 kiB/s
2025-06-04 18:50:12.586    app     info:    [server-manager] Downloaded 177.58 MiB/4.83 GiB at 1.09 MiB/s
2025-06-04 18:50:13.605    app     info:    [server-manager] Downloaded 178.38 MiB/4.83 GiB at 988.52 kiB/s
2025-06-04 18:50:14.636    app     info:    [server-manager] Downloaded 179.31 MiB/4.83 GiB at 1.25 MiB/s
2025-06-04 18:50:15.643    app     info:    [server-manager] Downloaded 180.23 MiB/4.83 GiB at 885.38 kiB/s
2025-06-04 18:50:16.656    app     info:    [server-manager] Downloaded 180.91 MiB/4.83 GiB at 754.42 kiB/s
2025-06-04 18:50:17.679    app     info:    [server-manager] Downloaded 181.77 MiB/4.83 GiB at 848.01 kiB/s
2025-06-04 18:50:18.734    app     info:    [server-manager] Downloaded 182.66 MiB/4.83 GiB at 786.80 kiB/s
2025-06-04 18:50:19.761    app     info:    [server-manager] Downloaded 183.41 MiB/4.83 GiB at 807.41 kiB/s
2025-06-04 18:50:20.800    app     info:    [server-manager] Downloaded 184.40 MiB/4.83 GiB at 909.49 kiB/s
2025-06-04 18:50:21.826    app     info:    [server-manager] Downloaded 185.26 MiB/4.83 GiB at 966.77 kiB/s
2025-06-04 18:50:22.856    app     info:    [server-manager] Downloaded 186.02 MiB/4.83 GiB at 579.05 kiB/s
2025-06-04 18:50:23.860    app     info:    [server-manager] Downloaded 186.77 MiB/4.83 GiB at 784.31 kiB/s
2025-06-04 18:50:24.899    app     info:    [server-manager] Downloaded 187.53 MiB/4.83 GiB at 856.59 kiB/s
2025-06-04 18:50:25.920    app     info:    [server-manager] Downloaded 188.43 MiB/4.83 GiB at 777.14 kiB/s
2025-06-04 18:50:26.926    app     info:    [server-manager] Downloaded 189.28 MiB/4.83 GiB at 908.00 kiB/s
2025-06-04 18:50:27.955    app     info:    [server-manager] Downloaded 190.22 MiB/4.83 GiB at 984.57 kiB/s
2025-06-04 18:50:28.990    app     info:    [server-manager] Downloaded 190.95 MiB/4.83 GiB at 735.04 kiB/s
2025-06-04 18:50:30.021    app     info:    [server-manager] Downloaded 191.66 MiB/4.83 GiB at 625.76 kiB/s
2025-06-04 18:50:31.073    app     info:    [server-manager] Downloaded 192.55 MiB/4.83 GiB at 860.56 kiB/s
2025-06-04 18:50:32.112    app     info:    [server-manager] Downloaded 193.36 MiB/4.83 GiB at 1.18 MiB/s
2025-06-04 18:50:33.117    app     info:    [server-manager] Downloaded 193.97 MiB/4.83 GiB at 399.23 kiB/s
2025-06-04 18:50:34.145    app     info:    [server-manager] Downloaded 194.76 MiB/4.83 GiB at 933.88 kiB/s
2025-06-04 18:50:35.200    app     info:    [server-manager] Downloaded 195.48 MiB/4.83 GiB at 763.42 kiB/s
2025-06-04 18:50:36.230    app     info:    [server-manager] Downloaded 196.39 MiB/4.83 GiB at 1.41 MiB/s
2025-06-04 18:50:37.230    app     info:    [server-manager] Downloaded 197.18 MiB/4.83 GiB at 868.38 kiB/s
2025-06-04 18:50:38.260    app     info:    [server-manager] Downloaded 198.11 MiB/4.83 GiB at 916.03 kiB/s
2025-06-04 18:50:39.277    app     info:    [server-manager] Downloaded 199.09 MiB/4.83 GiB at 954.80 kiB/s
2025-06-04 18:50:40.296    app     info:    [server-manager] Downloaded 200.03 MiB/4.83 GiB at 971.35 kiB/s
2025-06-04 18:50:41.325    app     info:    [server-manager] Downloaded 200.88 MiB/4.83 GiB at 415.17 kiB/s
2025-06-04 18:50:42.330    app     info:    [server-manager] Downloaded 201.79 MiB/4.83 GiB at 887.13 kiB/s
2025-06-04 18:50:43.356    app     info:    [server-manager] Downloaded 202.43 MiB/4.83 GiB at 969.35 kiB/s
2025-06-04 18:50:44.355    app     info:    [server-manager] Downloaded 203.39 MiB/4.83 GiB at 1.39 MiB/s
2025-06-04 18:50:45.357    app     info:    [server-manager] Downloaded 204.31 MiB/4.83 GiB at 929.10 kiB/s
2025-06-04 18:50:46.370    app     info:    [server-manager] Downloaded 205.17 MiB/4.83 GiB at 928.07 kiB/s
2025-06-04 18:50:47.457    app     info:    [server-manager] Downloaded 205.83 MiB/4.83 GiB at 587.61 kiB/s
2025-06-04 18:50:48.533    app     info:    [server-manager] Downloaded 206.58 MiB/4.83 GiB at 709.07 kiB/s
2025-06-04 18:50:49.575    app     info:    [server-manager] Downloaded 207.36 MiB/4.83 GiB at 819.62 kiB/s
2025-06-04 18:50:50.612    app     info:    [server-manager] Downloaded 208.18 MiB/4.83 GiB at 733.85 kiB/s
2025-06-04 18:50:51.644    app     info:    [server-manager] Downloaded 209.09 MiB/4.83 GiB at 858.72 kiB/s
2025-06-04 18:50:52.670    app     info:    [server-manager] Downloaded 209.84 MiB/4.83 GiB at 747.66 kiB/s
2025-06-04 18:50:53.730    app     info:    [server-manager] Downloaded 210.62 MiB/4.83 GiB at 884.21 kiB/s
2025-06-04 18:50:54.764    app     info:    [server-manager] Downloaded 211.70 MiB/4.83 GiB at 889.82 kiB/s
2025-06-04 18:50:55.769    app     info:    [server-manager] Downloaded 212.59 MiB/4.83 GiB at 608.00 kiB/s
2025-06-04 18:50:56.775    app     info:    [server-manager] Downloaded 213.46 MiB/4.83 GiB at 955.90 kiB/s
2025-06-04 18:50:57.795    app     info:    [server-manager] Downloaded 214.44 MiB/4.83 GiB at 1.07 MiB/s
2025-06-04 18:50:58.855    app     info:    [server-manager] Downloaded 215.29 MiB/4.83 GiB at 945.00 kiB/s
2025-06-04 18:50:59.855    app     info:    [server-manager] Downloaded 216.26 MiB/4.83 GiB at 872.76 kiB/s
2025-06-04 18:51:00.886    app     info:    [server-manager] Downloaded 217.11 MiB/4.83 GiB at 924.65 kiB/s
2025-06-04 18:51:01.907    app     info:    [server-manager] Downloaded 218.00 MiB/4.83 GiB at 882.13 kiB/s
2025-06-04 18:51:02.960    app     info:    [server-manager] Downloaded 218.75 MiB/4.83 GiB at 812.50 kiB/s
2025-06-04 18:51:03.980    app     info:    [server-manager] Downloaded 219.56 MiB/4.83 GiB at 806.75 kiB/s
2025-06-04 18:51:04.986    app     info:    [server-manager] Downloaded 220.42 MiB/4.83 GiB at 828.21 kiB/s
2025-06-04 18:51:06.047    app     info:    [server-manager] Downloaded 221.20 MiB/4.83 GiB at 730.04 kiB/s
2025-06-04 18:51:07.076    app     info:    [server-manager] Downloaded 222.20 MiB/4.83 GiB at 1.01 MiB/s
2025-06-04 18:51:08.105    app     info:    [server-manager] Downloaded 223.12 MiB/4.83 GiB at 933.03 kiB/s
2025-06-04 18:51:09.107    app     info:    [server-manager] Downloaded 224.03 MiB/4.83 GiB at 926.15 kiB/s
2025-06-04 18:51:10.120    app     info:    [server-manager] Downloaded 224.89 MiB/4.83 GiB at 1,014.81 kiB/s
2025-06-04 18:51:11.136    app     info:    [server-manager] Downloaded 225.90 MiB/4.83 GiB at 830.34 kiB/s
2025-06-04 18:51:12.205    app     info:    [server-manager] Downloaded 226.81 MiB/4.83 GiB at 883.63 kiB/s
2025-06-04 18:51:13.213    app     info:    [server-manager] Downloaded 227.68 MiB/4.83 GiB at 887.13 kiB/s
2025-06-04 18:51:14.244    app     info:    [server-manager] Downloaded 228.52 MiB/4.83 GiB at 892.89 kiB/s
2025-06-04 18:51:15.271    app     info:    [server-manager] Downloaded 229.43 MiB/4.83 GiB at 946.75 kiB/s
2025-06-04 18:51:16.312    app     info:    [server-manager] Downloaded 230.29 MiB/4.83 GiB at 955.68 kiB/s
2025-06-04 18:51:17.328    app     info:    [server-manager] Downloaded 231.10 MiB/4.83 GiB at 979.42 kiB/s
2025-06-04 18:51:18.341    app     info:    [server-manager] Downloaded 232.00 MiB/4.83 GiB at 860.09 kiB/s
2025-06-04 18:51:19.358    app     info:    [server-manager] Downloaded 232.82 MiB/4.83 GiB at 845.40 kiB/s
2025-06-04 18:51:20.376    app     info:    [server-manager] Downloaded 233.65 MiB/4.83 GiB at 858.85 kiB/s
2025-06-04 18:51:21.425    app     info:    [server-manager] Downloaded 234.51 MiB/4.83 GiB at 882.99 kiB/s
2025-06-04 18:51:22.457    app     info:    [server-manager] Downloaded 235.46 MiB/4.83 GiB at 1.32 MiB/s
2025-06-04 18:51:23.480    app     info:    [server-manager] Downloaded 236.39 MiB/4.83 GiB at 1,005.31 kiB/s
2025-06-04 18:51:24.512    app     info:    [server-manager] Downloaded 237.23 MiB/4.83 GiB at 1.37 MiB/s
2025-06-04 18:51:25.519    app     info:    [server-manager] Downloaded 238.15 MiB/4.83 GiB at 950.50 kiB/s
2025-06-04 18:51:26.574    app     info:    [server-manager] Downloaded 239.06 MiB/4.83 GiB at 984.62 kiB/s
2025-06-04 18:51:27.605    app     info:    [server-manager] Downloaded 239.79 MiB/4.83 GiB at 611.85 kiB/s
2025-06-04 18:51:28.636    app     info:    [server-manager] Downloaded 240.61 MiB/4.83 GiB at 894.21 kiB/s
2025-06-04 18:51:29.641    app     info:    [server-manager] Downloaded 241.44 MiB/4.83 GiB at 1,004.22 kiB/s
2025-06-04 18:51:30.669    app     info:    [server-manager] Downloaded 242.24 MiB/4.83 GiB at 769.48 kiB/s
2025-06-04 18:51:31.703    app     info:    [server-manager] Downloaded 243.15 MiB/4.83 GiB at 982.73 kiB/s
2025-06-04 18:51:32.742    app     info:    [server-manager] Downloaded 244.06 MiB/4.83 GiB at 810.51 kiB/s
2025-06-04 18:51:33.766    app     info:    [server-manager] Downloaded 244.88 MiB/4.83 GiB at 1.02 MiB/s
2025-06-04 18:51:34.795    app     info:    [server-manager] Downloaded 245.73 MiB/4.83 GiB at 838.04 kiB/s
2025-06-04 18:51:35.801    app     info:    [server-manager] Downloaded 246.69 MiB/4.83 GiB at 1.09 MiB/s
2025-06-04 18:51:36.824    app     info:    [server-manager] Downloaded 247.59 MiB/4.83 GiB at 830.34 kiB/s
2025-06-04 18:51:37.843    app     info:    [server-manager] Downloaded 248.49 MiB/4.83 GiB at 866.54 kiB/s
2025-06-04 18:51:38.889    app     info:    [server-manager] Downloaded 249.29 MiB/4.83 GiB at 795.23 kiB/s
2025-06-04 18:51:39.918    app     info:    [server-manager] Downloaded 250.22 MiB/4.83 GiB at 934.52 kiB/s
2025-06-04 18:51:40.979    app     info:    [server-manager] Downloaded 251.00 MiB/4.83 GiB at 1.06 MiB/s
2025-06-04 18:51:41.981    app     info:    [server-manager] Downloaded 251.69 MiB/4.83 GiB at 448.00 kiB/s
2025-06-04 18:51:42.988    app     info:    [server-manager] Downloaded 252.57 MiB/4.83 GiB at 728.71 kiB/s
2025-06-04 18:51:44.013    app     info:    [server-manager] Downloaded 253.42 MiB/4.83 GiB at 779.75 kiB/s
2025-06-04 18:51:45.021    app     info:    [server-manager] Downloaded 254.17 MiB/4.83 GiB at 874.50 kiB/s
2025-06-04 18:51:46.045    app     info:    [server-manager] Downloaded 254.94 MiB/4.83 GiB at 865.86 kiB/s
2025-06-04 18:51:47.073    app     info:    [server-manager] Downloaded 255.88 MiB/4.83 GiB at 830.47 kiB/s
2025-06-04 18:51:48.113    app     info:    [server-manager] Downloaded 256.80 MiB/4.83 GiB at 921.08 kiB/s
2025-06-04 18:51:49.167    app     info:    [server-manager] Downloaded 257.66 MiB/4.83 GiB at 1.13 MiB/s
2025-06-04 18:51:50.170    app     info:    [server-manager] Downloaded 258.49 MiB/4.83 GiB at 728.71 kiB/s
2025-06-04 18:51:51.228    app     info:    [server-manager] Downloaded 259.17 MiB/4.83 GiB at 692.91 kiB/s
2025-06-04 18:51:52.235    app     info:    [server-manager] Downloaded 260.05 MiB/4.83 GiB at 827.04 kiB/s
2025-06-04 18:51:53.263    app     info:    [server-manager] Downloaded 260.96 MiB/4.83 GiB at 910.65 kiB/s
2025-06-04 18:51:54.293    app     info:    [server-manager] Downloaded 261.84 MiB/4.83 GiB at 930.61 kiB/s
2025-06-04 18:51:55.299    app     info:    [server-manager] Downloaded 262.55 MiB/4.83 GiB at 666.67 kiB/s
2025-06-04 18:51:56.337    app     info:    [server-manager] Downloaded 263.42 MiB/4.83 GiB at 887.69 kiB/s
2025-06-04 18:51:57.358    app     info:    [server-manager] Downloaded 264.35 MiB/4.83 GiB at 821.93 kiB/s
2025-06-04 18:51:58.387    app     info:    [server-manager] Downloaded 265.19 MiB/4.83 GiB at 446.22 kiB/s
2025-06-04 18:51:59.395    app     info:    [server-manager] Downloaded 266.13 MiB/4.83 GiB at 883.63 kiB/s
2025-06-04 18:52:00.419    app     info:    [server-manager] Downloaded 267.01 MiB/4.83 GiB at 598.00 kiB/s
2025-06-04 18:52:01.431    app     info:    [server-manager] Downloaded 267.84 MiB/4.83 GiB at 832.37 kiB/s
2025-06-04 18:52:02.453    app     info:    [server-manager] Downloaded 268.77 MiB/4.83 GiB at 950.50 kiB/s
2025-06-04 18:52:03.483    app     info:    [server-manager] Downloaded 269.56 MiB/4.83 GiB at 480.00 kiB/s
2025-06-04 18:52:04.515    app     info:    [server-manager] Downloaded 270.43 MiB/4.83 GiB at 1.23 MiB/s
2025-06-04 18:52:05.546    app     info:    [server-manager] Downloaded 271.21 MiB/4.83 GiB at 790.00 kiB/s
2025-06-04 18:52:06.545    app     info:    [server-manager] Downloaded 271.95 MiB/4.83 GiB at 447.11 kiB/s
2025-06-04 18:52:07.555    app     info:    [server-manager] Downloaded 272.72 MiB/4.83 GiB at 990.02 kiB/s
2025-06-04 18:52:08.576    app     info:    [server-manager] Downloaded 273.60 MiB/4.83 GiB at 803.09 kiB/s
2025-06-04 18:52:09.583    app     info:    [server-manager] Downloaded 274.43 MiB/4.83 GiB at 734.75 kiB/s
2025-06-04 18:52:10.597    app     info:    [server-manager] Downloaded 275.32 MiB/4.83 GiB at 963.11 kiB/s
2025-06-04 18:52:11.609    app     info:    [server-manager] Downloaded 276.16 MiB/4.83 GiB at 855.45 kiB/s
2025-06-04 18:52:12.645    app     info:    [server-manager] Downloaded 277.05 MiB/4.83 GiB at 768.00 kiB/s
2025-06-04 18:52:13.669    app     info:    [server-manager] Downloaded 277.96 MiB/4.83 GiB at 1,011.63 kiB/s
2025-06-04 18:52:14.669    app     info:    [server-manager] Downloaded 278.84 MiB/4.83 GiB at 978.30 kiB/s
2025-06-04 18:52:15.700    app     info:    [server-manager] Downloaded 279.80 MiB/4.83 GiB at 883.10 kiB/s
2025-06-04 18:52:16.709    app     info:    [server-manager] Downloaded 280.69 MiB/4.83 GiB at 448.00 kiB/s
2025-06-04 18:52:17.763    app     info:    [server-manager] Downloaded 281.64 MiB/4.83 GiB at 982.53 kiB/s
2025-06-04 18:52:18.775    app     info:    [server-manager] Downloaded 282.58 MiB/4.83 GiB at 821.67 kiB/s
2025-06-04 18:52:19.827    app     info:    [server-manager] Downloaded 283.50 MiB/4.83 GiB at 947.41 kiB/s
2025-06-04 18:52:20.833    app     info:    [server-manager] Downloaded 284.38 MiB/4.83 GiB at 1.28 MiB/s
2025-06-04 18:52:21.856    app     info:    [server-manager] Downloaded 285.35 MiB/4.83 GiB at 416.00 kiB/s
2025-06-04 18:52:22.894    app     info:    [server-manager] Downloaded 286.02 MiB/4.83 GiB at 602.64 kiB/s
2025-06-04 18:52:23.938    app     info:    [server-manager] Downloaded 286.83 MiB/4.83 GiB at 558.14 kiB/s
2025-06-04 18:52:24.957    app     info:    [server-manager] Downloaded 287.68 MiB/4.83 GiB at 856.37 kiB/s
2025-06-04 18:52:26.015    app     info:    [server-manager] Downloaded 288.65 MiB/4.83 GiB at 863.98 kiB/s
2025-06-04 18:52:27.012    app     info:    [server-manager] Downloaded 289.55 MiB/4.83 GiB at 1.04 MiB/s
2025-06-04 18:52:28.044    app     info:    [server-manager] Downloaded 290.49 MiB/4.83 GiB at 1.36 MiB/s
2025-06-04 18:52:29.050    app     info:    [server-manager] Downloaded 291.38 MiB/4.83 GiB at 1,011.73 kiB/s
2025-06-04 18:52:30.066    app     info:    [server-manager] Downloaded 292.16 MiB/4.83 GiB at 1.27 MiB/s
2025-06-04 18:52:31.077    app     info:    [server-manager] Downloaded 293.10 MiB/4.83 GiB at 984.50 kiB/s
2025-06-04 18:52:32.085    app     info:    [server-manager] Downloaded 293.79 MiB/4.83 GiB at 611.85 kiB/s
2025-06-04 18:52:33.110    app     info:    [server-manager] Downloaded 294.53 MiB/4.83 GiB at 664.50 kiB/s
2025-06-04 18:52:34.139    app     info:    [server-manager] Downloaded 295.35 MiB/4.83 GiB at 828.69 kiB/s
2025-06-04 18:52:35.161    app     info:    [server-manager] Downloaded 296.23 MiB/4.83 GiB at 843.81 kiB/s
2025-06-04 18:52:36.198    app     info:    [server-manager] Downloaded 297.07 MiB/4.83 GiB at 1.10 MiB/s
2025-06-04 18:52:37.207    app     info:    [server-manager] Downloaded 298.02 MiB/4.83 GiB at 945.25 kiB/s
2025-06-04 18:52:38.215    app     info:    [server-manager] Downloaded 298.96 MiB/4.83 GiB at 864.71 kiB/s
2025-06-04 18:52:39.233    app     info:    [server-manager] Downloaded 299.89 MiB/4.83 GiB at 1.05 MiB/s
2025-06-04 18:52:40.273    app     info:    [server-manager] Downloaded 300.77 MiB/4.83 GiB at 843.98 kiB/s
2025-06-04 18:52:41.327    app     info:    [server-manager] Downloaded 301.75 MiB/4.83 GiB at 1.02 MiB/s
2025-06-04 18:52:42.371    app     info:    [server-manager] Downloaded 302.65 MiB/4.83 GiB at 906.25 kiB/s
2025-06-04 18:52:43.389    app     info:    [server-manager] Downloaded 303.60 MiB/4.83 GiB at 802.68 kiB/s
2025-06-04 18:52:44.420    app     info:    [server-manager] Downloaded 304.54 MiB/4.83 GiB at 926.15 kiB/s
2025-06-04 18:52:45.450    app     info:    [server-manager] Downloaded 305.45 MiB/4.83 GiB at 959.52 kiB/s
2025-06-04 18:52:46.482    app     info:    [server-manager] Downloaded 306.33 MiB/4.83 GiB at 904.48 kiB/s
2025-06-04 18:52:47.517    app     info:    [server-manager] Downloaded 307.22 MiB/4.83 GiB at 888.89 kiB/s
2025-06-04 18:52:48.545    app     info:    [server-manager] Downloaded 308.10 MiB/4.83 GiB at 921.19 kiB/s
2025-06-04 18:52:49.553    app     info:    [server-manager] Downloaded 309.07 MiB/4.83 GiB at 1,013.86 kiB/s
2025-06-04 18:52:50.575    app     info:    [server-manager] Downloaded 309.94 MiB/4.83 GiB at 383.23 kiB/s
2025-06-04 18:52:51.584    app     info:    [server-manager] Downloaded 310.83 MiB/4.83 GiB at 883.63 kiB/s
2025-06-04 18:52:52.621    app     info:    [server-manager] Downloaded 311.65 MiB/4.83 GiB at 902.72 kiB/s
2025-06-04 18:52:53.650    app     info:    [server-manager] Downloaded 312.58 MiB/4.83 GiB at 883.63 kiB/s
2025-06-04 18:52:54.670    app     info:    [server-manager] Downloaded 313.47 MiB/4.83 GiB at 440.50 kiB/s
2025-06-04 18:52:55.677    app     info:    [server-manager] Downloaded 314.40 MiB/4.83 GiB at 852.07 kiB/s
2025-06-04 18:52:56.735    app     info:    [server-manager] Downloaded 315.36 MiB/4.83 GiB at 777.57 kiB/s
2025-06-04 18:52:57.763    app     info:    [server-manager] Downloaded 316.08 MiB/4.83 GiB at 1.03 MiB/s
2025-06-04 18:52:58.769    app     info:    [server-manager] Downloaded 316.96 MiB/4.83 GiB at 919.87 kiB/s
2025-06-04 18:52:59.796    app     info:    [server-manager] Downloaded 317.68 MiB/4.83 GiB at 829.15 kiB/s
2025-06-04 18:53:00.825    app     info:    [server-manager] Downloaded 318.56 MiB/4.83 GiB at 1.12 MiB/s
2025-06-04 18:53:01.832    app     info:    [server-manager] Downloaded 319.48 MiB/4.83 GiB at 978.30 kiB/s
2025-06-04 18:53:02.864    app     info:    [server-manager] Downloaded 320.38 MiB/4.83 GiB at 960.00 kiB/s
2025-06-04 18:53:03.888    app     info:    [server-manager] Downloaded 320.97 MiB/4.83 GiB at 191.62 kiB/s
2025-06-04 18:53:04.899    app     info:    [server-manager] Downloaded 321.65 MiB/4.83 GiB at 458.87 kiB/s
2025-06-04 18:53:05.949    app     info:    [server-manager] Downloaded 322.53 MiB/4.83 GiB at 992.27 kiB/s
2025-06-04 18:53:06.960    app     info:    [server-manager] Downloaded 323.42 MiB/4.83 GiB at 804.47 kiB/s
2025-06-04 18:53:08.022    app     info:    [server-manager] Downloaded 324.32 MiB/4.83 GiB at 787.90 kiB/s
2025-06-04 18:53:09.044    app     info:    [server-manager] Downloaded 325.07 MiB/4.83 GiB at 711.46 kiB/s
2025-06-04 18:53:10.054    app     info:    [server-manager] Downloaded 325.85 MiB/4.83 GiB at 687.50 kiB/s
2025-06-04 18:53:11.076    app     info:    [server-manager] Downloaded 326.72 MiB/4.83 GiB at 861.08 kiB/s
2025-06-04 18:53:12.087    app     info:    [server-manager] Downloaded 327.58 MiB/4.83 GiB at 958.08 kiB/s
2025-06-04 18:53:13.092    app     info:    [server-manager] Downloaded 328.43 MiB/4.83 GiB at 875.60 kiB/s
2025-06-04 18:53:14.118    app     info:    [server-manager] Downloaded 329.22 MiB/4.83 GiB at 745.63 kiB/s
2025-06-04 18:53:15.145    app     info:    [server-manager] Downloaded 329.74 MiB/4.83 GiB at 563.81 kiB/s
2025-06-04 18:53:16.202    app     info:    [server-manager] Downloaded 330.32 MiB/4.83 GiB at 381.71 kiB/s
2025-06-04 18:53:17.207    app     info:    [server-manager] Downloaded 331.08 MiB/4.83 GiB at 1.11 MiB/s
2025-06-04 18:53:18.230    app     info:    [server-manager] Downloaded 331.65 MiB/4.83 GiB at 460.25 kiB/s
2025-06-04 18:53:19.235    app     info:    [server-manager] Downloaded 332.07 MiB/4.83 GiB at 421.05 kiB/s
2025-06-04 18:53:20.274    app     info:    [server-manager] Downloaded 332.64 MiB/4.83 GiB at 573.71 kiB/s
2025-06-04 18:53:21.325    app     info:    [server-manager] Downloaded 333.28 MiB/4.83 GiB at 625.46 kiB/s
2025-06-04 18:53:22.389    app     info:    [server-manager] Downloaded 334.09 MiB/4.83 GiB at 796.93 kiB/s
2025-06-04 18:53:23.396    app     info:    [server-manager] Downloaded 334.96 MiB/4.83 GiB at 944.88 kiB/s
2025-06-04 18:53:24.419    app     info:    [server-manager] Downloaded 335.87 MiB/4.83 GiB at 998.82 kiB/s
2025-06-04 18:53:25.450    app     info:    [server-manager] Downloaded 336.76 MiB/4.83 GiB at 745.55 kiB/s
2025-06-04 18:53:26.460    app     info:    [server-manager] Downloaded 337.58 MiB/4.83 GiB at 838.83 kiB/s
2025-06-04 18:53:27.489    app     info:    [server-manager] Downloaded 338.20 MiB/4.83 GiB at 544.00 kiB/s
2025-06-04 18:53:28.507    app     info:    [server-manager] Downloaded 338.98 MiB/4.83 GiB at 761.67 kiB/s
2025-06-04 18:53:29.560    app     info:    [server-manager] Downloaded 339.87 MiB/4.83 GiB at 887.19 kiB/s
2025-06-04 18:53:30.620    app     info:    [server-manager] Downloaded 340.79 MiB/4.83 GiB at 725.55 kiB/s
2025-06-04 18:53:31.674    app     info:    [server-manager] Downloaded 341.65 MiB/4.83 GiB at 903.01 kiB/s
2025-06-04 18:53:32.734    app     info:    [server-manager] Downloaded 342.50 MiB/4.83 GiB at 689.14 kiB/s
2025-06-04 18:53:33.773    app     info:    [server-manager] Downloaded 343.47 MiB/4.83 GiB at 910.25 kiB/s
2025-06-04 18:53:34.826    app     info:    [server-manager] Downloaded 344.31 MiB/4.83 GiB at 865.00 kiB/s
2025-06-04 18:53:35.857    app     info:    [server-manager] Downloaded 345.19 MiB/4.83 GiB at 826.00 kiB/s
2025-06-04 18:53:36.867    app     info:    [server-manager] Downloaded 345.91 MiB/4.83 GiB at 746.06 kiB/s
2025-06-04 18:53:37.923    app     info:    [server-manager] Downloaded 346.57 MiB/4.83 GiB at 675.32 kiB/s
2025-06-04 18:53:38.955    app     info:    [server-manager] Downloaded 347.37 MiB/4.83 GiB at 745.63 kiB/s
2025-06-04 18:53:40.014    app     info:    [server-manager] Downloaded 348.18 MiB/4.83 GiB at 1.04 MiB/s
2025-06-04 18:53:41.015    app     info:    [server-manager] Downloaded 349.06 MiB/4.83 GiB at 849.13 kiB/s
2025-06-04 18:53:42.020    app     info:    [server-manager] Downloaded 349.70 MiB/4.83 GiB at 755.91 kiB/s
2025-06-04 18:53:43.059    app     info:    [server-manager] Downloaded 350.85 MiB/4.83 GiB at 1.19 MiB/s
2025-06-04 18:53:44.108    app     info:    [server-manager] Downloaded 351.74 MiB/4.83 GiB at 1.17 MiB/s
2025-06-04 18:53:45.114    app     info:    [server-manager] Downloaded 352.61 MiB/4.83 GiB at 968.32 kiB/s
2025-06-04 18:53:46.145    app     info:    [server-manager] Downloaded 353.42 MiB/4.83 GiB at 544.00 kiB/s
2025-06-04 18:53:47.153    app     info:    [server-manager] Downloaded 354.20 MiB/4.83 GiB at 583.31 kiB/s
2025-06-04 18:53:48.177    app     info:    [server-manager] Downloaded 355.07 MiB/4.83 GiB at 887.13 kiB/s
2025-06-04 18:53:49.203    app     info:    [server-manager] Downloaded 355.85 MiB/4.83 GiB at 1,013.27 kiB/s
2025-06-04 18:53:50.235    app     info:    [server-manager] Downloaded 356.90 MiB/4.83 GiB at 1.09 MiB/s
2025-06-04 18:53:51.265    app     info:    [server-manager] Downloaded 357.69 MiB/4.83 GiB at 736.00 kiB/s
2025-06-04 18:53:52.295    app     info:    [server-manager] Downloaded 358.55 MiB/4.83 GiB at 512.00 kiB/s
2025-06-04 18:53:53.296    app     info:    [server-manager] Downloaded 359.37 MiB/4.83 GiB at 448.00 kiB/s
2025-06-04 18:53:54.303    app     info:    [server-manager] Downloaded 360.12 MiB/4.83 GiB at 697.03 kiB/s
2025-06-04 18:53:55.357    app     info:    [server-manager] Downloaded 360.88 MiB/4.83 GiB at 1.11 MiB/s
2025-06-04 18:53:56.364    app     info:    [server-manager] Downloaded 361.49 MiB/4.83 GiB at 520.08 kiB/s
2025-06-04 18:53:57.420    app     info:    [server-manager] Downloaded 362.27 MiB/4.83 GiB at 863.88 kiB/s
2025-06-04 18:53:58.427    app     info:    [server-manager] Downloaded 363.18 MiB/4.83 GiB at 909.33 kiB/s
2025-06-04 18:53:59.465    app     info:    [server-manager] Downloaded 364.09 MiB/4.83 GiB at 890.66 kiB/s
2025-06-04 18:54:00.481    app     info:    [server-manager] Downloaded 364.95 MiB/4.83 GiB at 810.92 kiB/s
2025-06-04 18:54:01.489    app     info:    [server-manager] Downloaded 365.84 MiB/4.83 GiB at 969.68 kiB/s
2025-06-04 18:54:02.501    app     info:    [server-manager] Downloaded 366.72 MiB/4.83 GiB at 964.98 kiB/s
2025-06-04 18:54:03.516    app     info:    [server-manager] Downloaded 367.56 MiB/4.83 GiB at 999.93 kiB/s
2025-06-04 18:54:04.558    app     info:    [server-manager] Downloaded 368.46 MiB/4.83 GiB at 904.91 kiB/s
2025-06-04 18:54:05.616    app     info:    [server-manager] Downloaded 369.33 MiB/4.83 GiB at 1.33 MiB/s
2025-06-04 18:54:06.650    app     info:    [server-manager] Downloaded 370.24 MiB/4.83 GiB at 1.04 MiB/s
2025-06-04 18:54:07.658    app     info:    [server-manager] Downloaded 371.02 MiB/4.83 GiB at 910.49 kiB/s
2025-06-04 18:54:08.671    app     info:    [server-manager] Downloaded 371.73 MiB/4.83 GiB at 741.31 kiB/s
2025-06-04 18:54:09.704    app     info:    [server-manager] Downloaded 372.49 MiB/4.83 GiB at 1.19 MiB/s
2025-06-04 18:54:10.702    app     info:    [server-manager] Downloaded 373.30 MiB/4.83 GiB at 928.00 kiB/s
2025-06-04 18:54:11.715    app     info:    [server-manager] Downloaded 374.12 MiB/4.83 GiB at 1.13 MiB/s
2025-06-04 18:54:12.766    app     info:    [server-manager] Downloaded 375.00 MiB/4.83 GiB at 809.01 kiB/s
2025-06-04 18:54:13.795    app     info:    [server-manager] Downloaded 375.89 MiB/4.83 GiB at 858.46 kiB/s
2025-06-04 18:54:14.802    app     info:    [server-manager] Downloaded 376.77 MiB/4.83 GiB at 820.51 kiB/s
2025-06-04 18:54:15.831    app     info:    [server-manager] Downloaded 377.56 MiB/4.83 GiB at 848.65 kiB/s
2025-06-04 18:54:16.846    app     info:    [server-manager] Downloaded 378.43 MiB/4.83 GiB at 1.00 MiB/s
2025-06-04 18:54:17.896    app     info:    [server-manager] Downloaded 379.29 MiB/4.83 GiB at 926.15 kiB/s
2025-06-04 18:54:18.928    app     info:    [server-manager] Downloaded 380.06 MiB/4.83 GiB at 804.94 kiB/s
2025-06-04 18:54:19.954    app     info:    [server-manager] Downloaded 380.85 MiB/4.83 GiB at 928.00 kiB/s
2025-06-04 18:54:20.959    app     info:    [server-manager] Downloaded 381.78 MiB/4.83 GiB at 759.93 kiB/s
2025-06-04 18:54:21.230    app     info:    [tray] Main window restored from tray    { windowId: 2 }
2025-06-04 18:54:21.248    app     info:    [scheduler] Starting scheduler foreground
2025-06-04 18:54:21.276    app     info:    [customer-information] Getting character information for '31367691' on 'tranquility'
2025-06-04 18:54:21.277    app     info:    [customer-information] Getting Omega status for '31367691' on 'tranquility' (eve-online)
2025-06-04 18:54:21.999    app     info:    [server-manager] Downloaded 382.66 MiB/4.83 GiB at 434.76 kiB/s
2025-06-04 18:54:23.045    app     info:    [server-manager] Downloaded 383.56 MiB/4.83 GiB at 1.07 MiB/s
2025-06-04 18:54:24.077    app     info:    [server-manager] Downloaded 384.38 MiB/4.83 GiB at 1.25 MiB/s
2025-06-04 18:54:24.698    app     info:    [scheduler] Stopped scheduler foreground
2025-06-04 18:54:24.700    app     info:    [ipc-requests] Handling requests in the background
2025-06-04 18:54:25.076    app     info:    [server-manager] Downloaded 385.25 MiB/4.83 GiB at 479.04 kiB/s
2025-06-04 18:54:25.700    app     info:    [ipc-requests] No longer handling requests in the background
2025-06-04 18:54:26.171    app     info:    [server-manager] Downloaded 386.03 MiB/4.83 GiB at 735.29 kiB/s
2025-06-04 18:54:26.283    app     info:    [self-update] Checking for application updates.
2025-06-04 18:54:27.204    app     info:    [server-manager] Downloaded 386.79 MiB/4.83 GiB at 376.50 kiB/s
2025-06-04 18:54:28.212    app     info:    [server-manager] Downloaded 387.46 MiB/4.83 GiB at 724.41 kiB/s
2025-06-04 18:54:29.235    app     info:    [server-manager] Downloaded 388.26 MiB/4.83 GiB at 716.13 kiB/s
2025-06-04 18:54:30.240    app     info:    [server-manager] Downloaded 388.89 MiB/4.83 GiB at 541.83 kiB/s
2025-06-04 18:54:31.045    app     info:    [self-update] No application updates were found.
2025-06-04 18:54:31.260    app     info:    [server-manager] Downloaded 389.68 MiB/4.83 GiB at 724.41 kiB/s
2025-06-04 18:54:32.320    app     info:    [server-manager] Downloaded 390.51 MiB/4.83 GiB at 877.51 kiB/s
2025-06-04 18:54:33.335    app     info:    [server-manager] Downloaded 391.38 MiB/4.83 GiB at 887.13 kiB/s
2025-06-04 18:54:34.357    app     info:    [server-manager] Downloaded 392.27 MiB/4.83 GiB at 734.07 kiB/s
2025-06-04 18:54:35.364    app     info:    [server-manager] Downloaded 393.15 MiB/4.83 GiB at 760.40 kiB/s
2025-06-04 18:54:36.391    app     info:    [server-manager] Downloaded 394.02 MiB/4.83 GiB at 894.03 kiB/s
2025-06-04 18:54:37.399    app     info:    [server-manager] Downloaded 394.96 MiB/4.83 GiB at 1.02 MiB/s
2025-06-04 18:54:38.427    app     info:    [server-manager] Downloaded 395.88 MiB/4.83 GiB at 871.02 kiB/s
2025-06-04 18:54:39.437    app     info:    [server-manager] Downloaded 396.77 MiB/4.83 GiB at 942.12 kiB/s
2025-06-04 18:54:40.464    app     info:    [server-manager] Downloaded 397.63 MiB/4.83 GiB at 848.72 kiB/s
2025-06-04 18:54:41.484    app     info:    [server-manager] Downloaded 398.55 MiB/4.83 GiB at 1.37 MiB/s
2025-06-04 18:54:42.490    app     info:    [server-manager] Downloaded 399.49 MiB/4.83 GiB at 966.04 kiB/s
2025-06-04 18:54:43.525    app     info:    [server-manager] Downloaded 400.36 MiB/4.83 GiB at 1.21 MiB/s
2025-06-04 18:54:44.544    app     info:    [server-manager] Downloaded 401.26 MiB/4.83 GiB at 918.81 kiB/s
2025-06-04 18:54:45.580    app     info:    [server-manager] Downloaded 402.17 MiB/4.83 GiB at 826.00 kiB/s
2025-06-04 18:54:46.585    app     info:    [server-manager] Downloaded 403.00 MiB/4.83 GiB at 796.36 kiB/s
2025-06-04 18:54:47.610    app     info:    [server-manager] Downloaded 403.90 MiB/4.83 GiB at 906.44 kiB/s
2025-06-04 18:54:48.641    app     info:    [server-manager] Downloaded 404.80 MiB/4.83 GiB at 907.49 kiB/s
2025-06-04 18:54:49.674    app     info:    [server-manager] Downloaded 405.68 MiB/4.83 GiB at 448.00 kiB/s
2025-06-04 18:54:50.702    app     info:    [server-manager] Downloaded 406.53 MiB/4.83 GiB at 832.00 kiB/s
2025-06-04 18:54:51.741    app     info:    [server-manager] Downloaded 407.44 MiB/4.83 GiB at 824.80 kiB/s
2025-06-04 18:54:52.767    app     info:    [server-manager] Downloaded 408.34 MiB/4.83 GiB at 936.51 kiB/s
2025-06-04 18:54:53.798    app     info:    [server-manager] Downloaded 409.29 MiB/4.83 GiB at 971.54 kiB/s
2025-06-04 18:54:54.830    app     info:    [server-manager] Downloaded 410.18 MiB/4.83 GiB at 786.21 kiB/s
2025-06-04 18:54:55.233    app     warn:    Retrying request to https://launcher.eveonline.com (1) Request error when calling 'https://launcher.eveonline.com'
getaddrinfo ENOTFOUND launcher.eveonline.com    h [RequestError]: Request error when calling 'https://launcher.eveonline.com'
getaddrinfo ENOTFOUND launcher.eveonline.com
    at h.from (C:\Program Files (x86)\Steam\steamapps\common\Eve Online\app-1.10.1\resources\app.asar\.webpack\main\index.js:8:2664406)
    at ClientRequest.<anonymous> (C:\Program Files (x86)\Steam\steamapps\common\Eve Online\app-1.10.1\resources\app.asar\.webpack\main\index.js:8:2667255)
    at ClientRequest.emit (node:events:518:28)
    at emitErrorEvent (node:_http_client:104:11)
    at TLSSocket.socketErrorListener (node:_http_client:518:5)
    at TLSSocket.emit (node:events:518:28)
    at emitErrorNT (node:internal/streams/destroy:170:8)
    at emitErrorCloseNT (node:internal/streams/destroy:129:3)
    at process.processTicksAndRejections (node:internal/process/task_queues:90:21) {
  errno: -3008,
  code: 'ENOTFOUND',
  syscall: 'getaddrinfo',
  hostname: 'launcher.eveonline.com'
}
2025-06-04 18:54:55.839    app     info:    [server-manager] Downloaded 410.85 MiB/4.83 GiB at 563.22 kiB/s
2025-06-04 18:54:56.865    app     info:    [server-manager] Downloaded 411.82 MiB/4.83 GiB at 845.40 kiB/s
2025-06-04 18:54:57.890    app     info:    [server-manager] Downloaded 412.61 MiB/4.83 GiB at 945.13 kiB/s
2025-06-04 18:54:58.924    app     info:    [server-manager] Downloaded 413.65 MiB/4.83 GiB at 1.09 MiB/s
2025-06-04 18:54:59.932    app     info:    [server-manager] Downloaded 414.57 MiB/4.83 GiB at 1.03 MiB/s
2025-06-04 18:55:00.955    app     info:    [server-manager] Downloaded 415.34 MiB/4.83 GiB at 744.19 kiB/s
2025-06-04 18:55:01.989    app     info:    [server-manager] Downloaded 416.14 MiB/4.83 GiB at 865.55 kiB/s
2025-06-04 18:55:03.015    app     info:    [server-manager] Downloaded 417.02 MiB/4.83 GiB at 741.31 kiB/s
2025-06-04 18:55:04.084    app     info:    [server-manager] Downloaded 417.89 MiB/4.83 GiB at 868.68 kiB/s
2025-06-04 18:55:05.112    app     info:    [server-manager] Downloaded 418.43 MiB/4.83 GiB at 476.19 kiB/s
2025-06-04 18:55:06.138    app     info:    [server-manager] Downloaded 419.39 MiB/4.83 GiB at 877.54 kiB/s
2025-06-04 18:55:07.169    app     info:    [server-manager] Downloaded 420.30 MiB/4.83 GiB at 866.65 kiB/s
2025-06-04 18:55:08.203    app     info:    [server-manager] Downloaded 421.07 MiB/4.83 GiB at 757.58 kiB/s
2025-06-04 18:55:09.211    app     info:    [server-manager] Downloaded 421.97 MiB/4.83 GiB at 944.16 kiB/s
2025-06-04 18:55:10.233    app     info:    [server-manager] Downloaded 422.93 MiB/4.83 GiB at 992.00 kiB/s
2025-06-04 18:55:11.247    app     info:    [server-manager] Downloaded 423.75 MiB/4.83 GiB at 847.81 kiB/s
2025-06-04 18:55:12.275    app     info:    [server-manager] Downloaded 424.74 MiB/4.83 GiB at 815.69 kiB/s
2025-06-04 18:55:13.297    app     info:    [server-manager] Downloaded 425.70 MiB/4.83 GiB at 976.65 kiB/s
2025-06-04 18:55:14.359    app     info:    [server-manager] Downloaded 426.60 MiB/4.83 GiB at 864.00 kiB/s
2025-06-04 18:55:15.396    app     info:    [server-manager] Downloaded 427.51 MiB/4.83 GiB at 862.28 kiB/s
2025-06-04 18:55:16.425    app     info:    [server-manager] Downloaded 428.40 MiB/4.83 GiB at 1,012.08 kiB/s
2025-06-04 18:55:17.435    app     info:    [server-manager] Downloaded 429.31 MiB/4.83 GiB at 978.30 kiB/s
2025-06-04 18:55:18.453    app     info:    [server-manager] Downloaded 430.21 MiB/4.83 GiB at 881.89 kiB/s
2025-06-04 18:55:19.491    app     info:    [server-manager] Downloaded 431.13 MiB/4.83 GiB at 818.90 kiB/s
2025-06-04 18:55:20.515    app     info:    [server-manager] Downloaded 432.04 MiB/4.83 GiB at 872.82 kiB/s
2025-06-04 18:55:21.544    app     info:    [server-manager] Downloaded 432.94 MiB/4.83 GiB at 536.50 kiB/s
2025-06-04 18:55:22.552    app     info:    [server-manager] Downloaded 433.81 MiB/4.83 GiB at 893.35 kiB/s
2025-06-04 18:55:23.560    app     info:    [server-manager] Downloaded 434.77 MiB/4.83 GiB at 911.59 kiB/s
2025-06-04 18:55:24.577    app     info:    [server-manager] Downloaded 435.63 MiB/4.83 GiB at 840.89 kiB/s
2025-06-04 18:55:25.584    app     info:    [server-manager] Downloaded 436.52 MiB/4.83 GiB at 736.00 kiB/s
2025-06-04 18:55:26.613    app     info:    [server-manager] Downloaded 437.49 MiB/4.83 GiB at 999.10 kiB/s
2025-06-04 18:55:27.647    app     info:    [server-manager] Downloaded 438.27 MiB/4.83 GiB at 816.64 kiB/s
2025-06-04 18:55:28.677    app     info:    [server-manager] Downloaded 439.01 MiB/4.83 GiB at 702.26 kiB/s
2025-06-04 18:55:29.704    app     info:    [server-manager] Downloaded 439.89 MiB/4.83 GiB at 352.00 kiB/s
2025-06-04 18:55:30.714    app     info:    [server-manager] Downloaded 440.76 MiB/4.83 GiB at 900.00 kiB/s
2025-06-04 18:55:31.754    app     info:    [server-manager] Downloaded 441.69 MiB/4.83 GiB at 842.11 kiB/s
2025-06-04 18:55:32.803    app     info:    [server-manager] Downloaded 442.56 MiB/4.83 GiB at 761.90 kiB/s
2025-06-04 18:55:33.817    app     info:    [server-manager] Downloaded 443.24 MiB/4.83 GiB at 730.20 kiB/s
2025-06-04 18:55:34.941    app     info:    [server-manager] Downloaded 444.12 MiB/4.83 GiB at 819.69 kiB/s
2025-06-04 18:55:35.956    app     info:    [server-manager] Downloaded 444.97 MiB/4.83 GiB at 833.53 kiB/s
2025-06-04 18:55:36.988    app     info:    [server-manager] Downloaded 445.78 MiB/4.83 GiB at 795.23 kiB/s
2025-06-04 18:55:37.997    app     info:    [server-manager] Downloaded 446.63 MiB/4.83 GiB at 936.15 kiB/s
2025-06-04 18:55:39.018    app     info:    [server-manager] Downloaded 447.56 MiB/4.83 GiB at 905.66 kiB/s
2025-06-04 18:55:40.078    app     info:    [server-manager] Downloaded 448.42 MiB/4.83 GiB at 958.08 kiB/s
2025-06-04 18:55:41.087    app     info:    [server-manager] Downloaded 449.37 MiB/4.83 GiB at 824.43 kiB/s
2025-06-04 18:55:42.116    app     info:    [server-manager] Downloaded 450.30 MiB/4.83 GiB at 859.66 kiB/s
2025-06-04 18:55:43.123    app     info:    [server-manager] Downloaded 451.18 MiB/4.83 GiB at 958.58 kiB/s
2025-06-04 18:55:44.141    app     info:    [server-manager] Downloaded 452.12 MiB/4.83 GiB at 935.67 kiB/s
2025-06-04 18:55:45.177    app     info:    [server-manager] Downloaded 453.02 MiB/4.83 GiB at 839.82 kiB/s
2025-06-04 18:55:46.183    app     info:    [server-manager] Downloaded 453.87 MiB/4.83 GiB at 871.64 kiB/s
2025-06-04 18:55:47.211    app     info:    [server-manager] Downloaded 454.77 MiB/4.83 GiB at 935.00 kiB/s
2025-06-04 18:55:48.237    app     info:    [server-manager] Downloaded 455.65 MiB/4.83 GiB at 960.42 kiB/s
2025-06-04 18:55:49.263    app     info:    [server-manager] Downloaded 456.62 MiB/4.83 GiB at 1,008.54 kiB/s
2025-06-04 18:55:50.276    app     info:    [server-manager] Downloaded 457.56 MiB/4.83 GiB at 900.78 kiB/s
2025-06-04 18:55:51.306    app     info:    [server-manager] Downloaded 458.41 MiB/4.83 GiB at 918.81 kiB/s
2025-06-04 18:55:52.360    app     info:    [server-manager] Downloaded 459.34 MiB/4.83 GiB at 772.20 kiB/s
2025-06-04 18:55:53.367    app     info:    [server-manager] Downloaded 460.30 MiB/4.83 GiB at 1.09 MiB/s
2025-06-04 18:55:54.389    app     info:    [server-manager] Downloaded 461.24 MiB/4.83 GiB at 896.00 kiB/s
2025-06-04 18:55:55.426    app     info:    [server-manager] Downloaded 462.10 MiB/4.83 GiB at 701.07 kiB/s
2025-06-04 18:55:56.454    app     info:    [server-manager] Downloaded 462.97 MiB/4.83 GiB at 911.30 kiB/s
2025-06-04 18:55:57.462    app     info:    [server-manager] Downloaded 463.92 MiB/4.83 GiB at 1.02 MiB/s
2025-06-04 18:55:58.532    app     info:    [server-manager] Downloaded 464.81 MiB/4.83 GiB at 752.94 kiB/s
2025-06-04 18:55:59.578    app     info:    [server-manager] Downloaded 465.64 MiB/4.83 GiB at 839.70 kiB/s
2025-06-04 18:56:00.612    app     info:    [server-manager] Downloaded 466.53 MiB/4.83 GiB at 909.86 kiB/s
2025-06-04 18:56:01.618    app     info:    [server-manager] Downloaded 467.50 MiB/4.83 GiB at 968.08 kiB/s
2025-06-04 18:56:02.644    app     info:    [server-manager] Downloaded 468.24 MiB/4.83 GiB at 611.76 kiB/s
2025-06-04 18:56:03.711    app     info:    [server-manager] Downloaded 469.10 MiB/4.83 GiB at 942.10 kiB/s
2025-06-04 18:56:04.747    app     info:    [server-manager] Downloaded 469.97 MiB/4.83 GiB at 878.00 kiB/s
2025-06-04 18:56:05.773    app     info:    [server-manager] Downloaded 470.90 MiB/4.83 GiB at 793.56 kiB/s
2025-06-04 18:56:06.797    app     info:    [server-manager] Downloaded 471.70 MiB/4.83 GiB at 873.29 kiB/s
2025-06-04 18:56:07.860    app     info:    [server-manager] Downloaded 472.65 MiB/4.83 GiB at 940.43 kiB/s
2025-06-04 18:56:08.867    app     info:    [server-manager] Downloaded 473.57 MiB/4.83 GiB at 781.56 kiB/s
2025-06-04 18:56:09.923    app     info:    [server-manager] Downloaded 474.49 MiB/4.83 GiB at 934.42 kiB/s
2025-06-04 18:56:10.930    app     info:    [server-manager] Downloaded 475.38 MiB/4.83 GiB at 906.56 kiB/s
2025-06-04 18:56:11.958    app     info:    [server-manager] Downloaded 476.35 MiB/4.83 GiB at 1.33 MiB/s
2025-06-04 18:56:12.966    app     info:    [server-manager] Downloaded 477.25 MiB/4.83 GiB at 806.31 kiB/s
2025-06-04 18:56:13.986    app     info:    [server-manager] Downloaded 478.14 MiB/4.83 GiB at 896.00 kiB/s
2025-06-04 18:56:14.993    app     info:    [server-manager] Downloaded 478.97 MiB/4.83 GiB at 864.70 kiB/s
2025-06-04 18:56:16.057    app     info:    [server-manager] Downloaded 480.00 MiB/4.83 GiB at 944.65 kiB/s
2025-06-04 18:56:17.080    app     info:    [server-manager] Downloaded 480.84 MiB/4.83 GiB at 822.00 kiB/s
2025-06-04 18:56:18.088    app     info:    [server-manager] Downloaded 481.67 MiB/4.83 GiB at 636.18 kiB/s
2025-06-04 18:56:19.121    app     info:    [server-manager] Downloaded 482.60 MiB/4.83 GiB at 1.42 MiB/s
2025-06-04 18:56:20.140    app     info:    [server-manager] Downloaded 483.43 MiB/4.83 GiB at 945.13 kiB/s
2025-06-04 18:56:21.146    app     info:    [server-manager] Downloaded 484.30 MiB/4.83 GiB at 1.01 MiB/s
2025-06-04 18:56:22.177    app     info:    [server-manager] Downloaded 485.24 MiB/4.83 GiB at 793.65 kiB/s
2025-06-04 18:56:23.202    app     info:    [server-manager] Downloaded 486.15 MiB/4.83 GiB at 911.51 kiB/s
2025-06-04 18:56:24.236    app     info:    [server-manager] Downloaded 486.94 MiB/4.83 GiB at 897.49 kiB/s
2025-06-04 18:56:25.243    app     info:    [server-manager] Downloaded 487.77 MiB/4.83 GiB at 754.76 kiB/s
2025-06-04 18:56:26.272    app     info:    [server-manager] Downloaded 488.68 MiB/4.83 GiB at 768.00 kiB/s
2025-06-04 18:56:27.278    app     info:    [server-manager] Downloaded 489.64 MiB/4.83 GiB at 1,016.77 kiB/s
2025-06-04 18:56:28.302    app     info:    [server-manager] Downloaded 490.40 MiB/4.83 GiB at 795.23 kiB/s
2025-06-04 18:56:29.307    app     info:    [server-manager] Downloaded 491.35 MiB/4.83 GiB at 933.89 kiB/s
2025-06-04 18:56:30.358    app     info:    [server-manager] Downloaded 492.25 MiB/4.83 GiB at 957.41 kiB/s
2025-06-04 18:56:31.367    app     info:    [server-manager] Downloaded 493.18 MiB/4.83 GiB at 853.33 kiB/s
2025-06-04 18:56:32.403    app     info:    [server-manager] Downloaded 494.12 MiB/4.83 GiB at 1.30 MiB/s
2025-06-04 18:56:33.423    app     info:    [server-manager] Downloaded 495.04 MiB/4.83 GiB at 960.00 kiB/s
2025-06-04 18:56:34.431    app     info:    [server-manager] Downloaded 495.95 MiB/4.83 GiB at 827.59 kiB/s
2025-06-04 18:56:35.454    app     info:    [server-manager] Downloaded 496.87 MiB/4.83 GiB at 839.51 kiB/s
2025-06-04 18:56:36.518    app     info:    [server-manager] Downloaded 497.74 MiB/4.83 GiB at 900.97 kiB/s
2025-06-04 18:56:37.584    app     info:    [server-manager] Downloaded 498.69 MiB/4.83 GiB at 853.38 kiB/s
2025-06-04 18:56:38.613    app     info:    [server-manager] Downloaded 499.63 MiB/4.83 GiB at 903.95 kiB/s
2025-06-04 18:56:39.652    app     info:    [server-manager] Downloaded 500.30 MiB/4.83 GiB at 449.14 kiB/s
2025-06-04 18:56:40.707    app     info:    [server-manager] Downloaded 501.09 MiB/4.83 GiB at 567.81 kiB/s
2025-06-04 18:56:41.766    app     info:    [server-manager] Downloaded 501.96 MiB/4.83 GiB at 1.11 MiB/s
2025-06-04 18:56:42.800    app     info:    [server-manager] Downloaded 502.93 MiB/4.83 GiB at 952.38 kiB/s
2025-06-04 18:56:43.829    app     info:    [server-manager] Downloaded 503.74 MiB/4.83 GiB at 674.33 kiB/s
2025-06-04 18:56:44.875    app     info:    [server-manager] Downloaded 504.55 MiB/4.83 GiB at 870.83 kiB/s
2025-06-04 18:56:45.922    app     info:    [server-manager] Downloaded 505.40 MiB/4.83 GiB at 1.01 MiB/s
2025-06-04 18:56:46.927    app     info:    [server-manager] Downloaded 506.39 MiB/4.83 GiB at 1.02 MiB/s
2025-06-04 18:56:47.990    app     info:    [server-manager] Downloaded 507.30 MiB/4.83 GiB at 880.09 kiB/s
2025-06-04 18:56:49.028    app     info:    [server-manager] Downloaded 508.28 MiB/4.83 GiB at 1.03 MiB/s
2025-06-04 18:56:50.055    app     info:    [server-manager] Downloaded 509.10 MiB/4.83 GiB at 979.13 kiB/s
2025-06-04 18:56:51.076    app     info:    [server-manager] Downloaded 510.10 MiB/4.83 GiB at 1.02 MiB/s
2025-06-04 18:56:52.086    app     info:    [server-manager] Downloaded 511.04 MiB/4.83 GiB at 999.39 kiB/s
2025-06-04 18:56:53.120    app     info:    [server-manager] Downloaded 511.94 MiB/4.83 GiB at 995.20 kiB/s
2025-06-04 18:56:54.126    app     info:    [server-manager] Downloaded 512.80 MiB/4.83 GiB at 793.65 kiB/s
2025-06-04 18:56:55.147    app     info:    [server-manager] Downloaded 513.75 MiB/4.83 GiB at 952.38 kiB/s
2025-06-04 18:56:56.156    app     info:    [server-manager] Downloaded 514.67 MiB/4.83 GiB at 998.05 kiB/s
2025-06-04 18:56:57.205    app     info:    [server-manager] Downloaded 515.61 MiB/4.83 GiB at 994.75 kiB/s
2025-06-04 18:56:58.239    app     info:    [server-manager] Downloaded 516.53 MiB/4.83 GiB at 915.19 kiB/s
2025-06-04 18:56:59.265    app     info:    [server-manager] Downloaded 517.45 MiB/4.83 GiB at 868.08 kiB/s
2025-06-04 18:57:00.295    app     info:    [server-manager] Downloaded 518.36 MiB/4.83 GiB at 690.03 kiB/s
2025-06-04 18:57:01.300    app     info:    [server-manager] Downloaded 519.27 MiB/4.83 GiB at 992.00 kiB/s
2025-06-04 18:57:02.330    app     info:    [server-manager] Downloaded 520.09 MiB/4.83 GiB at 755.14 kiB/s
2025-06-04 18:57:03.361    app     info:    [server-manager] Downloaded 521.07 MiB/4.83 GiB at 957.38 kiB/s
2025-06-04 18:57:04.369    app     info:    [server-manager] Downloaded 521.89 MiB/4.83 GiB at 825.87 kiB/s
2025-06-04 18:57:05.391    app     info:    [server-manager] Downloaded 522.80 MiB/4.83 GiB at 992.00 kiB/s
2025-06-04 18:57:06.399    app     info:    [server-manager] Downloaded 523.75 MiB/4.83 GiB at 934.15 kiB/s
2025-06-04 18:57:07.434    app     info:    [server-manager] Downloaded 524.67 MiB/4.83 GiB at 918.62 kiB/s
2025-06-04 18:57:08.454    app     info:    [server-manager] Downloaded 525.65 MiB/4.83 GiB at 1.36 MiB/s
2025-06-04 18:57:09.467    app     info:    [server-manager] Downloaded 526.57 MiB/4.83 GiB at 945.58 kiB/s
2025-06-04 18:57:10.518    app     info:    [server-manager] Downloaded 527.50 MiB/4.83 GiB at 875.87 kiB/s
2025-06-04 18:57:11.524    app     info:    [server-manager] Downloaded 528.40 MiB/4.83 GiB at 1.09 MiB/s
2025-06-04 18:57:12.547    app     info:    [server-manager] Downloaded 529.27 MiB/4.83 GiB at 949.65 kiB/s
2025-06-04 18:57:13.578    app     info:    [server-manager] Downloaded 530.26 MiB/4.83 GiB at 909.75 kiB/s
2025-06-04 18:57:14.611    app     info:    [server-manager] Downloaded 531.22 MiB/4.83 GiB at 848.63 kiB/s
2025-06-04 18:57:15.647    app     info:    [server-manager] Downloaded 532.18 MiB/4.83 GiB at 882.13 kiB/s
2025-06-04 18:57:16.655    app     info:    [server-manager] Downloaded 533.05 MiB/4.83 GiB at 798.04 kiB/s
2025-06-04 18:57:17.716    app     info:    [server-manager] Downloaded 533.92 MiB/4.83 GiB at 896.68 kiB/s
2025-06-04 18:57:18.765    app     info:    [server-manager] Downloaded 534.78 MiB/4.83 GiB at 825.09 kiB/s
2025-06-04 18:57:19.805    app     info:    [server-manager] Downloaded 535.69 MiB/4.83 GiB at 804.47 kiB/s
2025-06-04 18:57:20.827    app     info:    [server-manager] Downloaded 536.62 MiB/4.83 GiB at 480.00 kiB/s
2025-06-04 18:57:21.840    app     info:    [server-manager] Downloaded 537.54 MiB/4.83 GiB at 847.06 kiB/s
2025-06-04 18:57:22.890    app     info:    [server-manager] Downloaded 538.45 MiB/4.83 GiB at 815.56 kiB/s
2025-06-04 18:57:23.899    app     info:    [server-manager] Downloaded 539.40 MiB/4.83 GiB at 828.47 kiB/s
2025-06-04 18:57:24.953    app     info:    [server-manager] Downloaded 540.29 MiB/4.83 GiB at 1.29 MiB/s
2025-06-04 18:57:25.954    app     info:    [server-manager] Downloaded 541.21 MiB/4.83 GiB at 906.44 kiB/s
2025-06-04 18:57:26.960    app     info:    [server-manager] Downloaded 542.13 MiB/4.83 GiB at 1.01 MiB/s
2025-06-04 18:57:27.985    app     info:    [server-manager] Downloaded 543.11 MiB/4.83 GiB at 1.48 MiB/s
2025-06-04 18:57:28.992    app     info:    [server-manager] Downloaded 544.05 MiB/4.83 GiB at 1.44 MiB/s
2025-06-04 18:57:30.017    app     info:    [server-manager] Downloaded 544.86 MiB/4.83 GiB at 561.13 kiB/s
2025-06-04 18:57:31.022    app     info:    [server-manager] Downloaded 545.81 MiB/4.83 GiB at 1.03 MiB/s
2025-06-04 18:57:32.091    app     info:    [server-manager] Downloaded 546.77 MiB/4.83 GiB at 870.08 kiB/s
2025-06-04 18:57:33.118    app     info:    [server-manager] Downloaded 547.72 MiB/4.83 GiB at 288.00 kiB/s
2025-06-04 18:57:34.123    app     info:    [server-manager] Downloaded 548.63 MiB/4.83 GiB at 1.45 MiB/s
2025-06-04 18:57:35.141    app     info:    [server-manager] Downloaded 549.56 MiB/4.83 GiB at 894.21 kiB/s
2025-06-04 18:57:36.148    app     info:    [server-manager] Downloaded 550.46 MiB/4.83 GiB at 351.30 kiB/s
2025-06-04 18:57:37.193    app     info:    [server-manager] Downloaded 551.35 MiB/4.83 GiB at 1.04 MiB/s
2025-06-04 18:57:38.265    app     info:    [server-manager] Downloaded 552.29 MiB/4.83 GiB at 875.12 kiB/s
2025-06-04 18:57:39.265    app     info:    [server-manager] Downloaded 553.27 MiB/4.83 GiB at 940.25 kiB/s
2025-06-04 18:57:40.271    app     info:    [server-manager] Downloaded 554.15 MiB/4.83 GiB at 893.85 kiB/s
2025-06-04 18:57:41.306    app     info:    [server-manager] Downloaded 555.15 MiB/4.83 GiB at 962.24 kiB/s
2025-06-04 18:57:42.362    app     info:    [server-manager] Downloaded 556.07 MiB/4.83 GiB at 937.62 kiB/s
2025-06-04 18:57:43.373    app     info:    [server-manager] Downloaded 556.93 MiB/4.83 GiB at 899.41 kiB/s
2025-06-04 18:57:44.394    app     info:    [server-manager] Downloaded 557.93 MiB/4.83 GiB at 992.25 kiB/s
2025-06-04 18:57:44.421    app     info:    [scheduler] Starting scheduler foreground
2025-06-04 18:57:44.441    app     info:    [newsfeed] Fetching news for eve-online in ru
2025-06-04 18:57:44.454    app     info:    [authentication] Token for '31367691' on 'tranquility' is expired, refresh is required
2025-06-04 18:57:44.455    app     info:    [authentication] Refreshing token for '31367691' on 'tranquility'
2025-06-04 18:57:44.953    app     info:    [authentication] Token for '31367691' on 'tranquility' has been successfully refreshed
2025-06-04 18:57:44.959    app     info:    [quasar-elg-events] Queueing event    eve_launcher.electron.authentication.UserTokensRefreshed
2025-06-04 18:57:44.975    app     info:    [quasar-elg-events] Event sent    type.evetech.net/eve_launcher.electron.authentication.UserTokensRefreshed
2025-06-04 18:57:44.976    app     info:    [customer-information] Getting character information for '31367691' on 'tranquility'
2025-06-04 18:57:44.976    app     info:    [customer-information] Getting Omega status for '31367691' on 'tranquility' (eve-online)
2025-06-04 18:57:45.401    app     info:    [server-manager] Downloaded 558.86 MiB/4.83 GiB at 847.06 kiB/s
2025-06-04 18:57:46.428    app     info:    [server-manager] Downloaded 559.77 MiB/4.83 GiB at 790.92 kiB/s
2025-06-04 18:57:47.453    app     info:    [server-manager] Downloaded 560.62 MiB/4.83 GiB at 448.00 kiB/s
2025-06-04 18:57:48.466    app     info:    [server-manager] Downloaded 561.55 MiB/4.83 GiB at 964.22 kiB/s
2025-06-04 18:57:49.494    app     info:    [server-manager] Downloaded 562.50 MiB/4.83 GiB at 1.01 MiB/s
2025-06-04 18:57:49.862    app     info:    [scheduler] Stopped scheduler foreground
2025-06-04 18:57:49.863    app     info:    [ipc-requests] Handling requests in the background
2025-06-04 18:57:50.517    app     info:    [server-manager] Downloaded 563.34 MiB/4.83 GiB at 288.00 kiB/s
2025-06-04 18:57:50.864    app     info:    [ipc-requests] No longer handling requests in the background
2025-06-04 18:57:51.523    app     info:    [server-manager] Downloaded 564.32 MiB/4.83 GiB at 1.04 MiB/s
2025-06-04 18:57:52.546    app     info:    [server-manager] Downloaded 565.21 MiB/4.83 GiB at 1.38 MiB/s
2025-06-04 18:57:53.553    app     info:    [server-manager] Downloaded 566.15 MiB/4.83 GiB at 947.77 kiB/s
2025-06-04 18:57:54.579    app     info:    [server-manager] Downloaded 567.08 MiB/4.83 GiB at 852.92 kiB/s
2025-06-04 18:57:55.610    app     info:    [server-manager] Downloaded 567.96 MiB/4.83 GiB at 990.02 kiB/s
2025-06-04 18:57:56.617    app     info:    [server-manager] Downloaded 568.88 MiB/4.83 GiB at 920.63 kiB/s
2025-06-04 18:57:57.619    app     info:    [server-manager] Downloaded 569.81 MiB/4.83 GiB at 915.63 kiB/s
2025-06-04 18:57:58.644    app     info:    [server-manager] Downloaded 570.79 MiB/4.83 GiB at 997.16 kiB/s
2025-06-04 18:57:59.703    app     info:    [server-manager] Downloaded 571.60 MiB/4.83 GiB at 866.49 kiB/s
2025-06-04 18:58:00.734    app     info:    [server-manager] Downloaded 572.57 MiB/4.83 GiB at 945.00 kiB/s
2025-06-04 18:58:01.745    app     info:    [server-manager] Downloaded 573.42 MiB/4.83 GiB at 797.89 kiB/s
2025-06-04 18:58:02.767    app     info:    [server-manager] Downloaded 574.38 MiB/4.83 GiB at 935.00 kiB/s
2025-06-04 18:58:03.861    app     info:    [server-manager] Downloaded 575.38 MiB/4.83 GiB at 869.24 kiB/s
2025-06-04 18:58:04.867    app     info:    [server-manager] Downloaded 576.27 MiB/4.83 GiB at 790.51 kiB/s
2025-06-04 18:58:05.892    app     info:    [server-manager] Downloaded 577.18 MiB/4.83 GiB at 1,008.61 kiB/s
2025-06-04 18:58:06.899    app     info:    [server-manager] Downloaded 577.92 MiB/4.83 GiB at 768.00 kiB/s
2025-06-04 18:58:07.955    app     info:    [server-manager] Downloaded 578.72 MiB/4.83 GiB at 888.89 kiB/s
2025-06-04 18:58:08.985    app     info:    [server-manager] Downloaded 579.65 MiB/4.83 GiB at 419.91 kiB/s
2025-06-04 18:58:10.015    app     info:    [server-manager] Downloaded 580.58 MiB/4.83 GiB at 955.56 kiB/s
2025-06-04 18:58:10.982    app     info:    [save-as] Retrying download of https://resources.eveonline.com/bundles/2929428/resfileindex_prefetch_2929428.txt.bundle.35 (attempt 1) Error occurred while saving file to disk 'C:\Games\EVE\ResFiles\bundles\2929428\.resfileindex_prefetch_2929428.txt.bundle.35.tmp'
Request timed out    S [SaveAsError]: Error occurred while saving file to disk 'C:\Games\EVE\ResFiles\bundles\2929428\.resfileindex_prefetch_2929428.txt.bundle.35.tmp'
Request timed out
    at S.from (C:\Program Files (x86)\Steam\steamapps\common\Eve Online\app-1.10.1\resources\app.asar\.webpack\main\index.js:8:2344035)
    at v.<anonymous> (C:\Program Files (x86)\Steam\steamapps\common\Eve Online\app-1.10.1\resources\app.asar\.webpack\main\index.js:8:1871836)
    at v.emit (node:events:518:28)
    at v.emitError (C:\Program Files (x86)\Steam\steamapps\common\Eve Online\app-1.10.1\resources\app.asar\.webpack\main\index.js:8:2668272)
    at ClientRequest.<anonymous> (C:\Program Files (x86)\Steam\steamapps\common\Eve Online\app-1.10.1\resources\app.asar\.webpack\main\index.js:8:2667225)
    at ClientRequest.emit (node:events:530:35)
    at emitErrorEvent (node:_http_client:104:11)
    at TLSSocket.socketErrorListener (node:_http_client:518:5)
    at TLSSocket.emit (node:events:518:28)
    at emitErrorNT (node:internal/streams/destroy:170:8) {
  cause: p [RequestTimeoutError]: Request timed out
      at ClientRequest.<anonymous> (C:\Program Files (x86)\Steam\steamapps\common\Eve Online\app-1.10.1\resources\app.asar\.webpack\main\index.js:8:2667365)
      at ClientRequest.emit (node:events:530:35)
      at TLSSocket.emitRequestTimeout (node:_http_client:863:9)
      at Object.onceWrapper (node:events:632:28)
      at TLSSocket.emit (node:events:530:35)
      at Socket._onTimeout (node:net:609:8)
      at listOnTimeout (node:internal/timers:594:17)
      at process.processTimers (node:internal/timers:529:7)
}
2025-06-04 18:58:11.058    app     info:    [server-manager] Downloaded 581.49 MiB/4.83 GiB at 1.39 MiB/s
2025-06-04 18:58:12.057    app     info:    [server-manager] Downloaded 577.28 MiB/4.83 GiB at 912.84 kiB/s
2025-06-04 18:58:13.111    app     info:    [server-manager] Downloaded 578.09 MiB/4.83 GiB at 863.88 kiB/s
2025-06-04 18:58:14.112    app     info:    [server-manager] Downloaded 579.05 MiB/4.83 GiB at 1.03 MiB/s
2025-06-04 18:58:15.121    app     info:    [server-manager] Downloaded 579.95 MiB/4.83 GiB at 880.92 kiB/s
2025-06-04 18:58:16.141    app     info:    [server-manager] Downloaded 580.91 MiB/4.83 GiB at 960.00 kiB/s
2025-06-04 18:58:17.150    app     info:    [server-manager] Downloaded 581.81 MiB/4.83 GiB at 988.05 kiB/s
2025-06-04 18:58:18.178    app     info:    [server-manager] Downloaded 582.74 MiB/4.83 GiB at 1.42 MiB/s
2025-06-04 18:58:19.189    app     info:    [server-manager] Downloaded 583.61 MiB/4.83 GiB at 1,003.92 kiB/s
2025-06-04 18:58:20.242    app     info:    [server-manager] Downloaded 584.55 MiB/4.83 GiB at 934.03 kiB/s
2025-06-04 18:58:21.251    app     info:    [server-manager] Downloaded 585.45 MiB/4.83 GiB at 992.58 kiB/s
2025-06-04 18:58:22.269    app     info:    [server-manager] Downloaded 586.44 MiB/4.83 GiB at 1,015.87 kiB/s
2025-06-04 18:58:23.305    app     info:    [server-manager] Downloaded 587.24 MiB/4.83 GiB at 879.73 kiB/s
2025-06-04 18:58:24.311    app     info:    [server-manager] Downloaded 588.21 MiB/4.83 GiB at 1.06 MiB/s
2025-06-04 18:58:25.331    app     info:    [server-manager] Downloaded 589.16 MiB/4.83 GiB at 996.60 kiB/s
2025-06-04 18:58:26.367    app     info:    [server-manager] Downloaded 590.03 MiB/4.83 GiB at 909.80 kiB/s
2025-06-04 18:58:27.391    app     info:    [server-manager] Downloaded 590.93 MiB/4.83 GiB at 320.00 kiB/s
2025-06-04 18:58:28.398    app     info:    [server-manager] Downloaded 591.91 MiB/4.83 GiB at 957.42 kiB/s
2025-06-04 18:58:29.455    app     info:    [server-manager] Downloaded 592.80 MiB/4.83 GiB at 1.33 MiB/s
2025-06-04 18:58:30.463    app     info:    [server-manager] Downloaded 593.71 MiB/4.83 GiB at 883.63 kiB/s
2025-06-04 18:58:31.470    app     info:    [server-manager] Downloaded 594.62 MiB/4.83 GiB at 907.02 kiB/s
2025-06-04 18:58:32.502    app     info:    [server-manager] Downloaded 595.47 MiB/4.83 GiB at 992.92 kiB/s
2025-06-04 18:58:33.521    app     info:    [server-manager] Downloaded 596.45 MiB/4.83 GiB at 1.34 MiB/s
2025-06-04 18:58:34.548    app     info:    [server-manager] Downloaded 597.32 MiB/4.83 GiB at 970.31 kiB/s
2025-06-04 18:58:35.554    app     info:    [server-manager] Downloaded 598.21 MiB/4.83 GiB at 931.40 kiB/s
2025-06-04 18:58:36.560    app     info:    [server-manager] Downloaded 599.12 MiB/4.83 GiB at 840.89 kiB/s
2025-06-04 18:58:37.579    app     info:    [server-manager] Downloaded 600.04 MiB/4.83 GiB at 767.93 kiB/s
2025-06-04 18:58:38.581    app     info:    [server-manager] Downloaded 600.93 MiB/4.83 GiB at 956.94 kiB/s
2025-06-04 18:58:39.610    app     info:    [server-manager] Downloaded 601.83 MiB/4.83 GiB at 917.78 kiB/s
2025-06-04 18:58:40.643    app     info:    [server-manager] Downloaded 602.71 MiB/4.83 GiB at 916.84 kiB/s
2025-06-04 18:58:41.671    app     info:    [server-manager] Downloaded 603.75 MiB/4.83 GiB at 1.10 MiB/s
2025-06-04 18:58:42.706    app     info:    [server-manager] Downloaded 604.63 MiB/4.83 GiB at 885.38 kiB/s
2025-06-04 18:58:43.738    app     info:    [server-manager] Downloaded 605.48 MiB/4.83 GiB at 937.62 kiB/s
2025-06-04 18:58:44.787    app     info:    [server-manager] Downloaded 606.44 MiB/4.83 GiB at 945.48 kiB/s
2025-06-04 18:58:45.862    app     info:    [server-manager] Downloaded 607.35 MiB/4.83 GiB at 1.28 MiB/s
2025-06-04 18:58:46.667    app     warn:    Retrying request to https://launcher.eveonline.com (1) Request timed out    p [RequestTimeoutError]: Request timed out
    at ClientRequest.<anonymous> (C:\Program Files (x86)\Steam\steamapps\common\Eve Online\app-1.10.1\resources\app.asar\.webpack\main\index.js:8:2667365)
    at ClientRequest.emit (node:events:518:28)
    at TLSSocket.emitRequestTimeout (node:_http_client:863:9)
    at Object.onceWrapper (node:events:632:28)
    at TLSSocket.emit (node:events:530:35)
    at Socket._onTimeout (node:net:609:8)
    at listOnTimeout (node:internal/timers:594:17)
    at process.processTimers (node:internal/timers:529:7)
2025-06-04 18:58:46.869    app     info:    [server-manager] Downloaded 608.31 MiB/4.83 GiB at 843.75 kiB/s
2025-06-04 18:58:47.154    app     info:    [newsfeed] Fetched 20 news items for eve-online in ru
2025-06-04 18:58:47.922    app     info:    [server-manager] Downloaded 609.21 MiB/4.83 GiB at 884.81 kiB/s
2025-06-04 18:58:48.956    app     info:    [server-manager] Downloaded 610.13 MiB/4.83 GiB at 935.06 kiB/s
2025-06-04 18:58:49.965    app     info:    [server-manager] Downloaded 611.02 MiB/4.83 GiB at 1,015.38 kiB/s
2025-06-04 18:58:50.998    app     info:    [server-manager] Downloaded 611.98 MiB/4.83 GiB at 1,017.79 kiB/s
2025-06-04 18:58:52.032    app     info:    [server-manager] Downloaded 612.87 MiB/4.83 GiB at 1.34 MiB/s
2025-06-04 18:58:53.051    app     info:    [server-manager] Downloaded 613.83 MiB/4.83 GiB at 844.18 kiB/s
2025-06-04 18:58:54.080    app     info:    [server-manager] Downloaded 614.64 MiB/4.83 GiB at 785.00 kiB/s
2025-06-04 18:58:55.085    app     info:    [server-manager] Downloaded 615.59 MiB/4.83 GiB at 976.38 kiB/s
2025-06-04 18:58:56.116    app     info:    [server-manager] Downloaded 616.58 MiB/4.83 GiB at 879.60 kiB/s
2025-06-04 18:58:57.205    app     info:    [server-manager] Downloaded 617.53 MiB/4.83 GiB at 913.77 kiB/s
2025-06-04 18:58:58.214    app     info:    [server-manager] Downloaded 618.45 MiB/4.83 GiB at 1.37 MiB/s
2025-06-04 18:58:59.220    app     info:    [server-manager] Downloaded 619.40 MiB/4.83 GiB at 801.54 kiB/s
2025-06-04 18:59:00.235    app     info:    [server-manager] Downloaded 620.25 MiB/4.83 GiB at 922.75 kiB/s
2025-06-04 18:59:01.104    app     warn:    Retrying request to https://launcher.ccpgames.com (1) Request timed out    p [RequestTimeoutError]: Request timed out
    at ClientRequest.<anonymous> (C:\Program Files (x86)\Steam\steamapps\common\Eve Online\app-1.10.1\resources\app.asar\.webpack\main\index.js:8:2667365)
    at ClientRequest.emit (node:events:518:28)
    at TLSSocket.emitRequestTimeout (node:_http_client:863:9)
    at Object.onceWrapper (node:events:632:28)
    at TLSSocket.emit (node:events:530:35)
    at Socket._onTimeout (node:net:609:8)
    at listOnTimeout (node:internal/timers:594:17)
    at process.processTimers (node:internal/timers:529:7)
2025-06-04 18:59:01.246    app     info:    [server-manager] Downloaded 621.20 MiB/4.83 GiB at 999.13 kiB/s
2025-06-04 18:59:02.277    app     info:    [server-manager] Downloaded 622.10 MiB/4.83 GiB at 1.01 MiB/s
2025-06-04 18:59:03.282    app     info:    [server-manager] Downloaded 622.94 MiB/4.83 GiB at 936.88 kiB/s
2025-06-04 18:59:04.300    app     info:    [server-manager] Downloaded 623.89 MiB/4.83 GiB at 898.73 kiB/s
2025-06-04 18:59:04.325    app     warn:    [play-area-content] Invalid product found in play area content    { product: 'eve-frontier' }
2025-06-04 18:59:04.325    app     warn:    [play-area-content] Invalid product found in play area content    { product: 'eve-frontier' }
2025-06-04 18:59:04.325    app     warn:    [play-area-content] Invalid product found in play area content    { product: 'eve-frontier' }
2025-06-04 18:59:04.325    app     warn:    [play-area-content] Invalid product found in play area content    { product: 'eve-frontier' }
2025-06-04 18:59:04.325    app     warn:    [play-area-content] Invalid product found in play area content    { product: 'eve-frontier' }
2025-06-04 18:59:04.326    app     warn:    [play-area-content] Invalid product found in play area content    { product: 'eve-frontier' }
2025-06-04 18:59:04.326    app     warn:    [play-area-content] Invalid product found in play area content    { product: 'eve-frontier' }
2025-06-04 18:59:04.326    app     warn:    [play-area-content] Invalid product found in play area content    { product: 'eve-frontier' }
2025-06-04 18:59:05.338    app     info:    [server-manager] Downloaded 624.85 MiB/4.83 GiB at 851.80 kiB/s
2025-06-04 18:59:06.394    app     info:    [server-manager] Downloaded 625.75 MiB/4.83 GiB at 448.00 kiB/s
2025-06-04 18:59:07.401    app     info:    [server-manager] Downloaded 626.41 MiB/4.83 GiB at 503.94 kiB/s
2025-06-04 18:59:08.423    app     info:    [server-manager] Downloaded 627.25 MiB/4.83 GiB at 416.00 kiB/s
2025-06-04 18:59:09.432    app     info:    [server-manager] Downloaded 628.21 MiB/4.83 GiB at 986.08 kiB/s
2025-06-04 18:59:10.454    app     info:    [server-manager] Downloaded 629.00 MiB/4.83 GiB at 902.35 kiB/s
2025-06-04 18:59:11.456    app     info:    [server-manager] Downloaded 629.87 MiB/4.83 GiB at 955.46 kiB/s
2025-06-04 18:59:12.465    app     info:    [server-manager] Downloaded 630.57 MiB/4.83 GiB at 755.91 kiB/s
2025-06-04 18:59:13.491    app     info:    [server-manager] Downloaded 631.47 MiB/4.83 GiB at 869.21 kiB/s
2025-06-04 18:59:14.524    app     info:    [server-manager] Downloaded 632.40 MiB/4.83 GiB at 1.07 MiB/s
2025-06-04 18:59:15.549    app     info:    [server-manager] Downloaded 633.32 MiB/4.83 GiB at 1.10 MiB/s
2025-06-04 18:59:16.549    app     info:    [server-manager] Downloaded 634.15 MiB/4.83 GiB at 728.50 kiB/s
2025-06-04 18:59:17.555    app     info:    [server-manager] Downloaded 635.04 MiB/4.83 GiB at 721.57 kiB/s
2025-06-04 18:59:18.579    app     info:    [server-manager] Downloaded 636.04 MiB/4.83 GiB at 955.46 kiB/s
2025-06-04 18:59:19.608    app     info:    [server-manager] Downloaded 636.91 MiB/4.83 GiB at 770.71 kiB/s
2025-06-04 18:59:20.644    app     info:    [server-manager] Downloaded 637.80 MiB/4.83 GiB at 759.62 kiB/s
2025-06-04 18:59:21.649    app     info:    [server-manager] Downloaded 638.69 MiB/4.83 GiB at 924.86 kiB/s
2025-06-04 18:59:22.675    app     info:    [server-manager] Downloaded 639.62 MiB/4.83 GiB at 816.34 kiB/s
2025-06-04 18:59:23.683    app     info:    [server-manager] Downloaded 640.44 MiB/4.83 GiB at 815.69 kiB/s
2025-06-04 18:59:24.707    app     info:    [server-manager] Downloaded 641.34 MiB/4.83 GiB at 948.10 kiB/s
2025-06-04 18:59:25.712    app     info:    [server-manager] Downloaded 642.32 MiB/4.83 GiB at 948.62 kiB/s
2025-06-04 18:59:26.737    app     info:    [server-manager] Downloaded 643.20 MiB/4.83 GiB at 433.13 kiB/s
2025-06-04 18:59:27.748    app     info:    [server-manager] Downloaded 644.13 MiB/4.83 GiB at 1.40 MiB/s
2025-06-04 18:59:28.768    app     info:    [server-manager] Downloaded 644.93 MiB/4.83 GiB at 480.00 kiB/s
2025-06-04 18:59:29.776    app     info:    [server-manager] Downloaded 645.99 MiB/4.83 GiB at 1.38 MiB/s
2025-06-04 18:59:30.799    app     info:    [server-manager] Downloaded 646.84 MiB/4.83 GiB at 871.88 kiB/s
2025-06-04 18:59:31.798    app     info:    [server-manager] Downloaded 647.68 MiB/4.83 GiB at 804.94 kiB/s
2025-06-04 18:59:32.830    app     info:    [server-manager] Downloaded 648.58 MiB/4.83 GiB at 928.00 kiB/s
2025-06-04 18:59:33.842    app     info:    [server-manager] Downloaded 649.61 MiB/4.83 GiB at 905.66 kiB/s
2025-06-04 18:59:34.900    app     info:    [server-manager] Downloaded 650.52 MiB/4.83 GiB at 874.30 kiB/s
2025-06-04 18:59:35.953    app     info:    [server-manager] Downloaded 651.40 MiB/4.83 GiB at 403.63 kiB/s
2025-06-04 18:59:36.962    app     info:    [server-manager] Downloaded 652.38 MiB/4.83 GiB at 1,019.93 kiB/s
2025-06-04 18:59:37.985    app     info:    [server-manager] Downloaded 653.23 MiB/4.83 GiB at 920.08 kiB/s
2025-06-04 18:59:39.028    app     info:    [server-manager] Downloaded 654.26 MiB/4.83 GiB at 861.76 kiB/s
2025-06-04 18:59:40.078    app     info:    [server-manager] Downloaded 655.22 MiB/4.83 GiB at 796.81 kiB/s
2025-06-04 18:59:41.112    app     info:    [server-manager] Downloaded 656.11 MiB/4.83 GiB at 1.02 MiB/s
2025-06-04 18:59:42.124    app     info:    [server-manager] Downloaded 657.06 MiB/4.83 GiB at 951.67 kiB/s
2025-06-04 18:59:43.141    app     info:    [server-manager] Downloaded 657.84 MiB/4.83 GiB at 906.44 kiB/s
2025-06-04 18:59:44.151    app     info:    [server-manager] Downloaded 658.86 MiB/4.83 GiB at 1,022.01 kiB/s
2025-06-04 18:59:45.183    app     info:    [server-manager] Downloaded 659.72 MiB/4.83 GiB at 1.20 MiB/s
2025-06-04 18:59:46.203    app     info:    [server-manager] Downloaded 660.66 MiB/4.83 GiB at 1.06 MiB/s
2025-06-04 18:59:47.211    app     info:    [server-manager] Downloaded 661.61 MiB/4.83 GiB at 978.63 kiB/s
2025-06-04 18:59:48.216    app     info:    [server-manager] Downloaded 662.49 MiB/4.83 GiB at 826.91 kiB/s
2025-06-04 18:59:49.243    app     info:    [server-manager] Downloaded 663.36 MiB/4.83 GiB at 828.47 kiB/s
2025-06-04 18:59:50.266    app     info:    [server-manager] Downloaded 664.26 MiB/4.83 GiB at 1,014.00 kiB/s
2025-06-04 18:59:51.273    app     info:    [server-manager] Downloaded 665.12 MiB/4.83 GiB at 1,011.86 kiB/s
2025-06-04 18:59:52.299    app     info:    [server-manager] Downloaded 665.91 MiB/4.83 GiB at 598.70 kiB/s
2025-06-04 18:59:53.309    app     info:    [server-manager] Downloaded 666.81 MiB/4.83 GiB at 857.14 kiB/s
2025-06-04 18:59:54.329    app     info:    [server-manager] Downloaded 667.65 MiB/4.83 GiB at 753.13 kiB/s
2025-06-04 18:59:55.346    app     info:    [server-manager] Downloaded 668.43 MiB/4.83 GiB at 762.02 kiB/s
2025-06-04 18:59:56.364    app     info:    [server-manager] Downloaded 669.27 MiB/4.83 GiB at 781.95 kiB/s
2025-06-04 18:59:57.424    app     info:    [server-manager] Downloaded 669.94 MiB/4.83 GiB at 678.35 kiB/s
2025-06-04 18:59:58.454    app     info:    [server-manager] Downloaded 670.79 MiB/4.83 GiB at 883.69 kiB/s
2025-06-04 18:59:59.489    app     info:    [server-manager] Downloaded 671.70 MiB/4.83 GiB at 898.31 kiB/s
2025-06-04 19:00:00.494    app     info:    [server-manager] Downloaded 672.54 MiB/4.83 GiB at 932.29 kiB/s
2025-06-04 19:00:01.521    app     info:    [server-manager] Downloaded 673.40 MiB/4.83 GiB at 415.88 kiB/s
2025-06-04 19:00:02.558    app     info:    [server-manager] Downloaded 674.25 MiB/4.83 GiB at 694.28 kiB/s
2025-06-04 19:00:03.579    app     info:    [server-manager] Downloaded 675.03 MiB/4.83 GiB at 791.15 kiB/s
2025-06-04 19:00:04.588    app     info:    [server-manager] Downloaded 675.95 MiB/4.83 GiB at 812.25 kiB/s
2025-06-04 19:00:05.621    app     info:    [server-manager] Downloaded 676.85 MiB/4.83 GiB at 447.11 kiB/s
2025-06-04 19:00:06.630    app     info:    [server-manager] Downloaded 677.62 MiB/4.83 GiB at 796.42 kiB/s
2025-06-04 19:00:07.647    app     info:    [server-manager] Downloaded 678.46 MiB/4.83 GiB at 880.10 kiB/s
2025-06-04 19:00:08.653    app     info:    [server-manager] Downloaded 679.39 MiB/4.83 GiB at 414.34 kiB/s
2025-06-04 19:00:09.676    app     info:    [server-manager] Downloaded 680.18 MiB/4.83 GiB at 731.61 kiB/s
2025-06-04 19:00:10.693    app     info:    [server-manager] Downloaded 680.90 MiB/4.83 GiB at 680.85 kiB/s
2025-06-04 19:00:11.718    app     info:    [server-manager] Downloaded 681.66 MiB/4.83 GiB at 1.14 MiB/s
2025-06-04 19:00:12.737    app     info:    [server-manager] Downloaded 682.59 MiB/4.83 GiB at 936.50 kiB/s
2025-06-04 19:00:13.743    app     info:    [server-manager] Downloaded 683.50 MiB/4.83 GiB at 766.47 kiB/s
2025-06-04 19:00:14.766    app     info:    [server-manager] Downloaded 684.40 MiB/4.83 GiB at 827.59 kiB/s
2025-06-04 19:00:15.774    app     info:    [server-manager] Downloaded 685.31 MiB/4.83 GiB at 910.82 kiB/s
2025-06-04 19:00:16.804    app     info:    [server-manager] Downloaded 686.21 MiB/4.83 GiB at 1.06 MiB/s
2025-06-04 19:00:17.832    app     info:    [server-manager] Downloaded 687.08 MiB/4.83 GiB at 806.53 kiB/s
2025-06-04 19:00:18.861    app     info:    [server-manager] Downloaded 687.99 MiB/4.83 GiB at 888.50 kiB/s
2025-06-04 19:00:19.873    app     info:    [server-manager] Downloaded 688.92 MiB/4.83 GiB at 1.03 MiB/s
2025-06-04 19:00:20.923    app     info:    [server-manager] Downloaded 689.79 MiB/4.83 GiB at 800.00 kiB/s
2025-06-04 19:00:21.932    app     info:    [server-manager] Downloaded 690.75 MiB/4.83 GiB at 995.07 kiB/s
2025-06-04 19:00:22.955    app     info:    [server-manager] Downloaded 691.66 MiB/4.83 GiB at 949.77 kiB/s
2025-06-04 19:00:23.989    app     info:    [server-manager] Downloaded 692.56 MiB/4.83 GiB at 885.38 kiB/s
2025-06-04 19:00:25.050    app     info:    [server-manager] Downloaded 693.52 MiB/4.83 GiB at 1.37 MiB/s
2025-06-04 19:00:26.056    app     info:    [server-manager] Downloaded 694.48 MiB/4.83 GiB at 1.10 MiB/s
2025-06-04 19:00:27.118    app     info:    [server-manager] Downloaded 695.30 MiB/4.83 GiB at 802.48 kiB/s
2025-06-04 19:00:28.143    app     info:    [server-manager] Downloaded 696.17 MiB/4.83 GiB at 864.00 kiB/s
2025-06-04 19:00:29.149    app     info:    [server-manager] Downloaded 697.01 MiB/4.83 GiB at 923.51 kiB/s
2025-06-04 19:00:30.174    app     info:    [server-manager] Downloaded 697.98 MiB/4.83 GiB at 928.43 kiB/s
2025-06-04 19:00:31.216    app     info:    [server-manager] Downloaded 698.86 MiB/4.83 GiB at 875.47 kiB/s
2025-06-04 19:00:32.250    app     info:    [server-manager] Downloaded 699.72 MiB/4.83 GiB at 976.14 kiB/s
2025-06-04 19:00:33.257    app     info:    [server-manager] Downloaded 700.48 MiB/4.83 GiB at 825.40 kiB/s
2025-06-04 19:00:34.269    app     info:    [server-manager] Downloaded 701.44 MiB/4.83 GiB at 459.33 kiB/s
2025-06-04 19:00:35.275    app     info:    [server-manager] Downloaded 702.36 MiB/4.83 GiB at 796.81 kiB/s
2025-06-04 19:00:36.308    app     info:    [server-manager] Downloaded 703.25 MiB/4.83 GiB at 950.99 kiB/s
2025-06-04 19:00:37.368    app     info:    [server-manager] Downloaded 704.15 MiB/4.83 GiB at 899.07 kiB/s
2025-06-04 19:00:38.373    app     info:    [server-manager] Downloaded 705.06 MiB/4.83 GiB at 780.25 kiB/s
2025-06-04 19:00:39.401    app     info:    [server-manager] Downloaded 705.96 MiB/4.83 GiB at 843.01 kiB/s
2025-06-04 19:00:40.423    app     info:    [server-manager] Downloaded 706.83 MiB/4.83 GiB at 913.13 kiB/s
2025-06-04 19:00:41.436    app     info:    [server-manager] Downloaded 707.75 MiB/4.83 GiB at 1.48 MiB/s
2025-06-04 19:00:42.455    app     info:    [server-manager] Downloaded 708.62 MiB/4.83 GiB at 638.72 kiB/s
2025-06-04 19:00:43.464    app     info:    [server-manager] Downloaded 709.54 MiB/4.83 GiB at 1.02 MiB/s
2025-06-04 19:00:44.495    app     info:    [server-manager] Downloaded 710.41 MiB/4.83 GiB at 846.53 kiB/s
2025-06-04 19:00:45.550    app     info:    [server-manager] Downloaded 711.33 MiB/4.83 GiB at 1.03 MiB/s
2025-06-04 19:00:46.558    app     info:    [server-manager] Downloaded 712.25 MiB/4.83 GiB at 825.40 kiB/s
2025-06-04 19:00:47.580    app     info:    [server-manager] Downloaded 713.14 MiB/4.83 GiB at 1.31 MiB/s
2025-06-04 19:00:48.580    app     info:    [server-manager] Downloaded 714.09 MiB/4.83 GiB at 896.00 kiB/s
2025-06-04 19:00:49.645    app     info:    [server-manager] Downloaded 714.99 MiB/4.83 GiB at 927.51 kiB/s
2025-06-04 19:00:50.684    app     info:    [server-manager] Downloaded 715.69 MiB/4.83 GiB at 670.19 kiB/s
2025-06-04 19:00:51.707    app     info:    [server-manager] Downloaded 716.55 MiB/4.83 GiB at 384.00 kiB/s
2025-06-04 19:00:52.707    app     info:    [server-manager] Downloaded 717.42 MiB/4.83 GiB at 1.02 MiB/s
2025-06-04 19:00:53.735    app     info:    [server-manager] Downloaded 718.31 MiB/4.83 GiB at 881.13 kiB/s
2025-06-04 19:00:54.777    app     info:    [server-manager] Downloaded 719.16 MiB/4.83 GiB at 893.95 kiB/s
2025-06-04 19:00:55.806    app     info:    [server-manager] Downloaded 720.06 MiB/4.83 GiB at 1.04 MiB/s
2025-06-04 19:00:56.846    app     info:    [server-manager] Downloaded 720.94 MiB/4.83 GiB at 833.61 kiB/s
2025-06-04 19:00:57.871    app     info:    [server-manager] Downloaded 721.86 MiB/4.83 GiB at 943.01 kiB/s
2025-06-04 19:00:58.901    app     info:    [server-manager] Downloaded 722.75 MiB/4.83 GiB at 915.19 kiB/s
2025-06-04 19:00:59.912    app     info:    [server-manager] Downloaded 723.62 MiB/4.83 GiB at 1.03 MiB/s
2025-06-04 19:01:00.956    app     info:    [server-manager] Downloaded 724.51 MiB/4.83 GiB at 1,016.82 kiB/s
2025-06-04 19:01:01.993    app     info:    [server-manager] Downloaded 725.36 MiB/4.83 GiB at 941.36 kiB/s
2025-06-04 19:01:03.018    app     info:    [server-manager] Downloaded 726.33 MiB/4.83 GiB at 776.99 kiB/s
2025-06-04 19:01:04.029    app     info:    [server-manager] Downloaded 727.29 MiB/4.83 GiB at 782.78 kiB/s
2025-06-04 19:01:05.080    app     info:    [server-manager] Downloaded 728.23 MiB/4.83 GiB at 747.64 kiB/s
2025-06-04 19:01:06.091    app     info:    [server-manager] Downloaded 729.09 MiB/4.83 GiB at 871.08 kiB/s
2025-06-04 19:01:07.127    app     info:    [server-manager] Downloaded 729.96 MiB/4.83 GiB at 810.07 kiB/s
2025-06-04 19:01:08.180    app     info:    [server-manager] Downloaded 730.90 MiB/4.83 GiB at 861.08 kiB/s
2025-06-04 19:01:09.214    app     info:    [server-manager] Downloaded 731.84 MiB/4.83 GiB at 853.75 kiB/s
2025-06-04 19:01:10.236    app     info:    [server-manager] Downloaded 732.74 MiB/4.83 GiB at 544.00 kiB/s
2025-06-04 19:01:11.248    app     info:    [server-manager] Downloaded 733.64 MiB/4.83 GiB at 651.87 kiB/s
2025-06-04 19:01:12.278    app     info:    [server-manager] Downloaded 734.47 MiB/4.83 GiB at 832.00 kiB/s
2025-06-04 19:01:13.300    app     info:    [server-manager] Downloaded 735.35 MiB/4.83 GiB at 901.79 kiB/s
2025-06-04 19:01:14.306    app     info:    [server-manager] Downloaded 736.15 MiB/4.83 GiB at 745.94 kiB/s
2025-06-04 19:01:15.333    app     info:    [server-manager] Downloaded 736.65 MiB/4.83 GiB at 347.83 kiB/s
2025-06-04 19:01:16.355    app     info:    [server-manager] Downloaded 737.37 MiB/4.83 GiB at 651.16 kiB/s
2025-06-04 19:01:17.426    app     info:    [server-manager] Downloaded 738.20 MiB/4.83 GiB at 808.55 kiB/s
2025-06-04 19:01:18.433    app     info:    [server-manager] Downloaded 739.06 MiB/4.83 GiB at 747.15 kiB/s
2025-06-04 19:01:19.456    app     info:    [server-manager] Downloaded 739.93 MiB/4.83 GiB at 812.25 kiB/s
2025-06-04 19:01:20.497    app     info:    [server-manager] Downloaded 740.79 MiB/4.83 GiB at 850.09 kiB/s
2025-06-04 19:01:21.518    app     info:    [server-manager] Downloaded 741.72 MiB/4.83 GiB at 967.39 kiB/s
2025-06-04 19:01:22.556    app     info:    [server-manager] Downloaded 742.48 MiB/4.83 GiB at 731.43 kiB/s
2025-06-04 19:01:23.592    app     info:    [server-manager] Downloaded 743.43 MiB/4.83 GiB at 939.33 kiB/s
2025-06-04 19:01:24.614    app     info:    [server-manager] Downloaded 744.28 MiB/4.83 GiB at 882.98 kiB/s
2025-06-04 19:01:25.622    app     info:    [server-manager] Downloaded 745.17 MiB/4.83 GiB at 781.74 kiB/s
2025-06-04 19:01:26.678    app     info:    [server-manager] Downloaded 746.13 MiB/4.83 GiB at 913.13 kiB/s
2025-06-04 19:01:27.706    app     info:    [server-manager] Downloaded 746.93 MiB/4.83 GiB at 765.23 kiB/s
2025-06-04 19:01:28.714    app     info:    [server-manager] Downloaded 747.77 MiB/4.83 GiB at 815.69 kiB/s
2025-06-04 19:01:29.671    app     info:    [authentication] Token for '31320672' on 'tranquility' is expired, refresh is required
2025-06-04 19:01:29.671    app     info:    [authentication] Refreshing token for '31320672' on 'tranquility'
2025-06-04 19:01:29.677    app     info:    [authentication] Token for '26239201' on 'tranquility' is expired, refresh is required
2025-06-04 19:01:29.677    app     info:    [authentication] Refreshing token for '26239201' on 'tranquility'
2025-06-04 19:01:29.680    app     info:    [authentication] Token for '29795975' on 'tranquility' is expired, refresh is required
2025-06-04 19:01:29.680    app     info:    [authentication] Refreshing token for '29795975' on 'tranquility'
2025-06-04 19:01:29.686    app     warn:    [quasar-31367691] Quasar connection encountered an internal error with unknown code [internal]    a [ConnectError]: [internal]
    at ee (C:\Program Files (x86)\Steam\steamapps\common\Eve Online\app-1.10.1\resources\app.asar\.webpack\main\index.js:8:2683063)
    at C:\Program Files (x86)\Steam\steamapps\common\Eve Online\app-1.10.1\resources\app.asar\.webpack\main\index.js:8:2683536
    at te (C:\Program Files (x86)\Steam\steamapps\common\Eve Online\app-1.10.1\resources\app.asar\.webpack\main\index.js:8:2683584)
    at next (C:\Program Files (x86)\Steam\steamapps\common\Eve Online\app-1.10.1\resources\app.asar\.webpack\main\index.js:8:2691577)
    at process.processTicksAndRejections (node:internal/process/task_queues:105:5) {
  rawMessage: '',
  code: 13,
  metadata: Headers {
    'content-type': 'application/grpc+proto',
    'grpc-status': '13',
    'grpc-message': ''
  },
  details: [],
  cause: undefined
}
2025-06-04 19:01:29.751    app     info:    [server-manager] Downloaded 748.61 MiB/4.83 GiB at 878.11 kiB/s
2025-06-04 19:01:29.795    app     info:    [authentication] Token for '23622903' on 'tranquility' is expired, refresh is required
2025-06-04 19:01:29.795    app     info:    [authentication] Refreshing token for '23622903' on 'tranquility'
2025-06-04 19:01:30.116    app     info:    [authentication] Token for '26239201' on 'tranquility' has been successfully refreshed
2025-06-04 19:01:30.123    app     info:    [quasar-elg-events] Queueing event    eve_launcher.electron.authentication.UserTokensRefreshed
2025-06-04 19:01:30.135    app     info:    [quasar-26239201] Start streaming with new credentials
2025-06-04 19:01:30.143    app     info:    [quasar-elg-events] Event sent    type.evetech.net/eve_launcher.electron.authentication.UserTokensRefreshed
2025-06-04 19:01:30.773    app     info:    [server-manager] Downloaded 749.50 MiB/4.83 GiB at 780.44 kiB/s
2025-06-04 19:01:31.780    app     info:    [server-manager] Downloaded 750.40 MiB/4.83 GiB at 939.44 kiB/s
2025-06-04 19:01:32.802    app     info:    [server-manager] Downloaded 751.31 MiB/4.83 GiB at 906.75 kiB/s
2025-06-04 19:01:33.082    app     info:    [authentication] Token for '23622903' on 'tranquility' has been successfully refreshed
2025-06-04 19:01:33.089    app     info:    [quasar-elg-events] Queueing event    eve_launcher.electron.authentication.UserTokensRefreshed
2025-06-04 19:01:33.096    app     info:    [quasar-23622903] Start streaming with new credentials
2025-06-04 19:01:33.097    app     info:    [quasar-elg-events] Event sent    type.evetech.net/eve_launcher.electron.authentication.UserTokensRefreshed
2025-06-04 19:01:33.834    app     info:    [server-manager] Downloaded 752.20 MiB/4.83 GiB at 1.28 MiB/s
2025-06-04 19:01:34.863    app     info:    [server-manager] Downloaded 753.03 MiB/4.83 GiB at 764.94 kiB/s
2025-06-04 19:01:35.873    app     info:    [server-manager] Downloaded 753.86 MiB/4.83 GiB at 867.02 kiB/s
2025-06-04 19:01:36.905    app     info:    [server-manager] Downloaded 754.51 MiB/4.83 GiB at 522.07 kiB/s
2025-06-04 19:01:37.154    app     warn:    [quasar-26239201] Quasar connection encountered an internal error with unknown code [internal]    a [ConnectError]: [internal]
    at ee (C:\Program Files (x86)\Steam\steamapps\common\Eve Online\app-1.10.1\resources\app.asar\.webpack\main\index.js:8:2683063)
    at C:\Program Files (x86)\Steam\steamapps\common\Eve Online\app-1.10.1\resources\app.asar\.webpack\main\index.js:8:2683536
    at te (C:\Program Files (x86)\Steam\steamapps\common\Eve Online\app-1.10.1\resources\app.asar\.webpack\main\index.js:8:2683584)
    at next (C:\Program Files (x86)\Steam\steamapps\common\Eve Online\app-1.10.1\resources\app.asar\.webpack\main\index.js:8:2691577)
    at process.processTicksAndRejections (node:internal/process/task_queues:105:5) {
  rawMessage: '',
  code: 13,
  metadata: Headers {
    'content-type': 'application/grpc+proto',
    'grpc-status': '13',
    'grpc-message': ''
  },
  details: [],
  cause: undefined
}
2025-06-04 19:01:37.180    app     warn:    [quasar-23622903] Quasar connection encountered an internal error with unknown code [internal]    a [ConnectError]: [internal]
    at ee (C:\Program Files (x86)\Steam\steamapps\common\Eve Online\app-1.10.1\resources\app.asar\.webpack\main\index.js:8:2683063)
    at C:\Program Files (x86)\Steam\steamapps\common\Eve Online\app-1.10.1\resources\app.asar\.webpack\main\index.js:8:2683536
    at te (C:\Program Files (x86)\Steam\steamapps\common\Eve Online\app-1.10.1\resources\app.asar\.webpack\main\index.js:8:2683584)
    at next (C:\Program Files (x86)\Steam\steamapps\common\Eve Online\app-1.10.1\resources\app.asar\.webpack\main\index.js:8:2691577)
    at process.processTicksAndRejections (node:internal/process/task_queues:105:5) {
  rawMessage: '',
  code: 13,
  metadata: Headers {
    'content-type': 'application/grpc+proto',
    'grpc-status': '13',
    'grpc-message': ''
  },
  details: [],
  cause: undefined
}
2025-06-04 19:01:37.935    app     info:    [server-manager] Downloaded 755.32 MiB/4.83 GiB at 867.65 kiB/s
2025-06-04 19:01:38.014    app     info:    [authentication] Token for '29795975' on 'tranquility' has been successfully refreshed
2025-06-04 19:01:38.019    app     info:    [quasar-elg-events] Queueing event    eve_launcher.electron.authentication.UserTokensRefreshed
2025-06-04 19:01:38.028    app     info:    [quasar-29795975] Start streaming with new credentials
2025-06-04 19:01:38.028    app     info:    [quasar-elg-events] Event sent    type.evetech.net/eve_launcher.electron.authentication.UserTokensRefreshed
2025-06-04 19:01:38.114    app     warn:    [quasar-29795975] Quasar connection encountered an internal error with unknown code [internal]    a [ConnectError]: [internal]
    at ee (C:\Program Files (x86)\Steam\steamapps\common\Eve Online\app-1.10.1\resources\app.asar\.webpack\main\index.js:8:2683063)
    at C:\Program Files (x86)\Steam\steamapps\common\Eve Online\app-1.10.1\resources\app.asar\.webpack\main\index.js:8:2683536
    at te (C:\Program Files (x86)\Steam\steamapps\common\Eve Online\app-1.10.1\resources\app.asar\.webpack\main\index.js:8:2683584)
    at next (C:\Program Files (x86)\Steam\steamapps\common\Eve Online\app-1.10.1\resources\app.asar\.webpack\main\index.js:8:2691577)
    at process.processTicksAndRejections (node:internal/process/task_queues:105:5) {
  rawMessage: '',
  code: 13,
  metadata: Headers {
    'content-type': 'application/grpc+proto',
    'grpc-status': '13',
    'grpc-message': ''
  },
  details: [],
  cause: undefined
}
2025-06-04 19:01:38.958    app     info:    [server-manager] Downloaded 756.07 MiB/4.83 GiB at 857.14 kiB/s
2025-06-04 19:01:39.987    app     info:    [server-manager] Downloaded 756.90 MiB/4.83 GiB at 820.51 kiB/s
2025-06-04 19:01:40.884    app     info:    [scheduler] Starting scheduler foreground
2025-06-04 19:01:40.933    app     info:    [customer-information] Getting character information for '31367691' on 'tranquility'
2025-06-04 19:01:40.933    app     info:    [customer-information] Getting Omega status for '31367691' on 'tranquility' (eve-online)
2025-06-04 19:01:41.021    app     info:    [server-manager] Downloaded 757.62 MiB/4.83 GiB at 684.42 kiB/s
2025-06-04 19:01:42.035    app     info:    [server-manager] Downloaded 758.31 MiB/4.83 GiB at 1.13 MiB/s
2025-06-04 19:01:43.042    app     info:    [server-manager] Downloaded 759.06 MiB/4.83 GiB at 747.53 kiB/s
2025-06-04 19:01:44.067    app     info:    [server-manager] Downloaded 759.69 MiB/4.83 GiB at 679.70 kiB/s
2025-06-04 19:01:45.083    app     info:    [server-manager] Downloaded 760.57 MiB/4.83 GiB at 1,017.93 kiB/s
2025-06-04 19:01:45.957    app     info:    [self-update] Checking for application updates.
2025-06-04 19:01:46.112    app     info:    [server-manager] Downloaded 761.37 MiB/4.83 GiB at 853.80 kiB/s
2025-06-04 19:01:46.379    app     info:    [scheduler] Stopped scheduler foreground
2025-06-04 19:01:46.380    app     info:    [ipc-requests] Handling requests in the background
2025-06-04 19:01:47.126    app     info:    [server-manager] Downloaded 762.26 MiB/4.83 GiB at 820.51 kiB/s
2025-06-04 19:01:47.382    app     info:    [ipc-requests] No longer handling requests in the background
2025-06-04 19:01:48.163    app     info:    [server-manager] Downloaded 763.13 MiB/4.83 GiB at 912.86 kiB/s
2025-06-04 19:01:49.191    app     info:    [server-manager] Downloaded 763.97 MiB/4.83 GiB at 824.39 kiB/s
2025-06-04 19:01:50.206    app     info:    [server-manager] Downloaded 764.83 MiB/4.83 GiB at 940.25 kiB/s
2025-06-04 19:01:51.214    app     info:    [server-manager] Downloaded 765.70 MiB/4.83 GiB at 944.94 kiB/s
2025-06-04 19:01:52.272    app     info:    [server-manager] Downloaded 766.52 MiB/4.83 GiB at 803.47 kiB/s
2025-06-04 19:01:53.287    app     info:    [server-manager] Downloaded 767.28 MiB/4.83 GiB at 884.82 kiB/s
2025-06-04 19:01:53.783    app     info:    [self-update] No application updates were found.
2025-06-04 19:01:54.301    app     info:    [server-manager] Downloaded 768.19 MiB/4.83 GiB at 889.82 kiB/s
2025-06-04 19:01:55.396    app     info:    [server-manager] Downloaded 768.98 MiB/4.83 GiB at 708.84 kiB/s
2025-06-04 19:01:56.425    app     info:    [server-manager] Downloaded 769.82 MiB/4.83 GiB at 895.42 kiB/s
2025-06-04 19:01:56.613    app     info:    [authentication] Token for '31320672' on 'tranquility' is expired, refresh is required
2025-06-04 19:01:56.613    app     info:    [authentication] Refreshing token for '31320672' on 'tranquility'
2025-06-04 19:01:57.374    app     info:    [authentication] Token for '31320672' on 'tranquility' has been successfully refreshed
2025-06-04 19:01:57.379    app     info:    [quasar-elg-events] Queueing event    eve_launcher.electron.authentication.UserTokensRefreshed
2025-06-04 19:01:57.387    app     info:    [quasar-31320672] Start streaming with new credentials
2025-06-04 19:01:57.395    app     info:    [quasar-elg-events] Event sent    type.evetech.net/eve_launcher.electron.authentication.UserTokensRefreshed
2025-06-04 19:01:57.458    app     info:    [server-manager] Downloaded 770.60 MiB/4.83 GiB at 352.00 kiB/s
2025-06-04 19:01:58.468    app     info:    [server-manager] Downloaded 771.33 MiB/4.83 GiB at 706.82 kiB/s
2025-06-04 19:01:59.493    app     info:    [server-manager] Downloaded 772.23 MiB/4.83 GiB at 853.75 kiB/s
2025-06-04 19:02:00.523    app     info:    [server-manager] Downloaded 773.12 MiB/4.83 GiB at 881.45 kiB/s
2025-06-04 19:02:01.549    app     info:    [server-manager] Downloaded 773.93 MiB/4.83 GiB at 818.56 kiB/s
2025-06-04 19:02:02.561    app     info:    [server-manager] Downloaded 774.85 MiB/4.83 GiB at 803.55 kiB/s
2025-06-04 19:02:03.582    app     info:    [server-manager] Downloaded 775.67 MiB/4.83 GiB at 922.41 kiB/s
2025-06-04 19:02:04.554    app     warn:    [quasar-31320672] Quasar connection encountered an internal error with unknown code [internal]    a [ConnectError]: [internal]
    at ee (C:\Program Files (x86)\Steam\steamapps\common\Eve Online\app-1.10.1\resources\app.asar\.webpack\main\index.js:8:2683063)
    at C:\Program Files (x86)\Steam\steamapps\common\Eve Online\app-1.10.1\resources\app.asar\.webpack\main\index.js:8:2683536
    at te (C:\Program Files (x86)\Steam\steamapps\common\Eve Online\app-1.10.1\resources\app.asar\.webpack\main\index.js:8:2683584)
    at next (C:\Program Files (x86)\Steam\steamapps\common\Eve Online\app-1.10.1\resources\app.asar\.webpack\main\index.js:8:2691577)
    at process.processTicksAndRejections (node:internal/process/task_queues:105:5) {
  rawMessage: '',
  code: 13,
  metadata: Headers {
    'content-type': 'application/grpc+proto',
    'grpc-status': '13',
    'grpc-message': ''
  },
  details: [],
  cause: undefined
}
2025-06-04 19:02:04.589    app     info:    [server-manager] Downloaded 776.56 MiB/4.83 GiB at 1,014.08 kiB/s
2025-06-04 19:02:05.595    app     info:    [server-manager] Downloaded 777.46 MiB/4.83 GiB at 893.95 kiB/s
2025-06-04 19:02:06.621    app     info:    [server-manager] Downloaded 778.36 MiB/4.83 GiB at 788.95 kiB/s
2025-06-04 19:02:07.643    app     info:    [server-manager] Downloaded 779.26 MiB/4.83 GiB at 416.00 kiB/s
2025-06-04 19:02:08.651    app     info:    [server-manager] Downloaded 780.13 MiB/4.83 GiB at 847.43 kiB/s
2025-06-04 19:02:09.674    app     info:    [server-manager] Downloaded 781.04 MiB/4.83 GiB at 1.09 MiB/s
2025-06-04 19:02:10.707    app     info:    [server-manager] Downloaded 781.84 MiB/4.83 GiB at 809.63 kiB/s
2025-06-04 19:02:11.715    app     info:    [server-manager] Downloaded 782.83 MiB/4.83 GiB at 772.52 kiB/s
2025-06-04 19:02:12.720    app     info:    [server-manager] Downloaded 783.66 MiB/4.83 GiB at 890.60 kiB/s
2025-06-04 19:02:13.789    app     info:    [server-manager] Downloaded 784.30 MiB/4.83 GiB at 678.23 kiB/s
2025-06-04 19:02:14.800    app     info:    [server-manager] Downloaded 785.10 MiB/4.83 GiB at 893.38 kiB/s
2025-06-04 19:02:15.809    app     info:    [server-manager] Downloaded 785.94 MiB/4.83 GiB at 971.45 kiB/s
2025-06-04 19:02:16.835    app     info:    [server-manager] Downloaded 786.76 MiB/4.83 GiB at 382.47 kiB/s
2025-06-04 19:02:17.846    app     info:    [server-manager] Downloaded 787.61 MiB/4.83 GiB at 974.75 kiB/s
2025-06-04 19:02:18.864    app     info:    [server-manager] Downloaded 788.35 MiB/4.83 GiB at 622.57 kiB/s
2025-06-04 19:02:19.895    app     info:    [server-manager] Downloaded 789.26 MiB/4.83 GiB at 773.91 kiB/s
2025-06-04 19:02:20.906    app     info:    [server-manager] Downloaded 790.12 MiB/4.83 GiB at 832.59 kiB/s
2025-06-04 19:02:21.973    app     info:    [server-manager] Downloaded 790.93 MiB/4.83 GiB at 676.21 kiB/s
2025-06-04 19:02:22.990    app     info:    [server-manager] Downloaded 791.77 MiB/4.83 GiB at 933.89 kiB/s
2025-06-04 19:02:23.999    app     info:    [server-manager] Downloaded 792.63 MiB/4.83 GiB at 766.47 kiB/s
2025-06-04 19:02:25.051    app     info:    [server-manager] Downloaded 793.49 MiB/4.83 GiB at 914.29 kiB/s
2025-06-04 19:02:26.058    app     info:    [server-manager] Downloaded 794.37 MiB/4.83 GiB at 920.63 kiB/s
2025-06-04 19:02:27.084    app     info:    [server-manager] Downloaded 795.20 MiB/4.83 GiB at 921.50 kiB/s
2025-06-04 19:02:28.122    app     info:    [server-manager] Downloaded 796.11 MiB/4.83 GiB at 774.67 kiB/s
2025-06-04 19:02:29.180    app     info:    [server-manager] Downloaded 796.85 MiB/4.83 GiB at 841.66 kiB/s
2025-06-04 19:02:30.223    app     info:    [server-manager] Downloaded 797.41 MiB/4.83 GiB at 373.54 kiB/s
2025-06-04 19:02:31.253    app     info:    [server-manager] Downloaded 798.21 MiB/4.83 GiB at 757.33 kiB/s
2025-06-04 19:02:32.300    app     info:    [server-manager] Downloaded 799.01 MiB/4.83 GiB at 724.22 kiB/s
2025-06-04 19:02:33.331    app     info:    [server-manager] Downloaded 799.90 MiB/4.83 GiB at 1.31 MiB/s
2025-06-04 19:02:34.341    app     info:    [server-manager] Downloaded 800.78 MiB/4.83 GiB at 833.86 kiB/s
2025-06-04 19:02:35.362    app     info:    [server-manager] Downloaded 801.65 MiB/4.83 GiB at 1.28 MiB/s
2025-06-04 19:02:36.368    app     info:    [server-manager] Downloaded 802.56 MiB/4.83 GiB at 916.87 kiB/s
2025-06-04 19:02:37.378    app     info:    [server-manager] Downloaded 803.44 MiB/4.83 GiB at 1.20 MiB/s
2025-06-04 19:02:38.378    app     info:    [server-manager] Downloaded 804.28 MiB/4.83 GiB at 888.50 kiB/s
2025-06-04 19:02:39.393    app     info:    [server-manager] Downloaded 805.15 MiB/4.83 GiB at 945.13 kiB/s
2025-06-04 19:02:40.403    app     info:    [server-manager] Downloaded 805.99 MiB/4.83 GiB at 817.29 kiB/s
2025-06-04 19:02:41.424    app     info:    [server-manager] Downloaded 806.95 MiB/4.83 GiB at 773.34 kiB/s
2025-06-04 19:02:42.476    app     info:    [server-manager] Downloaded 807.79 MiB/4.83 GiB at 696.62 kiB/s
2025-06-04 19:02:43.507    app     info:    [server-manager] Downloaded 808.46 MiB/4.83 GiB at 676.92 kiB/s
2025-06-04 19:02:44.553    app     info:    [server-manager] Downloaded 809.31 MiB/4.83 GiB at 808.97 kiB/s
2025-06-04 19:02:45.559    app     info:    [server-manager] Downloaded 810.16 MiB/4.83 GiB at 978.30 kiB/s
2025-06-04 19:02:46.567    app     info:    [server-manager] Downloaded 811.01 MiB/4.83 GiB at 781.19 kiB/s
2025-06-04 19:02:47.619    app     info:    [server-manager] Downloaded 811.94 MiB/4.83 GiB at 1.49 MiB/s
2025-06-04 19:02:48.627    app     info:    [server-manager] Downloaded 812.86 MiB/4.83 GiB at 902.78 kiB/s
2025-06-04 19:02:49.652    app     info:    [server-manager] Downloaded 813.77 MiB/4.83 GiB at 949.46 kiB/s
2025-06-04 19:02:50.686    app     info:    [server-manager] Downloaded 814.71 MiB/4.83 GiB at 861.38 kiB/s
2025-06-04 19:02:51.709    app     info:    [server-manager] Downloaded 815.62 MiB/4.83 GiB at 448.00 kiB/s
2025-06-04 19:02:52.726    app     info:    [server-manager] Downloaded 816.49 MiB/4.83 GiB at 899.03 kiB/s
2025-06-04 19:02:53.771    app     info:    [server-manager] Downloaded 817.33 MiB/4.83 GiB at 845.28 kiB/s
2025-06-04 19:02:54.782    app     info:    [server-manager] Downloaded 818.22 MiB/4.83 GiB at 762.16 kiB/s
2025-06-04 19:02:55.781    app     info:    [server-manager] Downloaded 819.04 MiB/4.83 GiB at 1.12 MiB/s
2025-06-04 19:02:56.803    app     info:    [server-manager] Downloaded 819.94 MiB/4.83 GiB at 792.50 kiB/s
2025-06-04 19:02:57.810    app     info:    [server-manager] Downloaded 820.80 MiB/4.83 GiB at 1.34 MiB/s
2025-06-04 19:02:59.150    app     info:    [server-manager] Downloaded 821.59 MiB/4.83 GiB at 787.21 kiB/s
2025-06-04 19:03:00.147    app     info:    [server-manager] Downloaded 822.57 MiB/4.83 GiB at 960.00 kiB/s
2025-06-04 19:03:01.177    app     info:    [server-manager] Downloaded 823.34 MiB/4.83 GiB at 991.28 kiB/s
2025-06-04 19:03:02.177    app     info:    [server-manager] Downloaded 824.20 MiB/4.83 GiB at 460.25 kiB/s
2025-06-04 19:03:03.272    app     info:    [server-manager] Downloaded 825.18 MiB/4.83 GiB at 734.13 kiB/s
2025-06-04 19:03:04.309    app     info:    [server-manager] Downloaded 826.08 MiB/4.83 GiB at 917.63 kiB/s
2025-06-04 19:03:05.351    app     info:    [server-manager] Downloaded 826.68 MiB/4.83 GiB at 799.01 kiB/s
2025-06-04 19:03:06.341    app     info:    [server-manager] Downloaded 827.71 MiB/4.83 GiB at 1.17 MiB/s
2025-06-04 19:03:07.351    app     info:    [server-manager] Downloaded 828.60 MiB/4.83 GiB at 926.15 kiB/s
2025-06-04 19:03:08.404    app     info:    [server-manager] Downloaded 829.54 MiB/4.83 GiB at 1.35 MiB/s
2025-06-04 19:03:09.414    app     info:    [server-manager] Downloaded 830.44 MiB/4.83 GiB at 943.85 kiB/s
2025-06-04 19:03:10.436    app     info:    [server-manager] Downloaded 831.36 MiB/4.83 GiB at 1,022.57 kiB/s
2025-06-04 19:03:11.467    app     info:    [server-manager] Downloaded 832.17 MiB/4.83 GiB at 992.00 kiB/s
2025-06-04 19:03:12.494    app     info:    [server-manager] Downloaded 833.23 MiB/4.83 GiB at 1.10 MiB/s
2025-06-04 19:03:13.522    app     info:    [server-manager] Downloaded 834.11 MiB/4.83 GiB at 1.33 MiB/s
2025-06-04 19:03:14.529    app     info:    [server-manager] Downloaded 834.94 MiB/4.83 GiB at 1.34 MiB/s
2025-06-04 19:03:15.550    app     info:    [server-manager] Downloaded 835.70 MiB/4.83 GiB at 736.48 kiB/s
2025-06-04 19:03:16.558    app     info:    [server-manager] Downloaded 836.46 MiB/4.83 GiB at 444.49 kiB/s
2025-06-04 19:03:17.077    app     info:    [authentication] Token for '31320672' on 'tranquility' has been successfully refreshed
2025-06-04 19:03:17.085    app     info:    [quasar-elg-events] Queueing event    eve_launcher.electron.authentication.UserTokensRefreshed
2025-06-04 19:03:17.102    app     info:    [quasar-elg-events] Event sent    type.evetech.net/eve_launcher.electron.authentication.UserTokensRefreshed
2025-06-04 19:03:17.613    app     info:    [server-manager] Downloaded 837.38 MiB/4.83 GiB at 926.64 kiB/s
2025-06-04 19:03:18.625    app     info:    [server-manager] Downloaded 838.31 MiB/4.83 GiB at 816.97 kiB/s
2025-06-04 19:03:19.654    app     info:    [server-manager] Downloaded 839.19 MiB/4.83 GiB at 883.81 kiB/s
2025-06-04 19:03:20.687    app     info:    [server-manager] Downloaded 840.15 MiB/4.83 GiB at 1,001.96 kiB/s
2025-06-04 19:03:21.715    app     info:    [server-manager] Downloaded 840.95 MiB/4.83 GiB at 917.97 kiB/s
2025-06-04 19:03:22.720    app     info:    [server-manager] Downloaded 841.96 MiB/4.83 GiB at 1.11 MiB/s
2025-06-04 19:03:23.770    app     info:    [server-manager] Downloaded 842.85 MiB/4.83 GiB at 898.57 kiB/s
2025-06-04 19:03:24.780    app     info:    [server-manager] Downloaded 843.60 MiB/4.83 GiB at 272.58 kiB/s
2025-06-04 19:03:25.801    app     info:    [server-manager] Downloaded 844.45 MiB/4.83 GiB at 906.31 kiB/s
2025-06-04 19:03:26.924    app     info:    [server-manager] Downloaded 845.16 MiB/4.83 GiB at 979.63 kiB/s
2025-06-04 19:03:27.923    app     info:    [server-manager] Downloaded 846.39 MiB/4.83 GiB at 1.15 MiB/s
2025-06-04 19:03:28.991    app     info:    [server-manager] Downloaded 847.37 MiB/4.83 GiB at 898.49 kiB/s
2025-06-04 19:03:30.021    app     info:    [server-manager] Downloaded 848.31 MiB/4.83 GiB at 944.82 kiB/s
2025-06-04 19:03:31.054    app     info:    [server-manager] Downloaded 849.14 MiB/4.83 GiB at 853.80 kiB/s
2025-06-04 19:03:32.062    app     info:    [server-manager] Downloaded 850.07 MiB/4.83 GiB at 416.00 kiB/s
