2025-06-04 11:43:30.042    app     info:    [migrations] Running state migrations from 202403271440 to 202403271440
2025-06-04 11:43:30.270    app     info:    [self-update] Configuring update feed.
2025-06-04 11:43:30.270    app     info:    [self-update] Update feed set to: https://launcher.ccpgames.com/eve-online/release/win32/x64/
2025-06-04 11:43:30.475    app     info:    Startup arguments    []
2025-06-04 11:43:30.689    app     info:    [self-update] Auto-updating is now enabled
2025-06-04 11:43:30.694    app     info:    [migrations] Running state migrations from 202403271440 to 202403271440
2025-06-04 11:43:30.709    app    error:    (node:9752) [DEP0180] DeprecationWarning: fs.Stats constructor is deprecated.
(Use `eve-online --trace-deprecation ...` to show where the warning was created)    []
2025-06-04 11:43:30.713    app     info:    [third-party-authentications] Checking for Steam startup
2025-06-04 11:43:31.337    app     info:    [cache-protocol] Found 0 entries to remove
2025-06-04 11:43:31.338    app     info:    [cache-protocol] Nothing to clean up.
2025-06-04 11:43:31.822    app     info:    [migrations] Running secured-state migrations from 202406060001 to 202406060001
2025-06-04 11:43:32.036    app     info:    [i18next] Changed language    ru
2025-06-04 11:43:32.055    app     info:    [steam-auth] Steam startup detected
2025-06-04 11:43:32.083    app     info:    [authentication] Generated login URL with state '_0FHe3KdXgGbo11I91E1Q2phHKTde5GCb_drgRg5GS4' for 'tranquility' using clientID 'eveLauncherTQ'
2025-06-04 11:43:32.083    app     info:    [third-party-authentications] Done checking third party startups
2025-06-04 11:43:32.517    app     info:    [customer-information] Agreements have been updated
2025-06-04 11:43:32.623    app     info:    [quasar-elg-events] Queueing event    eve_launcher.electron.application.LauncherStarted
2025-06-04 11:43:32.718    app     info:    [analytics] Application name:    EVE Online
2025-06-04 11:43:32.718    app     info:    [analytics] Application version:    1.10.1
2025-06-04 11:43:32.719    app     info:    [analytics] Domain    undefined
2025-06-04 11:43:32.721    app     info:    [analytics] Working directory    C:\Program Files (x86)\Steam\steamapps\common\Eve Online\app-1.10.1
2025-06-04 11:43:32.721    app     info:    [analytics] Username contains UTF8?    false
2025-06-04 11:43:33.884    app     info:    [quasar-elg-events] Queueing event    eve_launcher.electron.application.PdmLoaded
2025-06-04 11:43:33.901    app     info:    [quasar-elg-events] Queueing event    eve_launcher.electron.application.CoreDataLoaded
2025-06-04 11:43:33.905    app     info:    [analytics] Operating system    { type: 'Windows', name: 'Windows 10 Home', version: '10.0 (19045)' }
2025-06-04 11:43:33.905    app     info:    [analytics] Encryption available:    true
2025-06-04 11:43:33.905    app     info:    [analytics] Machine UUID    B7B2A471-C4FE-4353-880B-870CE29AC3D8
2025-06-04 11:43:33.905    app     info:    [analytics] PDM Version    2.1.4
2025-06-04 11:43:33.905    app     info:    [analytics] Release channel    release
2025-06-04 11:43:33.906    app     info:    [initializers] Shared cache directory set to    C:\Games\EVE
2025-06-04 11:43:33.915    app     info:    [initializers] Shared cache drive free space: 58.93 GiB / 237.84 GiB
2025-06-04 11:43:33.917    app     info:    [feature-flags] Initializing feature flag client
2025-06-04 11:43:33.958    app     info:    [migrations] Running file-system migrations from 202408021525 to 202408021525
2025-06-04 11:43:33.963    app     info:    [scheduler] Starting scheduler background
2025-06-04 11:43:33.992    app    error:    (node:9752) MaxListenersExceededWarning: Possible EventEmitter memory leak detected. 11 scheduler/triggered listeners added to [IpcMainImpl]. MaxListeners is 10. Use emitter.setMaxListeners() to increase limit    []
2025-06-04 11:43:34.001    app     info:    [shared-cache] Looking for eve-online profiles in 'c_games_eve_tq_tranquility'...
2025-06-04 11:43:34.015    app     info:    [shared-cache] No profiles found on disk
2025-06-04 11:43:34.044    app     info:    [analytics] Hardware rendering enabled:    true    { disabledViaCommandline: false, disabledViaSettings: true }
2025-06-04 11:43:34.073    app     info:    [first-run] Application has been run before: 2025-03-14T09:16:58.327Z
2025-06-04 11:43:34.313    app     info:    [quasar-elg-events] Event sent    type.evetech.net/eve_launcher.electron.application.LauncherStarted
2025-06-04 11:43:34.315    app     info:    [quasar-elg-events] Event sent    type.evetech.net/eve_launcher.electron.application.PdmLoaded
2025-06-04 11:43:34.316    app     info:    [quasar-elg-events] Event sent    type.evetech.net/eve_launcher.electron.application.CoreDataLoaded
2025-06-04 11:43:34.392    app     info:    info: [LaunchDarkly] LaunchDarkly client initialized    []
2025-06-04 11:43:34.394    app     info:    info: [LaunchDarkly] Opening stream connection to https://clientstream.launchdarkly.com/eval/64c3d12e27a4b11365012d39/eyJraW5kIjoibXVsdGkiLCJsYXVuY2hlciI6eyJrZXkiOiJlZjNjMWY1Ny03NWI2LTQzNzItODQzNy1kODQ5MTJjMjgyMWUiLCJpc0ZpcnN0UnVuIjpmYWxzZSwiZGF5c1NpbmNlRmlyc3RSdW4iOjgyLCJsYW5ndWFnZSI6InJ1IiwiYXBwbGljYXRpb24iOiJldmUtb25saW5lIiwidmVyc2lvbiI6IjEuMTAuMSIsInBsYXRmb3JtIjoid2luZG93cyIsImlzR2VGb3JjZU5vdyI6ZmFsc2UsIm9zVmVyc2lvbkRlcHJlY2F0ZWQiOmZhbHNlLCJ1c2VySWRzIjpbMjM2MjI5MDMsMzEzNjc2OTEsMjM2MjI5MDMsMzEzNjc2OTFdLCJwcm9kdWN0cyI6WyJldmUtb25saW5lIl0sIm9tZWdhQ291bnQiOjAsImFscGhhQ291bnQiOjUsImFjY291bnRDb3VudCI6NSwib2xkZXN0QWNjb3VudEFnZSI6MTU3NiwieW91bmdlc3RBY2NvdW50QWdlIjo3MH0sImpvdXJuZXkiOnsia2V5IjoiYjEyMjhlYTAtMzY5MC00ZDk3LWJjZmUtYmQwMjY0OGNkNTZjIiwiYW5vbnltb3VzIjp0cnVlfX0?withReasons=true    []
2025-06-04 11:43:34.396    app     info:    [feature-flags] Client ef3c1f57... ready, fetching flags
2025-06-04 11:43:34.398    app     info:    [self-update] Auto-updating is now enabled
2025-06-04 11:43:34.399    app     info:    [quasar-manager] Quasar (EPG) feature flag is enabled
2025-06-04 11:43:34.403    app     info:    [feature-flags] Received 40 flags for client ef3c1f57...
2025-06-04 11:43:34.403    app     info:    [feature-flags] Client initialized with key ef3c1f57...
2025-06-04 11:43:34.410    app     info:    [quasar-manager] Quasar (EPG) feature flag is enabled
2025-06-04 11:43:34.415    app     info:    [self-update] Configuring update feed.
2025-06-04 11:43:34.416    app     info:    [self-update] Update feed set to: https://launcher.ccpgames.com/eve-online/release/win32/x64/
2025-06-04 11:43:34.416    app     info:    [self-update] Auto-updating is now enabled
2025-06-04 11:43:34.692    app     warn:    (electron) 'console-message' arguments are deprecated and will be removed. Please use Event<WebContentsConsoleMessageEventParams> object instead.    []
2025-06-04 11:43:34.726    app     info:    [quasar-elg-events] Queueing event    eve_launcher.electron.application.RendererLoaded
2025-06-04 11:43:34.727    app     info:    [quasar-elg-events] Event sent    type.evetech.net/eve_launcher.electron.application.RendererLoaded
2025-06-04 11:43:34.728    app     info:    [scheduler] Starting scheduler foreground
2025-06-04 11:43:34.749    app     info:    [newsfeed] Fetching news for eve-online in ru
2025-06-04 11:43:34.759    app     info:    [shared-cache-cleaner] Removing unused files from the shared cache
2025-06-04 11:43:34.791    app     info:    [content-delivery-trace] Fetching CDN trace data from https://binaries.eveonline.com/cdn-cgi/trace
2025-06-04 11:43:34.820    app     info:    [creatives] Requesting creatives for eve-online
2025-06-04 11:43:34.825    app     info:    [authentication] Token for '31367691' on 'tranquility' is expired, refresh is required
2025-06-04 11:43:34.825    app     info:    [authentication] Refreshing token for '31367691' on 'tranquility'
2025-06-04 11:43:34.826    app     info:    [authentication] Token for '31367691' on 'tranquility' is expired, refresh is required
2025-06-04 11:43:34.826    app     info:    [authentication] Refreshing token for '31367691' on 'tranquility'
2025-06-04 11:43:34.850    app     info:    [window-manager] Main window registered    { windowId: 2 }
2025-06-04 11:43:34.875    app     info:    [login-window] Creating login window using URI 'https://login.eveonline.com/account/logoff?lang=en&ReturnUrl=%2Fv2%2Foauth%2Fauthorize%3Fresponse_type%3Dcode%26client_id%3DeveLauncherTQ%26scope%3DeveClientLogin%2Bcisservice.customerRead.v1%2Bcisservice.customerWrite.v1%2Bcisservice.userProfileBasic.v1%2Bvgs.transactionRead.v1%2Bvgs.marketAccess.v1%26redirect_uri%3Dhttps%253A%252F%252Flogin.eveonline.com%252Flauncher%253Fclient_id%253DeveLauncherTQ%26state%3D_0FHe3KdXgGbo11I91E1Q2phHKTde5GCb_drgRg5GS4%26code_challenge_method%3DS256%26code_challenge%3D8JisGCTZqpyuL9RgMfNhESXsVidZ5l3TExjLhP564lw%26steam_ticket%3D14000000ddcdd35f4b2cef841bd7f11a01001001052f406818000000010000000200000068f2cb35d0bf9995727a090001000000b200000032000000040000001bd7f11a0100100134210000cc82a42edd06000a000000000c3140688ce05b6801002f22020000000000cc00b2a9c485eaed298a68b68cb4fdcd5d920993bb259c655ee343fb2c256ebdbfb6a93aaeba88f9235f249fc229e3bf5c3230ddbce77bfe22d226bc3b40cbd3a28d293e1ee0514e2bd0bfafc959be51c554e56a9f896b0b75f085844f1c11872911ce3bd7785d3fd1a35b3c8a1988d8f79d3429392c34b5755b67223f9a430e'
2025-06-04 11:43:34.899     ui     info:    [i18next] Requesting missing translation ru readnought title title    ccp://launcher/renderer/main_window/index.js    2
2025-06-04 11:43:34.903    app    error:    [shared-cache-cleaner] Failed to get all manifests from disk    [
  m [ManifestCombineError]: Binary manifest missing for eve-online: tranquility
      at S (C:\Program Files (x86)\Steam\steamapps\common\Eve Online\app-1.10.1\resources\app.asar\.webpack\main\index.js:8:1799659) {
    product: 'eve-online',
    tenant: 'tranquility'
  }
]
2025-06-04 11:43:34.905    app    error:    [shared-cache-cleaner] Failed to remove unused files from the shared cache Failed to get all manifests from disk    i [LauncherError]: Failed to get all manifests from disk
    at C:\Program Files (x86)\Steam\steamapps\common\Eve Online\app-1.10.1\resources\app.asar\.webpack\main\index.js:8:1929119
2025-06-04 11:43:34.995    app     info:    [jukebox] Fetched 2 jukebox playlists
2025-06-04 11:43:35.910    app     info:    [login-window] Navigation to login completed, receiving code & state (_0FHe3KdXgGbo11I91E1Q2phHKTde5GCb_drgRg5GS4)
2025-06-04 11:43:35.950    app     info:    [authentication] Token for '23622903' on 'tranquility' is expired, refresh is required
2025-06-04 11:43:35.951    app     info:    [authentication] Refreshing token for '23622903' on 'tranquility'
2025-06-04 11:43:35.951    app     info:    [authentication] Token for '26239201' on 'tranquility' is expired, refresh is required
2025-06-04 11:43:35.952    app     info:    [authentication] Refreshing token for '26239201' on 'tranquility'
2025-06-04 11:43:35.952    app     info:    [authentication] Token for '29795975' on 'tranquility' is expired, refresh is required
2025-06-04 11:43:35.952    app     info:    [authentication] Refreshing token for '29795975' on 'tranquility'
2025-06-04 11:43:35.953    app     info:    [authentication] Token for '31320672' on 'tranquility' is expired, refresh is required
2025-06-04 11:43:35.953    app     info:    [authentication] Refreshing token for '31320672' on 'tranquility'
2025-06-04 11:43:35.954    app     info:    [authentication] Token for '31367691' on 'tranquility' is expired, refresh is required
2025-06-04 11:43:35.954    app     info:    [authentication] Refreshing token for '31367691' on 'tranquility'
2025-06-04 11:43:35.954    app     info:    [AuthenticationMiddleware] Refreshed 5 / 5 users for tranquility on eve-online
2025-06-04 11:43:35.966    app     info:    [server-manager] Starting refresh cycle for eve-online / Tranquility
2025-06-04 11:43:36.114    app     info:    [newsfeed] Fetched 20 news items for eve-online in ru
2025-06-04 11:43:36.164    app     info:    [server-manager] Previous Tranquility build: 2866918, current build: 2929428
2025-06-04 11:43:36.170    app     info:    [quasar-elg-events] Queueing event    eve_launcher.electron.eve_client.GameClientUpdateStarted
2025-06-04 11:43:36.171    app     info:    [server-manager] Starting download of build 2929428 for Tranquility.
2025-06-04 11:43:36.183    app     info:    [quasar-elg-events] Event sent    type.evetech.net/eve_launcher.electron.eve_client.GameClientUpdateStarted
2025-06-04 11:43:36.238    app     info:    [creatives] Received 4 creatives for eve-online
2025-06-04 11:43:36.325    app     info:    [server-manager] Downloading binary chunks in 19 files (199 MB)
2025-06-04 11:43:36.328    app     info:    [download-from-manifest] Preparing to download 19 files    { cdn: 1, concurrent: 10 }
2025-06-04 11:43:36.336    app     warn:    [play-area-content] Invalid product found in play area content    { product: 'eve-frontier' }
2025-06-04 11:43:36.336    app     warn:    [play-area-content] Invalid product found in play area content    { product: 'eve-frontier' }
2025-06-04 11:43:36.337    app     warn:    [play-area-content] Invalid product found in play area content    { product: 'eve-frontier' }
2025-06-04 11:43:36.337    app     warn:    [play-area-content] Invalid product found in play area content    { product: 'eve-frontier' }
2025-06-04 11:43:36.338    app     warn:    [play-area-content] Invalid product found in play area content    { product: 'eve-frontier' }
2025-06-04 11:43:36.339    app     warn:    [play-area-content] Invalid product found in play area content    { product: 'eve-frontier' }
2025-06-04 11:43:36.339    app     warn:    [play-area-content] Invalid product found in play area content    { product: 'eve-frontier' }
2025-06-04 11:43:36.339    app     warn:    [play-area-content] Invalid product found in play area content    { product: 'eve-frontier' }
2025-06-04 11:43:37.737    app     info:    [server-manager] Downloaded 253.34 kiB/189.92 MiB at 65.40 kiB/s
2025-06-04 11:43:38.748    app     info:    [server-manager] Downloaded 628.37 kiB/189.92 MiB at 339.40 kiB/s
2025-06-04 11:43:39.755    app     info:    [self-update] Checking for application updates.
2025-06-04 11:43:40.259    app     info:    [server-manager] Downloaded 1.07 MiB/189.92 MiB at 315.09 kiB/s
2025-06-04 11:43:40.585    app     info:    [authentication] Token for '31367691' on 'tranquility' has been successfully refreshed
2025-06-04 11:43:40.592    app     info:    [quasar-elg-events] Queueing event    eve_launcher.electron.authentication.UserTokensRefreshed
2025-06-04 11:43:40.610    app     info:    [quasar-elg-events] Event sent    type.evetech.net/eve_launcher.electron.authentication.UserTokensRefreshed
2025-06-04 11:43:40.618    app     info:    [customer-information] Getting character information for '31367691' on 'tranquility'
2025-06-04 11:43:40.619    app     info:    [customer-information] Getting Omega status for '31367691' on 'tranquility' (eve-online)
2025-06-04 11:43:40.619    app     info:    [virtual-goods] Getting Plex status for '31367691' on 'tranquility' (eve-online)
2025-06-04 11:43:40.631    app     info:    [quasar-elg-events] Queueing event    eve_launcher.electron.authentication.UserTokensReceived
2025-06-04 11:43:40.647    app     info:    [quasar-elg-events] Queueing event    eve_launcher.electron.authentication.UserAuthenticated
2025-06-04 11:43:40.705    app     info:    [authentication] Token for '31367691' on 'tranquility' has been successfully refreshed
2025-06-04 11:43:40.711    app     info:    [quasar-elg-events] Queueing event    eve_launcher.electron.authentication.UserTokensRefreshed
2025-06-04 11:43:40.726    app     info:    [authentication] Token for '23622903' on 'tranquility' has been successfully refreshed
2025-06-04 11:43:40.743    app     info:    [quasar-elg-events] Queueing event    eve_launcher.electron.authentication.UserTokensRefreshed
2025-06-04 11:43:40.754    app     info:    [quasar-elg-events] Event sent    type.evetech.net/eve_launcher.electron.authentication.UserTokensReceived
2025-06-04 11:43:40.763    app     info:    [quasar-elg-events] Queueing event    eve_launcher.electron.authentication.LoginWindowClosed
2025-06-04 11:43:40.764    app     info:    [login-window] Login window with state '_0FHe3KdXgGbo11I91E1Q2phHKTde5GCb_drgRg5GS4' has been closed
2025-06-04 11:43:40.764    app    error:    [login-window] Could not load the login page: 'https://login.eveonline.com/account/logoff?lang=en&ReturnUrl=%2Fv2%2Foauth%2Fauthorize%3Fresponse_type%3Dcode%26client_id%3DeveLauncherTQ%26scope%3DeveClientLogin%2Bcisservice.customerRead.v1%2Bcisservice.customerWrite.v1%2Bcisservice.userProfileBasic.v1%2Bvgs.transactionRead.v1%2Bvgs.marketAccess.v1%26redirect_uri%3Dhttps%253A%252F%252Flogin.eveonline.com%252Flauncher%253Fclient_id%253DeveLauncherTQ%26state%3D_0FHe3KdXgGbo11I91E1Q2phHKTde5GCb_drgRg5GS4%26code_challenge_method%3DS256%26code_challenge%3D8JisGCTZqpyuL9RgMfNhESXsVidZ5l3TExjLhP564lw%26steam_ticket%3D14000000ddcdd35f4b2cef841bd7f11a01001001052f406818000000010000000200000068f2cb35d0bf9995727a090001000000b200000032000000040000001bd7f11a0100100134210000cc82a42edd06000a000000000c3140688ce05b6801002f22020000000000cc00b2a9c485eaed298a68b68cb4fdcd5d920993bb259c655ee343fb2c256ebdbfb6a93aaeba88f9235f249fc229e3bf5c3230ddbce77bfe22d226bc3b40cbd3a28d293e1ee0514e2bd0bfafc959be51c554e56a9f896b0b75f085844f1c11872911ce3bd7785d3fd1a35b3c8a1988d8f79d3429392c34b5755b67223f9a430e' ERR_FAILED (-2) loading 'https://login.eveonline.com/account/logoff?lang=en&ReturnUrl=%2Fv2%2Foauth%2Fauthorize%3Fresponse_type%3Dcode%26client_id%3DeveLauncherTQ%26scope%3DeveClientLogin%2Bcisservice.customerRead.v1%2Bcisservice.customerWrite.v1%2Bcisservice.userProfileBasic.v1%2Bvgs.transactionRead.v1%2Bvgs.marketAccess.v1%26redirect_uri%3Dhttps%253A%252F%252Flogin.eveonline.com%252Flauncher%253Fclient_id%253DeveLauncherTQ%26state%3D_0FHe3KdXgGbo11I91E1Q2phHKTde5GCb_drgRg5GS4%26code_challenge_method%3DS256%26code_challenge%3D8JisGCTZqpyuL9RgMfNhESXsVidZ5l3TExjLhP564lw%26steam_ticket%3D14000000ddcdd35f4b2cef841bd7f11a01001001052f406818000000010000000200000068f2cb35d0bf9995727a090001000000b200000032000000040000001bd7f11a0100100134210000cc82a42edd06000a000000000c3140688ce05b6801002f22020000000000cc00b2a9c485eaed298a68b68cb4fdcd5d920993bb259c655ee343fb2c256ebdbfb6a93aaeba88f9235f249fc229e3bf5c3230ddbce77bfe22d226bc3b40cbd3a28d293e1ee0514e2bd0bfafc959be51c554e56a9f896b0b75f085844f1c11872911ce3bd7785d3fd1a35b3c8a1988d8f79d3429392c34b5755b67223f9a430e'    Error: ERR_FAILED (-2) loading 'https://login.eveonline.com/account/logoff?lang=en&ReturnUrl=%2Fv2%2Foauth%2Fauthorize%3Fresponse_type%3Dcode%26client_id%3DeveLauncherTQ%26scope%3DeveClientLogin%2Bcisservice.customerRead.v1%2Bcisservice.customerWrite.v1%2Bcisservice.userProfileBasic.v1%2Bvgs.transactionRead.v1%2Bvgs.marketAccess.v1%26redirect_uri%3Dhttps%253A%252F%252Flogin.eveonline.com%252Flauncher%253Fclient_id%253DeveLauncherTQ%26state%3D_0FHe3KdXgGbo11I91E1Q2phHKTde5GCb_drgRg5GS4%26code_challenge_method%3DS256%26code_challenge%3D8JisGCTZqpyuL9RgMfNhESXsVidZ5l3TExjLhP564lw%26steam_ticket%3D14000000ddcdd35f4b2cef841bd7f11a01001001052f406818000000010000000200000068f2cb35d0bf9995727a090001000000b200000032000000040000001bd7f11a0100100134210000cc82a42edd06000a000000000c3140688ce05b6801002f22020000000000cc00b2a9c485eaed298a68b68cb4fdcd5d920993bb259c655ee343fb2c256ebdbfb6a93aaeba88f9235f249fc229e3bf5c3230ddbce77bfe22d226bc3b40cbd3a28d293e1ee0514e2bd0bfafc959be51c554e56a9f896b0b75f085844f1c11872911ce3bd7785d3fd1a35b3c8a1988d8f79d3429392c34b5755b67223f9a430e'
    at rejectAndCleanup (node:electron/js2c/browser_init:2:79523)
    at finishListener (node:electron/js2c/browser_init:2:79685)
    at WebContents.stopLoadingListener (node:electron/js2c/browser_init:2:80072)
    at WebContents.emit (node:events:530:35)
    at e.emit (C:\Program Files (x86)\Steam\steamapps\common\Eve Online\app-1.10.1\resources\app.asar\.webpack\main\index.js:8:2737360) {
  errno: -2,
  code: 'ERR_FAILED',
  url: 'https://login.eveonline.com/account/logoff?lang=en&ReturnUrl=%2Fv2%2Foauth%2Fauthorize%3Fresponse_type%3Dcode%26client_id%3DeveLauncherTQ%26scope%3DeveClientLogin%2Bcisservice.customerRead.v1%2Bcisservice.customerWrite.v1%2Bcisservice.userProfileBasic.v1%2Bvgs.transactionRead.v1%2Bvgs.marketAccess.v1%26redirect_uri%3Dhttps%253A%252F%252Flogin.eveonline.com%252Flauncher%253Fclient_id%253DeveLauncherTQ%26state%3D_0FHe3KdXgGbo11I91E1Q2phHKTde5GCb_drgRg5GS4%26code_challenge_method%3DS256%26code_challenge%3D8JisGCTZqpyuL9RgMfNhESXsVidZ5l3TExjLhP564lw%26steam_ticket%3D14000000ddcdd35f4b2cef841bd7f11a01001001052f406818000000010000000200000068f2cb35d0bf9995727a090001000000b200000032000000040000001bd7f11a0100100134210000cc82a42edd06000a000000000c3140688ce05b6801002f22020000000000cc00b2a9c485eaed298a68b68cb4fdcd5d920993bb259c655ee343fb2c256ebdbfb6a93aaeba88f9235f249fc229e3bf5c3230ddbce77bfe22d226bc3b40cbd3a28d293e1ee0514e2bd0bfafc959be51c554e56a9f896b0b75f085844f1c11872911ce3bd7785d3fd1a35b3c8a1988d8f79d3429392c34b5755b67223f9a430e'
}
2025-06-04 11:43:40.776    app     info:    [quasar-elg-events] Event sent    type.evetech.net/eve_launcher.electron.authentication.UserAuthenticated
2025-06-04 11:43:40.783    app     info:    [authentication] Token for '29795975' on 'tranquility' has been successfully refreshed
2025-06-04 11:43:40.792    app     info:    [quasar-elg-events] Queueing event    eve_launcher.electron.authentication.UserTokensRefreshed
2025-06-04 11:43:40.805    app     info:    [quasar-elg-events] Event sent    type.evetech.net/eve_launcher.electron.authentication.UserTokensRefreshed
2025-06-04 11:43:40.812    app     info:    [quasar-elg-events] Event sent    type.evetech.net/eve_launcher.electron.authentication.UserTokensRefreshed
2025-06-04 11:43:40.814    app     info:    [quasar-elg-events] Event sent    type.evetech.net/eve_launcher.electron.authentication.LoginWindowClosed
2025-06-04 11:43:40.815    app     info:    [quasar-elg-events] Event sent    type.evetech.net/eve_launcher.electron.authentication.UserTokensRefreshed
2025-06-04 11:43:41.260    app     info:    [server-manager] Downloaded 2.01 MiB/189.92 MiB at 991.69 kiB/s
2025-06-04 11:43:41.264    app     info:    [time-sync] Failed to sync time with 2 servers
2025-06-04 11:43:41.265    app     info:    [time-sync] Compared time with 4 servers. 2 successful, 2 failed.
2025-06-04 11:43:41.265    app     info:    [time-sync] Not showing any warnings because there were errors fetching the time.
2025-06-04 11:43:42.322    app     info:    [server-manager] Downloaded 2.61 MiB/189.92 MiB at 456.23 kiB/s
2025-06-04 11:43:42.599    app     info:    [virtual-goods] Fetched Plex status for '31367691' on 'tranquility' (eve-online) with balance: 0
2025-06-04 11:43:43.333    app     info:    [server-manager] Downloaded 3.34 MiB/189.92 MiB at 591.48 kiB/s
2025-06-04 11:43:43.543    app     info:    [self-update] No application updates were found.
2025-06-04 11:43:43.864    app     info:    [authentication] Token for '31320672' on 'tranquility' has been successfully refreshed
2025-06-04 11:43:43.871    app     info:    [quasar-elg-events] Queueing event    eve_launcher.electron.authentication.UserTokensRefreshed
2025-06-04 11:43:43.879    app     info:    [quasar-elg-events] Event sent    type.evetech.net/eve_launcher.electron.authentication.UserTokensRefreshed
2025-06-04 11:43:44.341    app     info:    [server-manager] Downloaded 4.02 MiB/189.92 MiB at 782.47 kiB/s
2025-06-04 11:43:44.455    app     info:    [authentication] Token for '31367691' on 'tranquility' has been successfully refreshed
2025-06-04 11:43:44.459    app     info:    [quasar-elg-events] Queueing event    eve_launcher.electron.authentication.UserTokensRefreshed
2025-06-04 11:43:44.466    app     info:    [quasar-elg-events] Event sent    type.evetech.net/eve_launcher.electron.authentication.UserTokensRefreshed
2025-06-04 11:43:45.377    app     info:    [server-manager] Downloaded 4.78 MiB/189.92 MiB at 766.58 kiB/s
2025-06-04 11:43:46.401    app     info:    [server-manager] Downloaded 5.45 MiB/189.92 MiB at 609.94 kiB/s
2025-06-04 11:43:47.426    app     info:    [server-manager] Downloaded 6.46 MiB/189.92 MiB at 964.86 kiB/s
2025-06-04 11:43:48.456    app     info:    [server-manager] Downloaded 7.26 MiB/189.92 MiB at 1.31 MiB/s
2025-06-04 11:43:49.492    app     info:    [server-manager] Downloaded 8.09 MiB/189.92 MiB at 880.46 kiB/s
2025-06-04 11:43:50.498    app     info:    [server-manager] Downloaded 8.83 MiB/189.92 MiB at 942.90 kiB/s
2025-06-04 11:43:51.517    app     info:    [server-manager] Downloaded 9.74 MiB/189.92 MiB at 973.84 kiB/s
2025-06-04 11:43:52.524    app     info:    [server-manager] Downloaded 10.58 MiB/189.92 MiB at 392.51 kiB/s
2025-06-04 11:43:53.552    app     info:    [server-manager] Downloaded 11.50 MiB/189.92 MiB at 848.70 kiB/s
2025-06-04 11:43:54.613    app     info:    [server-manager] Downloaded 12.35 MiB/189.92 MiB at 804.10 kiB/s
2025-06-04 11:43:55.620    app     info:    [server-manager] Downloaded 13.17 MiB/189.92 MiB at 447.11 kiB/s
2025-06-04 11:43:56.646    app     info:    [server-manager] Downloaded 14.06 MiB/189.92 MiB at 820.45 kiB/s
2025-06-04 11:43:57.709    app     info:    [server-manager] Downloaded 14.98 MiB/189.92 MiB at 910.82 kiB/s
2025-06-04 11:43:58.717    app     info:    [server-manager] Downloaded 15.80 MiB/189.92 MiB at 891.59 kiB/s
2025-06-04 11:43:59.741    app     info:    [server-manager] Downloaded 16.86 MiB/189.92 MiB at 1.14 MiB/s
2025-06-04 11:44:00.810    app     info:    [server-manager] Downloaded 17.77 MiB/189.92 MiB at 886.46 kiB/s
2025-06-04 11:44:01.862    app     info:    [server-manager] Downloaded 18.63 MiB/189.92 MiB at 1.26 MiB/s
2025-06-04 11:44:02.300    app     warn:    The connection to LogLite was refused. A LogLite server may not be running, or be listening to connections.    []
2025-06-04 11:44:02.868    app     info:    [server-manager] Downloaded 19.55 MiB/189.92 MiB at 894.69 kiB/s
2025-06-04 11:44:03.879    app     info:    [server-manager] Downloaded 20.43 MiB/189.92 MiB at 920.63 kiB/s
2025-06-04 11:44:04.898    app     info:    [server-manager] Downloaded 21.30 MiB/189.92 MiB at 1.17 MiB/s
2025-06-04 11:44:05.082    app     info:    [scheduler] Stopped scheduler foreground
2025-06-04 11:44:05.083    app     info:    [ipc-requests] Handling requests in the background
2025-06-04 11:44:05.896    app     info:    [server-manager] Downloaded 22.13 MiB/189.92 MiB at 896.00 kiB/s
2025-06-04 11:44:06.083    app     info:    [ipc-requests] No longer handling requests in the background
2025-06-04 11:44:06.925    app     info:    [server-manager] Downloaded 22.88 MiB/189.92 MiB at 826.00 kiB/s
2025-06-04 11:44:07.400     ui     info:    Initializing captcha    ccp://launcher/renderer/main_window/index.js    2
2025-06-04 11:44:07.938    app     info:    [server-manager] Downloaded 23.69 MiB/189.92 MiB at 1.23 MiB/s
2025-06-04 11:44:08.957    app     info:    [server-manager] Downloaded 24.55 MiB/189.92 MiB at 807.00 kiB/s
2025-06-04 11:44:09.824     ui     info:    Slow network is detected. See https://www.chromestatus.com/feature/5636954674692096 for more details. Fallback font will be used while loading: https://fonts.gstatic.com/s/roboto/v18/KFOmCnqEu92Fr1Mu4mxP.ttf    https://www.gstatic.com/recaptcha/releases/GUGrl5YkSwqiWrzO3ShIKDlu/recaptcha__en.js    182
2025-06-04 11:44:09.825     ui     info:    Slow network is detected. See https://www.chromestatus.com/feature/5636954674692096 for more details. Fallback font will be used while loading: https://fonts.gstatic.com/s/roboto/v18/KFOlCnqEu92Fr1MmEU9fBBc9.ttf    https://www.gstatic.com/recaptcha/releases/GUGrl5YkSwqiWrzO3ShIKDlu/recaptcha__en.js    182
2025-06-04 11:44:09.969    app     info:    [server-manager] Downloaded 25.37 MiB/189.92 MiB at 789.88 kiB/s
2025-06-04 11:44:10.996    app     info:    [server-manager] Downloaded 26.26 MiB/189.92 MiB at 952.50 kiB/s
2025-06-04 11:44:12.030    app     info:    [server-manager] Downloaded 27.03 MiB/189.92 MiB at 566.51 kiB/s
2025-06-04 11:44:13.051    app     info:    [server-manager] Downloaded 27.96 MiB/189.92 MiB at 868.22 kiB/s
2025-06-04 11:44:14.082    app     info:    [server-manager] Downloaded 28.78 MiB/189.92 MiB at 817.13 kiB/s
2025-06-04 11:44:15.089    app     info:    [server-manager] Downloaded 29.57 MiB/189.92 MiB at 721.13 kiB/s
2025-06-04 11:44:16.096    app     info:    [server-manager] Downloaded 30.34 MiB/189.92 MiB at 781.87 kiB/s
2025-06-04 11:44:17.145    app     info:    [server-manager] Downloaded 31.18 MiB/189.92 MiB at 1.19 MiB/s
2025-06-04 11:44:18.152    app     info:    [server-manager] Downloaded 32.09 MiB/189.92 MiB at 1,009.13 kiB/s
2025-06-04 11:44:19.174    app     info:    [server-manager] Downloaded 32.98 MiB/189.92 MiB at 913.13 kiB/s
2025-06-04 11:44:20.207    app     info:    [server-manager] Downloaded 33.71 MiB/189.92 MiB at 918.79 kiB/s
2025-06-04 11:44:21.318    app     info:    [server-manager] Downloaded 33.85 MiB/189.92 MiB at 142.36 kiB/s
2025-06-04 11:44:22.364    app     info:    [server-manager] Downloaded 34.13 MiB/189.92 MiB at 96.00 kiB/s
2025-06-04 11:44:23.406    app     info:    [server-manager] Downloaded 34.94 MiB/189.92 MiB at 703.92 kiB/s
2025-06-04 11:44:24.429    app     info:    [server-manager] Downloaded 35.88 MiB/189.92 MiB at 881.86 kiB/s
2025-06-04 11:44:25.457    app     info:    [server-manager] Downloaded 36.79 MiB/189.92 MiB at 959.38 kiB/s
2025-06-04 11:44:26.470    app     info:    [server-manager] Downloaded 37.75 MiB/189.92 MiB at 965.76 kiB/s
2025-06-04 11:44:27.476    app     info:    [server-manager] Downloaded 38.63 MiB/189.92 MiB at 915.38 kiB/s
2025-06-04 11:44:28.492    app     info:    [server-manager] Downloaded 39.54 MiB/189.92 MiB at 908.25 kiB/s
2025-06-04 11:44:29.519    app     info:    [server-manager] Downloaded 40.43 MiB/189.92 MiB at 1.36 MiB/s
2025-06-04 11:44:30.534    app     info:    [server-manager] Downloaded 41.38 MiB/189.92 MiB at 893.69 kiB/s
2025-06-04 11:44:31.564    app     info:    [server-manager] Downloaded 42.26 MiB/189.92 MiB at 982.18 kiB/s
2025-06-04 11:44:32.588    app     info:    [server-manager] Downloaded 43.16 MiB/189.92 MiB at 886.10 kiB/s
2025-06-04 11:44:33.646    app     info:    [server-manager] Downloaded 44.11 MiB/189.92 MiB at 1.36 MiB/s
2025-06-04 11:44:34.646    app     info:    [server-manager] Downloaded 45.06 MiB/189.92 MiB at 945.13 kiB/s
2025-06-04 11:44:35.677    app     info:    [server-manager] Downloaded 45.96 MiB/189.92 MiB at 907.69 kiB/s
2025-06-04 11:44:36.689    app     info:    [server-manager] Downloaded 46.81 MiB/189.92 MiB at 904.77 kiB/s
2025-06-04 11:44:36.804    app     warn:    Retrying request to https://images.evetech.net (1) Request timed out    p [RequestTimeoutError]: Request timed out
    at ClientRequest.<anonymous> (C:\Program Files (x86)\Steam\steamapps\common\Eve Online\app-1.10.1\resources\app.asar\.webpack\main\index.js:8:2667365)
    at ClientRequest.emit (node:events:518:28)
    at TLSSocket.emitRequestTimeout (node:_http_client:863:9)
    at Object.onceWrapper (node:events:632:28)
    at TLSSocket.emit (node:events:530:35)
    at Socket._onTimeout (node:net:609:8)
    at listOnTimeout (node:internal/timers:594:17)
    at process.processTimers (node:internal/timers:529:7)
2025-06-04 11:44:36.909    app     warn:    Retrying request to https://creatives2.extccp.com (1) Request timed out    p [RequestTimeoutError]: Request timed out
    at ClientRequest.<anonymous> (C:\Program Files (x86)\Steam\steamapps\common\Eve Online\app-1.10.1\resources\app.asar\.webpack\main\index.js:8:2667365)
    at ClientRequest.emit (node:events:518:28)
    at TLSSocket.emitRequestTimeout (node:_http_client:863:9)
    at Object.onceWrapper (node:events:632:28)
    at TLSSocket.emit (node:events:530:35)
    at Socket._onTimeout (node:net:609:8)
    at listOnTimeout (node:internal/timers:594:17)
    at process.processTimers (node:internal/timers:529:7)
2025-06-04 11:44:37.707    app     info:    [server-manager] Downloaded 47.67 MiB/189.92 MiB at 432.26 kiB/s
2025-06-04 11:44:38.720    app     info:    [server-manager] Downloaded 48.62 MiB/189.92 MiB at 1.04 MiB/s
2025-06-04 11:44:39.740    app     info:    [server-manager] Downloaded 49.50 MiB/189.92 MiB at 883.20 kiB/s
2025-06-04 11:44:40.770    app     info:    [server-manager] Downloaded 50.41 MiB/189.92 MiB at 1.39 MiB/s
2025-06-04 11:44:41.800    app     info:    [server-manager] Downloaded 51.19 MiB/189.92 MiB at 786.74 kiB/s
2025-06-04 11:44:42.832    app     info:    [server-manager] Downloaded 51.82 MiB/189.92 MiB at 737.04 kiB/s
2025-06-04 11:44:43.895    app     info:    [server-manager] Downloaded 52.33 MiB/189.92 MiB at 488.33 kiB/s
2025-06-04 11:44:44.957    app     info:    [server-manager] Downloaded 52.92 MiB/189.92 MiB at 517.99 kiB/s
2025-06-04 11:44:46.063    app     info:    [server-manager] Downloaded 53.53 MiB/189.92 MiB at 564.01 kiB/s
2025-06-04 11:44:46.675    app     warn:    Retrying request to https://images.ctfassets.net (1) Request timed out    p [RequestTimeoutError]: Request timed out
    at ClientRequest.<anonymous> (C:\Program Files (x86)\Steam\steamapps\common\Eve Online\app-1.10.1\resources\app.asar\.webpack\main\index.js:8:2667365)
    at ClientRequest.emit (node:events:518:28)
    at TLSSocket.emitRequestTimeout (node:_http_client:863:9)
    at Object.onceWrapper (node:events:632:28)
    at TLSSocket.emit (node:events:530:35)
    at Socket._onTimeout (node:net:609:8)
    at listOnTimeout (node:internal/timers:594:17)
    at process.processTimers (node:internal/timers:529:7)
2025-06-04 11:44:47.089    app     info:    [server-manager] Downloaded 54.02 MiB/189.92 MiB at 550.74 kiB/s
2025-06-04 11:44:48.155    app     info:    [server-manager] Downloaded 54.80 MiB/189.92 MiB at 668.38 kiB/s
2025-06-04 11:44:49.177    app     info:    [server-manager] Downloaded 55.73 MiB/189.92 MiB at 1.02 MiB/s
2025-06-04 11:44:50.184    app     info:    [server-manager] Downloaded 56.58 MiB/189.92 MiB at 448.00 kiB/s
2025-06-04 11:44:51.209    app     info:    [server-manager] Downloaded 57.49 MiB/189.92 MiB at 992.00 kiB/s
2025-06-04 11:44:52.215    app     info:    [server-manager] Downloaded 58.38 MiB/189.92 MiB at 411.00 kiB/s
2025-06-04 11:44:53.237    app     info:    [server-manager] Downloaded 59.27 MiB/189.92 MiB at 791.79 kiB/s
2025-06-04 11:44:54.244    app     info:    [server-manager] Downloaded 60.16 MiB/189.92 MiB at 904.63 kiB/s
2025-06-04 11:44:55.268    app     info:    [server-manager] Downloaded 61.10 MiB/189.92 MiB at 922.33 kiB/s
2025-06-04 11:44:56.274    app     info:    [server-manager] Downloaded 62.01 MiB/189.92 MiB at 479.04 kiB/s
2025-06-04 11:44:57.301    app     info:    [server-manager] Downloaded 62.94 MiB/189.92 MiB at 1.37 MiB/s
2025-06-04 11:44:58.307    app     info:    [server-manager] Downloaded 63.85 MiB/189.92 MiB at 1.39 MiB/s
2025-06-04 11:44:59.331    app     info:    [server-manager] Downloaded 64.76 MiB/189.92 MiB at 898.02 kiB/s
2025-06-04 11:45:00.331    app     info:    [server-manager] Downloaded 65.66 MiB/189.92 MiB at 490.35 kiB/s
2025-06-04 11:45:01.363    app     info:    [server-manager] Downloaded 66.59 MiB/189.92 MiB at 1.31 MiB/s
2025-06-04 11:45:02.369    app     info:    [server-manager] Downloaded 67.52 MiB/189.92 MiB at 938.37 kiB/s
2025-06-04 11:45:03.396    app     info:    [server-manager] Downloaded 68.43 MiB/189.92 MiB at 1.29 MiB/s
2025-06-04 11:45:04.402    app     info:    [server-manager] Downloaded 69.35 MiB/189.92 MiB at 943.24 kiB/s
2025-06-04 11:45:05.437    app     info:    [server-manager] Downloaded 70.26 MiB/189.92 MiB at 879.31 kiB/s
2025-06-04 11:45:06.458    app     info:    [server-manager] Downloaded 71.17 MiB/189.92 MiB at 909.49 kiB/s
2025-06-04 11:45:06.643    app     warn:    Retrying request to https://launcher.ccpgames.com (1) Request timed out    p [RequestTimeoutError]: Request timed out
    at ClientRequest.<anonymous> (C:\Program Files (x86)\Steam\steamapps\common\Eve Online\app-1.10.1\resources\app.asar\.webpack\main\index.js:8:2667365)
    at ClientRequest.emit (node:events:518:28)
    at TLSSocket.emitRequestTimeout (node:_http_client:863:9)
    at Object.onceWrapper (node:events:632:28)
    at TLSSocket.emit (node:events:530:35)
    at Socket._onTimeout (node:net:609:8)
    at listOnTimeout (node:internal/timers:594:17)
    at process.processTimers (node:internal/timers:529:7)
2025-06-04 11:45:07.464    app     info:    [server-manager] Downloaded 72.09 MiB/189.92 MiB at 943.24 kiB/s
2025-06-04 11:45:07.889    app     info:    [new-player-content] Resetting content as language not in response    { locale: 'tx' }
2025-06-04 11:45:08.468    app     info:    [server-manager] Downloaded 72.25 MiB/189.92 MiB at 1.21 MiB/s
2025-06-04 11:45:08.789    app     info:    [server-manager] Downloaded 72.25 MiB/189.92 MiB at 1.21 MiB/s
2025-06-04 11:45:09.791    app     info:    [server-manager] Downloaded 72.29 MiB/189.92 MiB at 31.94 kiB/s
2025-06-04 11:45:10.802    app     info:    [server-manager] Downloaded 72.79 MiB/189.92 MiB at 159.68 kiB/s
2025-06-04 11:45:11.817    app     info:    [server-manager] Downloaded 73.71 MiB/189.92 MiB at 884.96 kiB/s
2025-06-04 11:45:12.832    app     info:    [server-manager] Downloaded 74.57 MiB/189.92 MiB at 947.63 kiB/s
2025-06-04 11:45:13.840    app     info:    [server-manager] Downloaded 75.48 MiB/189.92 MiB at 940.25 kiB/s
2025-06-04 11:45:14.864    app     info:    [server-manager] Downloaded 76.35 MiB/189.92 MiB at 884.96 kiB/s
2025-06-04 11:45:15.869    app     info:    [server-manager] Downloaded 77.29 MiB/189.92 MiB at 992.00 kiB/s
2025-06-04 11:45:16.897    app     info:    [server-manager] Downloaded 78.20 MiB/189.92 MiB at 869.90 kiB/s
2025-06-04 11:45:17.674    app     warn:    Retrying request to https://creatives2.extccp.com (1) Request timed out    p [RequestTimeoutError]: Request timed out
    at ClientRequest.<anonymous> (C:\Program Files (x86)\Steam\steamapps\common\Eve Online\app-1.10.1\resources\app.asar\.webpack\main\index.js:8:2667365)
    at ClientRequest.emit (node:events:518:28)
    at TLSSocket.emitRequestTimeout (node:_http_client:863:9)
    at Object.onceWrapper (node:events:632:28)
    at TLSSocket.emit (node:events:530:35)
    at Socket._onTimeout (node:net:609:8)
    at listOnTimeout (node:internal/timers:594:17)
    at process.processTimers (node:internal/timers:529:7)
2025-06-04 11:45:17.909    app     info:    [server-manager] Downloaded 79.06 MiB/189.92 MiB at 810.63 kiB/s
2025-06-04 11:45:18.930    app     info:    [server-manager] Downloaded 79.98 MiB/189.92 MiB at 900.68 kiB/s
2025-06-04 11:45:19.935    app     info:    [server-manager] Downloaded 80.93 MiB/189.92 MiB at 950.60 kiB/s
2025-06-04 11:45:20.963    app     info:    [server-manager] Downloaded 81.76 MiB/189.92 MiB at 698.76 kiB/s
2025-06-04 11:45:22.028    app     info:    [server-manager] Downloaded 82.72 MiB/189.92 MiB at 1.11 MiB/s
2025-06-04 11:45:23.053    app     info:    [server-manager] Downloaded 83.65 MiB/189.92 MiB at 1.01 MiB/s
2025-06-04 11:45:24.066    app     info:    [server-manager] Downloaded 84.63 MiB/189.92 MiB at 969.25 kiB/s
2025-06-04 11:45:25.071    app     info:    [server-manager] Downloaded 85.49 MiB/189.92 MiB at 913.80 kiB/s
2025-06-04 11:45:26.114    app     info:    [server-manager] Downloaded 86.41 MiB/189.92 MiB at 934.09 kiB/s
2025-06-04 11:45:27.124    app     info:    [server-manager] Downloaded 87.39 MiB/189.92 MiB at 1.02 MiB/s
2025-06-04 11:45:28.151    app     info:    [server-manager] Downloaded 88.26 MiB/189.92 MiB at 973.23 kiB/s
2025-06-04 11:45:29.157    app     info:    [server-manager] Downloaded 89.14 MiB/189.92 MiB at 881.00 kiB/s
2025-06-04 11:45:30.175    app     info:    [server-manager] Downloaded 90.09 MiB/189.92 MiB at 886.53 kiB/s
2025-06-04 11:45:31.216    app     info:    [server-manager] Downloaded 91.02 MiB/189.92 MiB at 865.67 kiB/s
2025-06-04 11:45:32.240    app     info:    [server-manager] Downloaded 91.92 MiB/189.92 MiB at 860.19 kiB/s
2025-06-04 11:45:32.278    app     info:    [save-as] Retrying download of https://binaries.eveonline.com/bundles/2929428/eveonline_2929428.txt.bundle.6 (attempt 1) Error occurred while saving file to disk 'C:\Games\EVE\ResFiles\bundles\2929428\.eveonline_2929428.txt.bundle.6.tmp'
Request timed out    S [SaveAsError]: Error occurred while saving file to disk 'C:\Games\EVE\ResFiles\bundles\2929428\.eveonline_2929428.txt.bundle.6.tmp'
Request timed out
    at S.from (C:\Program Files (x86)\Steam\steamapps\common\Eve Online\app-1.10.1\resources\app.asar\.webpack\main\index.js:8:2344035)
    at v.<anonymous> (C:\Program Files (x86)\Steam\steamapps\common\Eve Online\app-1.10.1\resources\app.asar\.webpack\main\index.js:8:1871836)
    at v.emit (node:events:518:28)
    at v.emitError (C:\Program Files (x86)\Steam\steamapps\common\Eve Online\app-1.10.1\resources\app.asar\.webpack\main\index.js:8:2668272)
    at ClientRequest.<anonymous> (C:\Program Files (x86)\Steam\steamapps\common\Eve Online\app-1.10.1\resources\app.asar\.webpack\main\index.js:8:2667225)
    at ClientRequest.emit (node:events:530:35)
    at emitErrorEvent (node:_http_client:104:11)
    at TLSSocket.socketErrorListener (node:_http_client:518:5)
    at TLSSocket.emit (node:events:518:28)
    at emitErrorNT (node:internal/streams/destroy:170:8) {
  cause: p [RequestTimeoutError]: Request timed out
      at ClientRequest.<anonymous> (C:\Program Files (x86)\Steam\steamapps\common\Eve Online\app-1.10.1\resources\app.asar\.webpack\main\index.js:8:2667365)
      at ClientRequest.emit (node:events:530:35)
      at TLSSocket.emitRequestTimeout (node:_http_client:863:9)
      at Object.onceWrapper (node:events:632:28)
      at TLSSocket.emit (node:events:530:35)
      at Socket._onTimeout (node:net:609:8)
      at listOnTimeout (node:internal/timers:594:17)
      at process.processTimers (node:internal/timers:529:7)
}
2025-06-04 11:45:33.249    app     info:    [server-manager] Downloaded 84.53 MiB/189.92 MiB at 15.64 MiB/s
2025-06-04 11:45:33.522    app     info:    [save-as] Retrying download of https://binaries.eveonline.com/bundles/2929428/eveonline_2929428.txt.bundle.1 (attempt 1) Error occurred while saving file to disk 'C:\Games\EVE\ResFiles\bundles\2929428\.eveonline_2929428.txt.bundle.1.tmp'
Request timed out    S [SaveAsError]: Error occurred while saving file to disk 'C:\Games\EVE\ResFiles\bundles\2929428\.eveonline_2929428.txt.bundle.1.tmp'
Request timed out
    at S.from (C:\Program Files (x86)\Steam\steamapps\common\Eve Online\app-1.10.1\resources\app.asar\.webpack\main\index.js:8:2344035)
    at v.<anonymous> (C:\Program Files (x86)\Steam\steamapps\common\Eve Online\app-1.10.1\resources\app.asar\.webpack\main\index.js:8:1871836)
    at v.emit (node:events:518:28)
    at v.emitError (C:\Program Files (x86)\Steam\steamapps\common\Eve Online\app-1.10.1\resources\app.asar\.webpack\main\index.js:8:2668272)
    at ClientRequest.<anonymous> (C:\Program Files (x86)\Steam\steamapps\common\Eve Online\app-1.10.1\resources\app.asar\.webpack\main\index.js:8:2667225)
    at ClientRequest.emit (node:events:530:35)
    at emitErrorEvent (node:_http_client:104:11)
    at TLSSocket.socketErrorListener (node:_http_client:518:5)
    at TLSSocket.emit (node:events:518:28)
    at emitErrorNT (node:internal/streams/destroy:170:8) {
  cause: p [RequestTimeoutError]: Request timed out
      at ClientRequest.<anonymous> (C:\Program Files (x86)\Steam\steamapps\common\Eve Online\app-1.10.1\resources\app.asar\.webpack\main\index.js:8:2667365)
      at ClientRequest.emit (node:events:530:35)
      at TLSSocket.emitRequestTimeout (node:_http_client:863:9)
      at Object.onceWrapper (node:events:632:28)
      at TLSSocket.emit (node:events:530:35)
      at Socket._onTimeout (node:net:609:8)
      at listOnTimeout (node:internal/timers:594:17)
      at process.processTimers (node:internal/timers:529:7)
}
2025-06-04 11:45:34.019    app     info:    [save-as] Retrying download of https://binaries.eveonline.com/bundles/2929428/eveonline_2929428.txt.bundle.2 (attempt 1) Error occurred while saving file to disk 'C:\Games\EVE\ResFiles\bundles\2929428\.eveonline_2929428.txt.bundle.2.tmp'
Request timed out    S [SaveAsError]: Error occurred while saving file to disk 'C:\Games\EVE\ResFiles\bundles\2929428\.eveonline_2929428.txt.bundle.2.tmp'
Request timed out
    at S.from (C:\Program Files (x86)\Steam\steamapps\common\Eve Online\app-1.10.1\resources\app.asar\.webpack\main\index.js:8:2344035)
    at v.<anonymous> (C:\Program Files (x86)\Steam\steamapps\common\Eve Online\app-1.10.1\resources\app.asar\.webpack\main\index.js:8:1871836)
    at v.emit (node:events:518:28)
    at v.emitError (C:\Program Files (x86)\Steam\steamapps\common\Eve Online\app-1.10.1\resources\app.asar\.webpack\main\index.js:8:2668272)
    at ClientRequest.<anonymous> (C:\Program Files (x86)\Steam\steamapps\common\Eve Online\app-1.10.1\resources\app.asar\.webpack\main\index.js:8:2667225)
    at ClientRequest.emit (node:events:530:35)
    at emitErrorEvent (node:_http_client:104:11)
    at TLSSocket.socketErrorListener (node:_http_client:518:5)
    at TLSSocket.emit (node:events:518:28)
    at emitErrorNT (node:internal/streams/destroy:170:8) {
  cause: p [RequestTimeoutError]: Request timed out
      at ClientRequest.<anonymous> (C:\Program Files (x86)\Steam\steamapps\common\Eve Online\app-1.10.1\resources\app.asar\.webpack\main\index.js:8:2667365)
      at ClientRequest.emit (node:events:530:35)
      at TLSSocket.emitRequestTimeout (node:_http_client:863:9)
      at Object.onceWrapper (node:events:632:28)
      at TLSSocket.emit (node:events:530:35)
      at Socket._onTimeout (node:net:609:8)
      at listOnTimeout (node:internal/timers:594:17)
      at process.processTimers (node:internal/timers:529:7)
}
2025-06-04 11:45:34.272    app     info:    [server-manager] Downloaded 80.10 MiB/189.92 MiB at 6.76 MiB/s
2025-06-04 11:45:34.967    app     info:    [version-tracking] Failed to ping version tracker Request timed out    p [RequestTimeoutError]: Request timed out
    at ClientRequest.<anonymous> (C:\Program Files (x86)\Steam\steamapps\common\Eve Online\app-1.10.1\resources\app.asar\.webpack\main\index.js:8:2667365)
    at ClientRequest.emit (node:events:518:28)
    at TLSSocket.emitRequestTimeout (node:_http_client:863:9)
    at Object.onceWrapper (node:events:632:28)
    at TLSSocket.emit (node:events:530:35)
    at Socket._onTimeout (node:net:609:8)
    at listOnTimeout (node:internal/timers:594:17)
    at process.processTimers (node:internal/timers:529:7)
2025-06-04 11:45:35.302    app     info:    [server-manager] Downloaded 81.05 MiB/189.92 MiB at 993.44 kiB/s
2025-06-04 11:45:36.308    app     info:    [server-manager] Downloaded 82.01 MiB/189.92 MiB at 864.00 kiB/s
2025-06-04 11:45:36.614    app    error:    [authentication] Could not refresh token for '26239201' on 'tranquility' Request timed out    p [RequestTimeoutError]: Request timed out
    at ClientRequest.<anonymous> (C:\Program Files (x86)\Steam\steamapps\common\Eve Online\app-1.10.1\resources\app.asar\.webpack\main\index.js:8:2667365)
    at ClientRequest.emit (node:events:518:28)
    at TLSSocket.emitRequestTimeout (node:_http_client:863:9)
    at Object.onceWrapper (node:events:632:28)
    at TLSSocket.emit (node:events:530:35)
    at Socket._onTimeout (node:net:609:8)
    at listOnTimeout (node:internal/timers:594:17)
    at process.processTimers (node:internal/timers:529:7)
2025-06-04 11:45:36.615    app     info:    [AuthenticationMiddleware] Successfully restored 4 / 5 users
2025-06-04 11:45:36.884    app     warn:    Retrying request to https://creatives2.extccp.com (1) Request timed out    p [RequestTimeoutError]: Request timed out
    at ClientRequest.<anonymous> (C:\Program Files (x86)\Steam\steamapps\common\Eve Online\app-1.10.1\resources\app.asar\.webpack\main\index.js:8:2667365)
    at ClientRequest.emit (node:events:518:28)
    at TLSSocket.emitRequestTimeout (node:_http_client:863:9)
    at Object.onceWrapper (node:events:632:28)
    at TLSSocket.emit (node:events:530:35)
    at Socket._onTimeout (node:net:609:8)
    at listOnTimeout (node:internal/timers:594:17)
    at process.processTimers (node:internal/timers:529:7)
2025-06-04 11:45:37.333    app     info:    [server-manager] Downloaded 82.93 MiB/189.92 MiB at 894.55 kiB/s
2025-06-04 11:45:38.339    app     info:    [server-manager] Downloaded 83.84 MiB/189.92 MiB at 968.38 kiB/s
2025-06-04 11:45:39.364    app     info:    [server-manager] Downloaded 84.75 MiB/189.92 MiB at 980.26 kiB/s
2025-06-04 11:45:40.370    app     info:    [server-manager] Downloaded 85.63 MiB/189.92 MiB at 465.13 kiB/s
2025-06-04 11:45:41.397    app     info:    [server-manager] Downloaded 86.50 MiB/189.92 MiB at 823.50 kiB/s
2025-06-04 11:45:42.403    app     info:    [server-manager] Downloaded 87.42 MiB/189.92 MiB at 1.33 MiB/s
2025-06-04 11:45:43.426    app     info:    [server-manager] Downloaded 88.40 MiB/189.92 MiB at 946.05 kiB/s
2025-06-04 11:45:44.458    app     info:    [server-manager] Downloaded 89.34 MiB/189.92 MiB at 883.38 kiB/s
2025-06-04 11:45:45.463    app     info:    [server-manager] Downloaded 90.12 MiB/189.92 MiB at 472.50 kiB/s
2025-06-04 11:45:46.422    app     warn:    Retrying request to https://creatives2.extccp.com (1) Request timed out    p [RequestTimeoutError]: Request timed out
    at ClientRequest.<anonymous> (C:\Program Files (x86)\Steam\steamapps\common\Eve Online\app-1.10.1\resources\app.asar\.webpack\main\index.js:8:2667365)
    at ClientRequest.emit (node:events:518:28)
    at TLSSocket.emitRequestTimeout (node:_http_client:863:9)
    at Object.onceWrapper (node:events:632:28)
    at TLSSocket.emit (node:events:530:35)
    at Socket._onTimeout (node:net:609:8)
    at listOnTimeout (node:internal/timers:594:17)
    at process.processTimers (node:internal/timers:529:7)
2025-06-04 11:45:46.491    app     info:    [server-manager] Downloaded 91.02 MiB/189.92 MiB at 811.78 kiB/s
2025-06-04 11:45:47.520    app     info:    [server-manager] Downloaded 91.88 MiB/189.92 MiB at 766.47 kiB/s
2025-06-04 11:45:48.535    app     info:    [server-manager] Downloaded 92.72 MiB/189.92 MiB at 1.30 MiB/s
2025-06-04 11:45:49.559    app     info:    [server-manager] Downloaded 93.40 MiB/189.92 MiB at 769.57 kiB/s
2025-06-04 11:45:50.586    app     info:    [server-manager] Downloaded 94.18 MiB/189.92 MiB at 741.31 kiB/s
2025-06-04 11:45:51.619    app     info:    [server-manager] Downloaded 94.97 MiB/189.92 MiB at 853.56 kiB/s
2025-06-04 11:45:52.681    app     info:    [server-manager] Downloaded 95.73 MiB/189.92 MiB at 842.56 kiB/s
2025-06-04 11:45:53.689    app     info:    [server-manager] Downloaded 96.12 MiB/189.92 MiB at 384.00 kiB/s
2025-06-04 11:45:54.871    app     info:    [server-manager] Downloaded 96.47 MiB/189.92 MiB at 322.30 kiB/s
2025-06-04 11:45:55.901    app     info:    [server-manager] Downloaded 97.00 MiB/189.92 MiB at 427.48 kiB/s
2025-06-04 11:45:56.931    app     info:    [server-manager] Downloaded 97.86 MiB/189.92 MiB at 837.21 kiB/s
2025-06-04 11:45:57.939    app     info:    [server-manager] Downloaded 98.78 MiB/189.92 MiB at 453.97 kiB/s
2025-06-04 11:45:58.977    app     info:    [server-manager] Downloaded 99.65 MiB/189.92 MiB at 881.80 kiB/s
2025-06-04 11:45:59.976    app     info:    [server-manager] Downloaded 100.56 MiB/189.92 MiB at 573.71 kiB/s
2025-06-04 11:46:00.172    app     info:    [save-as] Retrying download of https://binaries.eveonline.com/bundles/2929428/eveonline_2929428.txt.bundle.2 (attempt 2) Error occurred while saving file to disk 'C:\Games\EVE\ResFiles\bundles\2929428\.eveonline_2929428.txt.bundle.2.tmp'
Request error when calling 'https://binaries.eveonline.com'
read ECONNRESET    S [SaveAsError]: Error occurred while saving file to disk 'C:\Games\EVE\ResFiles\bundles\2929428\.eveonline_2929428.txt.bundle.2.tmp'
Request error when calling 'https://binaries.eveonline.com'
read ECONNRESET
    at S.from (C:\Program Files (x86)\Steam\steamapps\common\Eve Online\app-1.10.1\resources\app.asar\.webpack\main\index.js:8:2344035)
    at v.<anonymous> (C:\Program Files (x86)\Steam\steamapps\common\Eve Online\app-1.10.1\resources\app.asar\.webpack\main\index.js:8:1871836)
    at v.emit (node:events:518:28)
    at v.emitError (C:\Program Files (x86)\Steam\steamapps\common\Eve Online\app-1.10.1\resources\app.asar\.webpack\main\index.js:8:2668272)
    at ClientRequest.<anonymous> (C:\Program Files (x86)\Steam\steamapps\common\Eve Online\app-1.10.1\resources\app.asar\.webpack\main\index.js:8:2667243)
    at ClientRequest.emit (node:events:530:35)
    ... 3 lines matching cause stack trace ...
    at emitErrorNT (node:internal/streams/destroy:170:8) {
  cause: h [RequestError]: Request error when calling 'https://binaries.eveonline.com'
  read ECONNRESET
      at h.from (C:\Program Files (x86)\Steam\steamapps\common\Eve Online\app-1.10.1\resources\app.asar\.webpack\main\index.js:8:2664406)
      at ClientRequest.<anonymous> (C:\Program Files (x86)\Steam\steamapps\common\Eve Online\app-1.10.1\resources\app.asar\.webpack\main\index.js:8:2667255)
      at ClientRequest.emit (node:events:530:35)
      at emitErrorEvent (node:_http_client:104:11)
      at TLSSocket.socketErrorListener (node:_http_client:518:5)
      at TLSSocket.emit (node:events:518:28)
      at emitErrorNT (node:internal/streams/destroy:170:8)
      at emitErrorCloseNT (node:internal/streams/destroy:129:3)
      at process.processTicksAndRejections (node:internal/process/task_queues:90:21) {
    errno: -4077,
    code: 'ECONNRESET',
    syscall: 'read'
  },
  errno: -4077,
  code: 'ECONNRESET',
  syscall: 'read'
}
2025-06-04 11:46:00.994    app     info:    [server-manager] Downloaded 101.49 MiB/189.92 MiB at 993.29 kiB/s
2025-06-04 11:46:02.028    app     info:    [server-manager] Downloaded 102.22 MiB/189.92 MiB at 816.39 kiB/s
2025-06-04 11:46:03.068    app     info:    [server-manager] Downloaded 103.06 MiB/189.92 MiB at 748.23 kiB/s
2025-06-04 11:46:04.123    app     info:    [server-manager] Downloaded 103.99 MiB/189.92 MiB at 1.28 MiB/s
2025-06-04 11:46:05.158    app     info:    [server-manager] Downloaded 104.78 MiB/189.92 MiB at 868.23 kiB/s
2025-06-04 11:46:06.190    app     info:    [server-manager] Downloaded 105.78 MiB/189.92 MiB at 998.53 kiB/s
2025-06-04 11:46:07.211    app     info:    [server-manager] Downloaded 106.69 MiB/189.92 MiB at 1.41 MiB/s
2025-06-04 11:46:08.218    app     info:    [server-manager] Downloaded 107.53 MiB/189.92 MiB at 1.25 MiB/s
2025-06-04 11:46:09.248    app     info:    [server-manager] Downloaded 108.47 MiB/189.92 MiB at 960.09 kiB/s
2025-06-04 11:46:10.270    app     info:    [server-manager] Downloaded 108.83 MiB/189.92 MiB at 224.64 kiB/s
2025-06-04 11:46:11.306    app     info:    [server-manager] Downloaded 109.73 MiB/189.92 MiB at 892.31 kiB/s
2025-06-04 11:46:12.345    app     info:    [server-manager] Downloaded 110.72 MiB/189.92 MiB at 933.06 kiB/s
2025-06-04 11:46:13.375    app     info:    [server-manager] Downloaded 111.52 MiB/189.92 MiB at 933.92 kiB/s
2025-06-04 11:46:14.397    app     info:    [server-manager] Downloaded 112.28 MiB/189.92 MiB at 852.71 kiB/s
2025-06-04 11:46:15.404    app     info:    [server-manager] Downloaded 112.97 MiB/189.92 MiB at 736.00 kiB/s
2025-06-04 11:46:16.429    app     info:    [server-manager] Downloaded 113.84 MiB/189.92 MiB at 855.97 kiB/s
2025-06-04 11:46:17.443    app     info:    [server-manager] Downloaded 114.64 MiB/189.92 MiB at 881.04 kiB/s
2025-06-04 11:46:18.501    app     info:    [server-manager] Downloaded 115.43 MiB/189.92 MiB at 791.83 kiB/s
2025-06-04 11:46:19.508    app     info:    [server-manager] Downloaded 116.06 MiB/189.92 MiB at 768.71 kiB/s
2025-06-04 11:46:20.520    app     info:    [server-manager] Downloaded 116.53 MiB/189.92 MiB at 395.79 kiB/s
2025-06-04 11:46:21.552    app     info:    [server-manager] Downloaded 117.23 MiB/189.92 MiB at 648.86 kiB/s
2025-06-04 11:46:22.557    app     info:    [server-manager] Downloaded 118.12 MiB/189.92 MiB at 868.75 kiB/s
2025-06-04 11:46:23.562    app     info:    [server-manager] Downloaded 119.05 MiB/189.92 MiB at 510.98 kiB/s
2025-06-04 11:46:24.584    app     info:    [server-manager] Downloaded 119.87 MiB/189.92 MiB at 1.28 MiB/s
2025-06-04 11:46:25.583    app     info:    [server-manager] Downloaded 120.80 MiB/189.92 MiB at 439.62 kiB/s
2025-06-04 11:46:26.590    app     info:    [server-manager] Downloaded 121.67 MiB/189.92 MiB at 479.04 kiB/s
2025-06-04 11:46:27.618    app     info:    [server-manager] Downloaded 121.79 MiB/189.92 MiB at 795.21 kiB/s
2025-06-04 11:46:27.672    app     info:    [server-manager] Downloaded 121.79 MiB/189.92 MiB at 795.21 kiB/s
2025-06-04 11:46:28.673    app     info:    [server-manager] Downloaded 122.01 MiB/189.92 MiB at 64.00 kiB/s
2025-06-04 11:46:29.819    app     info:    [server-manager] Downloaded 122.69 MiB/189.92 MiB at 643.35 kiB/s
2025-06-04 11:46:30.865    app     info:    [server-manager] Downloaded 123.29 MiB/189.92 MiB at 521.90 kiB/s
2025-06-04 11:46:31.872    app     info:    [server-manager] Downloaded 124.05 MiB/189.92 MiB at 804.88 kiB/s
2025-06-04 11:46:32.899    app     info:    [server-manager] Downloaded 125.00 MiB/189.92 MiB at 1,007.11 kiB/s
2025-06-04 11:46:33.910    app     info:    [server-manager] Downloaded 125.89 MiB/189.92 MiB at 882.05 kiB/s
2025-06-04 11:46:34.933    app     info:    [server-manager] Downloaded 126.81 MiB/189.92 MiB at 902.98 kiB/s
2025-06-04 11:46:35.959    app     info:    [server-manager] Downloaded 127.38 MiB/189.92 MiB at 878.86 kiB/s
2025-06-04 11:46:36.989    app     info:    [server-manager] Downloaded 128.06 MiB/189.92 MiB at 486.69 kiB/s
2025-06-04 11:46:38.006    app     info:    [server-manager] Downloaded 128.70 MiB/189.92 MiB at 625.00 kiB/s
2025-06-04 11:46:39.021    app     info:    [server-manager] Downloaded 129.43 MiB/189.92 MiB at 739.15 kiB/s
2025-06-04 11:46:40.054    app     info:    [server-manager] Downloaded 130.27 MiB/189.92 MiB at 885.50 kiB/s
2025-06-04 11:46:41.084    app     info:    [server-manager] Downloaded 131.17 MiB/189.92 MiB at 982.49 kiB/s
2025-06-04 11:46:42.093    app     info:    [server-manager] Downloaded 131.98 MiB/189.92 MiB at 881.04 kiB/s
2025-06-04 11:46:43.151    app     info:    [server-manager] Downloaded 132.51 MiB/189.92 MiB at 747.66 kiB/s
2025-06-04 11:46:44.158    app     info:    [server-manager] Downloaded 133.21 MiB/189.92 MiB at 719.69 kiB/s
2025-06-04 11:46:45.220    app     info:    [server-manager] Downloaded 133.99 MiB/189.92 MiB at 718.34 kiB/s
2025-06-04 11:46:46.231    app     info:    [server-manager] Downloaded 134.74 MiB/189.92 MiB at 736.00 kiB/s
2025-06-04 11:46:47.302    app     info:    [server-manager] Downloaded 135.53 MiB/189.92 MiB at 751.88 kiB/s
2025-06-04 11:46:48.308    app     info:    [server-manager] Downloaded 136.23 MiB/189.92 MiB at 755.64 kiB/s
2025-06-04 11:46:49.335    app     info:    [server-manager] Downloaded 137.00 MiB/189.92 MiB at 729.77 kiB/s
2025-06-04 11:46:50.367    app     info:    [server-manager] Downloaded 137.58 MiB/189.92 MiB at 576.00 kiB/s
2025-06-04 11:46:51.442    app     info:    [server-manager] Downloaded 138.11 MiB/189.92 MiB at 521.20 kiB/s
2025-06-04 11:46:52.506    app     info:    [server-manager] Downloaded 138.54 MiB/189.92 MiB at 229.28 kiB/s
2025-06-04 11:46:53.553    app     info:    [server-manager] Downloaded 138.94 MiB/189.92 MiB at 467.92 kiB/s
2025-06-04 11:46:54.593    app     info:    [server-manager] Downloaded 139.36 MiB/189.92 MiB at 407.84 kiB/s
2025-06-04 11:46:55.626    app     info:    [server-manager] Downloaded 139.84 MiB/189.92 MiB at 563.60 kiB/s
2025-06-04 11:46:56.698    app     info:    [server-manager] Downloaded 140.40 MiB/189.92 MiB at 427.81 kiB/s
2025-06-04 11:46:57.722    app     info:    [server-manager] Downloaded 141.03 MiB/189.92 MiB at 582.80 kiB/s
2025-06-04 11:46:58.743    app     info:    [server-manager] Downloaded 141.68 MiB/189.92 MiB at 574.60 kiB/s
2025-06-04 11:46:59.779    app     info:    [server-manager] Downloaded 142.50 MiB/189.92 MiB at 693.03 kiB/s
2025-06-04 11:47:00.784    app     info:    [server-manager] Downloaded 143.01 MiB/189.92 MiB at 764.20 kiB/s
2025-06-04 11:47:01.868    app     info:    [server-manager] Downloaded 143.50 MiB/189.92 MiB at 405.80 kiB/s
2025-06-04 11:47:02.938    app     info:    [server-manager] Downloaded 143.99 MiB/189.92 MiB at 501.40 kiB/s
2025-06-04 11:47:03.972    app     info:    [server-manager] Downloaded 144.64 MiB/189.92 MiB at 475.25 kiB/s
2025-06-04 11:47:04.993    app     info:    [server-manager] Downloaded 145.51 MiB/189.92 MiB at 869.90 kiB/s
2025-06-04 11:47:05.113    app     info:    [save-as] Retrying download of https://binaries.eveonline.com/bundles/2929428/eveonline_2929428.txt.bundle.10 (attempt 1) Error occurred while saving file to disk 'C:\Games\EVE\ResFiles\bundles\2929428\.eveonline_2929428.txt.bundle.10.tmp'
Request timed out    S [SaveAsError]: Error occurred while saving file to disk 'C:\Games\EVE\ResFiles\bundles\2929428\.eveonline_2929428.txt.bundle.10.tmp'
Request timed out
    at S.from (C:\Program Files (x86)\Steam\steamapps\common\Eve Online\app-1.10.1\resources\app.asar\.webpack\main\index.js:8:2344035)
    at v.<anonymous> (C:\Program Files (x86)\Steam\steamapps\common\Eve Online\app-1.10.1\resources\app.asar\.webpack\main\index.js:8:1871836)
    at v.emit (node:events:518:28)
    at v.emitError (C:\Program Files (x86)\Steam\steamapps\common\Eve Online\app-1.10.1\resources\app.asar\.webpack\main\index.js:8:2668272)
    at ClientRequest.<anonymous> (C:\Program Files (x86)\Steam\steamapps\common\Eve Online\app-1.10.1\resources\app.asar\.webpack\main\index.js:8:2667225)
    at ClientRequest.emit (node:events:530:35)
    at emitErrorEvent (node:_http_client:104:11)
    at TLSSocket.socketErrorListener (node:_http_client:518:5)
    at TLSSocket.emit (node:events:518:28)
    at emitErrorNT (node:internal/streams/destroy:170:8) {
  cause: p [RequestTimeoutError]: Request timed out
      at ClientRequest.<anonymous> (C:\Program Files (x86)\Steam\steamapps\common\Eve Online\app-1.10.1\resources\app.asar\.webpack\main\index.js:8:2667365)
      at ClientRequest.emit (node:events:530:35)
      at TLSSocket.emitRequestTimeout (node:_http_client:863:9)
      at Object.onceWrapper (node:events:632:28)
      at TLSSocket.emit (node:events:530:35)
      at Socket._onTimeout (node:net:609:8)
      at listOnTimeout (node:internal/timers:594:17)
      at process.processTimers (node:internal/timers:529:7)
}
2025-06-04 11:47:06.022    app     info:    [server-manager] Downloaded 138.48 MiB/189.92 MiB at 14.44 MiB/s
2025-06-04 11:47:07.028    app     info:    [server-manager] Downloaded 138.98 MiB/189.92 MiB at 256.61 kiB/s
2025-06-04 11:47:07.080    app     info:    [scheduler] Starting scheduler foreground
2025-06-04 11:47:07.124    app     info:    [customer-information] Getting character information for '31367691' on 'tranquility'
2025-06-04 11:47:07.124    app     info:    [customer-information] Getting Omega status for '31367691' on 'tranquility' (eve-online)
2025-06-04 11:47:07.474    app     info:    [customer-information] Agreement status has been fetched for user '31367691'
2025-06-04 11:47:07.488    app     info:    [scheduler] Stopped scheduler foreground
2025-06-04 11:47:07.489    app     info:    [ipc-requests] Handling requests in the background
2025-06-04 11:47:08.047    app     info:    [server-manager] Downloaded 139.74 MiB/189.92 MiB at 842.11 kiB/s
2025-06-04 11:47:08.490    app     info:    [ipc-requests] No longer handling requests in the background
2025-06-04 11:47:09.055    app     info:    [server-manager] Downloaded 140.62 MiB/189.92 MiB at 896.00 kiB/s
2025-06-04 11:47:10.066    app     info:    [server-manager] Downloaded 141.52 MiB/189.92 MiB at 946.75 kiB/s
2025-06-04 11:47:11.088    app     info:    [server-manager] Downloaded 142.34 MiB/189.92 MiB at 852.07 kiB/s
2025-06-04 11:47:12.105    app     info:    [server-manager] Downloaded 143.17 MiB/189.92 MiB at 881.89 kiB/s
2025-06-04 11:47:13.146    app     info:    [server-manager] Downloaded 144.04 MiB/189.92 MiB at 751.88 kiB/s
2025-06-04 11:47:14.178    app     info:    [server-manager] Downloaded 144.82 MiB/189.92 MiB at 760.78 kiB/s
2025-06-04 11:47:15.210    app     info:    [server-manager] Downloaded 145.71 MiB/189.92 MiB at 927.27 kiB/s
2025-06-04 11:47:16.217    app     info:    [server-manager] Downloaded 146.61 MiB/189.92 MiB at 529.52 kiB/s
2025-06-04 11:47:17.229    app     info:    [server-manager] Downloaded 147.48 MiB/189.92 MiB at 956.94 kiB/s
2025-06-04 11:47:18.273    app     info:    [server-manager] Downloaded 148.41 MiB/189.92 MiB at 921.31 kiB/s
2025-06-04 11:47:19.280    app     info:    [server-manager] Downloaded 149.25 MiB/189.92 MiB at 864.00 kiB/s
2025-06-04 11:47:20.305    app     info:    [server-manager] Downloaded 150.15 MiB/189.92 MiB at 926.64 kiB/s
2025-06-04 11:47:21.311    app     info:    [server-manager] Downloaded 150.92 MiB/189.92 MiB at 384.00 kiB/s
2025-06-04 11:47:22.346    app     info:    [server-manager] Downloaded 151.75 MiB/189.92 MiB at 814.09 kiB/s
2025-06-04 11:47:23.366    app     info:    [server-manager] Downloaded 152.54 MiB/189.92 MiB at 1.28 MiB/s
2025-06-04 11:47:24.372    app     info:    [server-manager] Downloaded 153.40 MiB/189.92 MiB at 930.89 kiB/s
2025-06-04 11:47:25.380    app     info:    [server-manager] Downloaded 154.33 MiB/189.92 MiB at 908.83 kiB/s
2025-06-04 11:47:26.432    app     info:    [server-manager] Downloaded 155.18 MiB/189.92 MiB at 809.56 kiB/s
2025-06-04 11:47:27.473    app     info:    [server-manager] Downloaded 155.98 MiB/189.92 MiB at 871.60 kiB/s
2025-06-04 11:47:28.521    app     info:    [server-manager] Downloaded 156.74 MiB/189.92 MiB at 709.09 kiB/s
2025-06-04 11:47:29.553    app     info:    [server-manager] Downloaded 157.51 MiB/189.92 MiB at 692.49 kiB/s
2025-06-04 11:47:30.567    app     info:    [server-manager] Downloaded 158.42 MiB/189.92 MiB at 985.85 kiB/s
2025-06-04 11:47:31.585    app     info:    [server-manager] Downloaded 159.36 MiB/189.92 MiB at 836.43 kiB/s
2025-06-04 11:47:32.618    app     info:    [server-manager] Downloaded 160.02 MiB/189.92 MiB at 909.49 kiB/s
2025-06-04 11:47:33.649    app     info:    [server-manager] Downloaded 160.75 MiB/189.92 MiB at 641.22 kiB/s
2025-06-04 11:47:34.209    app     info:    [scheduler] Starting scheduler foreground
2025-06-04 11:47:34.478    app     info:    [scheduler] Stopped scheduler foreground
2025-06-04 11:47:34.483    app     info:    [ipc-requests] Handling requests in the background
2025-06-04 11:47:34.677    app     info:    [server-manager] Downloaded 161.38 MiB/189.92 MiB at 756.26 kiB/s
2025-06-04 11:47:35.485    app     info:    [ipc-requests] No longer handling requests in the background
2025-06-04 11:47:35.701    app     info:    [server-manager] Downloaded 162.06 MiB/189.92 MiB at 611.65 kiB/s
2025-06-04 11:47:36.202    app     info:    [scheduler] Starting scheduler foreground
2025-06-04 11:47:36.482    app     info:    [scheduler] Stopped scheduler foreground
2025-06-04 11:47:36.484    app     info:    [ipc-requests] Handling requests in the background
2025-06-04 11:47:36.743    app     info:    [server-manager] Downloaded 162.75 MiB/189.92 MiB at 765.11 kiB/s
2025-06-04 11:47:37.485    app     info:    [ipc-requests] No longer handling requests in the background
2025-06-04 11:47:37.780    app     info:    [server-manager] Downloaded 163.63 MiB/189.92 MiB at 859.88 kiB/s
2025-06-04 11:47:38.805    app     info:    [server-manager] Downloaded 164.57 MiB/189.92 MiB at 926.64 kiB/s
2025-06-04 11:47:39.836    app     info:    [server-manager] Downloaded 165.46 MiB/189.92 MiB at 956.18 kiB/s
2025-06-04 11:47:40.865    app     info:    [server-manager] Downloaded 166.37 MiB/189.92 MiB at 920.19 kiB/s
2025-06-04 11:47:41.898    app     info:    [server-manager] Downloaded 167.26 MiB/189.92 MiB at 957.53 kiB/s
2025-06-04 11:47:42.928    app     info:    [server-manager] Downloaded 168.19 MiB/189.92 MiB at 936.04 kiB/s
2025-06-04 11:47:43.961    app     info:    [server-manager] Downloaded 169.04 MiB/189.92 MiB at 503.75 kiB/s
2025-06-04 11:47:44.967    app     info:    [server-manager] Downloaded 169.75 MiB/189.92 MiB at 780.25 kiB/s
2025-06-04 11:47:46.029    app     info:    [server-manager] Downloaded 170.52 MiB/189.92 MiB at 707.32 kiB/s
2025-06-04 11:47:47.091    app     info:    [server-manager] Downloaded 171.17 MiB/189.92 MiB at 489.21 kiB/s
2025-06-04 11:47:48.115    app     info:    [server-manager] Downloaded 171.80 MiB/189.92 MiB at 586.87 kiB/s
2025-06-04 11:47:49.227    app     info:    [server-manager] Downloaded 172.26 MiB/189.92 MiB at 527.13 kiB/s
2025-06-04 11:47:50.234    app     info:    [server-manager] Downloaded 172.94 MiB/189.92 MiB at 702.59 kiB/s
2025-06-04 11:47:51.270    app     info:    [server-manager] Downloaded 173.57 MiB/189.92 MiB at 603.33 kiB/s
2025-06-04 11:47:52.276    app     info:    [server-manager] Downloaded 174.35 MiB/189.92 MiB at 416.00 kiB/s
2025-06-04 11:47:53.307    app     info:    [server-manager] Downloaded 174.96 MiB/189.92 MiB at 699.80 kiB/s
2025-06-04 11:47:54.314    app     info:    [server-manager] Downloaded 175.35 MiB/189.92 MiB at 542.91 kiB/s
2025-06-04 11:47:55.349    app     info:    [server-manager] Downloaded 175.95 MiB/189.92 MiB at 575.76 kiB/s
2025-06-04 11:47:56.429    app     info:    [server-manager] Downloaded 176.72 MiB/189.92 MiB at 709.31 kiB/s
2025-06-04 11:47:57.447    app     info:    [server-manager] Downloaded 177.41 MiB/189.92 MiB at 596.08 kiB/s
2025-06-04 11:47:57.647    app     info:    [save-as] Retrying download of https://binaries.eveonline.com/bundles/2929428/eveonline_2929428.txt.bundle.4 (attempt 1) Error occurred while saving file to disk 'C:\Games\EVE\ResFiles\bundles\2929428\.eveonline_2929428.txt.bundle.4.tmp'
Request timed out    S [SaveAsError]: Error occurred while saving file to disk 'C:\Games\EVE\ResFiles\bundles\2929428\.eveonline_2929428.txt.bundle.4.tmp'
Request timed out
    at S.from (C:\Program Files (x86)\Steam\steamapps\common\Eve Online\app-1.10.1\resources\app.asar\.webpack\main\index.js:8:2344035)
    at v.<anonymous> (C:\Program Files (x86)\Steam\steamapps\common\Eve Online\app-1.10.1\resources\app.asar\.webpack\main\index.js:8:1871836)
    at v.emit (node:events:518:28)
    at v.emitError (C:\Program Files (x86)\Steam\steamapps\common\Eve Online\app-1.10.1\resources\app.asar\.webpack\main\index.js:8:2668272)
    at ClientRequest.<anonymous> (C:\Program Files (x86)\Steam\steamapps\common\Eve Online\app-1.10.1\resources\app.asar\.webpack\main\index.js:8:2667225)
    at ClientRequest.emit (node:events:530:35)
    at emitErrorEvent (node:_http_client:104:11)
    at TLSSocket.socketErrorListener (node:_http_client:518:5)
    at TLSSocket.emit (node:events:518:28)
    at emitErrorNT (node:internal/streams/destroy:170:8) {
  cause: p [RequestTimeoutError]: Request timed out
      at ClientRequest.<anonymous> (C:\Program Files (x86)\Steam\steamapps\common\Eve Online\app-1.10.1\resources\app.asar\.webpack\main\index.js:8:2667365)
      at ClientRequest.emit (node:events:530:35)
      at TLSSocket.emitRequestTimeout (node:_http_client:863:9)
      at Object.onceWrapper (node:events:632:28)
      at TLSSocket.emit (node:events:530:35)
      at Socket._onTimeout (node:net:609:8)
      at listOnTimeout (node:internal/timers:594:17)
      at process.processTimers (node:internal/timers:529:7)
}
2025-06-04 11:47:58.525    app     info:    [server-manager] Downloaded 173.77 MiB/189.92 MiB at 7.23 MiB/s
2025-06-04 11:47:59.531    app     info:    [server-manager] Downloaded 174.55 MiB/189.92 MiB at 852.30 kiB/s
2025-06-04 11:48:00.587    app     info:    [server-manager] Downloaded 175.27 MiB/189.92 MiB at 559.68 kiB/s
2025-06-04 11:48:01.593    app     info:    [server-manager] Downloaded 175.93 MiB/189.92 MiB at 256.00 kiB/s
2025-06-04 11:48:02.625    app     info:    [server-manager] Downloaded 176.60 MiB/189.92 MiB at 673.47 kiB/s
2025-06-04 11:48:03.693    app     info:    [server-manager] Downloaded 177.17 MiB/189.92 MiB at 598.39 kiB/s
2025-06-04 11:48:04.712    app     info:    [server-manager] Downloaded 177.73 MiB/189.92 MiB at 674.29 kiB/s
2025-06-04 11:48:05.721    app     info:    [server-manager] Downloaded 178.25 MiB/189.92 MiB at 473.34 kiB/s
2025-06-04 11:48:06.758    app     info:    [server-manager] Downloaded 178.80 MiB/189.92 MiB at 651.01 kiB/s
2025-06-04 11:48:07.837    app     info:    [server-manager] Downloaded 179.45 MiB/189.92 MiB at 557.34 kiB/s
2025-06-04 11:48:08.878    app     info:    [server-manager] Downloaded 180.26 MiB/189.92 MiB at 794.32 kiB/s
2025-06-04 11:48:09.886    app     info:    [server-manager] Downloaded 181.15 MiB/189.92 MiB at 893.08 kiB/s
2025-06-04 11:48:10.907    app     info:    [server-manager] Downloaded 181.68 MiB/189.92 MiB at 627.45 kiB/s
2025-06-04 11:48:12.000    app     info:    [server-manager] Downloaded 182.30 MiB/189.92 MiB at 490.52 kiB/s
2025-06-04 11:48:13.023    app     info:    [server-manager] Downloaded 183.04 MiB/189.92 MiB at 682.17 kiB/s
2025-06-04 11:48:14.054    app     info:    [server-manager] Downloaded 183.77 MiB/189.92 MiB at 796.17 kiB/s
2025-06-04 11:48:15.062    app     info:    [server-manager] Downloaded 184.56 MiB/189.92 MiB at 766.34 kiB/s
2025-06-04 11:48:16.093    app     info:    [server-manager] Downloaded 185.34 MiB/189.92 MiB at 883.81 kiB/s
2025-06-04 11:48:17.151    app     info:    [server-manager] Downloaded 185.86 MiB/189.92 MiB at 523.78 kiB/s
2025-06-04 11:48:18.211    app     info:    [server-manager] Downloaded 186.37 MiB/189.92 MiB at 460.65 kiB/s
2025-06-04 11:48:19.227    app     info:    [server-manager] Downloaded 187.11 MiB/189.92 MiB at 699.26 kiB/s
2025-06-04 11:48:20.240    app     info:    [server-manager] Downloaded 188.00 MiB/189.92 MiB at 848.02 kiB/s
2025-06-04 11:48:21.249    app     info:    [server-manager] Downloaded 188.90 MiB/189.92 MiB at 909.49 kiB/s
2025-06-04 11:48:22.262    app     info:    [server-manager] Downloaded 189.55 MiB/189.92 MiB at 835.89 kiB/s
2025-06-04 11:48:23.166    app     info:    [download-from-manifest] Downloaded 19 files (189.89 MiB) in 4 minutes, 46.838 seconds
2025-06-04 11:48:23.166    app     info:    [download-from-manifest] Average download speed: 677.90 kiB/s
2025-06-04 11:48:23.167    app     info:    [server-manager] Unpacking binary chunks
2025-06-04 11:48:23.314    app     info:    [server-manager] Unpacking files, this may take a while. Extracting file 1/226
2025-06-04 11:48:24.497    app     info:    [server-manager] Unpacking files, this may take a while. Extracting file 18/226
2025-06-04 11:48:25.545    app     info:    [server-manager] Unpacking files, this may take a while. Extracting file 112/226
2025-06-04 11:48:26.599    app     info:    [server-manager] Unpacking files, this may take a while. Extracting file 112/226
2025-06-04 11:48:27.606    app     info:    [server-manager] Unpacking files, this may take a while. Extracting file 145/226
2025-06-04 11:48:28.714    app     info:    [server-manager] Unpacking files, this may take a while. Extracting file 189/226
2025-06-04 11:48:29.244    app     info:    [scheduler] Starting scheduler foreground
2025-06-04 11:48:29.297    app     info:    [customer-information] Getting character information for '31367691' on 'tranquility'
2025-06-04 11:48:29.717    app     info:    [server-manager] Unpacking files, this may take a while. Extracting file 219/226
2025-06-04 11:48:30.158    app     info:    [scheduler] Stopped scheduler foreground
2025-06-04 11:48:30.160    app     info:    [ipc-requests] Handling requests in the background
2025-06-04 11:48:30.545    app     info:    [chunk-unpacker] Unpacked chunks, and wrote 226 files (378 MB) in 7.369 seconds
2025-06-04 11:48:30.546    app     info:    [chunk-unpacker] Average unpacking speed: 51.3 MB/s
2025-06-04 11:48:30.557    app     info:    [quasar-elg-events] Queueing event    eve_launcher.electron.eve_client.CopyingFilesStarted
2025-06-04 11:48:30.559    app     info:    [binary-copier] Copying 226 files (378 MB) to 'C:\Games\EVE\tq'
2025-06-04 11:48:30.563    app     info:    [quasar-elg-events] Event sent    type.evetech.net/eve_launcher.electron.eve_client.CopyingFilesStarted
2025-06-04 11:48:30.600    app     info:    [binary-copier] Removing old binaries
2025-06-04 11:48:30.604    app     info:    [binary-copier] Copying binaries from ResFiles
2025-06-04 11:48:30.880    app     info:    [server-manager] Copying executables 1/226
2025-06-04 11:48:30.955    app     info:    [binary-copier] Finished copying 226 files to 'C:\Games\EVE\tq' in 0.405 seconds
2025-06-04 11:48:30.961    app     info:    [quasar-elg-events] Queueing event    eve_launcher.electron.eve_client.CopyingFilesFinished
2025-06-04 11:48:30.962    app     info:    [quasar-elg-events] Event sent    type.evetech.net/eve_launcher.electron.eve_client.CopyingFilesFinished
2025-06-04 11:48:31.167    app     info:    [ipc-requests] No longer handling requests in the background
2025-06-04 11:48:31.872    app     info:    [server-manager] Copying executables 226/226
2025-06-04 11:48:31.967    app     info:    [server-manager] Downloading prefetch chunks in 496 files (5.19 GB)
2025-06-04 11:48:31.968    app     info:    [download-from-manifest] Preparing to download 496 files    { cdn: 2, concurrent: 10 }
2025-06-04 11:48:32.096    app     info:    [server-manager] Copying executables 226/226
2025-06-04 11:48:33.095    app     info:    [server-manager] Downloaded 495.98 kiB/4.83 GiB at 295.16 kiB/s
2025-06-04 11:48:34.129    app     info:    [server-manager] Downloaded 1.38 MiB/4.83 GiB at 923.58 kiB/s
2025-06-04 11:48:35.130    app     info:    [server-manager] Downloaded 2.35 MiB/4.83 GiB at 411.81 kiB/s
2025-06-04 11:48:36.152    app     info:    [server-manager] Downloaded 3.25 MiB/4.83 GiB at 1.46 MiB/s
2025-06-04 11:48:37.151    app     info:    [server-manager] Downloaded 4.08 MiB/4.83 GiB at 473.43 kiB/s
2025-06-04 11:48:38.156    app     info:    [server-manager] Downloaded 5.13 MiB/4.83 GiB at 397.20 kiB/s
2025-06-04 11:48:39.181    app     info:    [server-manager] Downloaded 5.99 MiB/4.83 GiB at 960.15 kiB/s
2025-06-04 11:48:40.126    app     info:    [scheduler] Starting scheduler foreground
2025-06-04 11:48:40.199    app     info:    [server-manager] Downloaded 6.98 MiB/4.83 GiB at 1.13 MiB/s
2025-06-04 11:48:40.796    app     info:    [scheduler] Stopped scheduler foreground
2025-06-04 11:48:40.797    app     info:    [ipc-requests] Handling requests in the background
2025-06-04 11:48:41.215    app     info:    [server-manager] Downloaded 7.86 MiB/4.83 GiB at 987.06 kiB/s
2025-06-04 11:48:41.797    app     info:    [ipc-requests] No longer handling requests in the background
2025-06-04 11:48:42.220    app     info:    [server-manager] Downloaded 8.78 MiB/4.83 GiB at 996.59 kiB/s
2025-06-04 11:48:43.248    app     info:    [server-manager] Downloaded 9.74 MiB/4.83 GiB at 1,023.04 kiB/s
2025-06-04 11:48:44.255    app     info:    [server-manager] Downloaded 10.65 MiB/4.83 GiB at 922.47 kiB/s
2025-06-04 11:48:45.143    app     info:    [self-update] Checking for application updates.
2025-06-04 11:48:45.273    app     info:    [server-manager] Downloaded 11.59 MiB/4.83 GiB at 876.75 kiB/s
2025-06-04 11:48:46.303    app     info:    [server-manager] Downloaded 12.52 MiB/4.83 GiB at 1.30 MiB/s
2025-06-04 11:48:46.454    app     info:    [self-update] No application updates were found.
2025-06-04 11:48:47.310    app     info:    [server-manager] Downloaded 13.47 MiB/4.83 GiB at 1,001.62 kiB/s
2025-06-04 11:48:48.367    app     info:    [server-manager] Downloaded 14.26 MiB/4.83 GiB at 750.47 kiB/s
2025-06-04 11:48:49.379    app     info:    [server-manager] Downloaded 15.24 MiB/4.83 GiB at 976.02 kiB/s
2025-06-04 11:48:50.402    app     info:    [server-manager] Downloaded 16.13 MiB/4.83 GiB at 1.27 MiB/s
2025-06-04 11:48:51.436    app     info:    [server-manager] Downloaded 17.06 MiB/4.83 GiB at 994.78 kiB/s
2025-06-04 11:48:52.463    app     info:    [server-manager] Downloaded 17.99 MiB/4.83 GiB at 512.00 kiB/s
2025-06-04 11:48:53.474    app     info:    [server-manager] Downloaded 18.96 MiB/4.83 GiB at 1,015.87 kiB/s
2025-06-04 11:48:54.490    app     info:    [server-manager] Downloaded 19.89 MiB/4.83 GiB at 876.00 kiB/s
2025-06-04 11:48:55.530    app     info:    [server-manager] Downloaded 20.76 MiB/4.83 GiB at 944.94 kiB/s
2025-06-04 11:48:56.554    app     info:    [server-manager] Downloaded 21.71 MiB/4.83 GiB at 944.28 kiB/s
2025-06-04 11:48:57.555    app     info:    [server-manager] Downloaded 22.62 MiB/4.83 GiB at 542.91 kiB/s
2025-06-04 11:48:58.589    app     info:    [server-manager] Downloaded 23.57 MiB/4.83 GiB at 907.37 kiB/s
2025-06-04 11:48:59.619    app     info:    [server-manager] Downloaded 24.50 MiB/4.83 GiB at 921.56 kiB/s
2025-06-04 11:49:00.632    app     info:    [server-manager] Downloaded 25.44 MiB/4.83 GiB at 942.18 kiB/s
2025-06-04 11:49:01.681    app     info:    [server-manager] Downloaded 26.33 MiB/4.83 GiB at 962.41 kiB/s
2025-06-04 11:49:02.709    app     info:    [server-manager] Downloaded 27.32 MiB/4.83 GiB at 953.85 kiB/s
2025-06-04 11:49:03.719    app     info:    [server-manager] Downloaded 28.25 MiB/4.83 GiB at 990.02 kiB/s
2025-06-04 11:49:04.754    app     info:    [server-manager] Downloaded 29.15 MiB/4.83 GiB at 943.03 kiB/s
2025-06-04 11:49:05.772    app     info:    [server-manager] Downloaded 30.06 MiB/4.83 GiB at 939.33 kiB/s
2025-06-04 11:49:06.778    app     info:    [server-manager] Downloaded 31.04 MiB/4.83 GiB at 490.29 kiB/s
2025-06-04 11:49:07.810    app     info:    [server-manager] Downloaded 31.94 MiB/4.83 GiB at 883.63 kiB/s
2025-06-04 11:49:08.848    app     info:    [server-manager] Downloaded 32.87 MiB/4.83 GiB at 891.51 kiB/s
2025-06-04 11:49:09.864    app     info:    [server-manager] Downloaded 33.81 MiB/4.83 GiB at 960.00 kiB/s
2025-06-04 11:49:10.897    app     info:    [server-manager] Downloaded 34.65 MiB/4.83 GiB at 849.10 kiB/s
2025-06-04 11:49:11.904    app     info:    [server-manager] Downloaded 35.44 MiB/4.83 GiB at 766.47 kiB/s
2025-06-04 11:49:12.931    app     info:    [server-manager] Downloaded 36.22 MiB/4.83 GiB at 770.71 kiB/s
2025-06-04 11:49:13.940    app     info:    [server-manager] Downloaded 36.96 MiB/4.83 GiB at 667.62 kiB/s
2025-06-04 11:49:14.966    app     info:    [server-manager] Downloaded 37.73 MiB/4.83 GiB at 792.08 kiB/s
2025-06-04 11:49:16.008    app     info:    [server-manager] Downloaded 38.63 MiB/4.83 GiB at 837.38 kiB/s
2025-06-04 11:49:17.067    app     info:    [server-manager] Downloaded 39.33 MiB/4.83 GiB at 416.00 kiB/s
2025-06-04 11:49:18.088    app     info:    [server-manager] Downloaded 40.10 MiB/4.83 GiB at 748.54 kiB/s
2025-06-04 11:49:19.125    app     info:    [server-manager] Downloaded 41.06 MiB/4.83 GiB at 973.33 kiB/s
2025-06-04 11:49:20.131    app     info:    [server-manager] Downloaded 41.84 MiB/4.83 GiB at 766.47 kiB/s
2025-06-04 11:49:21.155    app     info:    [server-manager] Downloaded 42.68 MiB/4.83 GiB at 751.48 kiB/s
2025-06-04 11:49:22.196    app     info:    [server-manager] Downloaded 43.49 MiB/4.83 GiB at 693.03 kiB/s
2025-06-04 11:49:23.242    app     info:    [server-manager] Downloaded 44.32 MiB/4.83 GiB at 770.87 kiB/s
2025-06-04 11:49:24.291    app     info:    [server-manager] Downloaded 44.99 MiB/4.83 GiB at 649.45 kiB/s
2025-06-04 11:49:25.341    app     info:    [server-manager] Downloaded 45.69 MiB/4.83 GiB at 661.76 kiB/s
2025-06-04 11:49:26.388    app     info:    [server-manager] Downloaded 46.64 MiB/4.83 GiB at 872.44 kiB/s
2025-06-04 11:49:27.409    app     info:    [server-manager] Downloaded 47.48 MiB/4.83 GiB at 757.40 kiB/s
2025-06-04 11:49:28.430    app     info:    [server-manager] Downloaded 48.29 MiB/4.83 GiB at 870.90 kiB/s
2025-06-04 11:49:29.466    app     info:    [server-manager] Downloaded 49.18 MiB/4.83 GiB at 904.48 kiB/s
2025-06-04 11:49:30.496    app     info:    [server-manager] Downloaded 50.07 MiB/4.83 GiB at 917.78 kiB/s
2025-06-04 11:49:31.552    app     info:    [server-manager] Downloaded 50.96 MiB/4.83 GiB at 1.33 MiB/s
2025-06-04 11:49:32.559    app     info:    [server-manager] Downloaded 51.90 MiB/4.83 GiB at 957.13 kiB/s
2025-06-04 11:49:33.563    app     info:    [server-manager] Downloaded 52.72 MiB/4.83 GiB at 800.00 kiB/s
2025-06-04 11:49:34.586    app     info:    [server-manager] Downloaded 53.62 MiB/4.83 GiB at 825.22 kiB/s
2025-06-04 11:49:35.616    app     info:    [server-manager] Downloaded 54.50 MiB/4.83 GiB at 869.64 kiB/s
2025-06-04 11:49:36.649    app     info:    [server-manager] Downloaded 55.37 MiB/4.83 GiB at 876.30 kiB/s
2025-06-04 11:49:37.656    app     info:    [server-manager] Downloaded 56.22 MiB/4.83 GiB at 815.37 kiB/s
2025-06-04 11:49:38.682    app     info:    [server-manager] Downloaded 57.13 MiB/4.83 GiB at 739.88 kiB/s
2025-06-04 11:49:39.688    app     info:    [server-manager] Downloaded 57.91 MiB/4.83 GiB at 320.00 kiB/s
2025-06-04 11:49:40.717    app     info:    [server-manager] Downloaded 58.78 MiB/4.83 GiB at 869.64 kiB/s
2025-06-04 11:49:41.737    app     info:    [server-manager] Downloaded 59.72 MiB/4.83 GiB at 980.87 kiB/s
2025-06-04 11:49:42.745    app     info:    [server-manager] Downloaded 60.59 MiB/4.83 GiB at 447.11 kiB/s
2025-06-04 11:49:43.773    app     info:    [server-manager] Downloaded 61.51 MiB/4.83 GiB at 1.35 MiB/s
2025-06-04 11:49:44.781    app     info:    [server-manager] Downloaded 62.45 MiB/4.83 GiB at 857.69 kiB/s
2025-06-04 11:49:45.788    app     info:    [server-manager] Downloaded 63.34 MiB/4.83 GiB at 928.00 kiB/s
2025-06-04 11:49:46.816    app     info:    [server-manager] Downloaded 64.25 MiB/4.83 GiB at 898.75 kiB/s
2025-06-04 11:49:47.843    app     info:    [server-manager] Downloaded 65.10 MiB/4.83 GiB at 745.67 kiB/s
2025-06-04 11:49:48.869    app     info:    [server-manager] Downloaded 66.00 MiB/4.83 GiB at 830.74 kiB/s
2025-06-04 11:49:49.885    app     info:    [server-manager] Downloaded 66.83 MiB/4.83 GiB at 772.18 kiB/s
2025-06-04 11:49:50.903    app     info:    [server-manager] Downloaded 67.63 MiB/4.83 GiB at 725.27 kiB/s
2025-06-04 11:49:51.916    app     info:    [server-manager] Downloaded 68.37 MiB/4.83 GiB at 476.19 kiB/s
2025-06-04 11:49:52.959    app     info:    [server-manager] Downloaded 69.27 MiB/4.83 GiB at 834.11 kiB/s
2025-06-04 11:49:53.975    app     info:    [server-manager] Downloaded 70.19 MiB/4.83 GiB at 943.03 kiB/s
2025-06-04 11:49:54.992    app     info:    [server-manager] Downloaded 71.11 MiB/4.83 GiB at 880.16 kiB/s
2025-06-04 11:49:56.027    app     info:    [server-manager] Downloaded 72.06 MiB/4.83 GiB at 880.32 kiB/s
2025-06-04 11:49:57.053    app     info:    [server-manager] Downloaded 72.93 MiB/4.83 GiB at 809.34 kiB/s
2025-06-04 11:49:58.124    app     info:    [server-manager] Downloaded 73.93 MiB/4.83 GiB at 812.03 kiB/s
2025-06-04 11:49:59.152    app     info:    [server-manager] Downloaded 74.83 MiB/4.83 GiB at 890.60 kiB/s
2025-06-04 11:50:00.164    app     info:    [server-manager] Downloaded 75.74 MiB/4.83 GiB at 946.75 kiB/s
2025-06-04 11:50:01.184    app     info:    [server-manager] Downloaded 76.51 MiB/4.83 GiB at 733.07 kiB/s
2025-06-04 11:50:02.216    app     info:    [server-manager] Downloaded 77.36 MiB/4.83 GiB at 898.90 kiB/s
2025-06-04 11:50:03.221    app     info:    [server-manager] Downloaded 78.21 MiB/4.83 GiB at 446.22 kiB/s
2025-06-04 11:50:04.245    app     info:    [server-manager] Downloaded 79.05 MiB/4.83 GiB at 1.32 MiB/s
2025-06-04 11:50:05.263    app     info:    [server-manager] Downloaded 79.91 MiB/4.83 GiB at 966.59 kiB/s
2025-06-04 11:50:06.273    app     info:    [server-manager] Downloaded 80.80 MiB/4.83 GiB at 926.15 kiB/s
2025-06-04 11:50:07.279    app     info:    [server-manager] Downloaded 81.67 MiB/4.83 GiB at 952.50 kiB/s
2025-06-04 11:50:08.285    app     info:    [server-manager] Downloaded 82.52 MiB/4.83 GiB at 479.04 kiB/s
2025-06-04 11:50:09.319    app     info:    [server-manager] Downloaded 83.20 MiB/4.83 GiB at 717.88 kiB/s
2025-06-04 11:50:10.355    app     info:    [server-manager] Downloaded 84.02 MiB/4.83 GiB at 750.50 kiB/s
2025-06-04 11:50:11.401    app     info:    [server-manager] Downloaded 84.99 MiB/4.83 GiB at 947.41 kiB/s
2025-06-04 11:50:12.438    app     info:    [server-manager] Downloaded 85.90 MiB/4.83 GiB at 920.50 kiB/s
2025-06-04 11:50:13.446    app     info:    [server-manager] Downloaded 86.83 MiB/4.83 GiB at 902.83 kiB/s
2025-06-04 11:50:14.493    app     info:    [server-manager] Downloaded 87.66 MiB/4.83 GiB at 884.96 kiB/s
2025-06-04 11:50:15.526    app     info:    [server-manager] Downloaded 88.54 MiB/4.83 GiB at 941.20 kiB/s
2025-06-04 11:50:16.533    app     info:    [server-manager] Downloaded 89.37 MiB/4.83 GiB at 479.04 kiB/s
2025-06-04 11:50:17.618    app     info:    [server-manager] Downloaded 89.98 MiB/4.83 GiB at 489.11 kiB/s
2025-06-04 11:50:18.678    app     info:    [server-manager] Downloaded 90.75 MiB/4.83 GiB at 623.46 kiB/s
2025-06-04 11:50:19.731    app     info:    [server-manager] Downloaded 91.69 MiB/4.83 GiB at 1,012.86 kiB/s
2025-06-04 11:50:20.777    app     info:    [server-manager] Downloaded 92.63 MiB/4.83 GiB at 909.50 kiB/s
2025-06-04 11:50:21.839    app     info:    [server-manager] Downloaded 93.49 MiB/4.83 GiB at 827.59 kiB/s
2025-06-04 11:50:22.851    app     info:    [server-manager] Downloaded 94.40 MiB/4.83 GiB at 480.00 kiB/s
2025-06-04 11:50:23.899    app     info:    [server-manager] Downloaded 95.28 MiB/4.83 GiB at 900.97 kiB/s
2025-06-04 11:50:24.904    app     info:    [server-manager] Downloaded 96.15 MiB/4.83 GiB at 943.35 kiB/s
2025-06-04 11:50:25.930    app     info:    [server-manager] Downloaded 96.83 MiB/4.83 GiB at 715.95 kiB/s
2025-06-04 11:50:26.937    app     info:    [server-manager] Downloaded 97.77 MiB/4.83 GiB at 862.28 kiB/s
2025-06-04 11:50:27.992    app     info:    [server-manager] Downloaded 98.69 MiB/4.83 GiB at 907.37 kiB/s
2025-06-04 11:50:28.948    app     info:    [scheduler] Starting scheduler foreground
2025-06-04 11:50:28.970    app     info:    [customer-information] Getting character information for '31367691' on 'tranquility'
2025-06-04 11:50:28.971    app     info:    [customer-information] Getting Omega status for '31367691' on 'tranquility' (eve-online)
2025-06-04 11:50:29.011    app     info:    [server-manager] Downloaded 99.58 MiB/4.83 GiB at 920.63 kiB/s
2025-06-04 11:50:30.025    app     info:    [server-manager] Downloaded 100.29 MiB/4.83 GiB at 941.57 kiB/s
2025-06-04 11:50:31.060    app     info:    [server-manager] Downloaded 101.33 MiB/4.83 GiB at 1.13 MiB/s
2025-06-04 11:50:32.084    app     info:    [server-manager] Downloaded 102.09 MiB/4.83 GiB at 1.08 MiB/s
2025-06-04 11:50:32.680    app     info:    [scheduler] Stopped scheduler foreground
2025-06-04 11:50:32.682    app     info:    [ipc-requests] Handling requests in the background
2025-06-04 11:50:33.088    app     info:    [server-manager] Downloaded 102.97 MiB/4.83 GiB at 847.88 kiB/s
2025-06-04 11:50:33.683    app     info:    [ipc-requests] No longer handling requests in the background
2025-06-04 11:50:34.086    app     info:    [server-manager] Downloaded 103.87 MiB/4.83 GiB at 455.38 kiB/s
2025-06-04 11:50:35.094    app     info:    [server-manager] Downloaded 104.80 MiB/4.83 GiB at 503.49 kiB/s
2025-06-04 11:50:36.127    app     info:    [server-manager] Downloaded 105.80 MiB/4.83 GiB at 980.24 kiB/s
2025-06-04 11:50:37.185    app     info:    [server-manager] Downloaded 106.66 MiB/4.83 GiB at 802.10 kiB/s
2025-06-04 11:50:38.193    app     info:    [server-manager] Downloaded 107.58 MiB/4.83 GiB at 416.00 kiB/s
2025-06-04 11:50:39.211    app     info:    [server-manager] Downloaded 108.48 MiB/4.83 GiB at 873.29 kiB/s
2025-06-04 11:50:40.225    app     info:    [server-manager] Downloaded 109.40 MiB/4.83 GiB at 881.89 kiB/s
2025-06-04 11:50:41.248    app     info:    [server-manager] Downloaded 110.19 MiB/4.83 GiB at 888.89 kiB/s
2025-06-04 11:50:42.306    app     info:    [server-manager] Downloaded 110.98 MiB/4.83 GiB at 1.10 MiB/s
2025-06-04 11:50:43.313    app     info:    [server-manager] Downloaded 111.89 MiB/4.83 GiB at 1,011.86 kiB/s
2025-06-04 11:50:44.337    app     info:    [server-manager] Downloaded 112.80 MiB/4.83 GiB at 978.80 kiB/s
2025-06-04 11:50:45.369    app     info:    [server-manager] Downloaded 113.73 MiB/4.83 GiB at 1.36 MiB/s
2025-06-04 11:50:46.371    app     info:    [server-manager] Downloaded 114.65 MiB/4.83 GiB at 851.92 kiB/s
2025-06-04 11:50:47.380    app     info:    [server-manager] Downloaded 115.60 MiB/4.83 GiB at 916.21 kiB/s
2025-06-04 11:50:48.400    app     info:    [server-manager] Downloaded 116.37 MiB/4.83 GiB at 731.29 kiB/s
2025-06-04 11:50:49.407    app     info:    [server-manager] Downloaded 117.29 MiB/4.83 GiB at 416.00 kiB/s
2025-06-04 11:50:50.440    app     info:    [server-manager] Downloaded 118.12 MiB/4.83 GiB at 850.39 kiB/s
2025-06-04 11:50:51.466    app     info:    [server-manager] Downloaded 118.87 MiB/4.83 GiB at 617.76 kiB/s
2025-06-04 11:50:52.494    app     info:    [server-manager] Downloaded 119.59 MiB/4.83 GiB at 768.00 kiB/s
2025-06-04 11:50:53.535    app     info:    [server-manager] Downloaded 120.23 MiB/4.83 GiB at 617.65 kiB/s
2025-06-04 11:50:54.571    app     info:    [server-manager] Downloaded 120.90 MiB/4.83 GiB at 691.55 kiB/s
2025-06-04 11:50:55.595    app     info:    [server-manager] Downloaded 121.57 MiB/4.83 GiB at 980.24 kiB/s
2025-06-04 11:50:56.625    app     info:    [server-manager] Downloaded 122.25 MiB/4.83 GiB at 684.79 kiB/s
2025-06-04 11:50:57.670    app     info:    [server-manager] Downloaded 122.88 MiB/4.83 GiB at 691.55 kiB/s
2025-06-04 11:50:58.695    app     info:    [server-manager] Downloaded 123.58 MiB/4.83 GiB at 725.84 kiB/s
2025-06-04 11:50:59.749    app     info:    [server-manager] Downloaded 124.24 MiB/4.83 GiB at 598.47 kiB/s
2025-06-04 11:51:00.815    app     info:    [server-manager] Downloaded 124.92 MiB/4.83 GiB at 759.01 kiB/s
2025-06-04 11:51:01.851    app     info:    [server-manager] Downloaded 125.55 MiB/4.83 GiB at 719.84 kiB/s
2025-06-04 11:51:02.871    app     info:    [server-manager] Downloaded 126.22 MiB/4.83 GiB at 730.45 kiB/s
2025-06-04 11:51:03.931    app     info:    [server-manager] Downloaded 127.03 MiB/4.83 GiB at 759.25 kiB/s
2025-06-04 11:51:04.937    app     info:    [server-manager] Downloaded 127.70 MiB/4.83 GiB at 320.00 kiB/s
2025-06-04 11:51:05.975    app     info:    [server-manager] Downloaded 128.55 MiB/4.83 GiB at 818.83 kiB/s
2025-06-04 11:51:06.993    app     info:    [server-manager] Downloaded 129.25 MiB/4.83 GiB at 758.00 kiB/s
2025-06-04 11:51:08.002    app     info:    [server-manager] Downloaded 130.09 MiB/4.83 GiB at 800.52 kiB/s
2025-06-04 11:51:09.029    app     info:    [server-manager] Downloaded 130.59 MiB/4.83 GiB at 472.41 kiB/s
2025-06-04 11:51:10.066    app     info:    [server-manager] Downloaded 131.30 MiB/4.83 GiB at 633.66 kiB/s
2025-06-04 11:51:11.166    app     info:    [server-manager] Downloaded 132.07 MiB/4.83 GiB at 734.54 kiB/s
2025-06-04 11:51:12.179    app     info:    [server-manager] Downloaded 132.87 MiB/4.83 GiB at 790.51 kiB/s
2025-06-04 11:51:13.186    app     info:    [server-manager] Downloaded 133.65 MiB/4.83 GiB at 698.58 kiB/s
2025-06-04 11:51:14.214    app     info:    [server-manager] Downloaded 134.36 MiB/4.83 GiB at 701.20 kiB/s
2025-06-04 11:51:15.251    app     info:    [server-manager] Downloaded 135.18 MiB/4.83 GiB at 800.40 kiB/s
2025-06-04 11:51:16.264    app     info:    [server-manager] Downloaded 135.99 MiB/4.83 GiB at 762.20 kiB/s
2025-06-04 11:51:17.338    app     info:    [server-manager] Downloaded 136.88 MiB/4.83 GiB at 822.35 kiB/s
2025-06-04 11:51:18.347    app     info:    [server-manager] Downloaded 137.73 MiB/4.83 GiB at 875.87 kiB/s
2025-06-04 11:51:19.375    app     info:    [server-manager] Downloaded 138.65 MiB/4.83 GiB at 885.38 kiB/s
2025-06-04 11:51:20.413    app     info:    [server-manager] Downloaded 139.42 MiB/4.83 GiB at 763.45 kiB/s
2025-06-04 11:51:21.431    app     info:    [server-manager] Downloaded 140.28 MiB/4.83 GiB at 922.09 kiB/s
2025-06-04 11:51:22.436    app     info:    [server-manager] Downloaded 141.10 MiB/4.83 GiB at 460.25 kiB/s
2025-06-04 11:51:23.494    app     info:    [server-manager] Downloaded 141.97 MiB/4.83 GiB at 794.73 kiB/s
2025-06-04 11:51:24.500    app     info:    [server-manager] Downloaded 142.83 MiB/4.83 GiB at 384.00 kiB/s
2025-06-04 11:51:25.542    app     info:    [server-manager] Downloaded 143.63 MiB/4.83 GiB at 810.51 kiB/s
2025-06-04 11:51:26.598    app     info:    [server-manager] Downloaded 144.34 MiB/4.83 GiB at 671.53 kiB/s
2025-06-04 11:51:27.619    app     info:    [server-manager] Downloaded 144.98 MiB/4.83 GiB at 683.50 kiB/s
2025-06-04 11:51:28.652    app     info:    [server-manager] Downloaded 145.78 MiB/4.83 GiB at 611.85 kiB/s
2025-06-04 11:51:29.683    app     info:    [server-manager] Downloaded 146.63 MiB/4.83 GiB at 784.52 kiB/s
2025-06-04 11:51:30.709    app     info:    [server-manager] Downloaded 147.49 MiB/4.83 GiB at 921.31 kiB/s
2025-06-04 11:51:31.744    app     info:    [server-manager] Downloaded 148.40 MiB/4.83 GiB at 814.50 kiB/s
2025-06-04 11:51:32.783    app     info:    [server-manager] Downloaded 149.27 MiB/4.83 GiB at 799.21 kiB/s
2025-06-04 11:51:33.790    app     info:    [server-manager] Downloaded 150.19 MiB/4.83 GiB at 415.17 kiB/s
2025-06-04 11:51:34.804    app     info:    [server-manager] Downloaded 151.04 MiB/4.83 GiB at 878.97 kiB/s
2025-06-04 11:51:35.810    app     info:    [server-manager] Downloaded 151.94 MiB/4.83 GiB at 471.56 kiB/s
2025-06-04 11:51:36.835    app     info:    [server-manager] Downloaded 152.81 MiB/4.83 GiB at 876.69 kiB/s
2025-06-04 11:51:37.843    app     info:    [server-manager] Downloaded 153.75 MiB/4.83 GiB at 402.82 kiB/s
2025-06-04 11:51:38.849    app     info:    [server-manager] Downloaded 154.60 MiB/4.83 GiB at 896.00 kiB/s
2025-06-04 11:51:39.869    app     info:    [server-manager] Downloaded 155.49 MiB/4.83 GiB at 1.36 MiB/s
2025-06-04 11:51:40.868    app     info:    [server-manager] Downloaded 156.34 MiB/4.83 GiB at 480.00 kiB/s
2025-06-04 11:51:41.878    app     info:    [server-manager] Downloaded 157.23 MiB/4.83 GiB at 982.18 kiB/s
2025-06-04 11:51:42.900    app     info:    [server-manager] Downloaded 158.08 MiB/4.83 GiB at 870.11 kiB/s
2025-06-04 11:51:43.932    app     info:    [server-manager] Downloaded 159.02 MiB/4.83 GiB at 966.86 kiB/s
2025-06-04 11:51:44.968    app     info:    [server-manager] Downloaded 159.98 MiB/4.83 GiB at 956.33 kiB/s
2025-06-04 11:51:46.012    app     info:    [server-manager] Downloaded 160.81 MiB/4.83 GiB at 872.76 kiB/s
2025-06-04 11:51:47.028    app     info:    [server-manager] Downloaded 161.71 MiB/4.83 GiB at 881.89 kiB/s
2025-06-04 11:51:48.058    app     info:    [server-manager] Downloaded 162.46 MiB/4.83 GiB at 825.40 kiB/s
2025-06-04 11:51:49.071    app     info:    [server-manager] Downloaded 163.18 MiB/4.83 GiB at 674.88 kiB/s
2025-06-04 11:51:50.088    app     info:    [server-manager] Downloaded 163.76 MiB/4.83 GiB at 637.45 kiB/s
2025-06-04 11:51:51.132    app     info:    [server-manager] Downloaded 164.46 MiB/4.83 GiB at 665.42 kiB/s
2025-06-04 11:51:52.161    app     info:    [server-manager] Downloaded 165.25 MiB/4.83 GiB at 724.41 kiB/s
2025-06-04 11:51:53.184    app     info:    [server-manager] Downloaded 166.10 MiB/4.83 GiB at 874.88 kiB/s
2025-06-04 11:51:54.248    app     info:    [server-manager] Downloaded 166.89 MiB/4.83 GiB at 760.40 kiB/s
2025-06-04 11:51:55.254    app     info:    [server-manager] Downloaded 167.67 MiB/4.83 GiB at 827.72 kiB/s
2025-06-04 11:51:56.279    app     info:    [server-manager] Downloaded 168.53 MiB/4.83 GiB at 956.18 kiB/s
2025-06-04 11:51:57.287    app     info:    [server-manager] Downloaded 169.24 MiB/4.83 GiB at 862.28 kiB/s
2025-06-04 11:51:58.309    app     info:    [server-manager] Downloaded 170.00 MiB/4.83 GiB at 1,021.96 kiB/s
2025-06-04 11:51:59.314    app     info:    [server-manager] Downloaded 170.68 MiB/4.83 GiB at 309.63 kiB/s
2025-06-04 11:52:00.345    app     info:    [server-manager] Downloaded 171.58 MiB/4.83 GiB at 929.04 kiB/s
2025-06-04 11:52:01.371    app     info:    [server-manager] Downloaded 172.39 MiB/4.83 GiB at 1,000.25 kiB/s
2025-06-04 11:52:02.378    app     info:    [server-manager] Downloaded 173.23 MiB/4.83 GiB at 958.08 kiB/s
2025-06-04 11:52:03.402    app     info:    [server-manager] Downloaded 174.05 MiB/4.83 GiB at 860.59 kiB/s
2025-06-04 11:52:04.408    app     info:    [server-manager] Downloaded 174.91 MiB/4.83 GiB at 860.56 kiB/s
2025-06-04 11:52:05.465    app     info:    [server-manager] Downloaded 175.72 MiB/4.83 GiB at 352.00 kiB/s
2025-06-04 11:52:06.498    app     info:    [server-manager] Downloaded 176.51 MiB/4.83 GiB at 805.62 kiB/s
2025-06-04 11:52:07.504    app     info:    [server-manager] Downloaded 177.34 MiB/4.83 GiB at 448.00 kiB/s
2025-06-04 11:52:08.522    app     info:    [server-manager] Downloaded 178.11 MiB/4.83 GiB at 796.69 kiB/s
2025-06-04 11:52:09.560    app     info:    [server-manager] Downloaded 178.76 MiB/4.83 GiB at 698.29 kiB/s
2025-06-04 11:52:10.598    app     info:    [server-manager] Downloaded 179.37 MiB/4.83 GiB at 552.29 kiB/s
2025-06-04 11:52:11.643    app     info:    [server-manager] Downloaded 180.23 MiB/4.83 GiB at 778.02 kiB/s
2025-06-04 11:52:12.665    app     info:    [server-manager] Downloaded 181.07 MiB/4.83 GiB at 810.92 kiB/s
2025-06-04 11:52:13.681    app     info:    [server-manager] Downloaded 181.92 MiB/4.83 GiB at 915.63 kiB/s
2025-06-04 11:52:14.697    app     info:    [server-manager] Downloaded 182.85 MiB/4.83 GiB at 976.02 kiB/s
2025-06-04 11:52:15.748    app     info:    [server-manager] Downloaded 183.78 MiB/4.83 GiB at 922.47 kiB/s
2025-06-04 11:52:16.756    app     info:    [server-manager] Downloaded 184.67 MiB/4.83 GiB at 832.00 kiB/s
2025-06-04 11:52:17.777    app     info:    [server-manager] Downloaded 185.57 MiB/4.83 GiB at 830.34 kiB/s
2025-06-04 11:52:18.810    app     info:    [server-manager] Downloaded 186.51 MiB/4.83 GiB at 957.26 kiB/s
2025-06-04 11:52:19.852    app     info:    [server-manager] Downloaded 187.43 MiB/4.83 GiB at 959.88 kiB/s
2025-06-04 11:52:20.880    app     info:    [server-manager] Downloaded 188.29 MiB/4.83 GiB at 853.75 kiB/s
2025-06-04 11:52:21.914    app     info:    [server-manager] Downloaded 189.18 MiB/4.83 GiB at 721.57 kiB/s
2025-06-04 11:52:22.979    app     info:    [server-manager] Downloaded 189.95 MiB/4.83 GiB at 848.72 kiB/s
2025-06-04 11:52:23.994    app     info:    [server-manager] Downloaded 190.89 MiB/4.83 GiB at 999.13 kiB/s
2025-06-04 11:52:25.026    app     info:    [server-manager] Downloaded 191.67 MiB/4.83 GiB at 669.20 kiB/s
2025-06-04 11:52:26.041    app     info:    [server-manager] Downloaded 192.51 MiB/4.83 GiB at 810.93 kiB/s
2025-06-04 11:52:27.087    app     info:    [server-manager] Downloaded 193.41 MiB/4.83 GiB at 917.60 kiB/s
2025-06-04 11:52:28.095    app     info:    [server-manager] Downloaded 194.29 MiB/4.83 GiB at 508.36 kiB/s
2025-06-04 11:52:29.102    app     info:    [server-manager] Downloaded 195.24 MiB/4.83 GiB at 1,004.25 kiB/s
2025-06-04 11:52:30.122    app     info:    [server-manager] Downloaded 196.17 MiB/4.83 GiB at 858.85 kiB/s
2025-06-04 11:52:31.153    app     info:    [server-manager] Downloaded 197.11 MiB/4.83 GiB at 889.79 kiB/s
2025-06-04 11:52:32.167    app     info:    [server-manager] Downloaded 197.96 MiB/4.83 GiB at 888.89 kiB/s
2025-06-04 11:52:33.192    app     info:    [server-manager] Downloaded 198.78 MiB/4.83 GiB at 876.71 kiB/s
2025-06-04 11:52:34.214    app     info:    [server-manager] Downloaded 199.65 MiB/4.83 GiB at 818.17 kiB/s
2025-06-04 11:52:35.221    app     info:    [server-manager] Downloaded 200.55 MiB/4.83 GiB at 896.46 kiB/s
2025-06-04 11:52:36.258    app     info:    [server-manager] Downloaded 201.52 MiB/4.83 GiB at 951.32 kiB/s
2025-06-04 11:52:37.282    app     info:    [server-manager] Downloaded 202.35 MiB/4.83 GiB at 888.89 kiB/s
2025-06-04 11:52:38.290    app     info:    [server-manager] Downloaded 203.34 MiB/4.83 GiB at 1.08 MiB/s
2025-06-04 11:52:39.319    app     info:    [server-manager] Downloaded 204.31 MiB/4.83 GiB at 908.02 kiB/s
2025-06-04 11:52:40.342    app     info:    [server-manager] Downloaded 205.29 MiB/4.83 GiB at 877.61 kiB/s
2025-06-04 11:52:41.372    app     info:    [server-manager] Downloaded 206.11 MiB/4.83 GiB at 758.55 kiB/s
2025-06-04 11:52:42.379    app     info:    [server-manager] Downloaded 207.08 MiB/4.83 GiB at 1.03 MiB/s
2025-06-04 11:52:43.387    app     info:    [server-manager] Downloaded 207.96 MiB/4.83 GiB at 869.01 kiB/s
2025-06-04 11:52:44.401    app     info:    [server-manager] Downloaded 208.86 MiB/4.83 GiB at 850.39 kiB/s
2025-06-04 11:52:45.401    app     info:    [server-manager] Downloaded 209.78 MiB/4.83 GiB at 510.98 kiB/s
2025-06-04 11:52:46.433    app     info:    [server-manager] Downloaded 210.75 MiB/4.83 GiB at 1,007.53 kiB/s
2025-06-04 11:52:47.443    app     info:    [server-manager] Downloaded 211.69 MiB/4.83 GiB at 910.71 kiB/s
2025-06-04 11:52:48.464    app     info:    [server-manager] Downloaded 212.61 MiB/4.83 GiB at 960.00 kiB/s
2025-06-04 11:52:49.476    app     info:    [server-manager] Downloaded 213.44 MiB/4.83 GiB at 934.64 kiB/s
2025-06-04 11:52:50.495    app     info:    [server-manager] Downloaded 214.42 MiB/4.83 GiB at 1.04 MiB/s
2025-06-04 11:52:51.526    app     info:    [server-manager] Downloaded 215.25 MiB/4.83 GiB at 882.99 kiB/s
2025-06-04 11:52:52.534    app     info:    [server-manager] Downloaded 216.29 MiB/4.83 GiB at 1.17 MiB/s
2025-06-04 11:52:53.561    app     info:    [server-manager] Downloaded 217.23 MiB/4.83 GiB at 986.08 kiB/s
2025-06-04 11:52:54.605    app     info:    [server-manager] Downloaded 218.24 MiB/4.83 GiB at 926.64 kiB/s
2025-06-04 11:52:55.630    app     info:    [server-manager] Downloaded 219.12 MiB/4.83 GiB at 812.16 kiB/s
2025-06-04 11:52:56.657    app     info:    [server-manager] Downloaded 220.06 MiB/4.83 GiB at 352.00 kiB/s
2025-06-04 11:52:57.683    app     info:    [server-manager] Downloaded 220.94 MiB/4.83 GiB at 958.08 kiB/s
2025-06-04 11:52:58.697    app     info:    [server-manager] Downloaded 221.86 MiB/4.83 GiB at 941.36 kiB/s
2025-06-04 11:52:59.717    app     info:    [server-manager] Downloaded 222.79 MiB/4.83 GiB at 982.18 kiB/s
2025-06-04 11:53:00.744    app     info:    [server-manager] Downloaded 223.70 MiB/4.83 GiB at 1.43 MiB/s
2025-06-04 11:53:01.774    app     info:    [server-manager] Downloaded 224.60 MiB/4.83 GiB at 1.01 MiB/s
2025-06-04 11:53:02.807    app     info:    [server-manager] Downloaded 225.55 MiB/4.83 GiB at 1.41 MiB/s
2025-06-04 11:53:03.808    app     info:    [server-manager] Downloaded 226.43 MiB/4.83 GiB at 935.38 kiB/s
2025-06-04 11:53:04.837    app     info:    [server-manager] Downloaded 227.33 MiB/4.83 GiB at 806.73 kiB/s
2025-06-04 11:53:05.905    app     info:    [server-manager] Downloaded 228.20 MiB/4.83 GiB at 854.96 kiB/s
2025-06-04 11:53:06.941    app     info:    [server-manager] Downloaded 229.13 MiB/4.83 GiB at 825.40 kiB/s
2025-06-04 11:53:07.948    app     info:    [server-manager] Downloaded 230.02 MiB/4.83 GiB at 940.25 kiB/s
2025-06-04 11:53:08.973    app     info:    [server-manager] Downloaded 230.97 MiB/4.83 GiB at 894.21 kiB/s
2025-06-04 11:53:09.978    app     info:    [server-manager] Downloaded 231.90 MiB/4.83 GiB at 448.00 kiB/s
2025-06-04 11:53:10.997    app     info:    [server-manager] Downloaded 232.81 MiB/4.83 GiB at 870.78 kiB/s
2025-06-04 11:53:12.006    app     info:    [server-manager] Downloaded 233.72 MiB/4.83 GiB at 956.18 kiB/s
2025-06-04 11:53:13.013    app     info:    [server-manager] Downloaded 234.65 MiB/4.83 GiB at 918.00 kiB/s
2025-06-04 11:53:14.028    app     info:    [server-manager] Downloaded 235.47 MiB/4.83 GiB at 892.43 kiB/s
2025-06-04 11:53:15.056    app     info:    [server-manager] Downloaded 236.24 MiB/4.83 GiB at 689.13 kiB/s
2025-06-04 11:53:16.062    app     info:    [server-manager] Downloaded 237.11 MiB/4.83 GiB at 479.04 kiB/s
2025-06-04 11:53:17.068    app     info:    [server-manager] Downloaded 237.99 MiB/4.83 GiB at 416.00 kiB/s
2025-06-04 11:53:18.089    app     info:    [server-manager] Downloaded 238.97 MiB/4.83 GiB at 998.05 kiB/s
2025-06-04 11:53:19.105    app     info:    [server-manager] Downloaded 239.82 MiB/4.83 GiB at 815.69 kiB/s
2025-06-04 11:53:20.136    app     info:    [server-manager] Downloaded 240.64 MiB/4.83 GiB at 741.31 kiB/s
2025-06-04 11:53:21.152    app     info:    [server-manager] Downloaded 241.37 MiB/4.83 GiB at 1.11 MiB/s
2025-06-04 11:53:22.162    app     info:    [server-manager] Downloaded 242.13 MiB/4.83 GiB at 832.00 kiB/s
2025-06-04 11:53:23.188    app     info:    [server-manager] Downloaded 242.91 MiB/4.83 GiB at 795.23 kiB/s
2025-06-04 11:53:24.203    app     info:    [server-manager] Downloaded 243.73 MiB/4.83 GiB at 892.43 kiB/s
2025-06-04 11:53:25.220    app     info:    [server-manager] Downloaded 244.55 MiB/4.83 GiB at 920.63 kiB/s
2025-06-04 11:53:26.227    app     info:    [server-manager] Downloaded 245.41 MiB/4.83 GiB at 847.43 kiB/s
2025-06-04 11:53:27.253    app     info:    [server-manager] Downloaded 246.24 MiB/4.83 GiB at 790.51 kiB/s
2025-06-04 11:53:28.279    app     info:    [server-manager] Downloaded 246.93 MiB/4.83 GiB at 701.20 kiB/s
2025-06-04 11:53:29.310    app     info:    [server-manager] Downloaded 247.61 MiB/4.83 GiB at 869.64 kiB/s
2025-06-04 11:53:30.347    app     info:    [server-manager] Downloaded 248.16 MiB/4.83 GiB at 513.47 kiB/s
2025-06-04 11:53:31.411    app     info:    [server-manager] Downloaded 248.75 MiB/4.83 GiB at 587.40 kiB/s
2025-06-04 11:53:32.469    app     info:    [server-manager] Downloaded 249.49 MiB/4.83 GiB at 725.26 kiB/s
2025-06-04 11:53:33.498    app     info:    [server-manager] Downloaded 250.15 MiB/4.83 GiB at 568.84 kiB/s
2025-06-04 11:53:34.566    app     info:    [server-manager] Downloaded 250.80 MiB/4.83 GiB at 521.07 kiB/s
2025-06-04 11:53:35.590    app     info:    [server-manager] Downloaded 251.34 MiB/4.83 GiB at 544.00 kiB/s
2025-06-04 11:53:36.619    app     info:    [server-manager] Downloaded 251.88 MiB/4.83 GiB at 662.48 kiB/s
2025-06-04 11:53:37.661    app     info:    [server-manager] Downloaded 252.47 MiB/4.83 GiB at 573.06 kiB/s
2025-06-04 11:53:38.715    app     info:    [server-manager] Downloaded 253.14 MiB/4.83 GiB at 557.72 kiB/s
2025-06-04 11:53:39.751    app     info:    [server-manager] Downloaded 253.71 MiB/4.83 GiB at 543.40 kiB/s
2025-06-04 11:53:40.808    app     info:    [server-manager] Downloaded 254.19 MiB/4.83 GiB at 394.69 kiB/s
2025-06-04 11:53:41.844    app     info:    [server-manager] Downloaded 254.77 MiB/4.83 GiB at 637.45 kiB/s
2025-06-04 11:53:42.901    app     info:    [server-manager] Downloaded 255.46 MiB/4.83 GiB at 640.00 kiB/s
2025-06-04 11:53:43.907    app     info:    [server-manager] Downloaded 255.96 MiB/4.83 GiB at 209.13 kiB/s
2025-06-04 11:53:44.941    app     info:    [server-manager] Downloaded 256.60 MiB/4.83 GiB at 519.77 kiB/s
2025-06-04 11:53:45.964    app     info:    [server-manager] Downloaded 257.23 MiB/4.83 GiB at 288.00 kiB/s
2025-06-04 11:53:46.997    app     info:    [server-manager] Downloaded 257.81 MiB/4.83 GiB at 636.29 kiB/s
2025-06-04 11:53:48.012    app     info:    [server-manager] Downloaded 258.30 MiB/4.83 GiB at 533.33 kiB/s
2025-06-04 11:53:49.032    app     info:    [server-manager] Downloaded 259.07 MiB/4.83 GiB at 836.29 kiB/s
2025-06-04 11:53:50.058    app     info:    [server-manager] Downloaded 259.91 MiB/4.83 GiB at 872.47 kiB/s
2025-06-04 11:53:51.088    app     info:    [server-manager] Downloaded 260.72 MiB/4.83 GiB at 651.67 kiB/s
2025-06-04 11:53:52.120    app     info:    [server-manager] Downloaded 261.58 MiB/4.83 GiB at 817.65 kiB/s
2025-06-04 11:53:53.129    app     info:    [server-manager] Downloaded 262.44 MiB/4.83 GiB at 784.49 kiB/s
2025-06-04 11:53:54.154    app     info:    [server-manager] Downloaded 263.28 MiB/4.83 GiB at 796.69 kiB/s
2025-06-04 11:53:55.184    app     info:    [server-manager] Downloaded 264.16 MiB/4.83 GiB at 1.31 MiB/s
2025-06-04 11:53:56.183    app     info:    [server-manager] Downloaded 265.11 MiB/4.83 GiB at 401.13 kiB/s
2025-06-04 11:53:57.190    app     info:    [server-manager] Downloaded 266.02 MiB/4.83 GiB at 542.91 kiB/s
2025-06-04 11:53:58.027    app     info:    [scheduler] Starting scheduler foreground
2025-06-04 11:53:58.056    app     info:    [newsfeed] Fetching news for eve-online in ru
2025-06-04 11:53:58.071    app     info:    [authentication] Token for '31367691' on 'tranquility' is expired, refresh is required
2025-06-04 11:53:58.071    app     info:    [authentication] Refreshing token for '31367691' on 'tranquility'
2025-06-04 11:53:58.198    app     info:    [server-manager] Downloaded 266.81 MiB/4.83 GiB at 295.22 kiB/s
2025-06-04 11:53:58.401    app     info:    [authentication] Token for '31367691' on 'tranquility' has been successfully refreshed
2025-06-04 11:53:58.406    app     info:    [quasar-elg-events] Queueing event    eve_launcher.electron.authentication.UserTokensRefreshed
2025-06-04 11:53:58.423    app     info:    [quasar-elg-events] Event sent    type.evetech.net/eve_launcher.electron.authentication.UserTokensRefreshed
2025-06-04 11:53:58.423    app     info:    [customer-information] Getting character information for '31367691' on 'tranquility'
2025-06-04 11:53:58.423    app     info:    [customer-information] Getting Omega status for '31367691' on 'tranquility' (eve-online)
2025-06-04 11:53:58.530    app     warn:    [play-area-content] Invalid product found in play area content    { product: 'eve-frontier' }
2025-06-04 11:53:58.531    app     warn:    [play-area-content] Invalid product found in play area content    { product: 'eve-frontier' }
2025-06-04 11:53:58.531    app     warn:    [play-area-content] Invalid product found in play area content    { product: 'eve-frontier' }
2025-06-04 11:53:58.531    app     warn:    [play-area-content] Invalid product found in play area content    { product: 'eve-frontier' }
2025-06-04 11:53:58.531    app     warn:    [play-area-content] Invalid product found in play area content    { product: 'eve-frontier' }
2025-06-04 11:53:58.531    app     warn:    [play-area-content] Invalid product found in play area content    { product: 'eve-frontier' }
2025-06-04 11:53:58.531    app     warn:    [play-area-content] Invalid product found in play area content    { product: 'eve-frontier' }
2025-06-04 11:53:58.532    app     warn:    [play-area-content] Invalid product found in play area content    { product: 'eve-frontier' }
2025-06-04 11:53:59.217    app     info:    [server-manager] Downloaded 267.71 MiB/4.83 GiB at 932.04 kiB/s
2025-06-04 11:54:00.246    app     info:    [server-manager] Downloaded 268.66 MiB/4.83 GiB at 924.35 kiB/s
2025-06-04 11:54:00.647    app     info:    [newsfeed] Fetched 20 news items for eve-online in ru
2025-06-04 11:54:01.252    app     info:    [server-manager] Downloaded 269.53 MiB/4.83 GiB at 383.23 kiB/s
2025-06-04 11:54:02.259    app     info:    [server-manager] Downloaded 270.18 MiB/4.83 GiB at 913.00 kiB/s
2025-06-04 11:54:03.058    app     info:    [self-update] Checking for application updates.
2025-06-04 11:54:03.339    app     info:    [server-manager] Downloaded 270.87 MiB/4.83 GiB at 634.55 kiB/s
2025-06-04 11:54:04.150    app     info:    [self-update] No application updates were found.
2025-06-04 11:54:04.385    app     info:    [server-manager] Downloaded 271.61 MiB/4.83 GiB at 764.94 kiB/s
2025-06-04 11:54:05.417    app     info:    [server-manager] Downloaded 272.40 MiB/4.83 GiB at 788.95 kiB/s
2025-06-04 11:54:06.447    app     info:    [server-manager] Downloaded 273.21 MiB/4.83 GiB at 730.16 kiB/s
2025-06-04 11:54:07.463    app     info:    [server-manager] Downloaded 273.95 MiB/4.83 GiB at 817.29 kiB/s
2025-06-04 11:54:08.469    app     info:    [server-manager] Downloaded 274.69 MiB/4.83 GiB at 320.00 kiB/s
2025-06-04 11:54:09.495    app     info:    [server-manager] Downloaded 275.28 MiB/4.83 GiB at 610.25 kiB/s
2025-06-04 11:54:10.510    app     info:    [server-manager] Downloaded 275.91 MiB/4.83 GiB at 650.52 kiB/s
2025-06-04 11:54:11.528    app     info:    [server-manager] Downloaded 276.59 MiB/4.83 GiB at 784.31 kiB/s
2025-06-04 11:54:12.536    app     info:    [server-manager] Downloaded 277.33 MiB/4.83 GiB at 765.38 kiB/s
2025-06-04 11:54:13.543    app     info:    [server-manager] Downloaded 278.02 MiB/4.83 GiB at 268.25 kiB/s
2025-06-04 11:54:14.598    app     info:    [server-manager] Downloaded 278.80 MiB/4.83 GiB at 878.43 kiB/s
2025-06-04 11:54:15.619    app     info:    [server-manager] Downloaded 279.62 MiB/4.83 GiB at 766.47 kiB/s
2025-06-04 11:54:16.489    app     info:    [tray] Quitting application from tray
2025-06-04 11:54:16.494    app     info:    Application quitting. Cleanup needed: true
2025-06-04 11:54:16.503    app     info:    [quasar-elg-events] Queueing shutdown event    eve_launcher.electron.application.LauncherShutdown
2025-06-04 11:54:16.510    app     info:    app.quit called, but we are still sending ELG events.
2025-06-04 11:54:16.511    app     info:    [quasar-elg-events] Event sent    type.evetech.net/eve_launcher.electron.application.LauncherShutdown
2025-06-04 11:54:16.654    app     info:    [server-manager] Downloaded 280.38 MiB/4.83 GiB at 480.00 kiB/s
2025-06-04 11:54:16.762    app     info:    [quasar-elg-events] Shutdown event timeout passed
2025-06-04 11:54:16.762    app     info:    ELG stream closed, quitting
2025-06-04 11:54:16.763    app     info:    [window-manager] Stopped forwarding events to window manager, as the window closed    { windowId: 2 }
2025-06-04 11:54:16.764    app     info:    [window-manager-minimize] Main window is closing    { windowId: 2 }
2025-06-04 11:54:16.764    app     info:    [quasar-elg-events] gRPC connection aborted
2025-06-04 11:54:16.766    app     info:    ELG stream closed, quitting
2025-06-04 11:54:16.778    app     info:    [scheduler] Stopped scheduler foreground
2025-06-04 11:54:16.778    app     info:    [ipc-requests] Handling requests in the background
2025-06-04 11:54:16.811    app     info:    [window-manager] Main window closed    { windowId: 2 }
2025-06-04 11:54:16.812    app     info:    Application closed    0
