2025-06-04 11:57:10.246    app     info:    [migrations] Running state migrations from 202403271440 to 202403271440
2025-06-04 11:57:10.426    app     info:    [self-update] Configuring update feed.
2025-06-04 11:57:10.426    app     info:    [self-update] Update feed set to: https://launcher.ccpgames.com/eve-online/release/win32/x64/
2025-06-04 11:57:10.448    app     info:    Startup arguments    []
2025-06-04 11:57:10.580    app     info:    [self-update] Auto-updating is now enabled
2025-06-04 11:57:10.582    app     info:    [migrations] Running state migrations from 202403271440 to 202403271440
2025-06-04 11:57:10.588    app    error:    (node:6396) [DEP0180] DeprecationWarning: fs.Stats constructor is deprecated.
(Use `eve-online --trace-deprecation ...` to show where the warning was created)    []
2025-06-04 11:57:10.589    app     info:    [third-party-authentications] Checking for Steam startup
2025-06-04 11:57:11.054    app     info:    [migrations] Running secured-state migrations from 202406060001 to 202406060001
2025-06-04 11:57:11.147    app     info:    [i18next] Changed language    ru
2025-06-04 11:57:11.182    app     info:    [steam-auth] Steam startup detected
2025-06-04 11:57:11.201    app     info:    [authentication] Generated login URL with state 'vcDDcSyigrDpHA0zGoja4_lg71W1JHBtnXFqPZRdPjw' for 'tranquility' using clientID 'eveLauncherTQ'
2025-06-04 11:57:11.202    app     info:    [third-party-authentications] Done checking third party startups
2025-06-04 11:57:11.228    app     info:    [cache-protocol] Found 0 entries to remove
2025-06-04 11:57:11.229    app     info:    [cache-protocol] Nothing to clean up.
2025-06-04 11:57:11.330    app     info:    [quasar-elg-events] Queueing event    eve_launcher.electron.application.LauncherStarted
2025-06-04 11:57:11.407    app     info:    [analytics] Application name:    EVE Online
2025-06-04 11:57:11.407    app     info:    [analytics] Application version:    1.10.1
2025-06-04 11:57:11.407    app     info:    [analytics] Domain    undefined
2025-06-04 11:57:11.409    app     info:    [analytics] Working directory    C:\Program Files (x86)\Steam\steamapps\common\Eve Online\app-1.10.1
2025-06-04 11:57:11.410    app     info:    [analytics] Username contains UTF8?    false
2025-06-04 11:57:12.404    app     info:    [quasar-elg-events] Queueing event    eve_launcher.electron.application.PdmLoaded
2025-06-04 11:57:12.420    app     info:    [quasar-elg-events] Queueing event    eve_launcher.electron.application.CoreDataLoaded
2025-06-04 11:57:12.424    app     info:    [analytics] Operating system    { type: 'Windows', name: 'Windows 10 Home', version: '10.0 (19045)' }
2025-06-04 11:57:12.424    app     info:    [analytics] Encryption available:    true
2025-06-04 11:57:12.424    app     info:    [analytics] Machine UUID    B7B2A471-C4FE-4353-880B-870CE29AC3D8
2025-06-04 11:57:12.424    app     info:    [analytics] PDM Version    2.1.4
2025-06-04 11:57:12.424    app     info:    [analytics] Release channel    release
2025-06-04 11:57:12.425    app     info:    [initializers] Shared cache directory set to    C:\Games\EVE
2025-06-04 11:57:12.431    app     info:    [initializers] Shared cache drive free space: 57.88 GiB / 237.84 GiB
2025-06-04 11:57:12.433    app     info:    [feature-flags] Initializing feature flag client
2025-06-04 11:57:12.473    app     info:    [migrations] Running file-system migrations from 202408021525 to 202408021525
2025-06-04 11:57:12.477    app     info:    [scheduler] Starting scheduler background
2025-06-04 11:57:12.499    app    error:    (node:6396) MaxListenersExceededWarning: Possible EventEmitter memory leak detected. 11 scheduler/triggered listeners added to [IpcMainImpl]. MaxListeners is 10. Use emitter.setMaxListeners() to increase limit    []
2025-06-04 11:57:12.507    app     info:    [shared-cache] Looking for eve-online profiles in 'c_games_eve_tq_tranquility'...
2025-06-04 11:57:12.517    app     info:    [customer-information] Agreements have been updated
2025-06-04 11:57:12.526    app     info:    [shared-cache] No profiles found on disk
2025-06-04 11:57:12.547    app     info:    [analytics] Hardware rendering enabled:    true    { disabledViaCommandline: false, disabledViaSettings: true }
2025-06-04 11:57:12.578    app     info:    [first-run] Application has been run before: 2025-03-14T09:16:58.327Z
2025-06-04 11:57:12.673    app     info:    [quasar-elg-events] Event sent    type.evetech.net/eve_launcher.electron.application.LauncherStarted
2025-06-04 11:57:12.675    app     info:    [quasar-elg-events] Event sent    type.evetech.net/eve_launcher.electron.application.PdmLoaded
2025-06-04 11:57:12.677    app     info:    [quasar-elg-events] Event sent    type.evetech.net/eve_launcher.electron.application.CoreDataLoaded
2025-06-04 11:57:12.763    app     info:    info: [LaunchDarkly] LaunchDarkly client initialized    []
2025-06-04 11:57:12.764    app     info:    info: [LaunchDarkly] Opening stream connection to https://clientstream.launchdarkly.com/eval/64c3d12e27a4b11365012d39/eyJraW5kIjoibXVsdGkiLCJsYXVuY2hlciI6eyJrZXkiOiJlZjNjMWY1Ny03NWI2LTQzNzItODQzNy1kODQ5MTJjMjgyMWUiLCJpc0ZpcnN0UnVuIjpmYWxzZSwiZGF5c1NpbmNlRmlyc3RSdW4iOjgyLCJsYW5ndWFnZSI6InJ1IiwiYXBwbGljYXRpb24iOiJldmUtb25saW5lIiwidmVyc2lvbiI6IjEuMTAuMSIsInBsYXRmb3JtIjoid2luZG93cyIsImlzR2VGb3JjZU5vdyI6ZmFsc2UsIm9zVmVyc2lvbkRlcHJlY2F0ZWQiOmZhbHNlLCJ1c2VySWRzIjpbMjM2MjI5MDMsMzEzNjc2OTEsMjM2MjI5MDMsMzEzNjc2OTFdLCJwcm9kdWN0cyI6WyJldmUtb25saW5lIl0sIm9tZWdhQ291bnQiOjAsImFscGhhQ291bnQiOjUsImFjY291bnRDb3VudCI6NSwib2xkZXN0QWNjb3VudEFnZSI6MTU3NiwieW91bmdlc3RBY2NvdW50QWdlIjo3MH0sImpvdXJuZXkiOnsia2V5IjoiYjEyMjhlYTAtMzY5MC00ZDk3LWJjZmUtYmQwMjY0OGNkNTZjIiwiYW5vbnltb3VzIjp0cnVlfX0?withReasons=true    []
2025-06-04 11:57:12.767    app     info:    [feature-flags] Client ef3c1f57... ready, fetching flags
2025-06-04 11:57:12.769    app     info:    [self-update] Auto-updating is now enabled
2025-06-04 11:57:12.770    app     info:    [quasar-manager] Quasar (EPG) feature flag is enabled
2025-06-04 11:57:12.777    app     info:    [feature-flags] Received 40 flags for client ef3c1f57...
2025-06-04 11:57:12.778    app     info:    [feature-flags] Client initialized with key ef3c1f57...
2025-06-04 11:57:12.785    app     info:    [quasar-manager] Quasar (EPG) feature flag is enabled
2025-06-04 11:57:12.791    app     info:    [self-update] Configuring update feed.
2025-06-04 11:57:12.791    app     info:    [self-update] Update feed set to: https://launcher.ccpgames.com/eve-online/release/win32/x64/
2025-06-04 11:57:12.791    app     info:    [self-update] Auto-updating is now enabled
2025-06-04 11:57:13.136    app     warn:    (electron) 'console-message' arguments are deprecated and will be removed. Please use Event<WebContentsConsoleMessageEventParams> object instead.    []
2025-06-04 11:57:13.148    app     info:    [quasar-elg-events] Queueing event    eve_launcher.electron.application.RendererLoaded
2025-06-04 11:57:13.149    app     info:    [quasar-elg-events] Event sent    type.evetech.net/eve_launcher.electron.application.RendererLoaded
2025-06-04 11:57:13.150    app     info:    [scheduler] Starting scheduler foreground
2025-06-04 11:57:13.172    app     info:    [newsfeed] Fetching news for eve-online in ru
2025-06-04 11:57:13.194    app     info:    [content-delivery-trace] Fetching CDN trace data from https://binaries.eveonline.com/cdn-cgi/trace
2025-06-04 11:57:13.219    app     info:    [creatives] Requesting creatives for eve-online
2025-06-04 11:57:13.223    app     info:    [customer-information] Getting character information for '31367691' on 'tranquility'
2025-06-04 11:57:13.223    app     info:    [customer-information] Getting Omega status for '31367691' on 'tranquility' (eve-online)
2025-06-04 11:57:13.245     ui     info:    [i18next] Requesting missing translation ru readnought title title    ccp://launcher/renderer/main_window/index.js    2
2025-06-04 11:57:13.378    app     info:    [jukebox] Fetched 2 jukebox playlists
2025-06-04 11:57:13.426    app     info:    [newsfeed] Fetched 20 news items for eve-online in ru
2025-06-04 11:57:13.518    app     warn:    [play-area-content] Invalid product found in play area content    { product: 'eve-frontier' }
2025-06-04 11:57:13.519    app     warn:    [play-area-content] Invalid product found in play area content    { product: 'eve-frontier' }
2025-06-04 11:57:13.520    app     warn:    [play-area-content] Invalid product found in play area content    { product: 'eve-frontier' }
2025-06-04 11:57:13.520    app     warn:    [play-area-content] Invalid product found in play area content    { product: 'eve-frontier' }
2025-06-04 11:57:13.521    app     warn:    [play-area-content] Invalid product found in play area content    { product: 'eve-frontier' }
2025-06-04 11:57:13.521    app     warn:    [play-area-content] Invalid product found in play area content    { product: 'eve-frontier' }
2025-06-04 11:57:13.521    app     warn:    [play-area-content] Invalid product found in play area content    { product: 'eve-frontier' }
2025-06-04 11:57:13.522    app     warn:    [play-area-content] Invalid product found in play area content    { product: 'eve-frontier' }
2025-06-04 11:57:13.819    app     info:    [window-manager] Main window registered    { windowId: 2 }
2025-06-04 11:57:13.843    app     info:    [login-window] Creating login window using URI 'https://login.eveonline.com/account/logoff?lang=en&ReturnUrl=%2Fv2%2Foauth%2Fauthorize%3Fresponse_type%3Dcode%26client_id%3DeveLauncherTQ%26scope%3DeveClientLogin%2Bcisservice.customerRead.v1%2Bcisservice.customerWrite.v1%2Bcisservice.userProfileBasic.v1%2Bvgs.transactionRead.v1%2Bvgs.marketAccess.v1%26redirect_uri%3Dhttps%253A%252F%252Flogin.eveonline.com%252Flauncher%253Fclient_id%253DeveLauncherTQ%26state%3DvcDDcSyigrDpHA0zGoja4_lg71W1JHBtnXFqPZRdPjw%26code_challenge_method%3DS256%26code_challenge%3DwJYVZ8oIR3KUuIluR3NEWXcBixS5vgyRigklPqO_dog%26steam_ticket%3D140000009008e838f09fee491bd7f11a0100100163314068180000000100000002000000b944d6f5c2d3101edcfb150005000000b200000032000000040000001bd7f11a0100100134210000cc82a42edd06000a000000000c3140688ce05b6801002f22020000000000cc00b2a9c485eaed298a68b68cb4fdcd5d920993bb259c655ee343fb2c256ebdbfb6a93aaeba88f9235f249fc229e3bf5c3230ddbce77bfe22d226bc3b40cbd3a28d293e1ee0514e2bd0bfafc959be51c554e56a9f896b0b75f085844f1c11872911ce3bd7785d3fd1a35b3c8a1988d8f79d3429392c34b5755b67223f9a430e'
2025-06-04 11:57:13.858    app     info:    [new-player-content] Resetting content as language not in response    { locale: 'tx' }
2025-06-04 11:57:14.033    app     info:    [AuthenticationMiddleware] Refreshed 5 / 5 users for tranquility on eve-online
2025-06-04 11:57:14.045    app     info:    [server-manager] Starting refresh cycle for eve-online / Tranquility
2025-06-04 11:57:14.053    app     info:    [AuthenticationMiddleware] Successfully restored 0 / 0 users
2025-06-04 11:57:14.084    app     info:    [creatives] Received 4 creatives for eve-online
2025-06-04 11:57:14.190    app     info:    [server-manager] Previous Tranquility build: 2866918, current build: 2929428
2025-06-04 11:57:14.197    app     info:    [quasar-elg-events] Queueing event    eve_launcher.electron.eve_client.GameClientUpdateStarted
2025-06-04 11:57:14.197    app     info:    [server-manager] Starting download of build 2929428 for Tranquility.
2025-06-04 11:57:14.212    app     info:    [quasar-elg-events] Event sent    type.evetech.net/eve_launcher.electron.eve_client.GameClientUpdateStarted
2025-06-04 11:57:14.278    app     info:    [manifest] Excluded 226 files from the manifest, leaving 0 entries
2025-06-04 11:57:14.279    app     info:    [server-manager] Downloading 0 binary files (0 B)
2025-06-04 11:57:14.281    app     warn:    [download-from-manifest] The manifest contained no entries to download    { cdn: 1 }
2025-06-04 11:57:14.292    app     info:    [download-from-manifest] Downloaded 0 files (0.00 B) in 0.1 seconds
2025-06-04 11:57:14.292    app     info:    [download-from-manifest] Average download speed: 0.00 B/s
2025-06-04 11:57:14.313    app     info:    [quasar-elg-events] Queueing event    eve_launcher.electron.eve_client.CopyingFilesStarted
2025-06-04 11:57:14.313    app     info:    [binary-copier] Copying 226 files (378 MB) to 'C:\Games\EVE\tq'
2025-06-04 11:57:14.315    app     info:    [quasar-elg-events] Event sent    type.evetech.net/eve_launcher.electron.eve_client.CopyingFilesStarted
2025-06-04 11:57:14.361    app     info:    [binary-copier] Removing old binaries
2025-06-04 11:57:14.458    app     info:    [binary-copier] Copying binaries from ResFiles
2025-06-04 11:57:14.892    app     info:    [binary-copier] Finished copying 226 files to 'C:\Games\EVE\tq' in 0.587 seconds
2025-06-04 11:57:14.899    app     info:    [quasar-elg-events] Queueing event    eve_launcher.electron.eve_client.CopyingFilesFinished
2025-06-04 11:57:14.900    app     info:    [quasar-elg-events] Event sent    type.evetech.net/eve_launcher.electron.eve_client.CopyingFilesFinished
2025-06-04 11:57:15.294    app     info:    [server-manager] Copying executables 226/226
2025-06-04 11:57:15.540    app     info:    [login-window] Navigation to login completed, receiving code & state (vcDDcSyigrDpHA0zGoja4_lg71W1JHBtnXFqPZRdPjw)
2025-06-04 11:57:15.689    app    error:    [login-window] Could not load the login page: 'https://login.eveonline.com/account/logoff?lang=en&ReturnUrl=%2Fv2%2Foauth%2Fauthorize%3Fresponse_type%3Dcode%26client_id%3DeveLauncherTQ%26scope%3DeveClientLogin%2Bcisservice.customerRead.v1%2Bcisservice.customerWrite.v1%2Bcisservice.userProfileBasic.v1%2Bvgs.transactionRead.v1%2Bvgs.marketAccess.v1%26redirect_uri%3Dhttps%253A%252F%252Flogin.eveonline.com%252Flauncher%253Fclient_id%253DeveLauncherTQ%26state%3DvcDDcSyigrDpHA0zGoja4_lg71W1JHBtnXFqPZRdPjw%26code_challenge_method%3DS256%26code_challenge%3DwJYVZ8oIR3KUuIluR3NEWXcBixS5vgyRigklPqO_dog%26steam_ticket%3D140000009008e838f09fee491bd7f11a0100100163314068180000000100000002000000b944d6f5c2d3101edcfb150005000000b200000032000000040000001bd7f11a0100100134210000cc82a42edd06000a000000000c3140688ce05b6801002f22020000000000cc00b2a9c485eaed298a68b68cb4fdcd5d920993bb259c655ee343fb2c256ebdbfb6a93aaeba88f9235f249fc229e3bf5c3230ddbce77bfe22d226bc3b40cbd3a28d293e1ee0514e2bd0bfafc959be51c554e56a9f896b0b75f085844f1c11872911ce3bd7785d3fd1a35b3c8a1988d8f79d3429392c34b5755b67223f9a430e' ERR_ABORTED (-3) loading 'eveonline://callback?client_id=eveLauncherTQ&code=-XZpeL1pDke0uCSFppqupQ&state=vcDDcSyigrDpHA0zGoja4_lg71W1JHBtnXFqPZRdPjw'    Error: ERR_ABORTED (-3) loading 'eveonline://callback?client_id=eveLauncherTQ&code=-XZpeL1pDke0uCSFppqupQ&state=vcDDcSyigrDpHA0zGoja4_lg71W1JHBtnXFqPZRdPjw'
    at rejectAndCleanup (node:electron/js2c/browser_init:2:79523)
    at WebContents.navigationListener (node:electron/js2c/browser_init:2:79803)
    at WebContents.emit (node:events:518:28)
    at e.emit (C:\Program Files (x86)\Steam\steamapps\common\Eve Online\app-1.10.1\resources\app.asar\.webpack\main\index.js:8:2737360) {
  errno: -3,
  code: 'ERR_ABORTED',
  url: 'eveonline://callback?client_id=eveLauncherTQ&code=-XZpeL1pDke0uCSFppqupQ&state=vcDDcSyigrDpHA0zGoja4_lg71W1JHBtnXFqPZRdPjw'
}
2025-06-04 11:57:15.741    app     info:    [quasar-elg-events] Queueing event    eve_launcher.electron.authentication.LoginWindowClosed
2025-06-04 11:57:15.742    app     info:    [login-window] Login window with state 'vcDDcSyigrDpHA0zGoja4_lg71W1JHBtnXFqPZRdPjw' has been closed
2025-06-04 11:57:15.742    app     info:    [quasar-elg-events] Event sent    type.evetech.net/eve_launcher.electron.authentication.LoginWindowClosed
2025-06-04 11:57:16.446    app     info:    [quasar-elg-events] Queueing event    eve_launcher.electron.authentication.UserTokensReceived
2025-06-04 11:57:16.463    app     info:    [quasar-elg-events] Event sent    type.evetech.net/eve_launcher.electron.authentication.UserTokensReceived
2025-06-04 11:57:16.558    app     info:    [quasar-elg-events] Queueing event    eve_launcher.electron.authentication.UserAuthenticated
2025-06-04 11:57:16.566    app     info:    [quasar-elg-events] Event sent    type.evetech.net/eve_launcher.electron.authentication.UserAuthenticated
2025-06-04 11:57:16.574     ui     info:    Initializing captcha    ccp://launcher/renderer/main_window/index.js    2
2025-06-04 11:57:18.218    app     info:    [self-update] Checking for application updates.
2025-06-04 11:57:18.468    app     info:    [time-sync] Failed to sync time with 1 servers
2025-06-04 11:57:18.469    app     info:    [time-sync] Compared time with 4 servers. 3 successful, 1 failed.
2025-06-04 11:57:18.469    app     info:    [time-sync] Not showing any warnings because there were errors fetching the time.
2025-06-04 11:57:19.163    app     info:    [self-update] No application updates were found.
2025-06-04 11:57:19.761    app     info:    [server-manager] Downloading prefetch chunks in 496 files (5.19 GB)
2025-06-04 11:57:19.762    app     info:    [download-from-manifest] Preparing to download 496 files    { cdn: 2, concurrent: 10 }
2025-06-04 11:57:19.855    app     info:    [server-manager] Copying executables 226/226
2025-06-04 11:57:20.854    app     info:    [server-manager] Downloaded 419.42 kiB/4.83 GiB at 104.76 kiB/s
2025-06-04 11:57:21.870    app     info:    [server-manager] Downloaded 1.25 MiB/4.83 GiB at 795.95 kiB/s
2025-06-04 11:57:22.877    app     info:    [server-manager] Downloaded 2.28 MiB/4.83 GiB at 1.13 MiB/s
2025-06-04 11:57:23.905    app     info:    [server-manager] Downloaded 3.08 MiB/4.83 GiB at 1.23 MiB/s
2025-06-04 11:57:24.910    app     info:    [server-manager] Downloaded 3.99 MiB/4.83 GiB at 1,021.63 kiB/s
2025-06-04 11:57:25.935    app     info:    [server-manager] Downloaded 5.03 MiB/4.83 GiB at 1.06 MiB/s
2025-06-04 11:57:26.950    app     info:    [server-manager] Downloaded 5.83 MiB/4.83 GiB at 914.94 kiB/s
2025-06-04 11:57:28.003    app     info:    [server-manager] Downloaded 6.96 MiB/4.83 GiB at 1.24 MiB/s
2025-06-04 11:57:29.008    app     info:    [server-manager] Downloaded 7.88 MiB/4.83 GiB at 981.78 kiB/s
2025-06-04 11:57:30.031    app     info:    [server-manager] Downloaded 8.80 MiB/4.83 GiB at 716.86 kiB/s
2025-06-04 11:57:31.039    app     info:    [server-manager] Downloaded 9.64 MiB/4.83 GiB at 859.66 kiB/s
2025-06-04 11:57:32.047    app     info:    [server-manager] Downloaded 10.43 MiB/4.83 GiB at 480.00 kiB/s
2025-06-04 11:57:33.064    app     info:    [server-manager] Downloaded 11.33 MiB/4.83 GiB at 969.68 kiB/s
2025-06-04 11:57:34.073    app     info:    [server-manager] Downloaded 12.19 MiB/4.83 GiB at 781.79 kiB/s
2025-06-04 11:57:35.102    app     info:    [server-manager] Downloaded 13.10 MiB/4.83 GiB at 990.23 kiB/s
2025-06-04 11:57:36.123    app     info:    [server-manager] Downloaded 14.06 MiB/4.83 GiB at 902.71 kiB/s
2025-06-04 11:57:37.153    app     info:    [server-manager] Downloaded 14.98 MiB/4.83 GiB at 844.17 kiB/s
2025-06-04 11:57:38.186    app     info:    [server-manager] Downloaded 15.87 MiB/4.83 GiB at 881.24 kiB/s
2025-06-04 11:57:39.192    app     info:    [server-manager] Downloaded 16.79 MiB/4.83 GiB at 992.00 kiB/s
2025-06-04 11:57:40.216    app     info:    [server-manager] Downloaded 17.76 MiB/4.83 GiB at 999.63 kiB/s
2025-06-04 11:57:41.236    app     info:    [server-manager] Downloaded 18.69 MiB/4.83 GiB at 933.85 kiB/s
2025-06-04 11:57:41.602    app     warn:    The connection to LogLite was refused. A LogLite server may not be running, or be listening to connections.    []
2025-06-04 11:57:42.248    app     info:    [server-manager] Downloaded 19.61 MiB/4.83 GiB at 1.21 MiB/s
2025-06-04 11:57:43.257    app     info:    [server-manager] Downloaded 20.50 MiB/4.83 GiB at 926.15 kiB/s
2025-06-04 11:57:44.285    app     info:    [server-manager] Downloaded 21.40 MiB/4.83 GiB at 934.64 kiB/s
2025-06-04 11:57:45.292    app     info:    [server-manager] Downloaded 22.34 MiB/4.83 GiB at 1.02 MiB/s
2025-06-04 11:57:46.316    app     info:    [server-manager] Downloaded 23.19 MiB/4.83 GiB at 932.04 kiB/s
2025-06-04 11:57:47.324    app     info:    [server-manager] Downloaded 24.15 MiB/4.83 GiB at 941.36 kiB/s
2025-06-04 11:57:48.340    app     info:    [server-manager] Downloaded 25.06 MiB/4.83 GiB at 896.98 kiB/s
2025-06-04 11:57:49.372    app     info:    [server-manager] Downloaded 25.86 MiB/4.83 GiB at 628.23 kiB/s
2025-06-04 11:57:50.385    app     info:    [server-manager] Downloaded 26.81 MiB/4.83 GiB at 915.19 kiB/s
2025-06-04 11:57:51.432    app     info:    [server-manager] Downloaded 27.72 MiB/4.83 GiB at 796.99 kiB/s
2025-06-04 11:57:52.451    app     info:    [server-manager] Downloaded 28.63 MiB/4.83 GiB at 901.92 kiB/s
2025-06-04 11:57:53.476    app     info:    [server-manager] Downloaded 29.60 MiB/4.83 GiB at 1,005.89 kiB/s
2025-06-04 11:57:54.504    app     info:    [server-manager] Downloaded 30.57 MiB/4.83 GiB at 924.30 kiB/s
2025-06-04 11:57:55.558    app     info:    [server-manager] Downloaded 31.46 MiB/4.83 GiB at 952.92 kiB/s
2025-06-04 11:57:56.565    app     info:    [server-manager] Downloaded 32.37 MiB/4.83 GiB at 930.00 kiB/s
2025-06-04 11:57:57.575    app     info:    [server-manager] Downloaded 33.30 MiB/4.83 GiB at 947.17 kiB/s
2025-06-04 11:57:58.605    app     info:    [server-manager] Downloaded 34.22 MiB/4.83 GiB at 880.16 kiB/s
2025-06-04 11:57:59.627    app     info:    [server-manager] Downloaded 35.19 MiB/4.83 GiB at 930.06 kiB/s
2025-06-04 11:58:00.670    app     info:    [server-manager] Downloaded 36.14 MiB/4.83 GiB at 899.22 kiB/s
2025-06-04 11:58:01.700    app     info:    [server-manager] Downloaded 36.99 MiB/4.83 GiB at 869.90 kiB/s
2025-06-04 11:58:02.715    app     info:    [server-manager] Downloaded 38.03 MiB/4.83 GiB at 448.00 kiB/s
2025-06-04 11:58:03.754    app     info:    [server-manager] Downloaded 38.89 MiB/4.83 GiB at 804.26 kiB/s
2025-06-04 11:58:04.779    app     info:    [server-manager] Downloaded 39.82 MiB/4.83 GiB at 866.54 kiB/s
2025-06-04 11:58:05.809    app     info:    [server-manager] Downloaded 40.75 MiB/4.83 GiB at 796.93 kiB/s
2025-06-04 11:58:06.819    app     info:    [server-manager] Downloaded 41.69 MiB/4.83 GiB at 1.03 MiB/s
2025-06-04 11:58:07.875    app     info:    [server-manager] Downloaded 42.56 MiB/4.83 GiB at 868.08 kiB/s
2025-06-04 11:58:08.884    app     info:    [server-manager] Downloaded 43.57 MiB/4.83 GiB at 988.05 kiB/s
2025-06-04 11:58:09.923    app     info:    [server-manager] Downloaded 44.48 MiB/4.83 GiB at 898.56 kiB/s
2025-06-04 11:58:10.937    app     info:    [server-manager] Downloaded 45.36 MiB/4.83 GiB at 969.63 kiB/s
2025-06-04 11:58:11.957    app     info:    [server-manager] Downloaded 46.34 MiB/4.83 GiB at 540.76 kiB/s
2025-06-04 11:58:12.988    app     info:    [server-manager] Downloaded 47.23 MiB/4.83 GiB at 864.00 kiB/s
2025-06-04 11:58:13.222    app     info:    [customer-information] Getting character information for '31367691' on 'tranquility'
2025-06-04 11:58:14.025    app     info:    [server-manager] Downloaded 48.18 MiB/4.83 GiB at 811.73 kiB/s
2025-06-04 11:58:15.135    app     info:    [server-manager] Downloaded 49.11 MiB/4.83 GiB at 905.26 kiB/s
2025-06-04 11:58:16.204    app     info:    [server-manager] Downloaded 50.16 MiB/4.83 GiB at 588.25 kiB/s
2025-06-04 11:58:17.230    app     info:    [server-manager] Downloaded 51.07 MiB/4.83 GiB at 1.02 MiB/s
2025-06-04 11:58:18.250    app     info:    [server-manager] Downloaded 51.97 MiB/4.83 GiB at 533.13 kiB/s
2025-06-04 11:58:18.251    app     info:    [time-sync] Failed to sync time with 1 servers
2025-06-04 11:58:18.252    app     info:    [time-sync] Compared time with 4 servers. 3 successful, 1 failed.
2025-06-04 11:58:18.252    app     info:    [time-sync] Not showing any warnings because there were errors fetching the time.
2025-06-04 11:58:19.284    app     info:    [server-manager] Downloaded 52.87 MiB/4.83 GiB at 913.34 kiB/s
2025-06-04 11:58:20.291    app     info:    [server-manager] Downloaded 53.86 MiB/4.83 GiB at 933.08 kiB/s
2025-06-04 11:58:21.311    app     info:    [server-manager] Downloaded 54.78 MiB/4.83 GiB at 958.08 kiB/s
2025-06-04 11:58:22.344    app     info:    [server-manager] Downloaded 55.71 MiB/4.83 GiB at 924.30 kiB/s
2025-06-04 11:58:23.370    app     info:    [server-manager] Downloaded 56.65 MiB/4.83 GiB at 445.38 kiB/s
2025-06-04 11:58:24.405    app     info:    [server-manager] Downloaded 57.54 MiB/4.83 GiB at 1.22 MiB/s
2025-06-04 11:58:25.419    app     info:    [server-manager] Downloaded 58.45 MiB/4.83 GiB at 848.23 kiB/s
2025-06-04 11:58:26.436    app     info:    [server-manager] Downloaded 59.28 MiB/4.83 GiB at 849.13 kiB/s
2025-06-04 11:58:27.464    app     info:    [server-manager] Downloaded 60.07 MiB/4.83 GiB at 761.42 kiB/s
2025-06-04 11:58:28.471    app     info:    [server-manager] Downloaded 60.97 MiB/4.83 GiB at 383.23 kiB/s
2025-06-04 11:58:29.496    app     info:    [server-manager] Downloaded 61.84 MiB/4.83 GiB at 857.63 kiB/s
2025-06-04 11:58:30.502    app     info:    [server-manager] Downloaded 62.70 MiB/4.83 GiB at 491.27 kiB/s
2025-06-04 11:58:31.509    app     info:    [server-manager] Downloaded 63.58 MiB/4.83 GiB at 830.34 kiB/s
2025-06-04 11:58:32.526    app     info:    [server-manager] Downloaded 64.36 MiB/4.83 GiB at 894.21 kiB/s
2025-06-04 11:58:33.532    app     info:    [server-manager] Downloaded 65.39 MiB/4.83 GiB at 1.19 MiB/s
2025-06-04 11:58:34.569    app     info:    [server-manager] Downloaded 66.22 MiB/4.83 GiB at 1.26 MiB/s
2025-06-04 11:58:35.623    app     info:    [server-manager] Downloaded 67.00 MiB/4.83 GiB at 819.29 kiB/s
2025-06-04 11:58:36.638    app     info:    [server-manager] Downloaded 67.86 MiB/4.83 GiB at 822.13 kiB/s
2025-06-04 11:58:37.728    app     info:    [server-manager] Downloaded 68.76 MiB/4.83 GiB at 879.19 kiB/s
2025-06-04 11:58:38.762    app     info:    [server-manager] Downloaded 69.66 MiB/4.83 GiB at 857.97 kiB/s
2025-06-04 11:58:39.782    app     info:    [server-manager] Downloaded 70.54 MiB/4.83 GiB at 416.00 kiB/s
2025-06-04 11:58:40.794    app     info:    [server-manager] Downloaded 71.34 MiB/4.83 GiB at 862.28 kiB/s
2025-06-04 11:58:41.845    app     info:    [server-manager] Downloaded 72.24 MiB/4.83 GiB at 910.65 kiB/s
2025-06-04 11:58:42.876    app     info:    [server-manager] Downloaded 73.15 MiB/4.83 GiB at 1.01 MiB/s
2025-06-04 11:58:43.889    app     info:    [server-manager] Downloaded 74.02 MiB/4.83 GiB at 940.62 kiB/s
2025-06-04 11:58:44.940    app     info:    [server-manager] Downloaded 74.84 MiB/4.83 GiB at 756.01 kiB/s
2025-06-04 11:58:45.977    app     info:    [server-manager] Downloaded 75.74 MiB/4.83 GiB at 857.14 kiB/s
2025-06-04 11:58:47.002    app     info:    [server-manager] Downloaded 76.61 MiB/4.83 GiB at 770.43 kiB/s
2025-06-04 11:58:48.067    app     info:    [server-manager] Downloaded 77.50 MiB/4.83 GiB at 781.90 kiB/s
2025-06-04 11:58:48.070    app     warn:    Retrying request to https://creatives2.extccp.com (1) Request timed out    p [RequestTimeoutError]: Request timed out
    at ClientRequest.<anonymous> (C:\Program Files (x86)\Steam\steamapps\common\Eve Online\app-1.10.1\resources\app.asar\.webpack\main\index.js:8:2667365)
    at ClientRequest.emit (node:events:518:28)
    at TLSSocket.emitRequestTimeout (node:_http_client:863:9)
    at Object.onceWrapper (node:events:632:28)
    at TLSSocket.emit (node:events:530:35)
    at Socket._onTimeout (node:net:609:8)
    at listOnTimeout (node:internal/timers:594:17)
    at process.processTimers (node:internal/timers:529:7)
2025-06-04 11:58:49.082    app     info:    [server-manager] Downloaded 78.47 MiB/4.83 GiB at 890.28 kiB/s
2025-06-04 11:58:50.126    app     info:    [server-manager] Downloaded 79.40 MiB/4.83 GiB at 828.21 kiB/s
2025-06-04 11:58:51.136    app     info:    [server-manager] Downloaded 80.26 MiB/4.83 GiB at 351.30 kiB/s
2025-06-04 11:58:52.159    app     info:    [server-manager] Downloaded 81.01 MiB/4.83 GiB at 892.43 kiB/s
2025-06-04 11:58:53.188    app     info:    [server-manager] Downloaded 81.79 MiB/4.83 GiB at 769.23 kiB/s
2025-06-04 11:58:54.203    app     info:    [server-manager] Downloaded 82.56 MiB/4.83 GiB at 802.62 kiB/s
2025-06-04 11:58:55.223    app     info:    [server-manager] Downloaded 83.47 MiB/4.83 GiB at 980.24 kiB/s
2025-06-04 11:58:56.235    app     info:    [server-manager] Downloaded 84.42 MiB/4.83 GiB at 929.80 kiB/s
2025-06-04 11:58:57.282    app     info:    [server-manager] Downloaded 85.36 MiB/4.83 GiB at 894.21 kiB/s
2025-06-04 11:58:58.318    app     info:    [server-manager] Downloaded 86.29 MiB/4.83 GiB at 1,011.86 kiB/s
2025-06-04 11:58:59.359    app     info:    [server-manager] Downloaded 87.18 MiB/4.83 GiB at 968.75 kiB/s
2025-06-04 11:59:00.383    app     info:    [server-manager] Downloaded 88.16 MiB/4.83 GiB at 1.07 MiB/s
2025-06-04 11:59:01.410    app     info:    [server-manager] Downloaded 89.06 MiB/4.83 GiB at 862.28 kiB/s
2025-06-04 11:59:02.440    app     info:    [server-manager] Downloaded 90.02 MiB/4.83 GiB at 1,015.87 kiB/s
2025-06-04 11:59:03.497    app     info:    [server-manager] Downloaded 90.90 MiB/4.83 GiB at 803.09 kiB/s
2025-06-04 11:59:04.511    app     info:    [server-manager] Downloaded 91.86 MiB/4.83 GiB at 696.13 kiB/s
2025-06-04 11:59:05.534    app     info:    [server-manager] Downloaded 92.80 MiB/4.83 GiB at 935.67 kiB/s
2025-06-04 11:59:06.542    app     info:    [server-manager] Downloaded 93.75 MiB/4.83 GiB at 953.56 kiB/s
2025-06-04 11:59:07.565    app     info:    [server-manager] Downloaded 94.66 MiB/4.83 GiB at 909.80 kiB/s
2025-06-04 11:59:08.574    app     info:    [server-manager] Downloaded 95.56 MiB/4.83 GiB at 864.00 kiB/s
2025-06-04 11:59:09.600    app     info:    [server-manager] Downloaded 96.50 MiB/4.83 GiB at 822.13 kiB/s
2025-06-04 11:59:10.609    app     info:    [server-manager] Downloaded 97.39 MiB/4.83 GiB at 471.56 kiB/s
2025-06-04 11:59:11.625    app     info:    [server-manager] Downloaded 98.25 MiB/4.83 GiB at 892.43 kiB/s
2025-06-04 11:59:12.637    app     info:    [server-manager] Downloaded 99.26 MiB/4.83 GiB at 415.17 kiB/s
2025-06-04 11:59:13.178    app     info:    [customer-information] Getting character information for '31367691' on 'tranquility'
2025-06-04 11:59:13.660    app     info:    [server-manager] Downloaded 100.12 MiB/4.83 GiB at 839.95 kiB/s
2025-06-04 11:59:14.711    app     info:    [server-manager] Downloaded 101.03 MiB/4.83 GiB at 896.19 kiB/s
2025-06-04 11:59:15.728    app     info:    [server-manager] Downloaded 101.99 MiB/4.83 GiB at 782.00 kiB/s
2025-06-04 11:59:16.782    app     info:    [server-manager] Downloaded 102.90 MiB/4.83 GiB at 939.39 kiB/s
2025-06-04 11:59:17.818    app     info:    [server-manager] Downloaded 103.86 MiB/4.83 GiB at 972.55 kiB/s
2025-06-04 11:59:18.213    app     info:    [time-sync] Failed to sync time with 1 servers
2025-06-04 11:59:18.213    app     info:    [time-sync] Compared time with 4 servers. 3 successful, 1 failed.
2025-06-04 11:59:18.214    app     info:    [time-sync] Not showing any warnings because there were errors fetching the time.
2025-06-04 11:59:18.846    app     info:    [server-manager] Downloaded 104.72 MiB/4.83 GiB at 977.47 kiB/s
2025-06-04 11:59:19.854    app     info:    [server-manager] Downloaded 105.73 MiB/4.83 GiB at 837.55 kiB/s
2025-06-04 11:59:20.934    app     info:    [server-manager] Downloaded 106.70 MiB/4.83 GiB at 1.31 MiB/s
2025-06-04 11:59:21.940    app     info:    [server-manager] Downloaded 107.61 MiB/4.83 GiB at 847.43 kiB/s
2025-06-04 11:59:22.974    app     info:    [server-manager] Downloaded 108.48 MiB/4.83 GiB at 447.11 kiB/s
2025-06-04 11:59:23.981    app     info:    [server-manager] Downloaded 109.37 MiB/4.83 GiB at 287.43 kiB/s
2025-06-04 11:59:24.998    app     info:    [server-manager] Downloaded 110.32 MiB/4.83 GiB at 986.08 kiB/s
2025-06-04 11:59:26.006    app     info:    [server-manager] Downloaded 111.16 MiB/4.83 GiB at 409.11 kiB/s
2025-06-04 11:59:27.017    app     info:    [server-manager] Downloaded 112.02 MiB/4.83 GiB at 480.00 kiB/s
2025-06-04 11:59:28.034    app     info:    [server-manager] Downloaded 112.90 MiB/4.83 GiB at 496.13 kiB/s
2025-06-04 11:59:29.068    app     info:    [server-manager] Downloaded 113.39 MiB/4.83 GiB at 480.00 kiB/s
2025-06-04 11:59:30.108    app     info:    [server-manager] Downloaded 114.19 MiB/4.83 GiB at 657.13 kiB/s
2025-06-04 11:59:31.189    app     info:    [server-manager] Downloaded 115.11 MiB/4.83 GiB at 775.18 kiB/s
2025-06-04 11:59:32.254    app     info:    [server-manager] Downloaded 116.04 MiB/4.83 GiB at 821.25 kiB/s
2025-06-04 11:59:33.312    app     info:    [server-manager] Downloaded 116.97 MiB/4.83 GiB at 742.21 kiB/s
2025-06-04 11:59:34.357    app     info:    [server-manager] Downloaded 117.74 MiB/4.83 GiB at 793.65 kiB/s
2025-06-04 11:59:35.428    app     info:    [server-manager] Downloaded 118.60 MiB/4.83 GiB at 917.79 kiB/s
2025-06-04 11:59:36.448    app     info:    [server-manager] Downloaded 119.44 MiB/4.83 GiB at 911.59 kiB/s
2025-06-04 11:59:37.485    app     info:    [server-manager] Downloaded 120.29 MiB/4.83 GiB at 990.33 kiB/s
2025-06-04 11:59:38.506    app     info:    [server-manager] Downloaded 121.15 MiB/4.83 GiB at 799.95 kiB/s
2025-06-04 11:59:39.537    app     info:    [server-manager] Downloaded 122.07 MiB/4.83 GiB at 923.62 kiB/s
2025-06-04 11:59:40.614    app     info:    [server-manager] Downloaded 122.95 MiB/4.83 GiB at 1.18 MiB/s
2025-06-04 11:59:41.627    app     info:    [server-manager] Downloaded 123.78 MiB/4.83 GiB at 757.40 kiB/s
2025-06-04 11:59:42.717    app     info:    [server-manager] Downloaded 124.49 MiB/4.83 GiB at 486.58 kiB/s
2025-06-04 11:59:43.751    app     info:    [server-manager] Downloaded 125.25 MiB/4.83 GiB at 791.79 kiB/s
2025-06-04 11:59:44.782    app     info:    [server-manager] Downloaded 125.81 MiB/4.83 GiB at 467.91 kiB/s
2025-06-04 11:59:45.811    app     info:    [server-manager] Downloaded 126.63 MiB/4.83 GiB at 828.69 kiB/s
2025-06-04 11:59:46.852    app     info:    [server-manager] Downloaded 127.32 MiB/4.83 GiB at 724.53 kiB/s
2025-06-04 11:59:47.877    app     info:    [server-manager] Downloaded 128.01 MiB/4.83 GiB at 809.01 kiB/s
2025-06-04 11:59:48.921    app     info:    [server-manager] Downloaded 128.89 MiB/4.83 GiB at 743.49 kiB/s
2025-06-04 11:59:49.940    app     info:    [server-manager] Downloaded 129.65 MiB/4.83 GiB at 733.07 kiB/s
2025-06-04 11:59:50.967    app     info:    [server-manager] Downloaded 130.43 MiB/4.83 GiB at 806.15 kiB/s
2025-06-04 11:59:52.005    app     info:    [server-manager] Downloaded 131.25 MiB/4.83 GiB at 808.79 kiB/s
2025-06-04 11:59:53.034    app     info:    [server-manager] Downloaded 132.07 MiB/4.83 GiB at 831.59 kiB/s
2025-06-04 11:59:54.071    app     info:    [server-manager] Downloaded 132.68 MiB/4.83 GiB at 514.18 kiB/s
2025-06-04 11:59:55.090    app     info:    [server-manager] Downloaded 133.53 MiB/4.83 GiB at 809.34 kiB/s
2025-06-04 11:59:56.095    app     info:    [server-manager] Downloaded 134.38 MiB/4.83 GiB at 465.13 kiB/s
2025-06-04 11:59:57.109    app     info:    [server-manager] Downloaded 135.07 MiB/4.83 GiB at 674.88 kiB/s
2025-06-04 11:59:58.124    app     info:    [server-manager] Downloaded 135.92 MiB/4.83 GiB at 811.40 kiB/s
2025-06-04 11:59:59.194    app     info:    [server-manager] Downloaded 136.68 MiB/4.83 GiB at 822.39 kiB/s
2025-06-04 12:00:00.204    app     info:    [server-manager] Downloaded 137.42 MiB/4.83 GiB at 876.25 kiB/s
2025-06-04 12:00:01.219    app     info:    [server-manager] Downloaded 138.24 MiB/4.83 GiB at 900.52 kiB/s
2025-06-04 12:00:02.232    app     info:    [server-manager] Downloaded 139.11 MiB/4.83 GiB at 918.81 kiB/s
2025-06-04 12:00:03.261    app     info:    [server-manager] Downloaded 139.82 MiB/4.83 GiB at 736.78 kiB/s
2025-06-04 12:00:04.278    app     info:    [server-manager] Downloaded 140.68 MiB/4.83 GiB at 780.00 kiB/s
2025-06-04 12:00:05.293    app     info:    [server-manager] Downloaded 141.49 MiB/4.83 GiB at 1.23 MiB/s
2025-06-04 12:00:06.324    app     info:    [server-manager] Downloaded 142.30 MiB/4.83 GiB at 790.87 kiB/s
2025-06-04 12:00:07.374    app     info:    [server-manager] Downloaded 143.08 MiB/4.83 GiB at 480.00 kiB/s
2025-06-04 12:00:08.391    app     info:    [server-manager] Downloaded 143.84 MiB/4.83 GiB at 807.44 kiB/s
2025-06-04 12:00:09.447    app     info:    [server-manager] Downloaded 144.61 MiB/4.83 GiB at 798.51 kiB/s
2025-06-04 12:00:10.474    app     info:    [server-manager] Downloaded 145.46 MiB/4.83 GiB at 917.00 kiB/s
2025-06-04 12:00:11.558    app     info:    [server-manager] Downloaded 146.24 MiB/4.83 GiB at 661.80 kiB/s
2025-06-04 12:00:12.596    app     info:    [server-manager] Downloaded 147.01 MiB/4.83 GiB at 829.68 kiB/s
2025-06-04 12:00:13.170    app     info:    [customer-information] Getting character information for '31367691' on 'tranquility'
2025-06-04 12:00:13.617    app     info:    [server-manager] Downloaded 147.93 MiB/4.83 GiB at 416.00 kiB/s
2025-06-04 12:00:14.639    app     info:    [server-manager] Downloaded 148.61 MiB/4.83 GiB at 801.11 kiB/s
2025-06-04 12:00:15.689    app     info:    [server-manager] Downloaded 149.46 MiB/4.83 GiB at 863.20 kiB/s
2025-06-04 12:00:16.726    app     info:    [server-manager] Downloaded 150.26 MiB/4.83 GiB at 880.16 kiB/s
2025-06-04 12:00:17.766    app     info:    [server-manager] Downloaded 151.03 MiB/4.83 GiB at 818.07 kiB/s
2025-06-04 12:00:18.211    app     info:    [time-sync] Failed to sync time with 2 servers
2025-06-04 12:00:18.212    app     info:    [time-sync] Compared time with 4 servers. 2 successful, 2 failed.
2025-06-04 12:00:18.212    app     info:    [time-sync] Not showing any warnings because there were errors fetching the time.
2025-06-04 12:00:18.783    app     info:    [server-manager] Downloaded 151.81 MiB/4.83 GiB at 768.00 kiB/s
2025-06-04 12:00:19.842    app     info:    [server-manager] Downloaded 152.63 MiB/4.83 GiB at 803.09 kiB/s
2025-06-04 12:00:20.851    app     info:    [server-manager] Downloaded 153.45 MiB/4.83 GiB at 793.65 kiB/s
2025-06-04 12:00:21.875    app     info:    [server-manager] Downloaded 154.26 MiB/4.83 GiB at 836.29 kiB/s
2025-06-04 12:00:22.936    app     info:    [server-manager] Downloaded 155.10 MiB/4.83 GiB at 751.88 kiB/s
2025-06-04 12:00:23.942    app     info:    [server-manager] Downloaded 156.02 MiB/4.83 GiB at 924.30 kiB/s
2025-06-04 12:00:25.030    app     info:    [server-manager] Downloaded 156.88 MiB/4.83 GiB at 897.36 kiB/s
2025-06-04 12:00:26.038    app     info:    [server-manager] Downloaded 157.67 MiB/4.83 GiB at 803.78 kiB/s
2025-06-04 12:00:27.060    app     info:    [server-manager] Downloaded 158.49 MiB/4.83 GiB at 794.21 kiB/s
2025-06-04 12:00:28.092    app     info:    [server-manager] Downloaded 159.33 MiB/4.83 GiB at 783.51 kiB/s
2025-06-04 12:00:29.098    app     info:    [server-manager] Downloaded 160.24 MiB/4.83 GiB at 937.63 kiB/s
2025-06-04 12:00:30.104    app     info:    [server-manager] Downloaded 161.02 MiB/4.83 GiB at 992.00 kiB/s
2025-06-04 12:00:31.155    app     info:    [server-manager] Downloaded 161.85 MiB/4.83 GiB at 991.02 kiB/s
2025-06-04 12:00:32.193    app     info:    [server-manager] Downloaded 162.72 MiB/4.83 GiB at 789.88 kiB/s
2025-06-04 12:00:33.200    app     info:    [server-manager] Downloaded 163.51 MiB/4.83 GiB at 830.34 kiB/s
2025-06-04 12:00:34.221    app     info:    [server-manager] Downloaded 164.39 MiB/4.83 GiB at 856.24 kiB/s
2025-06-04 12:00:35.258    app     info:    [server-manager] Downloaded 165.27 MiB/4.83 GiB at 820.51 kiB/s
2025-06-04 12:00:36.282    app     info:    [server-manager] Downloaded 166.11 MiB/4.83 GiB at 692.61 kiB/s
2025-06-04 12:00:37.292    app     info:    [server-manager] Downloaded 167.00 MiB/4.83 GiB at 758.89 kiB/s
2025-06-04 12:00:38.355    app     info:    [server-manager] Downloaded 167.89 MiB/4.83 GiB at 862.28 kiB/s
2025-06-04 12:00:39.418    app     info:    [server-manager] Downloaded 168.71 MiB/4.83 GiB at 734.08 kiB/s
2025-06-04 12:00:40.465    app     info:    [server-manager] Downloaded 169.53 MiB/4.83 GiB at 726.58 kiB/s
2025-06-04 12:00:41.499    app     info:    [server-manager] Downloaded 170.32 MiB/4.83 GiB at 825.14 kiB/s
2025-06-04 12:00:41.717    app     warn:    [quasar-23622903] Quasar connection encountered an internal error with unknown code [internal]    a [ConnectError]: [internal]
    at ee (C:\Program Files (x86)\Steam\steamapps\common\Eve Online\app-1.10.1\resources\app.asar\.webpack\main\index.js:8:2683063)
    at C:\Program Files (x86)\Steam\steamapps\common\Eve Online\app-1.10.1\resources\app.asar\.webpack\main\index.js:8:2683536
    at te (C:\Program Files (x86)\Steam\steamapps\common\Eve Online\app-1.10.1\resources\app.asar\.webpack\main\index.js:8:2683584)
    at next (C:\Program Files (x86)\Steam\steamapps\common\Eve Online\app-1.10.1\resources\app.asar\.webpack\main\index.js:8:2691577)
    at process.processTicksAndRejections (node:internal/process/task_queues:105:5) {
  rawMessage: '',
  code: 13,
  metadata: Headers {
    'content-type': 'application/grpc+proto',
    'grpc-status': '13',
    'grpc-message': ''
  },
  details: [],
  cause: undefined
}
2025-06-04 12:00:42.513    app     info:    [server-manager] Downloaded 171.11 MiB/4.83 GiB at 864.00 kiB/s
2025-06-04 12:00:43.560    app     info:    [server-manager] Downloaded 171.89 MiB/4.83 GiB at 603.57 kiB/s
2025-06-04 12:00:44.614    app     info:    [server-manager] Downloaded 172.72 MiB/4.83 GiB at 859.40 kiB/s
2025-06-04 12:00:45.635    app     info:    [server-manager] Downloaded 173.59 MiB/4.83 GiB at 838.90 kiB/s
2025-06-04 12:00:46.660    app     info:    [server-manager] Downloaded 174.44 MiB/4.83 GiB at 795.23 kiB/s
2025-06-04 12:00:47.675    app     info:    [server-manager] Downloaded 175.28 MiB/4.83 GiB at 856.24 kiB/s
2025-06-04 12:00:48.686    app     info:    [server-manager] Downloaded 176.10 MiB/4.83 GiB at 702.22 kiB/s
2025-06-04 12:00:49.722    app     info:    [server-manager] Downloaded 176.97 MiB/4.83 GiB at 778.87 kiB/s
2025-06-04 12:00:50.738    app     info:    [server-manager] Downloaded 177.79 MiB/4.83 GiB at 384.00 kiB/s
2025-06-04 12:00:51.753    app     info:    [server-manager] Downloaded 178.63 MiB/4.83 GiB at 1.20 MiB/s
2025-06-04 12:00:52.768    app     info:    [server-manager] Downloaded 179.36 MiB/4.83 GiB at 731.61 kiB/s
2025-06-04 12:00:53.799    app     info:    [server-manager] Downloaded 180.34 MiB/4.83 GiB at 1.02 MiB/s
2025-06-04 12:00:54.829    app     info:    [server-manager] Downloaded 181.20 MiB/4.83 GiB at 904.48 kiB/s
2025-06-04 12:00:55.849    app     info:    [server-manager] Downloaded 181.99 MiB/4.83 GiB at 823.76 kiB/s
2025-06-04 12:00:56.916    app     info:    [server-manager] Downloaded 182.73 MiB/4.83 GiB at 843.27 kiB/s
2025-06-04 12:00:57.966    app     info:    [server-manager] Downloaded 183.63 MiB/4.83 GiB at 865.67 kiB/s
2025-06-04 12:00:58.998    app     info:    [server-manager] Downloaded 184.52 MiB/4.83 GiB at 1.04 MiB/s
2025-06-04 12:01:00.022    app     info:    [server-manager] Downloaded 185.44 MiB/4.83 GiB at 785.13 kiB/s
2025-06-04 12:01:01.043    app     info:    [server-manager] Downloaded 186.29 MiB/4.83 GiB at 862.28 kiB/s
2025-06-04 12:01:02.057    app     info:    [server-manager] Downloaded 187.13 MiB/4.83 GiB at 313.75 kiB/s
2025-06-04 12:01:03.099    app     info:    [server-manager] Downloaded 188.03 MiB/4.83 GiB at 998.11 kiB/s
2025-06-04 12:01:04.132    app     info:    [server-manager] Downloaded 189.01 MiB/4.83 GiB at 1.04 MiB/s
2025-06-04 12:01:05.164    app     info:    [server-manager] Downloaded 189.92 MiB/4.83 GiB at 1.37 MiB/s
2025-06-04 12:01:06.171    app     info:    [server-manager] Downloaded 190.80 MiB/4.83 GiB at 1.03 MiB/s
2025-06-04 12:01:07.177    app     info:    [server-manager] Downloaded 191.70 MiB/4.83 GiB at 1,000.24 kiB/s
2025-06-04 12:01:08.192    app     info:    [server-manager] Downloaded 192.54 MiB/4.83 GiB at 1,022.56 kiB/s
2025-06-04 12:01:09.236    app     info:    [server-manager] Downloaded 193.32 MiB/4.83 GiB at 804.64 kiB/s
2025-06-04 12:01:10.270    app     info:    [server-manager] Downloaded 194.27 MiB/4.83 GiB at 734.53 kiB/s
2025-06-04 12:01:11.284    app     info:    [server-manager] Downloaded 194.98 MiB/4.83 GiB at 777.14 kiB/s
2025-06-04 12:01:12.305    app     info:    [server-manager] Downloaded 195.77 MiB/4.83 GiB at 826.57 kiB/s
2025-06-04 12:01:13.181    app     info:    [customer-information] Getting character information for '31367691' on 'tranquility'
2025-06-04 12:01:13.182    app     info:    [customer-information] Getting Omega status for '31367691' on 'tranquility' (eve-online)
2025-06-04 12:01:13.380    app     info:    [server-manager] Downloaded 196.46 MiB/4.83 GiB at 599.61 kiB/s
2025-06-04 12:01:14.410    app     info:    [server-manager] Downloaded 197.08 MiB/4.83 GiB at 935.67 kiB/s
2025-06-04 12:01:15.428    app     info:    [server-manager] Downloaded 197.92 MiB/4.83 GiB at 830.34 kiB/s
2025-06-04 12:01:16.440    app     info:    [server-manager] Downloaded 198.59 MiB/4.83 GiB at 699.50 kiB/s
2025-06-04 12:01:17.471    app     info:    [server-manager] Downloaded 199.15 MiB/4.83 GiB at 477.23 kiB/s
2025-06-04 12:01:18.617    app     info:    [server-manager] Downloaded 199.67 MiB/4.83 GiB at 284.58 kiB/s
2025-06-04 12:01:19.625    app     info:    [server-manager] Downloaded 200.43 MiB/4.83 GiB at 876.11 kiB/s
2025-06-04 12:01:20.651    app     info:    [server-manager] Downloaded 201.21 MiB/4.83 GiB at 926.98 kiB/s
2025-06-04 12:01:21.688    app     info:    [server-manager] Downloaded 202.14 MiB/4.83 GiB at 876.25 kiB/s
2025-06-04 12:01:22.699    app     info:    [server-manager] Downloaded 203.04 MiB/4.83 GiB at 906.25 kiB/s
2025-06-04 12:01:23.737    app     info:    [server-manager] Downloaded 203.85 MiB/4.83 GiB at 786.89 kiB/s
2025-06-04 12:01:24.763    app     info:    [server-manager] Downloaded 204.68 MiB/4.83 GiB at 734.53 kiB/s
2025-06-04 12:01:25.774    app     info:    [server-manager] Downloaded 205.18 MiB/4.83 GiB at 372.89 kiB/s
2025-06-04 12:01:26.818    app     info:    [server-manager] Downloaded 205.95 MiB/4.83 GiB at 832.71 kiB/s
2025-06-04 12:01:27.819    app     info:    [server-manager] Downloaded 206.82 MiB/4.83 GiB at 945.13 kiB/s
2025-06-04 12:01:28.834    app     info:    [server-manager] Downloaded 207.78 MiB/4.83 GiB at 851.65 kiB/s
2025-06-04 12:01:29.878    app     info:    [server-manager] Downloaded 208.73 MiB/4.83 GiB at 902.41 kiB/s
2025-06-04 12:01:30.893    app     info:    [server-manager] Downloaded 209.35 MiB/4.83 GiB at 676.14 kiB/s
2025-06-04 12:01:31.922    app     info:    [server-manager] Downloaded 210.17 MiB/4.83 GiB at 1.08 MiB/s
2025-06-04 12:01:32.938    app     info:    [server-manager] Downloaded 210.99 MiB/4.83 GiB at 795.78 kiB/s
2025-06-04 12:01:33.952    app     info:    [server-manager] Downloaded 211.87 MiB/4.83 GiB at 939.33 kiB/s
2025-06-04 12:01:35.001    app     info:    [server-manager] Downloaded 212.18 MiB/4.83 GiB at 241.51 kiB/s
2025-06-04 12:01:36.086    app     info:    [server-manager] Downloaded 212.86 MiB/4.83 GiB at 682.88 kiB/s
2025-06-04 12:01:37.105    app     info:    [server-manager] Downloaded 213.60 MiB/4.83 GiB at 777.35 kiB/s
2025-06-04 12:01:38.126    app     info:    [server-manager] Downloaded 214.41 MiB/4.83 GiB at 855.45 kiB/s
2025-06-04 12:01:39.154    app     info:    [server-manager] Downloaded 215.30 MiB/4.83 GiB at 935.92 kiB/s
2025-06-04 12:01:40.160    app     info:    [server-manager] Downloaded 216.12 MiB/4.83 GiB at 852.07 kiB/s
2025-06-04 12:01:41.168    app     info:    [server-manager] Downloaded 216.97 MiB/4.83 GiB at 855.45 kiB/s
2025-06-04 12:01:42.192    app     info:    [server-manager] Downloaded 217.60 MiB/4.83 GiB at 526.16 kiB/s
2025-06-04 12:01:43.261    app     info:    [server-manager] Downloaded 218.40 MiB/4.83 GiB at 712.82 kiB/s
2025-06-04 12:01:44.285    app     info:    [server-manager] Downloaded 219.00 MiB/4.83 GiB at 637.45 kiB/s
2025-06-04 12:01:45.293    app     info:    [server-manager] Downloaded 219.93 MiB/4.83 GiB at 781.25 kiB/s
2025-06-04 12:01:46.370    app     info:    [server-manager] Downloaded 220.68 MiB/4.83 GiB at 779.78 kiB/s
2025-06-04 12:01:47.407    app     info:    [server-manager] Downloaded 221.50 MiB/4.83 GiB at 836.99 kiB/s
2025-06-04 12:01:48.444    app     info:    [server-manager] Downloaded 222.15 MiB/4.83 GiB at 789.39 kiB/s
2025-06-04 12:01:49.502    app     info:    [server-manager] Downloaded 222.80 MiB/4.83 GiB at 588.01 kiB/s
2025-06-04 12:01:50.518    app     info:    [server-manager] Downloaded 223.52 MiB/4.83 GiB at 896.59 kiB/s
2025-06-04 12:01:51.552    app     info:    [server-manager] Downloaded 224.21 MiB/4.83 GiB at 629.43 kiB/s
2025-06-04 12:01:52.564    app     info:    [server-manager] Downloaded 224.92 MiB/4.83 GiB at 678.82 kiB/s
2025-06-04 12:01:53.609    app     info:    [server-manager] Downloaded 225.72 MiB/4.83 GiB at 784.31 kiB/s
2025-06-04 12:01:54.641    app     info:    [server-manager] Downloaded 226.52 MiB/4.83 GiB at 823.64 kiB/s
2025-06-04 12:01:55.666    app     info:    [server-manager] Downloaded 227.30 MiB/4.83 GiB at 655.49 kiB/s
2025-06-04 12:01:56.755    app     info:    [server-manager] Downloaded 228.01 MiB/4.83 GiB at 774.06 kiB/s
2025-06-04 12:01:57.788    app     info:    [server-manager] Downloaded 228.82 MiB/4.83 GiB at 689.14 kiB/s
2025-06-04 12:01:58.865    app     info:    [server-manager] Downloaded 229.38 MiB/4.83 GiB at 698.41 kiB/s
2025-06-04 12:01:59.884    app     info:    [server-manager] Downloaded 229.92 MiB/4.83 GiB at 520.08 kiB/s
2025-06-04 12:02:00.943    app     info:    [server-manager] Downloaded 230.82 MiB/4.83 GiB at 807.03 kiB/s
2025-06-04 12:02:01.976    app     info:    [server-manager] Downloaded 231.68 MiB/4.83 GiB at 404.82 kiB/s
2025-06-04 12:02:02.990    app     info:    [server-manager] Downloaded 232.50 MiB/4.83 GiB at 853.75 kiB/s
2025-06-04 12:02:04.022    app     info:    [server-manager] Downloaded 233.33 MiB/4.83 GiB at 852.23 kiB/s
2025-06-04 12:02:05.075    app     info:    [server-manager] Downloaded 233.92 MiB/4.83 GiB at 406.07 kiB/s
2025-06-04 12:02:06.101    app     info:    [server-manager] Downloaded 234.46 MiB/4.83 GiB at 638.31 kiB/s
2025-06-04 12:02:07.130    app     info:    [server-manager] Downloaded 235.12 MiB/4.83 GiB at 761.90 kiB/s
2025-06-04 12:02:08.160    app     info:    [server-manager] Downloaded 235.95 MiB/4.83 GiB at 802.52 kiB/s
2025-06-04 12:02:09.176    app     info:    [server-manager] Downloaded 236.81 MiB/4.83 GiB at 792.08 kiB/s
2025-06-04 12:02:10.189    app     info:    [server-manager] Downloaded 237.60 MiB/4.83 GiB at 992.78 kiB/s
2025-06-04 12:02:11.201    app     info:    [server-manager] Downloaded 238.39 MiB/4.83 GiB at 705.61 kiB/s
2025-06-04 12:02:12.235    app     info:    [server-manager] Downloaded 239.19 MiB/4.83 GiB at 742.65 kiB/s
2025-06-04 12:02:13.173    app     info:    [customer-information] Getting character information for '31367691' on 'tranquility'
2025-06-04 12:02:13.267    app     info:    [server-manager] Downloaded 240.05 MiB/4.83 GiB at 844.62 kiB/s
2025-06-04 12:02:14.294    app     info:    [server-manager] Downloaded 240.92 MiB/4.83 GiB at 887.19 kiB/s
2025-06-04 12:02:15.351    app     info:    [server-manager] Downloaded 241.72 MiB/4.83 GiB at 734.53 kiB/s
2025-06-04 12:02:16.376    app     info:    [server-manager] Downloaded 242.41 MiB/4.83 GiB at 1,001.31 kiB/s
2025-06-04 12:02:17.384    app     info:    [server-manager] Downloaded 243.00 MiB/4.83 GiB at 484.85 kiB/s
2025-06-04 12:02:18.208    app     info:    [self-update] Checking for application updates.
2025-06-04 12:02:18.459    app     info:    [server-manager] Downloaded 243.83 MiB/4.83 GiB at 1.05 MiB/s
2025-06-04 12:02:19.610    app     info:    [server-manager] Downloaded 244.73 MiB/4.83 GiB at 805.88 kiB/s
2025-06-04 12:02:20.629    app     info:    [server-manager] Downloaded 245.58 MiB/4.83 GiB at 416.00 kiB/s
2025-06-04 12:02:21.642    app     info:    [server-manager] Downloaded 246.28 MiB/4.83 GiB at 637.99 kiB/s
2025-06-04 12:02:22.669    app     info:    [server-manager] Downloaded 247.19 MiB/4.83 GiB at 805.80 kiB/s
2025-06-04 12:02:22.884    app     info:    [self-update] No application updates were found.
2025-06-04 12:02:23.690    app     info:    [server-manager] Downloaded 247.94 MiB/4.83 GiB at 1.14 MiB/s
2025-06-04 12:02:24.723    app     info:    [server-manager] Downloaded 248.83 MiB/4.83 GiB at 718.81 kiB/s
2025-06-04 12:02:25.739    app     info:    [server-manager] Downloaded 249.71 MiB/4.83 GiB at 1,011.96 kiB/s
2025-06-04 12:02:26.752    app     info:    [server-manager] Downloaded 250.61 MiB/4.83 GiB at 734.53 kiB/s
2025-06-04 12:02:27.786    app     info:    [server-manager] Downloaded 251.32 MiB/4.83 GiB at 682.88 kiB/s
2025-06-04 12:02:28.820    app     info:    [server-manager] Downloaded 251.94 MiB/4.83 GiB at 384.00 kiB/s
2025-06-04 12:02:29.828    app     info:    [server-manager] Downloaded 252.76 MiB/4.83 GiB at 906.25 kiB/s
2025-06-04 12:02:30.859    app     info:    [server-manager] Downloaded 253.48 MiB/4.83 GiB at 399.35 kiB/s
2025-06-04 12:02:31.875    app     info:    [server-manager] Downloaded 254.31 MiB/4.83 GiB at 869.30 kiB/s
2025-06-04 12:02:32.890    app     info:    [server-manager] Downloaded 255.11 MiB/4.83 GiB at 435.63 kiB/s
2025-06-04 12:02:33.900    app     info:    [server-manager] Downloaded 255.88 MiB/4.83 GiB at 1.15 MiB/s
2025-06-04 12:02:34.919    app     info:    [server-manager] Downloaded 256.73 MiB/4.83 GiB at 1,005.71 kiB/s
2025-06-04 12:02:35.977    app     info:    [server-manager] Downloaded 257.39 MiB/4.83 GiB at 295.38 kiB/s
2025-06-04 12:02:37.013    app     info:    [server-manager] Downloaded 258.19 MiB/4.83 GiB at 786.85 kiB/s
2025-06-04 12:02:38.030    app     info:    [server-manager] Downloaded 259.05 MiB/4.83 GiB at 806.20 kiB/s
2025-06-04 12:02:39.046    app     info:    [server-manager] Downloaded 259.89 MiB/4.83 GiB at 939.96 kiB/s
2025-06-04 12:02:40.045    app     info:    [server-manager] Downloaded 260.71 MiB/4.83 GiB at 792.62 kiB/s
2025-06-04 12:02:41.068    app     info:    [server-manager] Downloaded 261.68 MiB/4.83 GiB at 887.26 kiB/s
2025-06-04 12:02:42.109    app     info:    [server-manager] Downloaded 262.56 MiB/4.83 GiB at 861.44 kiB/s
2025-06-04 12:02:43.138    app     info:    [server-manager] Downloaded 263.46 MiB/4.83 GiB at 746.67 kiB/s
2025-06-04 12:02:44.152    app     info:    [server-manager] Downloaded 264.30 MiB/4.83 GiB at 896.86 kiB/s
2025-06-04 12:02:45.166    app     info:    [server-manager] Downloaded 265.05 MiB/4.83 GiB at 539.33 kiB/s
2025-06-04 12:02:46.236    app     info:    [server-manager] Downloaded 265.69 MiB/4.83 GiB at 638.21 kiB/s
2025-06-04 12:02:47.262    app     info:    [server-manager] Downloaded 266.57 MiB/4.83 GiB at 911.20 kiB/s
2025-06-04 12:02:48.286    app     info:    [server-manager] Downloaded 267.40 MiB/4.83 GiB at 710.42 kiB/s
2025-06-04 12:02:49.317    app     info:    [server-manager] Downloaded 268.07 MiB/4.83 GiB at 815.09 kiB/s
2025-06-04 12:02:50.358    app     info:    [server-manager] Downloaded 268.97 MiB/4.83 GiB at 384.00 kiB/s
2025-06-04 12:02:51.371    app     info:    [server-manager] Downloaded 269.80 MiB/4.83 GiB at 699.50 kiB/s
2025-06-04 12:02:52.395    app     info:    [server-manager] Downloaded 270.74 MiB/4.83 GiB at 830.63 kiB/s
2025-06-04 12:02:53.424    app     info:    [server-manager] Downloaded 271.65 MiB/4.83 GiB at 862.15 kiB/s
2025-06-04 12:02:54.446    app     info:    [server-manager] Downloaded 272.40 MiB/4.83 GiB at 815.54 kiB/s
2025-06-04 12:02:55.477    app     info:    [server-manager] Downloaded 273.36 MiB/4.83 GiB at 913.34 kiB/s
2025-06-04 12:02:56.517    app     info:    [server-manager] Downloaded 274.21 MiB/4.83 GiB at 904.36 kiB/s
2025-06-04 12:02:57.546    app     info:    [server-manager] Downloaded 275.08 MiB/4.83 GiB at 1.24 MiB/s
2025-06-04 12:02:58.573    app     info:    [server-manager] Downloaded 275.99 MiB/4.83 GiB at 918.81 kiB/s
2025-06-04 12:02:59.584    app     info:    [server-manager] Downloaded 276.82 MiB/4.83 GiB at 793.33 kiB/s
2025-06-04 12:03:00.639    app     info:    [server-manager] Downloaded 277.61 MiB/4.83 GiB at 717.99 kiB/s
2025-06-04 12:03:01.661    app     info:    [server-manager] Downloaded 278.46 MiB/4.83 GiB at 888.70 kiB/s
2025-06-04 12:03:02.675    app     info:    [server-manager] Downloaded 279.27 MiB/4.83 GiB at 761.96 kiB/s
2025-06-04 12:03:03.699    app     info:    [server-manager] Downloaded 280.08 MiB/4.83 GiB at 688.10 kiB/s
2025-06-04 12:03:04.724    app     info:    [server-manager] Downloaded 280.82 MiB/4.83 GiB at 735.63 kiB/s
2025-06-04 12:03:05.803    app     info:    [server-manager] Downloaded 281.55 MiB/4.83 GiB at 795.23 kiB/s
2025-06-04 12:03:06.849    app     info:    [server-manager] Downloaded 282.37 MiB/4.83 GiB at 678.97 kiB/s
2025-06-04 12:03:07.922    app     info:    [server-manager] Downloaded 283.20 MiB/4.83 GiB at 793.72 kiB/s
2025-06-04 12:03:08.936    app     info:    [server-manager] Downloaded 283.97 MiB/4.83 GiB at 915.19 kiB/s
2025-06-04 12:03:09.948    app     info:    [server-manager] Downloaded 284.84 MiB/4.83 GiB at 1.01 MiB/s
2025-06-04 12:03:10.977    app     info:    [server-manager] Downloaded 285.72 MiB/4.83 GiB at 921.56 kiB/s
2025-06-04 12:03:11.995    app     info:    [server-manager] Downloaded 286.50 MiB/4.83 GiB at 960.33 kiB/s
2025-06-04 12:03:13.012    app     info:    [server-manager] Downloaded 287.43 MiB/4.83 GiB at 895.71 kiB/s
2025-06-04 12:03:13.175    app     info:    [authentication] Token for '31367691' on 'tranquility' is expired, refresh is required
2025-06-04 12:03:13.176    app     info:    [authentication] Refreshing token for '31367691' on 'tranquility'
2025-06-04 12:03:14.063    app     info:    [server-manager] Downloaded 288.14 MiB/4.83 GiB at 805.62 kiB/s
2025-06-04 12:03:15.076    app     info:    [server-manager] Downloaded 288.84 MiB/4.83 GiB at 822.13 kiB/s
2025-06-04 12:03:16.136    app     info:    [server-manager] Downloaded 289.74 MiB/4.83 GiB at 733.47 kiB/s
2025-06-04 12:03:17.156    app     info:    [server-manager] Downloaded 290.55 MiB/4.83 GiB at 906.56 kiB/s
2025-06-04 12:03:18.167    app     info:    [server-manager] Downloaded 291.36 MiB/4.83 GiB at 894.21 kiB/s
2025-06-04 12:03:19.221    app     info:    [server-manager] Downloaded 292.08 MiB/4.83 GiB at 827.59 kiB/s
2025-06-04 12:03:20.269    app     info:    [server-manager] Downloaded 292.85 MiB/4.83 GiB at 752.82 kiB/s
2025-06-04 12:03:20.715    app     info:    [authentication] Token for '31367691' on 'tranquility' has been successfully refreshed
2025-06-04 12:03:20.722    app     info:    [quasar-elg-events] Queueing event    eve_launcher.electron.authentication.UserTokensRefreshed
2025-06-04 12:03:20.757    app     info:    [quasar-elg-events] Event sent    type.evetech.net/eve_launcher.electron.authentication.UserTokensRefreshed
2025-06-04 12:03:20.758    app     info:    [customer-information] Getting character information for '31367691' on 'tranquility'
2025-06-04 12:03:21.326    app     info:    [server-manager] Downloaded 293.73 MiB/4.83 GiB at 897.93 kiB/s
2025-06-04 12:03:22.334    app     info:    [server-manager] Downloaded 294.59 MiB/4.83 GiB at 909.80 kiB/s
2025-06-04 12:03:23.358    app     info:    [server-manager] Downloaded 295.53 MiB/4.83 GiB at 892.41 kiB/s
2025-06-04 12:03:24.419    app     info:    [server-manager] Downloaded 296.33 MiB/4.83 GiB at 883.20 kiB/s
2025-06-04 12:03:25.444    app     info:    [server-manager] Downloaded 297.11 MiB/4.83 GiB at 747.64 kiB/s
2025-06-04 12:03:26.457    app     info:    [server-manager] Downloaded 297.85 MiB/4.83 GiB at 649.65 kiB/s
2025-06-04 12:03:27.481    app     info:    [server-manager] Downloaded 298.65 MiB/4.83 GiB at 600.00 kiB/s
2025-06-04 12:03:28.573    app     info:    [server-manager] Downloaded 299.57 MiB/4.83 GiB at 1,011.49 kiB/s
2025-06-04 12:03:29.585    app     info:    [server-manager] Downloaded 300.38 MiB/4.83 GiB at 1.17 MiB/s
2025-06-04 12:03:30.606    app     info:    [server-manager] Downloaded 301.25 MiB/4.83 GiB at 870.22 kiB/s
2025-06-04 12:03:31.667    app     info:    [server-manager] Downloaded 302.05 MiB/4.83 GiB at 447.11 kiB/s
2025-06-04 12:03:32.683    app     info:    [server-manager] Downloaded 302.93 MiB/4.83 GiB at 961.24 kiB/s
2025-06-04 12:03:33.723    app     info:    [server-manager] Downloaded 303.73 MiB/4.83 GiB at 758.66 kiB/s
2025-06-04 12:03:34.753    app     info:    [server-manager] Downloaded 304.64 MiB/4.83 GiB at 918.66 kiB/s
2025-06-04 12:03:35.762    app     info:    [server-manager] Downloaded 305.53 MiB/4.83 GiB at 917.20 kiB/s
2025-06-04 12:03:36.783    app     info:    [server-manager] Downloaded 306.19 MiB/4.83 GiB at 733.07 kiB/s
2025-06-04 12:03:37.805    app     info:    [server-manager] Downloaded 307.04 MiB/4.83 GiB at 952.38 kiB/s
2025-06-04 12:03:38.826    app     info:    [server-manager] Downloaded 307.98 MiB/4.83 GiB at 872.44 kiB/s
2025-06-04 12:03:39.866    app     info:    [server-manager] Downloaded 308.86 MiB/4.83 GiB at 766.47 kiB/s
2025-06-04 12:03:40.883    app     info:    [server-manager] Downloaded 309.72 MiB/4.83 GiB at 915.19 kiB/s
2025-06-04 12:03:41.907    app     info:    [server-manager] Downloaded 310.60 MiB/4.83 GiB at 774.96 kiB/s
2025-06-04 12:03:42.914    app     info:    [server-manager] Downloaded 311.41 MiB/4.83 GiB at 890.66 kiB/s
2025-06-04 12:03:43.945    app     info:    [server-manager] Downloaded 312.15 MiB/4.83 GiB at 565.96 kiB/s
2025-06-04 12:03:44.987    app     info:    [server-manager] Downloaded 313.02 MiB/4.83 GiB at 1,017.70 kiB/s
2025-06-04 12:03:45.688    app     info:    [save-as] Retrying download of https://resources.eveonline.com/bundles/2929428/resfileindex_prefetch_2929428.txt.bundle.23 (attempt 1) Error occurred while saving file to disk 'C:\Games\EVE\ResFiles\bundles\2929428\.resfileindex_prefetch_2929428.txt.bundle.23.tmp'
Request timed out    S [SaveAsError]: Error occurred while saving file to disk 'C:\Games\EVE\ResFiles\bundles\2929428\.resfileindex_prefetch_2929428.txt.bundle.23.tmp'
Request timed out
    at S.from (C:\Program Files (x86)\Steam\steamapps\common\Eve Online\app-1.10.1\resources\app.asar\.webpack\main\index.js:8:2344035)
    at v.<anonymous> (C:\Program Files (x86)\Steam\steamapps\common\Eve Online\app-1.10.1\resources\app.asar\.webpack\main\index.js:8:1871836)
    at v.emit (node:events:518:28)
    at v.emitError (C:\Program Files (x86)\Steam\steamapps\common\Eve Online\app-1.10.1\resources\app.asar\.webpack\main\index.js:8:2668272)
    at ClientRequest.<anonymous> (C:\Program Files (x86)\Steam\steamapps\common\Eve Online\app-1.10.1\resources\app.asar\.webpack\main\index.js:8:2667225)
    at ClientRequest.emit (node:events:530:35)
    at emitErrorEvent (node:_http_client:104:11)
    at TLSSocket.socketErrorListener (node:_http_client:518:5)
    at TLSSocket.emit (node:events:518:28)
    at emitErrorNT (node:internal/streams/destroy:170:8) {
  cause: p [RequestTimeoutError]: Request timed out
      at ClientRequest.<anonymous> (C:\Program Files (x86)\Steam\steamapps\common\Eve Online\app-1.10.1\resources\app.asar\.webpack\main\index.js:8:2667365)
      at ClientRequest.emit (node:events:530:35)
      at TLSSocket.emitRequestTimeout (node:_http_client:863:9)
      at Object.onceWrapper (node:events:632:28)
      at TLSSocket.emit (node:events:530:35)
      at Socket._onTimeout (node:net:609:8)
      at listOnTimeout (node:internal/timers:594:17)
      at process.processTimers (node:internal/timers:529:7)
}
2025-06-04 12:03:46.007    app     info:    [server-manager] Downloaded 306.91 MiB/4.83 GiB at 948.62 kiB/s
2025-06-04 12:03:47.036    app     info:    [server-manager] Downloaded 307.75 MiB/4.83 GiB at 907.55 kiB/s
2025-06-04 12:03:48.049    app     info:    [server-manager] Downloaded 308.64 MiB/4.83 GiB at 946.75 kiB/s
2025-06-04 12:03:49.080    app     info:    [server-manager] Downloaded 309.61 MiB/4.83 GiB at 1.04 MiB/s
2025-06-04 12:03:50.122    app     info:    [server-manager] Downloaded 310.58 MiB/4.83 GiB at 894.21 kiB/s
2025-06-04 12:03:51.129    app     info:    [server-manager] Downloaded 311.46 MiB/4.83 GiB at 827.04 kiB/s
2025-06-04 12:03:52.138    app     info:    [server-manager] Downloaded 312.34 MiB/4.83 GiB at 1,004.68 kiB/s
2025-06-04 12:03:53.157    app     info:    [server-manager] Downloaded 313.07 MiB/4.83 GiB at 850.39 kiB/s
2025-06-04 12:03:54.187    app     info:    [server-manager] Downloaded 313.85 MiB/4.83 GiB at 820.25 kiB/s
2025-06-04 12:03:55.195    app     info:    [server-manager] Downloaded 314.73 MiB/4.83 GiB at 823.76 kiB/s
2025-06-04 12:03:56.222    app     info:    [server-manager] Downloaded 315.60 MiB/4.83 GiB at 904.09 kiB/s
2025-06-04 12:03:57.233    app     info:    [server-manager] Downloaded 316.48 MiB/4.83 GiB at 942.97 kiB/s
2025-06-04 12:03:58.255    app     info:    [server-manager] Downloaded 317.44 MiB/4.83 GiB at 864.00 kiB/s
2025-06-04 12:03:59.286    app     info:    [server-manager] Downloaded 318.23 MiB/4.83 GiB at 894.21 kiB/s
2025-06-04 12:04:00.331    app     info:    [server-manager] Downloaded 319.08 MiB/4.83 GiB at 748.01 kiB/s
2025-06-04 12:04:01.340    app     info:    [server-manager] Downloaded 319.87 MiB/4.83 GiB at 683.50 kiB/s
2025-06-04 12:04:02.360    app     info:    [server-manager] Downloaded 320.67 MiB/4.83 GiB at 807.77 kiB/s
2025-06-04 12:04:03.389    app     info:    [server-manager] Downloaded 321.38 MiB/4.83 GiB at 724.42 kiB/s
2025-06-04 12:04:04.411    app     info:    [server-manager] Downloaded 322.18 MiB/4.83 GiB at 848.72 kiB/s
2025-06-04 12:04:05.447    app     info:    [server-manager] Downloaded 323.05 MiB/4.83 GiB at 787.40 kiB/s
2025-06-04 12:04:06.477    app     info:    [server-manager] Downloaded 323.90 MiB/4.83 GiB at 898.82 kiB/s
2025-06-04 12:04:07.509    app     info:    [server-manager] Downloaded 324.74 MiB/4.83 GiB at 825.40 kiB/s
2025-06-04 12:04:08.524    app     info:    [server-manager] Downloaded 325.66 MiB/4.83 GiB at 894.21 kiB/s
2025-06-04 12:04:09.569    app     info:    [server-manager] Downloaded 326.52 MiB/4.83 GiB at 853.13 kiB/s
2025-06-04 12:04:10.602    app     info:    [server-manager] Downloaded 327.30 MiB/4.83 GiB at 873.00 kiB/s
2025-06-04 12:04:11.695    app     info:    [server-manager] Downloaded 328.03 MiB/4.83 GiB at 810.43 kiB/s
2025-06-04 12:04:12.730    app     info:    [server-manager] Downloaded 328.91 MiB/4.83 GiB at 809.03 kiB/s
2025-06-04 12:04:13.169    app     info:    [customer-information] Getting character information for '31367691' on 'tranquility'
2025-06-04 12:04:13.744    app     info:    [server-manager] Downloaded 329.70 MiB/4.83 GiB at 760.40 kiB/s
2025-06-04 12:04:14.788    app     info:    [server-manager] Downloaded 330.62 MiB/4.83 GiB at 223.55 kiB/s
2025-06-04 12:04:15.808    app     info:    [server-manager] Downloaded 331.49 MiB/4.83 GiB at 967.45 kiB/s
2025-06-04 12:04:16.825    app     info:    [server-manager] Downloaded 332.35 MiB/4.83 GiB at 883.63 kiB/s
2025-06-04 12:04:17.847    app     info:    [server-manager] Downloaded 333.21 MiB/4.83 GiB at 878.38 kiB/s
2025-06-04 12:04:18.879    app     info:    [server-manager] Downloaded 334.04 MiB/4.83 GiB at 837.21 kiB/s
2025-06-04 12:04:19.917    app     info:    [server-manager] Downloaded 334.91 MiB/4.83 GiB at 810.79 kiB/s
2025-06-04 12:04:20.950    app     info:    [server-manager] Downloaded 335.73 MiB/4.83 GiB at 702.29 kiB/s
2025-06-04 12:04:22.007    app     info:    [server-manager] Downloaded 336.60 MiB/4.83 GiB at 798.52 kiB/s
2025-06-04 12:04:23.050    app     info:    [server-manager] Downloaded 337.47 MiB/4.83 GiB at 767.75 kiB/s
2025-06-04 12:04:24.076    app     info:    [server-manager] Downloaded 338.28 MiB/4.83 GiB at 416.00 kiB/s
2025-06-04 12:04:25.109    app     info:    [server-manager] Downloaded 339.13 MiB/4.83 GiB at 796.81 kiB/s
2025-06-04 12:04:26.124    app     info:    [server-manager] Downloaded 339.73 MiB/4.83 GiB at 670.36 kiB/s
2025-06-04 12:04:27.135    app     info:    [server-manager] Downloaded 340.41 MiB/4.83 GiB at 721.57 kiB/s
2025-06-04 12:04:28.191    app     info:    [server-manager] Downloaded 341.16 MiB/4.83 GiB at 724.81 kiB/s
2025-06-04 12:04:29.204    app     info:    [server-manager] Downloaded 341.86 MiB/4.83 GiB at 723.91 kiB/s
2025-06-04 12:04:30.227    app     info:    [server-manager] Downloaded 342.52 MiB/4.83 GiB at 639.38 kiB/s
2025-06-04 12:04:31.236    app     info:    [server-manager] Downloaded 343.21 MiB/4.83 GiB at 629.66 kiB/s
2025-06-04 12:04:32.253    app     info:    [server-manager] Downloaded 343.98 MiB/4.83 GiB at 710.42 kiB/s
2025-06-04 12:04:33.263    app     info:    [server-manager] Downloaded 344.88 MiB/4.83 GiB at 416.00 kiB/s
2025-06-04 12:04:34.293    app     info:    [server-manager] Downloaded 345.72 MiB/4.83 GiB at 844.93 kiB/s
2025-06-04 12:04:35.320    app     info:    [server-manager] Downloaded 346.52 MiB/4.83 GiB at 736.08 kiB/s
2025-06-04 12:04:36.337    app     info:    [server-manager] Downloaded 347.33 MiB/4.83 GiB at 857.78 kiB/s
2025-06-04 12:04:37.348    app     info:    [server-manager] Downloaded 348.13 MiB/4.83 GiB at 878.11 kiB/s
2025-06-04 12:04:38.360    app     info:    [server-manager] Downloaded 348.84 MiB/4.83 GiB at 748.52 kiB/s
2025-06-04 12:04:39.388    app     info:    [server-manager] Downloaded 349.65 MiB/4.83 GiB at 363.52 kiB/s
2025-06-04 12:04:40.410    app     info:    [server-manager] Downloaded 350.47 MiB/4.83 GiB at 870.79 kiB/s
2025-06-04 12:04:41.446    app     info:    [server-manager] Downloaded 351.22 MiB/4.83 GiB at 864.00 kiB/s
2025-06-04 12:04:42.480    app     info:    [server-manager] Downloaded 352.00 MiB/4.83 GiB at 320.00 kiB/s
2025-06-04 12:04:43.492    app     info:    [server-manager] Downloaded 352.79 MiB/4.83 GiB at 802.52 kiB/s
2025-06-04 12:04:44.550    app     info:    [server-manager] Downloaded 353.61 MiB/4.83 GiB at 822.00 kiB/s
2025-06-04 12:04:45.569    app     info:    [server-manager] Downloaded 354.37 MiB/4.83 GiB at 668.43 kiB/s
2025-06-04 12:04:46.604    app     info:    [server-manager] Downloaded 355.25 MiB/4.83 GiB at 911.59 kiB/s
2025-06-04 12:04:47.635    app     info:    [server-manager] Downloaded 356.04 MiB/4.83 GiB at 672.80 kiB/s
2025-06-04 12:04:48.675    app     info:    [server-manager] Downloaded 356.80 MiB/4.83 GiB at 806.84 kiB/s
2025-06-04 12:04:49.710    app     info:    [server-manager] Downloaded 357.63 MiB/4.83 GiB at 697.03 kiB/s
2025-06-04 12:04:50.728    app     info:    [server-manager] Downloaded 358.39 MiB/4.83 GiB at 736.00 kiB/s
2025-06-04 12:04:51.756    app     info:    [server-manager] Downloaded 359.13 MiB/4.83 GiB at 734.53 kiB/s
2025-06-04 12:04:52.763    app     info:    [server-manager] Downloaded 359.97 MiB/4.83 GiB at 931.27 kiB/s
2025-06-04 12:04:53.793    app     info:    [server-manager] Downloaded 360.73 MiB/4.83 GiB at 876.71 kiB/s
2025-06-04 12:04:54.850    app     info:    [server-manager] Downloaded 361.48 MiB/4.83 GiB at 784.62 kiB/s
2025-06-04 12:04:55.891    app     info:    [server-manager] Downloaded 362.29 MiB/4.83 GiB at 783.91 kiB/s
2025-06-04 12:04:56.974    app     info:    [server-manager] Downloaded 363.05 MiB/4.83 GiB at 1.24 MiB/s
2025-06-04 12:04:57.984    app     info:    [server-manager] Downloaded 363.86 MiB/4.83 GiB at 911.59 kiB/s
2025-06-04 12:04:58.992    app     info:    [server-manager] Downloaded 364.59 MiB/4.83 GiB at 821.03 kiB/s
2025-06-04 12:05:00.046    app     info:    [server-manager] Downloaded 365.36 MiB/4.83 GiB at 752.94 kiB/s
2025-06-04 12:05:01.102    app     info:    [server-manager] Downloaded 366.06 MiB/4.83 GiB at 693.03 kiB/s
2025-06-04 12:05:02.178    app     info:    [server-manager] Downloaded 366.69 MiB/4.83 GiB at 774.67 kiB/s
2025-06-04 12:05:03.193    app     info:    [server-manager] Downloaded 367.38 MiB/4.83 GiB at 697.19 kiB/s
2025-06-04 12:05:04.228    app     info:    [server-manager] Downloaded 368.01 MiB/4.83 GiB at 596.08 kiB/s
2025-06-04 12:05:05.257    app     info:    [server-manager] Downloaded 368.72 MiB/4.83 GiB at 680.39 kiB/s
2025-06-04 12:05:06.273    app     info:    [server-manager] Downloaded 369.52 MiB/4.83 GiB at 800.00 kiB/s
2025-06-04 12:05:07.317    app     info:    [server-manager] Downloaded 370.29 MiB/4.83 GiB at 878.10 kiB/s
2025-06-04 12:05:08.331    app     info:    [server-manager] Downloaded 370.90 MiB/4.83 GiB at 512.59 kiB/s
2025-06-04 12:05:09.392    app     info:    [server-manager] Downloaded 371.61 MiB/4.83 GiB at 689.00 kiB/s
2025-06-04 12:05:10.453    app     info:    [server-manager] Downloaded 372.36 MiB/4.83 GiB at 708.84 kiB/s
2025-06-04 12:05:11.508    app     info:    [server-manager] Downloaded 373.07 MiB/4.83 GiB at 1.15 MiB/s
2025-06-04 12:05:12.525    app     info:    [server-manager] Downloaded 373.76 MiB/4.83 GiB at 730.11 kiB/s
2025-06-04 12:05:13.170    app     info:    [customer-information] Getting character information for '31367691' on 'tranquility'
2025-06-04 12:05:13.170    app     info:    [customer-information] Getting Omega status for '31367691' on 'tranquility' (eve-online)
2025-06-04 12:05:13.547    app     info:    [server-manager] Downloaded 374.40 MiB/4.83 GiB at 611.85 kiB/s
2025-06-04 12:05:14.605    app     info:    [server-manager] Downloaded 374.92 MiB/4.83 GiB at 681.36 kiB/s
2025-06-04 12:05:15.636    app     info:    [server-manager] Downloaded 375.62 MiB/4.83 GiB at 559.22 kiB/s
2025-06-04 12:05:16.666    app     info:    [server-manager] Downloaded 376.31 MiB/4.83 GiB at 473.53 kiB/s
2025-06-04 12:05:17.677    app     info:    [server-manager] Downloaded 376.95 MiB/4.83 GiB at 631.16 kiB/s
2025-06-04 12:05:18.703    app     info:    [server-manager] Downloaded 377.50 MiB/4.83 GiB at 561.40 kiB/s
2025-06-04 12:05:19.727    app     info:    [server-manager] Downloaded 378.29 MiB/4.83 GiB at 1.04 MiB/s
2025-06-04 12:05:20.769    app     info:    [server-manager] Downloaded 378.95 MiB/4.83 GiB at 533.30 kiB/s
2025-06-04 12:05:21.785    app     info:    [server-manager] Downloaded 379.79 MiB/4.83 GiB at 491.27 kiB/s
2025-06-04 12:05:22.805    app     info:    [server-manager] Downloaded 380.66 MiB/4.83 GiB at 620.16 kiB/s
2025-06-04 12:05:23.832    app     info:    [server-manager] Downloaded 381.47 MiB/4.83 GiB at 802.68 kiB/s
2025-06-04 12:05:24.870    app     info:    [server-manager] Downloaded 382.26 MiB/4.83 GiB at 672.76 kiB/s
2025-06-04 12:05:25.934    app     info:    [server-manager] Downloaded 382.79 MiB/4.83 GiB at 652.41 kiB/s
2025-06-04 12:05:26.950    app     info:    [server-manager] Downloaded 383.42 MiB/4.83 GiB at 517.11 kiB/s
2025-06-04 12:05:27.973    app     info:    [server-manager] Downloaded 384.17 MiB/4.83 GiB at 654.51 kiB/s
2025-06-04 12:05:29.044    app     info:    [server-manager] Downloaded 385.00 MiB/4.83 GiB at 858.24 kiB/s
2025-06-04 12:05:30.084    app     info:    [server-manager] Downloaded 385.83 MiB/4.83 GiB at 763.49 kiB/s
2025-06-04 12:05:31.109    app     info:    [server-manager] Downloaded 386.72 MiB/4.83 GiB at 1.21 MiB/s
2025-06-04 12:05:32.121    app     info:    [server-manager] Downloaded 387.64 MiB/4.83 GiB at 978.15 kiB/s
2025-06-04 12:05:33.132    app     info:    [server-manager] Downloaded 388.50 MiB/4.83 GiB at 447.11 kiB/s
2025-06-04 12:05:34.141    app     info:    [server-manager] Downloaded 389.32 MiB/4.83 GiB at 959.92 kiB/s
2025-06-04 12:05:35.150    app     info:    [server-manager] Downloaded 390.13 MiB/4.83 GiB at 792.08 kiB/s
2025-06-04 12:05:36.168    app     info:    [server-manager] Downloaded 390.91 MiB/4.83 GiB at 888.38 kiB/s
2025-06-04 12:05:37.208    app     info:    [server-manager] Downloaded 391.57 MiB/4.83 GiB at 629.21 kiB/s
2025-06-04 12:05:38.265    app     info:    [server-manager] Downloaded 392.30 MiB/4.83 GiB at 352.00 kiB/s
2025-06-04 12:05:39.290    app     info:    [server-manager] Downloaded 393.13 MiB/4.83 GiB at 892.31 kiB/s
2025-06-04 12:05:40.318    app     info:    [server-manager] Downloaded 393.67 MiB/4.83 GiB at 525.10 kiB/s
2025-06-04 12:05:41.364    app     info:    [server-manager] Downloaded 394.47 MiB/4.83 GiB at 731.91 kiB/s
2025-06-04 12:05:42.374    app     info:    [server-manager] Downloaded 395.30 MiB/4.83 GiB at 717.35 kiB/s
2025-06-04 12:05:43.391    app     info:    [server-manager] Downloaded 396.20 MiB/4.83 GiB at 813.34 kiB/s
2025-06-04 12:05:44.425    app     info:    [server-manager] Downloaded 396.96 MiB/4.83 GiB at 724.53 kiB/s
2025-06-04 12:05:45.511    app     info:    [server-manager] Downloaded 397.67 MiB/4.83 GiB at 1.10 MiB/s
2025-06-04 12:05:46.525    app     info:    [server-manager] Downloaded 398.31 MiB/4.83 GiB at 646.15 kiB/s
2025-06-04 12:05:47.573    app     info:    [server-manager] Downloaded 399.06 MiB/4.83 GiB at 722.50 kiB/s
2025-06-04 12:05:48.618    app     info:    [server-manager] Downloaded 399.86 MiB/4.83 GiB at 746.02 kiB/s
2025-06-04 12:05:49.645    app     info:    [server-manager] Downloaded 400.61 MiB/4.83 GiB at 913.19 kiB/s
2025-06-04 12:05:50.674    app     info:    [server-manager] Downloaded 401.43 MiB/4.83 GiB at 906.25 kiB/s
2025-06-04 12:05:51.713    app     info:    [server-manager] Downloaded 402.19 MiB/4.83 GiB at 779.26 kiB/s
2025-06-04 12:05:52.727    app     info:    [server-manager] Downloaded 402.92 MiB/4.83 GiB at 661.75 kiB/s
2025-06-04 12:05:53.754    app     info:    [server-manager] Downloaded 403.65 MiB/4.83 GiB at 1.07 MiB/s
2025-06-04 12:05:54.762    app     info:    [server-manager] Downloaded 404.52 MiB/4.83 GiB at 971.16 kiB/s
2025-06-04 12:05:55.821    app     info:    [server-manager] Downloaded 405.32 MiB/4.83 GiB at 793.65 kiB/s
2025-06-04 12:05:56.833    app     info:    [server-manager] Downloaded 406.16 MiB/4.83 GiB at 796.93 kiB/s
2025-06-04 12:05:57.855    app     info:    [server-manager] Downloaded 406.91 MiB/4.83 GiB at 736.00 kiB/s
2025-06-04 12:05:58.857    app     info:    [server-manager] Downloaded 407.62 MiB/4.83 GiB at 780.94 kiB/s
2025-06-04 12:05:59.868    app     info:    [server-manager] Downloaded 408.38 MiB/4.83 GiB at 683.50 kiB/s
2025-06-04 12:06:00.883    app     info:    [server-manager] Downloaded 409.17 MiB/4.83 GiB at 932.79 kiB/s
2025-06-04 12:06:01.915    app     info:    [server-manager] Downloaded 410.06 MiB/4.83 GiB at 880.03 kiB/s
2025-06-04 12:06:02.925    app     info:    [server-manager] Downloaded 410.81 MiB/4.83 GiB at 753.13 kiB/s
2025-06-04 12:06:03.954    app     info:    [server-manager] Downloaded 411.47 MiB/4.83 GiB at 573.48 kiB/s
2025-06-04 12:06:05.014    app     info:    [server-manager] Downloaded 412.20 MiB/4.83 GiB at 724.53 kiB/s
2025-06-04 12:06:06.049    app     info:    [server-manager] Downloaded 412.96 MiB/4.83 GiB at 750.00 kiB/s
2025-06-04 12:06:07.070    app     info:    [server-manager] Downloaded 413.73 MiB/4.83 GiB at 702.59 kiB/s
2025-06-04 12:06:08.079    app     info:    [server-manager] Downloaded 414.59 MiB/4.83 GiB at 957.12 kiB/s
2025-06-04 12:06:09.130    app     info:    [server-manager] Downloaded 415.42 MiB/4.83 GiB at 807.12 kiB/s
2025-06-04 12:06:10.170    app     info:    [server-manager] Downloaded 416.30 MiB/4.83 GiB at 866.61 kiB/s
2025-06-04 12:06:11.196    app     info:    [server-manager] Downloaded 417.09 MiB/4.83 GiB at 371.63 kiB/s
2025-06-04 12:06:12.205    app     info:    [server-manager] Downloaded 417.98 MiB/4.83 GiB at 861.23 kiB/s
2025-06-04 12:06:13.177    app     info:    [customer-information] Getting character information for '31367691' on 'tranquility'
2025-06-04 12:06:13.237    app     info:    [server-manager] Downloaded 418.87 MiB/4.83 GiB at 742.12 kiB/s
2025-06-04 12:06:14.290    app     info:    [server-manager] Downloaded 419.64 MiB/4.83 GiB at 1.15 MiB/s
2025-06-04 12:06:15.304    app     info:    [server-manager] Downloaded 420.48 MiB/4.83 GiB at 835.98 kiB/s
2025-06-04 12:06:16.336    app     info:    [server-manager] Downloaded 421.34 MiB/4.83 GiB at 928.43 kiB/s
2025-06-04 12:06:17.367    app     info:    [server-manager] Downloaded 422.12 MiB/4.83 GiB at 626.22 kiB/s
2025-06-04 12:06:18.391    app     info:    [server-manager] Downloaded 422.82 MiB/4.83 GiB at 680.26 kiB/s
2025-06-04 12:06:19.416    app     info:    [server-manager] Downloaded 423.71 MiB/4.83 GiB at 1.25 MiB/s
2025-06-04 12:06:20.453    app     info:    [server-manager] Downloaded 424.54 MiB/4.83 GiB at 904.22 kiB/s
2025-06-04 12:06:21.467    app     info:    [server-manager] Downloaded 425.34 MiB/4.83 GiB at 796.32 kiB/s
2025-06-04 12:06:22.486    app     info:    [server-manager] Downloaded 425.89 MiB/4.83 GiB at 531.25 kiB/s
2025-06-04 12:06:23.519    app     info:    [server-manager] Downloaded 426.23 MiB/4.83 GiB at 397.71 kiB/s
2025-06-04 12:06:24.540    app     info:    [server-manager] Downloaded 426.87 MiB/4.83 GiB at 319.36 kiB/s
2025-06-04 12:06:25.574    app     info:    [server-manager] Downloaded 427.50 MiB/4.83 GiB at 938.14 kiB/s
2025-06-04 12:06:26.591    app     info:    [server-manager] Downloaded 428.31 MiB/4.83 GiB at 898.88 kiB/s
2025-06-04 12:06:27.602    app     info:    [server-manager] Downloaded 429.09 MiB/4.83 GiB at 859.50 kiB/s
2025-06-04 12:06:28.643    app     info:    [server-manager] Downloaded 429.88 MiB/4.83 GiB at 762.01 kiB/s
2025-06-04 12:06:29.653    app     info:    [server-manager] Downloaded 430.53 MiB/4.83 GiB at 830.85 kiB/s
2025-06-04 12:06:30.670    app     info:    [server-manager] Downloaded 431.32 MiB/4.83 GiB at 892.24 kiB/s
2025-06-04 12:06:31.688    app     info:    [server-manager] Downloaded 432.15 MiB/4.83 GiB at 801.10 kiB/s
2025-06-04 12:06:32.697    app     info:    [server-manager] Downloaded 432.98 MiB/4.83 GiB at 1.04 MiB/s
2025-06-04 12:06:33.721    app     info:    [server-manager] Downloaded 433.88 MiB/4.83 GiB at 920.80 kiB/s
2025-06-04 12:06:34.753    app     info:    [server-manager] Downloaded 434.78 MiB/4.83 GiB at 970.31 kiB/s
2025-06-04 12:06:35.758    app     info:    [server-manager] Downloaded 435.62 MiB/4.83 GiB at 1,005.10 kiB/s
2025-06-04 12:06:36.797    app     info:    [server-manager] Downloaded 436.51 MiB/4.83 GiB at 952.02 kiB/s
2025-06-04 12:06:37.825    app     info:    [server-manager] Downloaded 437.45 MiB/4.83 GiB at 848.72 kiB/s
2025-06-04 12:06:38.857    app     info:    [server-manager] Downloaded 438.09 MiB/4.83 GiB at 674.24 kiB/s
2025-06-04 12:06:39.915    app     info:    [server-manager] Downloaded 439.02 MiB/4.83 GiB at 873.29 kiB/s
2025-06-04 12:06:40.947    app     info:    [server-manager] Downloaded 439.86 MiB/4.83 GiB at 918.81 kiB/s
2025-06-04 12:06:41.956    app     info:    [server-manager] Downloaded 440.73 MiB/4.83 GiB at 957.53 kiB/s
2025-06-04 12:06:43.002    app     info:    [server-manager] Downloaded 441.55 MiB/4.83 GiB at 806.20 kiB/s
2025-06-04 12:06:43.571    app     info:    [scheduler] Stopped scheduler foreground
2025-06-04 12:06:43.602    app     info:    [ipc-requests] Handling requests in the background
2025-06-04 12:06:44.035    app     info:    [server-manager] Downloaded 442.34 MiB/4.83 GiB at 826.57 kiB/s
2025-06-04 12:06:44.605    app     info:    [ipc-requests] No longer handling requests in the background
2025-06-04 12:06:45.041    app     info:    [server-manager] Downloaded 443.15 MiB/4.83 GiB at 848.72 kiB/s
2025-06-04 12:06:46.097    app     info:    [server-manager] Downloaded 444.12 MiB/4.83 GiB at 856.00 kiB/s
2025-06-04 12:06:47.107    app     info:    [server-manager] Downloaded 444.98 MiB/4.83 GiB at 758.96 kiB/s
2025-06-04 12:06:48.132    app     info:    [server-manager] Downloaded 445.86 MiB/4.83 GiB at 787.77 kiB/s
2025-06-04 12:06:49.160    app     info:    [server-manager] Downloaded 446.73 MiB/4.83 GiB at 657.13 kiB/s
2025-06-04 12:06:50.166    app     info:    [server-manager] Downloaded 447.43 MiB/4.83 GiB at 785.85 kiB/s
2025-06-04 12:06:51.205    app     info:    [server-manager] Downloaded 448.15 MiB/4.83 GiB at 787.06 kiB/s
2025-06-04 12:06:52.225    app     info:    [server-manager] Downloaded 449.06 MiB/4.83 GiB at 860.56 kiB/s
2025-06-04 12:06:53.264    app     info:    [server-manager] Downloaded 449.99 MiB/4.83 GiB at 848.41 kiB/s
2025-06-04 12:06:54.303    app     info:    [server-manager] Downloaded 450.86 MiB/4.83 GiB at 864.00 kiB/s
2025-06-04 12:06:55.322    app     info:    [server-manager] Downloaded 451.77 MiB/4.83 GiB at 856.60 kiB/s
2025-06-04 12:06:56.346    app     info:    [server-manager] Downloaded 452.63 MiB/4.83 GiB at 989.67 kiB/s
2025-06-04 12:06:57.356    app     info:    [server-manager] Downloaded 453.46 MiB/4.83 GiB at 933.92 kiB/s
2025-06-04 12:06:58.388    app     info:    [server-manager] Downloaded 454.31 MiB/4.83 GiB at 824.43 kiB/s
2025-06-04 12:06:59.415    app     info:    [server-manager] Downloaded 455.22 MiB/4.83 GiB at 940.62 kiB/s
2025-06-04 12:07:00.446    app     info:    [server-manager] Downloaded 455.99 MiB/4.83 GiB at 747.27 kiB/s
2025-06-04 12:07:01.507    app     info:    [server-manager] Downloaded 456.76 MiB/4.83 GiB at 841.36 kiB/s
2025-06-04 12:07:02.538    app     info:    [server-manager] Downloaded 457.48 MiB/4.83 GiB at 923.46 kiB/s
2025-06-04 12:07:03.572    app     info:    [server-manager] Downloaded 458.30 MiB/4.83 GiB at 832.00 kiB/s
2025-06-04 12:07:04.578    app     info:    [server-manager] Downloaded 459.10 MiB/4.83 GiB at 747.74 kiB/s
2025-06-04 12:07:05.633    app     info:    [server-manager] Downloaded 459.88 MiB/4.83 GiB at 732.16 kiB/s
2025-06-04 12:07:06.642    app     info:    [server-manager] Downloaded 460.65 MiB/4.83 GiB at 682.17 kiB/s
2025-06-04 12:07:07.696    app     info:    [server-manager] Downloaded 461.39 MiB/4.83 GiB at 716.82 kiB/s
2025-06-04 12:07:08.723    app     info:    [server-manager] Downloaded 462.20 MiB/4.83 GiB at 779.73 kiB/s
2025-06-04 12:07:09.725    app     info:    [server-manager] Downloaded 463.04 MiB/4.83 GiB at 958.08 kiB/s
2025-06-04 12:07:10.756    app     info:    [server-manager] Downloaded 463.89 MiB/4.83 GiB at 512.00 kiB/s
2025-06-04 12:07:11.770    app     info:    [server-manager] Downloaded 464.75 MiB/4.83 GiB at 770.67 kiB/s
2025-06-04 12:07:12.789    app     info:    [server-manager] Downloaded 465.54 MiB/4.83 GiB at 352.00 kiB/s
2025-06-04 12:07:13.795    app     info:    [server-manager] Downloaded 465.98 MiB/4.83 GiB at 470.62 kiB/s
2025-06-04 12:07:14.901    app     info:    [server-manager] Downloaded 466.65 MiB/4.83 GiB at 777.57 kiB/s
2025-06-04 12:07:15.976    app     info:    [server-manager] Downloaded 467.42 MiB/4.83 GiB at 704.32 kiB/s
2025-06-04 12:07:17.018    app     info:    [server-manager] Downloaded 468.26 MiB/4.83 GiB at 910.82 kiB/s
2025-06-04 12:07:18.041    app     info:    [server-manager] Downloaded 469.14 MiB/4.83 GiB at 319.36 kiB/s
2025-06-04 12:07:19.084    app     info:    [server-manager] Downloaded 470.01 MiB/4.83 GiB at 1.30 MiB/s
2025-06-04 12:07:20.105    app     info:    [server-manager] Downloaded 470.83 MiB/4.83 GiB at 822.13 kiB/s
2025-06-04 12:07:21.114    app     info:    [server-manager] Downloaded 471.68 MiB/4.83 GiB at 915.21 kiB/s
2025-06-04 12:07:22.144    app     info:    [server-manager] Downloaded 472.53 MiB/4.83 GiB at 842.11 kiB/s
2025-06-04 12:07:23.201    app     info:    [server-manager] Downloaded 473.33 MiB/4.83 GiB at 755.91 kiB/s
2025-06-04 12:07:24.232    app     info:    [server-manager] Downloaded 474.02 MiB/4.83 GiB at 752.00 kiB/s
2025-06-04 12:07:25.290    app     info:    [server-manager] Downloaded 474.68 MiB/4.83 GiB at 734.53 kiB/s
2025-06-04 12:07:26.303    app     info:    [server-manager] Downloaded 475.51 MiB/4.83 GiB at 869.96 kiB/s
2025-06-04 12:07:27.382    app     info:    [server-manager] Downloaded 476.36 MiB/4.83 GiB at 740.25 kiB/s
2025-06-04 12:07:28.417    app     info:    [server-manager] Downloaded 477.14 MiB/4.83 GiB at 786.40 kiB/s
2025-06-04 12:07:29.445    app     info:    [server-manager] Downloaded 477.91 MiB/4.83 GiB at 793.43 kiB/s
2025-06-04 12:07:30.473    app     info:    [server-manager] Downloaded 478.74 MiB/4.83 GiB at 756.20 kiB/s
2025-06-04 12:07:31.486    app     info:    [server-manager] Downloaded 479.51 MiB/4.83 GiB at 1.18 MiB/s
2025-06-04 12:07:32.494    app     info:    [server-manager] Downloaded 480.37 MiB/4.83 GiB at 965.93 kiB/s
2025-06-04 12:07:33.510    app     info:    [server-manager] Downloaded 481.09 MiB/4.83 GiB at 851.71 kiB/s
2025-06-04 12:07:34.544    app     info:    [server-manager] Downloaded 481.91 MiB/4.83 GiB at 869.37 kiB/s
2025-06-04 12:07:35.578    app     info:    [server-manager] Downloaded 482.66 MiB/4.83 GiB at 761.90 kiB/s
2025-06-04 12:07:36.606    app     info:    [server-manager] Downloaded 483.49 MiB/4.83 GiB at 772.20 kiB/s
2025-06-04 12:07:37.618    app     info:    [server-manager] Downloaded 484.31 MiB/4.83 GiB at 696.07 kiB/s
2025-06-04 12:07:38.637    app     info:    [server-manager] Downloaded 485.14 MiB/4.83 GiB at 930.25 kiB/s
2025-06-04 12:07:39.654    app     info:    [server-manager] Downloaded 485.95 MiB/4.83 GiB at 880.46 kiB/s
2025-06-04 12:07:40.678    app     info:    [server-manager] Downloaded 486.66 MiB/4.83 GiB at 715.95 kiB/s
2025-06-04 12:07:41.708    app     info:    [server-manager] Downloaded 487.43 MiB/4.83 GiB at 788.95 kiB/s
2025-06-04 12:07:42.729    app     info:    [server-manager] Downloaded 488.14 MiB/4.83 GiB at 757.58 kiB/s
2025-06-04 12:07:43.757    app     info:    [server-manager] Downloaded 488.93 MiB/4.83 GiB at 817.99 kiB/s
2025-06-04 12:07:44.769    app     info:    [server-manager] Downloaded 489.67 MiB/4.83 GiB at 932.70 kiB/s
2025-06-04 12:07:45.799    app     info:    [server-manager] Downloaded 490.40 MiB/4.83 GiB at 602.64 kiB/s
2025-06-04 12:07:46.881    app     info:    [server-manager] Downloaded 491.08 MiB/4.83 GiB at 692.91 kiB/s
2025-06-04 12:07:47.894    app     info:    [server-manager] Downloaded 491.96 MiB/4.83 GiB at 905.66 kiB/s
2025-06-04 12:07:48.942    app     info:    [server-manager] Downloaded 492.90 MiB/4.83 GiB at 798.52 kiB/s
2025-06-04 12:07:49.977    app     info:    [server-manager] Downloaded 493.75 MiB/4.83 GiB at 1.04 MiB/s
2025-06-04 12:07:50.993    app     info:    [server-manager] Downloaded 494.62 MiB/4.83 GiB at 691.68 kiB/s
2025-06-04 12:07:52.041    app     info:    [server-manager] Downloaded 495.49 MiB/4.83 GiB at 958.96 kiB/s
2025-06-04 12:07:53.076    app     info:    [server-manager] Downloaded 496.35 MiB/4.83 GiB at 852.61 kiB/s
2025-06-04 12:07:54.112    app     info:    [server-manager] Downloaded 497.04 MiB/4.83 GiB at 652.70 kiB/s
2025-06-04 12:07:55.172    app     info:    [server-manager] Downloaded 497.85 MiB/4.83 GiB at 802.52 kiB/s
2025-06-04 12:07:56.185    app     info:    [server-manager] Downloaded 498.62 MiB/4.83 GiB at 812.50 kiB/s
2025-06-04 12:07:57.200    app     info:    [server-manager] Downloaded 499.54 MiB/4.83 GiB at 1.00 MiB/s
2025-06-04 12:07:58.213    app     info:    [server-manager] Downloaded 500.35 MiB/4.83 GiB at 781.95 kiB/s
2025-06-04 12:07:59.264    app     info:    [server-manager] Downloaded 501.23 MiB/4.83 GiB at 948.37 kiB/s
2025-06-04 12:08:00.289    app     info:    [server-manager] Downloaded 502.10 MiB/4.83 GiB at 774.56 kiB/s
2025-06-04 12:08:01.330    app     info:    [server-manager] Downloaded 502.97 MiB/4.83 GiB at 446.22 kiB/s
2025-06-04 12:08:02.357    app     info:    [server-manager] Downloaded 503.73 MiB/4.83 GiB at 399.53 kiB/s
2025-06-04 12:08:03.388    app     info:    [server-manager] Downloaded 504.49 MiB/4.83 GiB at 744.69 kiB/s
2025-06-04 12:08:04.415    app     info:    [server-manager] Downloaded 505.26 MiB/4.83 GiB at 920.63 kiB/s
2025-06-04 12:08:05.425    app     info:    [server-manager] Downloaded 505.99 MiB/4.83 GiB at 706.36 kiB/s
2025-06-04 12:08:06.444    app     info:    [server-manager] Downloaded 506.75 MiB/4.83 GiB at 796.81 kiB/s
2025-06-04 12:08:07.461    app     info:    [server-manager] Downloaded 507.62 MiB/4.83 GiB at 1.32 MiB/s
2025-06-04 12:08:08.474    app     info:    [server-manager] Downloaded 508.53 MiB/4.83 GiB at 864.41 kiB/s
2025-06-04 12:08:09.543    app     info:    [server-manager] Downloaded 509.46 MiB/4.83 GiB at 920.01 kiB/s
2025-06-04 12:08:10.572    app     info:    [server-manager] Downloaded 510.31 MiB/4.83 GiB at 862.28 kiB/s
2025-06-04 12:08:11.577    app     info:    [server-manager] Downloaded 511.16 MiB/4.83 GiB at 873.82 kiB/s
2025-06-04 12:08:12.633    app     info:    [server-manager] Downloaded 511.93 MiB/4.83 GiB at 756.14 kiB/s
2025-06-04 12:08:13.645    app     info:    [server-manager] Downloaded 512.82 MiB/4.83 GiB at 846.14 kiB/s
2025-06-04 12:08:14.697    app     info:    [server-manager] Downloaded 513.61 MiB/4.83 GiB at 656.65 kiB/s
2025-06-04 12:08:15.700    app     info:    [server-manager] Downloaded 514.36 MiB/4.83 GiB at 733.07 kiB/s
2025-06-04 12:08:16.747    app     info:    [server-manager] Downloaded 515.14 MiB/4.83 GiB at 775.19 kiB/s
2025-06-04 12:08:17.765    app     info:    [server-manager] Downloaded 515.91 MiB/4.83 GiB at 975.81 kiB/s
2025-06-04 12:08:18.806    app     info:    [server-manager] Downloaded 516.83 MiB/4.83 GiB at 875.00 kiB/s
2025-06-04 12:08:19.829    app     info:    [server-manager] Downloaded 517.61 MiB/4.83 GiB at 698.41 kiB/s
2025-06-04 12:08:20.839    app     info:    [server-manager] Downloaded 518.46 MiB/4.83 GiB at 898.75 kiB/s
2025-06-04 12:08:21.883    app     info:    [server-manager] Downloaded 519.25 MiB/4.83 GiB at 794.96 kiB/s
2025-06-04 12:08:22.900    app     info:    [server-manager] Downloaded 520.23 MiB/4.83 GiB at 963.11 kiB/s
2025-06-04 12:08:23.952    app     info:    [server-manager] Downloaded 521.10 MiB/4.83 GiB at 917.66 kiB/s
2025-06-04 12:08:24.960    app     info:    [server-manager] Downloaded 522.02 MiB/4.83 GiB at 880.19 kiB/s
2025-06-04 12:08:26.014    app     info:    [server-manager] Downloaded 522.91 MiB/4.83 GiB at 953.22 kiB/s
2025-06-04 12:08:27.047    app     info:    [server-manager] Downloaded 523.85 MiB/4.83 GiB at 917.60 kiB/s
2025-06-04 12:08:28.074    app     info:    [server-manager] Downloaded 524.72 MiB/4.83 GiB at 888.31 kiB/s
2025-06-04 12:08:29.141    app     info:    [server-manager] Downloaded 525.72 MiB/4.83 GiB at 800.45 kiB/s
2025-06-04 12:08:30.198    app     info:    [server-manager] Downloaded 526.57 MiB/4.83 GiB at 703.00 kiB/s
2025-06-04 12:08:31.211    app     info:    [server-manager] Downloaded 527.44 MiB/4.83 GiB at 525.30 kiB/s
2025-06-04 12:08:32.245    app     info:    [server-manager] Downloaded 528.35 MiB/4.83 GiB at 918.21 kiB/s
2025-06-04 12:08:33.303    app     info:    [server-manager] Downloaded 529.30 MiB/4.83 GiB at 680.85 kiB/s
2025-06-04 12:08:34.322    app     info:    [server-manager] Downloaded 530.17 MiB/4.83 GiB at 860.56 kiB/s
2025-06-04 12:08:35.353    app     info:    [server-manager] Downloaded 530.99 MiB/4.83 GiB at 1.21 MiB/s
2025-06-04 12:08:36.365    app     info:    [server-manager] Downloaded 531.96 MiB/4.83 GiB at 1.01 MiB/s
2025-06-04 12:08:37.418    app     info:    [server-manager] Downloaded 532.53 MiB/4.83 GiB at 352.08 kiB/s
2025-06-04 12:08:38.431    app     info:    [server-manager] Downloaded 533.10 MiB/4.83 GiB at 418.69 kiB/s
2025-06-04 12:08:39.489    app     info:    [server-manager] Downloaded 533.73 MiB/4.83 GiB at 670.48 kiB/s
2025-06-04 12:08:40.525    app     info:    [server-manager] Downloaded 534.38 MiB/4.83 GiB at 612.85 kiB/s
2025-06-04 12:08:41.570    app     info:    [server-manager] Downloaded 535.01 MiB/4.83 GiB at 159.68 kiB/s
2025-06-04 12:08:42.619    app     info:    [server-manager] Downloaded 535.64 MiB/4.83 GiB at 690.43 kiB/s
2025-06-04 12:08:43.638    app     info:    [server-manager] Downloaded 536.44 MiB/4.83 GiB at 744.30 kiB/s
2025-06-04 12:08:44.664    app     info:    [server-manager] Downloaded 537.13 MiB/4.83 GiB at 736.00 kiB/s
2025-06-04 12:08:45.727    app     info:    [server-manager] Downloaded 537.95 MiB/4.83 GiB at 710.42 kiB/s
2025-06-04 12:08:46.740    app     info:    [server-manager] Downloaded 538.71 MiB/4.83 GiB at 1,021.96 kiB/s
2025-06-04 12:08:47.827    app     info:    [server-manager] Downloaded 539.57 MiB/4.83 GiB at 871.60 kiB/s
2025-06-04 12:08:48.856    app     info:    [server-manager] Downloaded 540.33 MiB/4.83 GiB at 781.37 kiB/s
2025-06-04 12:08:49.893    app     info:    [server-manager] Downloaded 541.08 MiB/4.83 GiB at 764.94 kiB/s
2025-06-04 12:08:50.929    app     info:    [server-manager] Downloaded 541.95 MiB/4.83 GiB at 725.90 kiB/s
2025-06-04 12:08:51.956    app     info:    [server-manager] Downloaded 542.77 MiB/4.83 GiB at 759.01 kiB/s
2025-06-04 12:08:52.988    app     info:    [server-manager] Downloaded 543.66 MiB/4.83 GiB at 892.42 kiB/s
2025-06-04 12:08:54.011    app     info:    [server-manager] Downloaded 544.55 MiB/4.83 GiB at 833.42 kiB/s
2025-06-04 12:08:55.022    app     info:    [server-manager] Downloaded 545.46 MiB/4.83 GiB at 956.94 kiB/s
2025-06-04 12:08:56.070    app     info:    [server-manager] Downloaded 546.39 MiB/4.83 GiB at 798.68 kiB/s
2025-06-04 12:08:57.133    app     info:    [server-manager] Downloaded 547.30 MiB/4.83 GiB at 796.81 kiB/s
2025-06-04 12:08:58.143    app     info:    [server-manager] Downloaded 548.13 MiB/4.83 GiB at 822.86 kiB/s
2025-06-04 12:08:59.168    app     info:    [server-manager] Downloaded 549.05 MiB/4.83 GiB at 827.04 kiB/s
2025-06-04 12:09:00.215    app     info:    [server-manager] Downloaded 549.91 MiB/4.83 GiB at 886.53 kiB/s
2025-06-04 12:09:01.229    app     info:    [server-manager] Downloaded 550.80 MiB/4.83 GiB at 833.73 kiB/s
2025-06-04 12:09:02.243    app     info:    [server-manager] Downloaded 551.39 MiB/4.83 GiB at 484.85 kiB/s
2025-06-04 12:09:03.321    app     info:    [server-manager] Downloaded 552.11 MiB/4.83 GiB at 737.04 kiB/s
2025-06-04 12:09:04.353    app     info:    [server-manager] Downloaded 552.94 MiB/4.83 GiB at 874.63 kiB/s
2025-06-04 12:09:05.386    app     info:    [server-manager] Downloaded 553.62 MiB/4.83 GiB at 667.99 kiB/s
2025-06-04 12:09:06.395    app     info:    [server-manager] Downloaded 554.46 MiB/4.83 GiB at 795.41 kiB/s
2025-06-04 12:09:07.456    app     info:    [server-manager] Downloaded 555.40 MiB/4.83 GiB at 859.26 kiB/s
2025-06-04 12:09:08.512    app     info:    [server-manager] Downloaded 556.20 MiB/4.83 GiB at 941.97 kiB/s
2025-06-04 12:09:09.526    app     info:    [server-manager] Downloaded 557.03 MiB/4.83 GiB at 694.28 kiB/s
2025-06-04 12:09:10.545    app     info:    [server-manager] Downloaded 557.87 MiB/4.83 GiB at 907.79 kiB/s
2025-06-04 12:09:11.575    app     info:    [server-manager] Downloaded 558.67 MiB/4.83 GiB at 888.50 kiB/s
2025-06-04 12:09:12.583    app     info:    [server-manager] Downloaded 559.43 MiB/4.83 GiB at 904.48 kiB/s
2025-06-04 12:09:13.610    app     info:    [server-manager] Downloaded 560.07 MiB/4.83 GiB at 556.17 kiB/s
2025-06-04 12:09:14.635    app     info:    [server-manager] Downloaded 560.93 MiB/4.83 GiB at 933.33 kiB/s
2025-06-04 12:09:15.146    app     info:    [scheduler] Starting scheduler foreground
2025-06-04 12:09:15.168    app     info:    [newsfeed] Fetching news for eve-online in ru
2025-06-04 12:09:15.180    app     info:    [customer-information] Getting character information for '31367691' on 'tranquility'
2025-06-04 12:09:15.181    app     info:    [customer-information] Getting Omega status for '31367691' on 'tranquility' (eve-online)
2025-06-04 12:09:15.470    app     warn:    [play-area-content] Invalid product found in play area content    { product: 'eve-frontier' }
2025-06-04 12:09:15.471    app     warn:    [play-area-content] Invalid product found in play area content    { product: 'eve-frontier' }
2025-06-04 12:09:15.471    app     warn:    [play-area-content] Invalid product found in play area content    { product: 'eve-frontier' }
2025-06-04 12:09:15.471    app     warn:    [play-area-content] Invalid product found in play area content    { product: 'eve-frontier' }
2025-06-04 12:09:15.472    app     warn:    [play-area-content] Invalid product found in play area content    { product: 'eve-frontier' }
2025-06-04 12:09:15.472    app     warn:    [play-area-content] Invalid product found in play area content    { product: 'eve-frontier' }
2025-06-04 12:09:15.472    app     warn:    [play-area-content] Invalid product found in play area content    { product: 'eve-frontier' }
2025-06-04 12:09:15.473    app     warn:    [play-area-content] Invalid product found in play area content    { product: 'eve-frontier' }
2025-06-04 12:09:15.715    app     info:    [server-manager] Downloaded 561.74 MiB/4.83 GiB at 809.34 kiB/s
2025-06-04 12:09:16.754    app     info:    [window-manager-minimize] Main window minimized to tray    { windowId: 2 }
2025-06-04 12:09:16.814    app     info:    [window-manager-minimize] Sent notification that the application is minimized to tray    { windowId: 2 }
2025-06-04 12:09:16.822    app     info:    [server-manager] Downloaded 562.69 MiB/4.83 GiB at 1.01 MiB/s
2025-06-04 12:09:16.851    app     info:    [scheduler] Stopped scheduler foreground
2025-06-04 12:09:16.852    app     info:    [ipc-requests] Handling requests in the background
2025-06-04 12:09:17.251    app     info:    [newsfeed] Fetched 20 news items for eve-online in ru
2025-06-04 12:09:17.819    app     info:    [server-manager] Downloaded 563.57 MiB/4.83 GiB at 785.17 kiB/s
2025-06-04 12:09:17.853    app     info:    [ipc-requests] No longer handling requests in the background
2025-06-04 12:09:18.850    app     info:    [server-manager] Downloaded 564.43 MiB/4.83 GiB at 940.25 kiB/s
2025-06-04 12:09:19.882    app     info:    [server-manager] Downloaded 565.28 MiB/4.83 GiB at 862.28 kiB/s
2025-06-04 12:09:20.181    app     info:    [self-update] Checking for application updates.
2025-06-04 12:09:20.922    app     info:    [server-manager] Downloaded 565.88 MiB/4.83 GiB at 484.85 kiB/s
2025-06-04 12:09:21.949    app     info:    [server-manager] Downloaded 566.57 MiB/4.83 GiB at 320.00 kiB/s
2025-06-04 12:09:22.961    app     info:    [server-manager] Downloaded 567.43 MiB/4.83 GiB at 737.04 kiB/s
2025-06-04 12:09:23.170    app     info:    [self-update] No application updates were found.
2025-06-04 12:09:23.989    app     info:    [server-manager] Downloaded 568.31 MiB/4.83 GiB at 936.91 kiB/s
2025-06-04 12:09:25.010    app     info:    [server-manager] Downloaded 569.15 MiB/4.83 GiB at 860.14 kiB/s
2025-06-04 12:09:26.072    app     info:    [server-manager] Downloaded 570.05 MiB/4.83 GiB at 854.87 kiB/s
2025-06-04 12:09:27.084    app     info:    [server-manager] Downloaded 570.77 MiB/4.83 GiB at 798.46 kiB/s
2025-06-04 12:09:28.107    app     info:    [server-manager] Downloaded 571.53 MiB/4.83 GiB at 670.66 kiB/s
2025-06-04 12:09:29.121    app     info:    [server-manager] Downloaded 572.32 MiB/4.83 GiB at 682.95 kiB/s
2025-06-04 12:09:30.134    app     info:    [server-manager] Downloaded 573.25 MiB/4.83 GiB at 783.56 kiB/s
2025-06-04 12:09:31.168    app     info:    [server-manager] Downloaded 574.11 MiB/4.83 GiB at 917.60 kiB/s
2025-06-04 12:09:32.188    app     info:    [server-manager] Downloaded 574.97 MiB/4.83 GiB at 796.81 kiB/s
2025-06-04 12:09:33.199    app     info:    [server-manager] Downloaded 575.71 MiB/4.83 GiB at 892.43 kiB/s
2025-06-04 12:09:34.211    app     info:    [server-manager] Downloaded 576.56 MiB/4.83 GiB at 783.56 kiB/s
2025-06-04 12:09:35.263    app     info:    [server-manager] Downloaded 577.48 MiB/4.83 GiB at 858.24 kiB/s
2025-06-04 12:09:36.331    app     info:    [server-manager] Downloaded 578.26 MiB/4.83 GiB at 704.17 kiB/s
2025-06-04 12:09:37.359    app     info:    [server-manager] Downloaded 578.94 MiB/4.83 GiB at 752.94 kiB/s
2025-06-04 12:09:38.394    app     info:    [server-manager] Downloaded 579.65 MiB/4.83 GiB at 468.75 kiB/s
2025-06-04 12:09:39.427    app     info:    [server-manager] Downloaded 580.27 MiB/4.83 GiB at 645.40 kiB/s
2025-06-04 12:09:40.444    app     info:    [server-manager] Downloaded 581.02 MiB/4.83 GiB at 1.09 MiB/s
2025-06-04 12:09:41.459    app     info:    [server-manager] Downloaded 581.70 MiB/4.83 GiB at 634.60 kiB/s
2025-06-04 12:09:42.485    app     info:    [server-manager] Downloaded 582.49 MiB/4.83 GiB at 873.26 kiB/s
2025-06-04 12:09:43.494    app     info:    [server-manager] Downloaded 583.29 MiB/4.83 GiB at 893.95 kiB/s
2025-06-04 12:09:44.503    app     info:    [server-manager] Downloaded 584.14 MiB/4.83 GiB at 837.73 kiB/s
2025-06-04 12:09:45.551    app     info:    [server-manager] Downloaded 584.95 MiB/4.83 GiB at 734.14 kiB/s
2025-06-04 12:09:46.634    app     info:    [server-manager] Downloaded 585.76 MiB/4.83 GiB at 694.34 kiB/s
2025-06-04 12:09:47.675    app     info:    [server-manager] Downloaded 586.52 MiB/4.83 GiB at 645.79 kiB/s
2025-06-04 12:09:48.700    app     info:    [server-manager] Downloaded 587.26 MiB/4.83 GiB at 1.23 MiB/s
2025-06-04 12:09:49.708    app     info:    [server-manager] Downloaded 587.93 MiB/4.83 GiB at 596.39 kiB/s
2025-06-04 12:09:50.730    app     info:    [server-manager] Downloaded 588.61 MiB/4.83 GiB at 651.16 kiB/s
2025-06-04 12:09:51.813    app     info:    [server-manager] Downloaded 589.25 MiB/4.83 GiB at 566.93 kiB/s
2025-06-04 12:09:52.863    app     info:    [server-manager] Downloaded 589.81 MiB/4.83 GiB at 791.98 kiB/s
2025-06-04 12:09:53.914    app     info:    [server-manager] Downloaded 590.43 MiB/4.83 GiB at 224.00 kiB/s
2025-06-04 12:09:54.976    app     info:    [server-manager] Downloaded 591.06 MiB/4.83 GiB at 729.93 kiB/s
2025-06-04 12:09:56.008    app     info:    [server-manager] Downloaded 591.68 MiB/4.83 GiB at 601.50 kiB/s
2025-06-04 12:09:57.037    app     info:    [server-manager] Downloaded 592.43 MiB/4.83 GiB at 758.89 kiB/s
2025-06-04 12:09:58.075    app     info:    [server-manager] Downloaded 593.16 MiB/4.83 GiB at 795.23 kiB/s
2025-06-04 12:09:59.086    app     info:    [server-manager] Downloaded 593.84 MiB/4.83 GiB at 760.40 kiB/s
2025-06-04 12:10:00.137    app     info:    [server-manager] Downloaded 594.64 MiB/4.83 GiB at 709.06 kiB/s
2025-06-04 12:10:01.149    app     info:    [server-manager] Downloaded 595.24 MiB/4.83 GiB at 575.76 kiB/s
2025-06-04 12:10:02.173    app     info:    [server-manager] Downloaded 596.01 MiB/4.83 GiB at 794.51 kiB/s
2025-06-04 12:10:03.220    app     info:    [server-manager] Downloaded 596.62 MiB/4.83 GiB at 670.36 kiB/s
2025-06-04 12:10:04.239    app     info:    [server-manager] Downloaded 597.30 MiB/4.83 GiB at 560.31 kiB/s
2025-06-04 12:10:05.295    app     info:    [server-manager] Downloaded 598.10 MiB/4.83 GiB at 728.65 kiB/s
2025-06-04 12:10:06.306    app     info:    [server-manager] Downloaded 598.95 MiB/4.83 GiB at 765.93 kiB/s
2025-06-04 12:10:07.323    app     info:    [server-manager] Downloaded 599.70 MiB/4.83 GiB at 713.97 kiB/s
2025-06-04 12:10:08.332    app     info:    [server-manager] Downloaded 600.52 MiB/4.83 GiB at 690.20 kiB/s
2025-06-04 12:10:09.356    app     info:    [server-manager] Downloaded 601.33 MiB/4.83 GiB at 864.00 kiB/s
2025-06-04 12:10:10.396    app     info:    [server-manager] Downloaded 602.26 MiB/4.83 GiB at 888.71 kiB/s
2025-06-04 12:10:11.448    app     info:    [server-manager] Downloaded 603.16 MiB/4.83 GiB at 961.24 kiB/s
2025-06-04 12:10:12.459    app     info:    [server-manager] Downloaded 604.03 MiB/4.83 GiB at 842.11 kiB/s
2025-06-04 12:10:13.480    app     info:    [server-manager] Downloaded 604.96 MiB/4.83 GiB at 833.98 kiB/s
2025-06-04 12:10:14.486    app     info:    [server-manager] Downloaded 605.87 MiB/4.83 GiB at 447.11 kiB/s
2025-06-04 12:10:15.519    app     info:    [server-manager] Downloaded 606.73 MiB/4.83 GiB at 1,007.19 kiB/s
2025-06-04 12:10:16.549    app     info:    [server-manager] Downloaded 607.59 MiB/4.83 GiB at 842.11 kiB/s
2025-06-04 12:10:17.578    app     info:    [server-manager] Downloaded 608.43 MiB/4.83 GiB at 809.03 kiB/s
2025-06-04 12:10:18.588    app     info:    [server-manager] Downloaded 609.31 MiB/4.83 GiB at 825.15 kiB/s
2025-06-04 12:10:19.631    app     info:    [server-manager] Downloaded 610.24 MiB/4.83 GiB at 990.31 kiB/s
2025-06-04 12:10:20.668    app     info:    [server-manager] Downloaded 611.15 MiB/4.83 GiB at 980.24 kiB/s
2025-06-04 12:10:21.712    app     info:    [server-manager] Downloaded 612.04 MiB/4.83 GiB at 866.37 kiB/s
2025-06-04 12:10:22.727    app     info:    [server-manager] Downloaded 612.97 MiB/4.83 GiB at 971.10 kiB/s
2025-06-04 12:10:23.741    app     info:    [server-manager] Downloaded 613.91 MiB/4.83 GiB at 890.66 kiB/s
2025-06-04 12:10:24.760    app     info:    [server-manager] Downloaded 614.77 MiB/4.83 GiB at 867.29 kiB/s
2025-06-04 12:10:25.566    app     warn:    [quasar-31367691] Quasar connection encountered an internal error with unknown code [internal]    a [ConnectError]: [internal]
    at ee (C:\Program Files (x86)\Steam\steamapps\common\Eve Online\app-1.10.1\resources\app.asar\.webpack\main\index.js:8:2683063)
    at C:\Program Files (x86)\Steam\steamapps\common\Eve Online\app-1.10.1\resources\app.asar\.webpack\main\index.js:8:2683536
    at te (C:\Program Files (x86)\Steam\steamapps\common\Eve Online\app-1.10.1\resources\app.asar\.webpack\main\index.js:8:2683584)
    at next (C:\Program Files (x86)\Steam\steamapps\common\Eve Online\app-1.10.1\resources\app.asar\.webpack\main\index.js:8:2691577)
    at process.processTicksAndRejections (node:internal/process/task_queues:105:5) {
  rawMessage: '',
  code: 13,
  metadata: Headers {
    'content-type': 'application/grpc+proto',
    'grpc-status': '13',
    'grpc-message': ''
  },
  details: [],
  cause: undefined
}
2025-06-04 12:10:25.800    app     info:    [server-manager] Downloaded 615.58 MiB/4.83 GiB at 865.05 kiB/s
2025-06-04 12:10:26.833    app     info:    [server-manager] Downloaded 616.47 MiB/4.83 GiB at 943.03 kiB/s
2025-06-04 12:10:27.861    app     info:    [server-manager] Downloaded 617.39 MiB/4.83 GiB at 1.14 MiB/s
2025-06-04 12:10:28.890    app     info:    [server-manager] Downloaded 618.13 MiB/4.83 GiB at 574.85 kiB/s
2025-06-04 12:10:29.927    app     info:    [server-manager] Downloaded 618.92 MiB/4.83 GiB at 828.69 kiB/s
2025-06-04 12:10:30.958    app     info:    [server-manager] Downloaded 619.73 MiB/4.83 GiB at 880.16 kiB/s
2025-06-04 12:10:31.985    app     info:    [server-manager] Downloaded 620.57 MiB/4.83 GiB at 418.25 kiB/s
2025-06-04 12:10:32.995    app     info:    [server-manager] Downloaded 621.28 MiB/4.83 GiB at 616.57 kiB/s
2025-06-04 12:10:34.021    app     info:    [server-manager] Downloaded 622.07 MiB/4.83 GiB at 1.07 MiB/s
2025-06-04 12:10:35.029    app     info:    [server-manager] Downloaded 622.96 MiB/4.83 GiB at 907.76 kiB/s
2025-06-04 12:10:36.070    app     info:    [server-manager] Downloaded 623.64 MiB/4.83 GiB at 582.30 kiB/s
2025-06-04 12:10:37.078    app     info:    [server-manager] Downloaded 624.45 MiB/4.83 GiB at 959.85 kiB/s
2025-06-04 12:10:38.087    app     info:    [server-manager] Downloaded 625.37 MiB/4.83 GiB at 883.63 kiB/s
2025-06-04 12:10:39.134    app     info:    [server-manager] Downloaded 626.29 MiB/4.83 GiB at 828.13 kiB/s
2025-06-04 12:10:40.166    app     info:    [server-manager] Downloaded 627.14 MiB/4.83 GiB at 778.69 kiB/s
2025-06-04 12:10:41.175    app     info:    [server-manager] Downloaded 628.07 MiB/4.83 GiB at 601.55 kiB/s
2025-06-04 12:10:42.190    app     info:    [server-manager] Downloaded 628.87 MiB/4.83 GiB at 850.39 kiB/s
2025-06-04 12:10:43.206    app     info:    [server-manager] Downloaded 629.69 MiB/4.83 GiB at 1.12 MiB/s
2025-06-04 12:10:44.215    app     info:    [server-manager] Downloaded 630.55 MiB/4.83 GiB at 837.94 kiB/s
2025-06-04 12:10:45.288    app     info:    [server-manager] Downloaded 631.36 MiB/4.83 GiB at 664.26 kiB/s
2025-06-04 12:10:46.298    app     info:    [server-manager] Downloaded 632.15 MiB/4.83 GiB at 840.89 kiB/s
2025-06-04 12:10:47.323    app     info:    [server-manager] Downloaded 632.80 MiB/4.83 GiB at 734.53 kiB/s
2025-06-04 12:10:48.335    app     info:    [server-manager] Downloaded 633.50 MiB/4.83 GiB at 633.66 kiB/s
2025-06-04 12:10:49.356    app     info:    [server-manager] Downloaded 634.30 MiB/4.83 GiB at 720.94 kiB/s
2025-06-04 12:10:50.387    app     info:    [server-manager] Downloaded 635.18 MiB/4.83 GiB at 1,012.57 kiB/s
2025-06-04 12:10:51.424    app     info:    [server-manager] Downloaded 636.04 MiB/4.83 GiB at 1.23 MiB/s
2025-06-04 12:10:52.456    app     info:    [server-manager] Downloaded 636.92 MiB/4.83 GiB at 855.98 kiB/s
2025-06-04 12:10:53.525    app     info:    [server-manager] Downloaded 637.78 MiB/4.83 GiB at 892.43 kiB/s
2025-06-04 12:10:54.545    app     info:    [server-manager] Downloaded 638.73 MiB/4.83 GiB at 760.40 kiB/s
2025-06-04 12:10:55.577    app     info:    [server-manager] Downloaded 639.70 MiB/4.83 GiB at 919.07 kiB/s
2025-06-04 12:10:56.585    app     info:    [server-manager] Downloaded 640.53 MiB/4.83 GiB at 729.29 kiB/s
2025-06-04 12:10:57.615    app     info:    [server-manager] Downloaded 641.43 MiB/4.83 GiB at 1,005.89 kiB/s
2025-06-04 12:10:58.636    app     info:    [server-manager] Downloaded 642.30 MiB/4.83 GiB at 858.85 kiB/s
2025-06-04 12:10:59.649    app     info:    [server-manager] Downloaded 643.28 MiB/4.83 GiB at 1,009.56 kiB/s
2025-06-04 12:11:00.678    app     info:    [server-manager] Downloaded 644.11 MiB/4.83 GiB at 800.08 kiB/s
2025-06-04 12:11:01.717    app     info:    [server-manager] Downloaded 644.77 MiB/4.83 GiB at 843.75 kiB/s
2025-06-04 12:11:02.739    app     info:    [server-manager] Downloaded 645.55 MiB/4.83 GiB at 679.70 kiB/s
2025-06-04 12:11:03.763    app     info:    [server-manager] Downloaded 646.38 MiB/4.83 GiB at 926.67 kiB/s
2025-06-04 12:11:04.806    app     info:    [server-manager] Downloaded 646.84 MiB/4.83 GiB at 305.92 kiB/s
2025-06-04 12:11:05.858    app     info:    [server-manager] Downloaded 647.41 MiB/4.83 GiB at 858.85 kiB/s
2025-06-04 12:11:06.867    app     info:    [server-manager] Downloaded 648.22 MiB/4.83 GiB at 756.14 kiB/s
2025-06-04 12:11:07.919    app     info:    [server-manager] Downloaded 649.00 MiB/4.83 GiB at 1.15 MiB/s
2025-06-04 12:11:08.932    app     info:    [server-manager] Downloaded 649.73 MiB/4.83 GiB at 670.66 kiB/s
2025-06-04 12:11:09.963    app     info:    [server-manager] Downloaded 650.50 MiB/4.83 GiB at 792.26 kiB/s
2025-06-04 12:11:10.980    app     info:    [server-manager] Downloaded 651.34 MiB/4.83 GiB at 857.14 kiB/s
2025-06-04 12:11:12.012    app     info:    [server-manager] Downloaded 652.32 MiB/4.83 GiB at 969.94 kiB/s
2025-06-04 12:11:13.049    app     info:    [server-manager] Downloaded 653.22 MiB/4.83 GiB at 828.13 kiB/s
2025-06-04 12:11:14.065    app     info:    [server-manager] Downloaded 654.11 MiB/4.83 GiB at 791.67 kiB/s
2025-06-04 12:11:15.076    app     info:    [server-manager] Downloaded 655.04 MiB/4.83 GiB at 940.44 kiB/s
2025-06-04 12:11:16.109    app     info:    [server-manager] Downloaded 655.89 MiB/4.83 GiB at 853.75 kiB/s
2025-06-04 12:11:17.135    app     info:    [server-manager] Downloaded 656.77 MiB/4.83 GiB at 789.93 kiB/s
2025-06-04 12:11:18.202    app     info:    [server-manager] Downloaded 657.60 MiB/4.83 GiB at 779.03 kiB/s
2025-06-04 12:11:19.236    app     info:    [server-manager] Downloaded 658.40 MiB/4.83 GiB at 885.38 kiB/s
2025-06-04 12:11:20.270    app     info:    [server-manager] Downloaded 659.13 MiB/4.83 GiB at 1.03 MiB/s
2025-06-04 12:11:21.281    app     info:    [server-manager] Downloaded 659.88 MiB/4.83 GiB at 604.91 kiB/s
2025-06-04 12:11:22.311    app     info:    [server-manager] Downloaded 660.67 MiB/4.83 GiB at 958.30 kiB/s
2025-06-04 12:11:23.390    app     info:    [server-manager] Downloaded 661.53 MiB/4.83 GiB at 864.00 kiB/s
2025-06-04 12:11:24.388    app     info:    [server-manager] Downloaded 662.29 MiB/4.83 GiB at 620.25 kiB/s
2025-06-04 12:11:25.408    app     info:    [server-manager] Downloaded 663.11 MiB/4.83 GiB at 883.60 kiB/s
2025-06-04 12:11:26.430    app     info:    [server-manager] Downloaded 663.82 MiB/4.83 GiB at 579.05 kiB/s
2025-06-04 12:11:27.508    app     info:    [server-manager] Downloaded 664.70 MiB/4.83 GiB at 745.06 kiB/s
2025-06-04 12:11:28.519    app     info:    [server-manager] Downloaded 665.29 MiB/4.83 GiB at 568.05 kiB/s
2025-06-04 12:11:29.614    app     info:    [server-manager] Downloaded 665.85 MiB/4.83 GiB at 536.16 kiB/s
2025-06-04 12:11:30.644    app     info:    [server-manager] Downloaded 666.35 MiB/4.83 GiB at 702.29 kiB/s
2025-06-04 12:11:31.656    app     info:    [server-manager] Downloaded 667.02 MiB/4.83 GiB at 711.80 kiB/s
2025-06-04 12:11:32.673    app     info:    [server-manager] Downloaded 667.60 MiB/4.83 GiB at 683.27 kiB/s
2025-06-04 12:11:33.734    app     info:    [server-manager] Downloaded 668.25 MiB/4.83 GiB at 734.85 kiB/s
2025-06-04 12:11:34.773    app     info:    [server-manager] Downloaded 668.76 MiB/4.83 GiB at 477.12 kiB/s
2025-06-04 12:11:35.827    app     info:    [server-manager] Downloaded 669.36 MiB/4.83 GiB at 760.92 kiB/s
2025-06-04 12:11:36.858    app     info:    [server-manager] Downloaded 670.12 MiB/4.83 GiB at 807.66 kiB/s
2025-06-04 12:11:37.870    app     info:    [server-manager] Downloaded 670.80 MiB/4.83 GiB at 740.28 kiB/s
2025-06-04 12:11:38.893    app     info:    [server-manager] Downloaded 671.39 MiB/4.83 GiB at 690.25 kiB/s
2025-06-04 12:11:39.918    app     info:    [server-manager] Downloaded 671.95 MiB/4.83 GiB at 224.00 kiB/s
2025-06-04 12:11:40.956    app     info:    [server-manager] Downloaded 672.52 MiB/4.83 GiB at 608.44 kiB/s
2025-06-04 12:11:42.013    app     info:    [server-manager] Downloaded 673.13 MiB/4.83 GiB at 647.40 kiB/s
2025-06-04 12:11:43.047    app     info:    [server-manager] Downloaded 673.78 MiB/4.83 GiB at 636.18 kiB/s
2025-06-04 12:11:44.073    app     info:    [server-manager] Downloaded 674.28 MiB/4.83 GiB at 667.87 kiB/s
2025-06-04 12:11:45.080    app     info:    [server-manager] Downloaded 674.92 MiB/4.83 GiB at 970.91 kiB/s
2025-06-04 12:11:46.103    app     info:    [server-manager] Downloaded 675.61 MiB/4.83 GiB at 564.53 kiB/s
2025-06-04 12:11:47.137    app     info:    [server-manager] Downloaded 676.52 MiB/4.83 GiB at 965.20 kiB/s
2025-06-04 12:11:48.171    app     info:    [server-manager] Downloaded 677.43 MiB/4.83 GiB at 913.39 kiB/s
2025-06-04 12:11:49.204    app     info:    [server-manager] Downloaded 678.35 MiB/4.83 GiB at 984.13 kiB/s
2025-06-04 12:11:50.248    app     info:    [server-manager] Downloaded 679.27 MiB/4.83 GiB at 972.03 kiB/s
2025-06-04 12:11:51.293    app     info:    [server-manager] Downloaded 680.14 MiB/4.83 GiB at 838.26 kiB/s
2025-06-04 12:11:52.301    app     info:    [server-manager] Downloaded 681.12 MiB/4.83 GiB at 970.65 kiB/s
2025-06-04 12:11:53.332    app     info:    [server-manager] Downloaded 682.01 MiB/4.83 GiB at 858.85 kiB/s
2025-06-04 12:11:54.349    app     info:    [server-manager] Downloaded 682.94 MiB/4.83 GiB at 1.34 MiB/s
2025-06-04 12:11:55.364    app     info:    [server-manager] Downloaded 683.86 MiB/4.83 GiB at 888.89 kiB/s
2025-06-04 12:11:56.372    app     info:    [server-manager] Downloaded 684.78 MiB/4.83 GiB at 922.49 kiB/s
2025-06-04 12:11:57.395    app     info:    [server-manager] Downloaded 685.71 MiB/4.83 GiB at 960.60 kiB/s
2025-06-04 12:11:58.424    app     info:    [server-manager] Downloaded 686.58 MiB/4.83 GiB at 926.15 kiB/s
2025-06-04 12:11:59.439    app     info:    [server-manager] Downloaded 687.44 MiB/4.83 GiB at 974.46 kiB/s
2025-06-04 12:12:00.452    app     info:    [server-manager] Downloaded 688.34 MiB/4.83 GiB at 884.23 kiB/s
2025-06-04 12:12:01.462    app     info:    [server-manager] Downloaded 689.20 MiB/4.83 GiB at 881.89 kiB/s
2025-06-04 12:12:02.482    app     info:    [server-manager] Downloaded 690.10 MiB/4.83 GiB at 766.47 kiB/s
2025-06-04 12:12:03.511    app     info:    [server-manager] Downloaded 690.71 MiB/4.83 GiB at 490.92 kiB/s
2025-06-04 12:12:04.541    app     info:    [server-manager] Downloaded 691.40 MiB/4.83 GiB at 541.83 kiB/s
2025-06-04 12:12:05.554    app     info:    [server-manager] Downloaded 692.24 MiB/4.83 GiB at 775.60 kiB/s
2025-06-04 12:12:06.580    app     info:    [server-manager] Downloaded 693.21 MiB/4.83 GiB at 855.45 kiB/s
2025-06-04 12:12:07.617    app     info:    [server-manager] Downloaded 694.13 MiB/4.83 GiB at 858.20 kiB/s
2025-06-04 12:12:07.893    app     info:    [save-as] Retrying download of https://resources.eveonline.com/bundles/2929428/resfileindex_prefetch_2929428.txt.bundle.70 (attempt 1) Error occurred while saving file to disk 'C:\Games\EVE\ResFiles\bundles\2929428\.resfileindex_prefetch_2929428.txt.bundle.70.tmp'
Error while fetching content from https://resources.eveonline.com
aborted    S [SaveAsError]: Error occurred while saving file to disk 'C:\Games\EVE\ResFiles\bundles\2929428\.resfileindex_prefetch_2929428.txt.bundle.70.tmp'
Error while fetching content from https://resources.eveonline.com
aborted
    at S.from (C:\Program Files (x86)\Steam\steamapps\common\Eve Online\app-1.10.1\resources\app.asar\.webpack\main\index.js:8:2344035)
    at v.<anonymous> (C:\Program Files (x86)\Steam\steamapps\common\Eve Online\app-1.10.1\resources\app.asar\.webpack\main\index.js:8:1871836)
    at v.emit (node:events:518:28)
    at v.emitError (C:\Program Files (x86)\Steam\steamapps\common\Eve Online\app-1.10.1\resources\app.asar\.webpack\main\index.js:8:2668272)
    at IncomingMessage.<anonymous> (C:\Program Files (x86)\Steam\steamapps\common\Eve Online\app-1.10.1\resources\app.asar\.webpack\main\index.js:8:2667042)
    at IncomingMessage.emit (node:events:518:28)
    ... 2 lines matching cause stack trace ...
    at process.processTicksAndRejections (node:internal/process/task_queues:90:21) {
  cause: f [StreamError]: Error while fetching content from https://resources.eveonline.com
  aborted
      at f.from (C:\Program Files (x86)\Steam\steamapps\common\Eve Online\app-1.10.1\resources\app.asar\.webpack\main\index.js:8:2664406)
      at IncomingMessage.<anonymous> (C:\Program Files (x86)\Steam\steamapps\common\Eve Online\app-1.10.1\resources\app.asar\.webpack\main\index.js:8:2666969)
      at IncomingMessage.emit (node:events:518:28)
      at emitErrorNT (node:internal/streams/destroy:170:8)
      at emitErrorCloseNT (node:internal/streams/destroy:129:3)
      at process.processTicksAndRejections (node:internal/process/task_queues:90:21) {
    code: 'ECONNRESET'
  },
  code: 'ECONNRESET'
}
2025-06-04 12:12:08.631    app     info:    [server-manager] Downloaded 688.13 MiB/4.83 GiB at 12.58 MiB/s
2025-06-04 12:12:09.698    app     info:    [server-manager] Downloaded 689.08 MiB/4.83 GiB at 1.03 MiB/s
2025-06-04 12:12:10.706    app     info:    [server-manager] Downloaded 689.98 MiB/4.83 GiB at 871.02 kiB/s
2025-06-04 12:12:11.764    app     info:    [server-manager] Downloaded 690.36 MiB/4.83 GiB at 727.23 kiB/s
2025-06-04 12:12:12.763    app     info:    [server-manager] Downloaded 691.05 MiB/4.83 GiB at 400.00 kiB/s
2025-06-04 12:12:13.800    app     info:    [server-manager] Downloaded 691.99 MiB/4.83 GiB at 781.19 kiB/s
2025-06-04 12:12:14.809    app     info:    [server-manager] Downloaded 692.82 MiB/4.83 GiB at 681.52 kiB/s
2025-06-04 12:12:15.892    app     info:    [server-manager] Downloaded 693.75 MiB/4.83 GiB at 932.69 kiB/s
2025-06-04 12:12:16.900    app     info:    [server-manager] Downloaded 694.68 MiB/4.83 GiB at 1.02 MiB/s
2025-06-04 12:12:17.948    app     info:    [server-manager] Downloaded 695.66 MiB/4.83 GiB at 959.24 kiB/s
2025-06-04 12:12:18.984    app     info:    [server-manager] Downloaded 696.58 MiB/4.83 GiB at 843.99 kiB/s
2025-06-04 12:12:19.993    app     info:    [server-manager] Downloaded 697.52 MiB/4.83 GiB at 975.17 kiB/s
2025-06-04 12:12:21.023    app     info:    [server-manager] Downloaded 698.40 MiB/4.83 GiB at 924.78 kiB/s
2025-06-04 12:12:22.045    app     info:    [server-manager] Downloaded 699.38 MiB/4.83 GiB at 448.00 kiB/s
2025-06-04 12:12:23.054    app     info:    [server-manager] Downloaded 699.78 MiB/4.83 GiB at 305.13 kiB/s
2025-06-04 12:12:23.399    app     info:    [save-as] Retrying download of https://resources.eveonline.com/bundles/2929428/resfileindex_prefetch_2929428.txt.bundle.68 (attempt 1) Error occurred while saving file to disk 'C:\Games\EVE\ResFiles\bundles\2929428\.resfileindex_prefetch_2929428.txt.bundle.68.tmp'
Request error when calling 'https://resources.eveonline.com'
read ECONNRESET    S [SaveAsError]: Error occurred while saving file to disk 'C:\Games\EVE\ResFiles\bundles\2929428\.resfileindex_prefetch_2929428.txt.bundle.68.tmp'
Request error when calling 'https://resources.eveonline.com'
read ECONNRESET
    at S.from (C:\Program Files (x86)\Steam\steamapps\common\Eve Online\app-1.10.1\resources\app.asar\.webpack\main\index.js:8:2344035)
    at v.<anonymous> (C:\Program Files (x86)\Steam\steamapps\common\Eve Online\app-1.10.1\resources\app.asar\.webpack\main\index.js:8:1871836)
    at v.emit (node:events:518:28)
    at v.emitError (C:\Program Files (x86)\Steam\steamapps\common\Eve Online\app-1.10.1\resources\app.asar\.webpack\main\index.js:8:2668272)
    at ClientRequest.<anonymous> (C:\Program Files (x86)\Steam\steamapps\common\Eve Online\app-1.10.1\resources\app.asar\.webpack\main\index.js:8:2667243)
    at ClientRequest.emit (node:events:530:35)
    ... 3 lines matching cause stack trace ...
    at emitErrorNT (node:internal/streams/destroy:170:8) {
  cause: h [RequestError]: Request error when calling 'https://resources.eveonline.com'
  read ECONNRESET
      at h.from (C:\Program Files (x86)\Steam\steamapps\common\Eve Online\app-1.10.1\resources\app.asar\.webpack\main\index.js:8:2664406)
      at ClientRequest.<anonymous> (C:\Program Files (x86)\Steam\steamapps\common\Eve Online\app-1.10.1\resources\app.asar\.webpack\main\index.js:8:2667255)
      at ClientRequest.emit (node:events:530:35)
      at emitErrorEvent (node:_http_client:104:11)
      at TLSSocket.socketErrorListener (node:_http_client:518:5)
      at TLSSocket.emit (node:events:518:28)
      at emitErrorNT (node:internal/streams/destroy:170:8)
      at emitErrorCloseNT (node:internal/streams/destroy:129:3)
      at process.processTicksAndRejections (node:internal/process/task_queues:90:21) {
    errno: -4077,
    code: 'ECONNRESET',
    syscall: 'read'
  },
  errno: -4077,
  code: 'ECONNRESET',
  syscall: 'read'
}
2025-06-04 12:12:24.107    app     info:    [server-manager] Downloaded 692.13 MiB/4.83 GiB at 867.57 kiB/s
2025-06-04 12:12:25.140    app     info:    [server-manager] Downloaded 692.82 MiB/4.83 GiB at 580.70 kiB/s
2025-06-04 12:12:26.169    app     info:    [server-manager] Downloaded 693.69 MiB/4.83 GiB at 663.77 kiB/s
2025-06-04 12:12:27.203    app     info:    [server-manager] Downloaded 694.39 MiB/4.83 GiB at 750.12 kiB/s
2025-06-04 12:12:28.211    app     info:    [server-manager] Downloaded 695.12 MiB/4.83 GiB at 288.00 kiB/s
2025-06-04 12:12:29.249    app     info:    [server-manager] Downloaded 695.99 MiB/4.83 GiB at 892.43 kiB/s
2025-06-04 12:12:30.263    app     info:    [server-manager] Downloaded 696.76 MiB/4.83 GiB at 768.00 kiB/s
2025-06-04 12:12:31.275    app     info:    [server-manager] Downloaded 697.54 MiB/4.83 GiB at 800.00 kiB/s
2025-06-04 12:12:32.298    app     info:    [server-manager] Downloaded 698.25 MiB/4.83 GiB at 733.07 kiB/s
2025-06-04 12:12:33.352    app     info:    [server-manager] Downloaded 699.17 MiB/4.83 GiB at 872.18 kiB/s
2025-06-04 12:12:34.401    app     info:    [server-manager] Downloaded 699.93 MiB/4.83 GiB at 558.12 kiB/s
2025-06-04 12:12:35.428    app     info:    [server-manager] Downloaded 700.84 MiB/4.83 GiB at 926.64 kiB/s
2025-06-04 12:12:36.437    app     info:    [server-manager] Downloaded 701.72 MiB/4.83 GiB at 908.25 kiB/s
2025-06-04 12:12:37.474    app     info:    [server-manager] Downloaded 702.61 MiB/4.83 GiB at 881.27 kiB/s
2025-06-04 12:12:38.479    app     info:    [server-manager] Downloaded 703.51 MiB/4.83 GiB at 384.00 kiB/s
2025-06-04 12:12:39.557    app     info:    [server-manager] Downloaded 704.47 MiB/4.83 GiB at 875.47 kiB/s
2025-06-04 12:12:40.583    app     info:    [server-manager] Downloaded 705.44 MiB/4.83 GiB at 885.10 kiB/s
2025-06-04 12:12:41.632    app     info:    [server-manager] Downloaded 706.36 MiB/4.83 GiB at 773.79 kiB/s
2025-06-04 12:12:42.643    app     info:    [server-manager] Downloaded 707.32 MiB/4.83 GiB at 895.88 kiB/s
2025-06-04 12:12:43.660    app     info:    [server-manager] Downloaded 708.22 MiB/4.83 GiB at 874.50 kiB/s
2025-06-04 12:12:44.674    app     info:    [server-manager] Downloaded 709.19 MiB/4.83 GiB at 929.10 kiB/s
2025-06-04 12:12:45.728    app     info:    [server-manager] Downloaded 710.12 MiB/4.83 GiB at 815.09 kiB/s
2025-06-04 12:12:46.731    app     info:    [server-manager] Downloaded 711.03 MiB/4.83 GiB at 895.88 kiB/s
2025-06-04 12:12:47.731    app     info:    [server-manager] Downloaded 711.93 MiB/4.83 GiB at 928.00 kiB/s
2025-06-04 12:12:48.737    app     info:    [server-manager] Downloaded 712.87 MiB/4.83 GiB at 1.48 MiB/s
2025-06-04 12:12:49.451    app     info:    [save-as] Retrying download of https://resources.eveonline.com/bundles/2929428/resfileindex_prefetch_2929428.txt.bundle.72 (attempt 1) Error occurred while saving file to disk 'C:\Games\EVE\ResFiles\bundles\2929428\.resfileindex_prefetch_2929428.txt.bundle.72.tmp'
Request error when calling 'https://resources.eveonline.com'
read ECONNRESET    S [SaveAsError]: Error occurred while saving file to disk 'C:\Games\EVE\ResFiles\bundles\2929428\.resfileindex_prefetch_2929428.txt.bundle.72.tmp'
Request error when calling 'https://resources.eveonline.com'
read ECONNRESET
    at S.from (C:\Program Files (x86)\Steam\steamapps\common\Eve Online\app-1.10.1\resources\app.asar\.webpack\main\index.js:8:2344035)
    at v.<anonymous> (C:\Program Files (x86)\Steam\steamapps\common\Eve Online\app-1.10.1\resources\app.asar\.webpack\main\index.js:8:1871836)
    at v.emit (node:events:518:28)
    at v.emitError (C:\Program Files (x86)\Steam\steamapps\common\Eve Online\app-1.10.1\resources\app.asar\.webpack\main\index.js:8:2668272)
    at ClientRequest.<anonymous> (C:\Program Files (x86)\Steam\steamapps\common\Eve Online\app-1.10.1\resources\app.asar\.webpack\main\index.js:8:2667243)
    at ClientRequest.emit (node:events:530:35)
    ... 3 lines matching cause stack trace ...
    at emitErrorNT (node:internal/streams/destroy:170:8) {
  cause: h [RequestError]: Request error when calling 'https://resources.eveonline.com'
  read ECONNRESET
      at h.from (C:\Program Files (x86)\Steam\steamapps\common\Eve Online\app-1.10.1\resources\app.asar\.webpack\main\index.js:8:2664406)
      at ClientRequest.<anonymous> (C:\Program Files (x86)\Steam\steamapps\common\Eve Online\app-1.10.1\resources\app.asar\.webpack\main\index.js:8:2667255)
      at ClientRequest.emit (node:events:530:35)
      at emitErrorEvent (node:_http_client:104:11)
      at TLSSocket.socketErrorListener (node:_http_client:518:5)
      at TLSSocket.emit (node:events:518:28)
      at emitErrorNT (node:internal/streams/destroy:170:8)
      at emitErrorCloseNT (node:internal/streams/destroy:129:3)
      at process.processTicksAndRejections (node:internal/process/task_queues:90:21) {
    errno: -4077,
    code: 'ECONNRESET',
    syscall: 'read'
  },
  errno: -4077,
  code: 'ECONNRESET',
  syscall: 'read'
}
2025-06-04 12:12:49.765    app     info:    [server-manager] Downloaded 705.82 MiB/4.83 GiB at 499.27 kiB/s
2025-06-04 12:12:50.772    app     info:    [server-manager] Downloaded 706.66 MiB/4.83 GiB at 366.75 kiB/s
2025-06-04 12:12:51.788    app     info:    [server-manager] Downloaded 707.61 MiB/4.83 GiB at 958.08 kiB/s
2025-06-04 12:12:52.821    app     info:    [server-manager] Downloaded 708.54 MiB/4.83 GiB at 888.51 kiB/s
2025-06-04 12:12:53.826    app     info:    [server-manager] Downloaded 709.44 MiB/4.83 GiB at 441.99 kiB/s
2025-06-04 12:12:54.863    app     info:    [server-manager] Downloaded 710.32 MiB/4.83 GiB at 888.70 kiB/s
2025-06-04 12:12:55.892    app     info:    [server-manager] Downloaded 711.20 MiB/4.83 GiB at 733.07 kiB/s
2025-06-04 12:12:56.901    app     info:    [server-manager] Downloaded 712.09 MiB/4.83 GiB at 465.00 kiB/s
2025-06-04 12:12:57.949    app     info:    [server-manager] Downloaded 713.00 MiB/4.83 GiB at 968.75 kiB/s
2025-06-04 12:12:58.983    app     info:    [server-manager] Downloaded 713.96 MiB/4.83 GiB at 900.71 kiB/s
2025-06-04 12:12:59.993    app     info:    [server-manager] Downloaded 714.89 MiB/4.83 GiB at 370.97 kiB/s
2025-06-04 12:13:01.043    app     info:    [server-manager] Downloaded 715.86 MiB/4.83 GiB at 939.54 kiB/s
2025-06-04 12:13:02.073    app     info:    [server-manager] Downloaded 716.77 MiB/4.83 GiB at 432.26 kiB/s
2025-06-04 12:13:03.082    app     info:    [server-manager] Downloaded 717.58 MiB/4.83 GiB at 766.47 kiB/s
2025-06-04 12:13:04.106    app     info:    [server-manager] Downloaded 718.48 MiB/4.83 GiB at 880.16 kiB/s
2025-06-04 12:13:05.132    app     info:    [server-manager] Downloaded 719.36 MiB/4.83 GiB at 785.70 kiB/s
2025-06-04 12:13:06.163    app     info:    [server-manager] Downloaded 720.35 MiB/4.83 GiB at 1.01 MiB/s
2025-06-04 12:13:07.194    app     info:    [server-manager] Downloaded 721.22 MiB/4.83 GiB at 1.34 MiB/s
2025-06-04 12:13:08.224    app     info:    [server-manager] Downloaded 722.22 MiB/4.83 GiB at 930.60 kiB/s
2025-06-04 12:13:08.249    app     info:    [tray] Main window restored from tray    { windowId: 2 }
2025-06-04 12:13:08.281    app     info:    [scheduler] Starting scheduler foreground
2025-06-04 12:13:08.309    app     info:    [authentication] Token for '31367691' on 'tranquility' is expired, refresh is required
2025-06-04 12:13:08.310    app     info:    [authentication] Refreshing token for '31367691' on 'tranquility'
2025-06-04 12:13:08.637    app     info:    [authentication] Token for '31367691' on 'tranquility' has been successfully refreshed
2025-06-04 12:13:08.641    app     info:    [quasar-elg-events] Queueing event    eve_launcher.electron.authentication.UserTokensRefreshed
2025-06-04 12:13:08.661    app     info:    [quasar-elg-events] Event sent    type.evetech.net/eve_launcher.electron.authentication.UserTokensRefreshed
2025-06-04 12:13:08.662    app     info:    [customer-information] Getting character information for '31367691' on 'tranquility'
2025-06-04 12:13:08.662    app     info:    [customer-information] Getting Omega status for '31367691' on 'tranquility' (eve-online)
2025-06-04 12:13:09.230    app     info:    [server-manager] Downloaded 722.33 MiB/4.83 GiB at 191.62 kiB/s
2025-06-04 12:13:10.326    app     info:    [server-manager] Downloaded 722.80 MiB/4.83 GiB at 128.00 kiB/s
2025-06-04 12:13:11.360    app     info:    [server-manager] Downloaded 723.79 MiB/4.83 GiB at 943.24 kiB/s
2025-06-04 12:13:12.390    app     info:    [server-manager] Downloaded 724.62 MiB/4.83 GiB at 980.58 kiB/s
2025-06-04 12:13:13.421    app     info:    [server-manager] Downloaded 725.57 MiB/4.83 GiB at 913.80 kiB/s
2025-06-04 12:13:14.432    app     info:    [server-manager] Downloaded 726.52 MiB/4.83 GiB at 956.18 kiB/s
2025-06-04 12:13:15.453    app     info:    [server-manager] Downloaded 727.38 MiB/4.83 GiB at 956.18 kiB/s
2025-06-04 12:13:16.511    app     info:    [server-manager] Downloaded 728.42 MiB/4.83 GiB at 814.55 kiB/s
2025-06-04 12:13:17.557    app     info:    [server-manager] Downloaded 729.33 MiB/4.83 GiB at 906.56 kiB/s
2025-06-04 12:13:18.573    app     info:    [server-manager] Downloaded 730.26 MiB/4.83 GiB at 864.00 kiB/s
2025-06-04 12:13:19.583    app     info:    [server-manager] Downloaded 731.13 MiB/4.83 GiB at 926.15 kiB/s
2025-06-04 12:13:20.614    app     info:    [server-manager] Downloaded 731.98 MiB/4.83 GiB at 754.42 kiB/s
2025-06-04 12:13:21.640    app     info:    [server-manager] Downloaded 732.84 MiB/4.83 GiB at 192.00 kiB/s
2025-06-04 12:13:22.696    app     info:    [server-manager] Downloaded 733.79 MiB/4.83 GiB at 990.41 kiB/s
2025-06-04 12:13:23.701    app     info:    [server-manager] Downloaded 734.59 MiB/4.83 GiB at 416.00 kiB/s
2025-06-04 12:13:24.729    app     info:    [server-manager] Downloaded 735.45 MiB/4.83 GiB at 1.17 MiB/s
2025-06-04 12:13:25.730    app     info:    [server-manager] Downloaded 736.38 MiB/4.83 GiB at 384.00 kiB/s
2025-06-04 12:13:26.793    app     info:    [server-manager] Downloaded 737.29 MiB/4.83 GiB at 376.50 kiB/s
2025-06-04 12:13:27.527    app     info:    [tray] Quitting application from tray
2025-06-04 12:13:27.534    app     info:    Application quitting. Cleanup needed: true
2025-06-04 12:13:27.544    app     info:    [quasar-elg-events] Queueing shutdown event    eve_launcher.electron.application.LauncherShutdown
2025-06-04 12:13:27.565    app     info:    app.quit called, but we are still sending ELG events.
2025-06-04 12:13:27.567    app     info:    [quasar-elg-events] Event sent    type.evetech.net/eve_launcher.electron.application.LauncherShutdown
2025-06-04 12:13:27.800    app     info:    [server-manager] Downloaded 738.20 MiB/4.83 GiB at 863.57 kiB/s
2025-06-04 12:13:27.816    app     info:    [quasar-elg-events] Shutdown event timeout passed
2025-06-04 12:13:27.817    app     info:    ELG stream closed, quitting
2025-06-04 12:13:27.818    app     info:    [window-manager] Stopped forwarding events to window manager, as the window closed    { windowId: 2 }
2025-06-04 12:13:27.818    app     info:    [window-manager-minimize] Main window is closing    { windowId: 2 }
2025-06-04 12:13:27.818    app     info:    [quasar-elg-events] gRPC connection aborted
2025-06-04 12:13:27.820    app     info:    ELG stream closed, quitting
2025-06-04 12:13:27.831    app     info:    [scheduler] Stopped scheduler foreground
2025-06-04 12:13:27.832    app     info:    [ipc-requests] Handling requests in the background
2025-06-04 12:13:27.849    app     info:    [window-manager] Main window closed    { windowId: 2 }
2025-06-04 12:13:27.850    app     info:    Application closed    0
