2025-11-10 13:36:31.584    app     info:    [migrations] Running state migrations from 202403271440 to 1
2025-11-10 13:36:31.857    app     info:    [self-update] Configuring update feed.
2025-11-10 13:36:31.858    app     info:    [self-update] Update feed set to: https://launcher.ccpgames.com/eve-online/release/win32/x64/
2025-11-10 13:36:31.869    app     info:    Startup arguments    [ '--squirrel-firstrun' ]
2025-11-10 13:36:32.003    app     info:    [self-update] Auto-updating is now enabled
2025-11-10 13:36:32.007    app     info:    [migrations] Running state migrations from 1 to 1
2025-11-10 13:36:32.016    app    error:    (node:4780) [DEP0180] DeprecationWarning: fs.Stats constructor is deprecated.
(Use `eve-online --trace-deprecation ...` to show where the warning was created)    []
2025-11-10 13:36:32.018    app     info:    [third-party-authentications] Checking for Steam startup
2025-11-10 13:36:32.121    app     warn:    [steam-auth] Failed to initialize Steamworks client: GenericFailure
2025-11-10 13:36:32.124    app     info:    [third-party-authentications] Done checking third party startups
2025-11-10 13:36:32.195    app     info:    [cache-protocol] Found 0 entries to remove
2025-11-10 13:36:32.195    app     info:    [cache-protocol] Nothing to clean up.
2025-11-10 13:36:32.489    app     info:    [migrations] Running secured-state migrations from 202406060001 to 1
2025-11-10 13:36:32.614    app     info:    [i18next] Changed language    ru
2025-11-10 13:36:32.872    app     info:    [customer-information] Agreements have been updated
2025-11-10 13:36:32.902    app     info:    [quasar-elg-events] Queueing event    eve_launcher.electron.application.LauncherStarted
2025-11-10 13:36:33.012    app     info:    [analytics] Application name:    EVE Online
2025-11-10 13:36:33.012    app     info:    [analytics] Application version:    1.12.2
2025-11-10 13:36:33.013    app     info:    [analytics] Domain    undefined
2025-11-10 13:36:33.014    app     info:    [analytics] Working directory    C:\Users\REDACTED\AppData\Local\eve-online\app-1.12.2
2025-11-10 13:36:33.015    app     info:    [analytics] Username contains UTF8?    false
2025-11-10 13:36:34.974    app     info:    [quasar-elg-events] Queueing event    eve_launcher.electron.application.PdmLoaded
2025-11-10 13:36:34.991    app     info:    [quasar-elg-events] Queueing event    eve_launcher.electron.application.CoreDataLoaded
2025-11-10 13:36:34.993    app     info:    [analytics] Operating system    { type: 'Windows', name: 'Windows 10 Home', version: '10.0 (19045)' }
2025-11-10 13:36:34.993    app     info:    [analytics] Encryption available:    true
2025-11-10 13:36:34.993    app     info:    [analytics] Machine UUID    B7B2A471-C4FE-4353-880B-870CE29AC3D8
2025-11-10 13:36:34.993    app     info:    [analytics] PDM Version    2.1.4
2025-11-10 13:36:34.993    app     info:    [analytics] Release channel    release
2025-11-10 13:36:34.993    app     info:    [initializers] Shared cache directory set to    C:\Games\EVE
2025-11-10 13:36:34.997    app     info:    [initializers] Shared cache drive free space: 55,54 GiB / 237,03 GiB
2025-11-10 13:36:34.999    app     info:    [feature-flags] Initializing feature flag client
2025-11-10 13:36:35.032    app     info:    [migrations] Running file-system migrations from 202408021525 to 202408021525
2025-11-10 13:36:35.038    app     info:    [scheduler] Starting scheduler background
2025-11-10 13:36:35.046    app    error:    (node:4780) MaxListenersExceededWarning: Possible EventEmitter memory leak detected. 11 scheduler/triggered listeners added to [IpcMainImpl]. MaxListeners is 10. Use emitter.setMaxListeners() to increase limit    []
2025-11-10 13:36:35.056    app     info:    [shared-cache] Looking for eve-online profiles in 'c_games_eve_tq_tranquility'...
2025-11-10 13:36:35.071    app     info:    [shared-cache] No profiles found on disk
2025-11-10 13:36:35.099    app     info:    [analytics] Hardware rendering enabled:    true    { disabledViaCommandline: false, disabledViaSettings: true }
2025-11-10 13:36:35.139    app     info:    [first-run] Application has been run before: 2025-03-14T09:16:58.327Z
2025-11-10 13:36:35.263    app     info:    [quasar-elg-events] Event sent    type.evetech.net/eve_launcher.electron.application.LauncherStarted
2025-11-10 13:36:35.266    app     info:    [quasar-elg-events] Event sent    type.evetech.net/eve_launcher.electron.application.PdmLoaded
2025-11-10 13:36:35.268    app     info:    [quasar-elg-events] Event sent    type.evetech.net/eve_launcher.electron.application.CoreDataLoaded
2025-11-10 13:36:35.349    app     info:    info: [LaunchDarkly] LaunchDarkly client initialized    []
2025-11-10 13:36:35.351    app     info:    info: [LaunchDarkly] Opening stream connection to https://clientstream.launchdarkly.com/eval/64c3d12e27a4b11365012d39/eyJraW5kIjoibXVsdGkiLCJsYXVuY2hlciI6eyJrZXkiOiJlZjNjMWY1Ny03NWI2LTQzNzItODQzNy1kODQ5MTJjMjgyMWUiLCJpc0ZpcnN0UnVuIjpmYWxzZSwiZGF5c1NpbmNlRmlyc3RSdW4iOjI0MSwibGFuZ3VhZ2UiOiJydSIsImFwcGxpY2F0aW9uIjoiZXZlLW9ubGluZSIsInZlcnNpb24iOiIxLjEyLjIiLCJwbGF0Zm9ybSI6IndpbmRvd3MiLCJpc0dlRm9yY2VOb3ciOmZhbHNlLCJvc1ZlcnNpb25EZXByZWNhdGVkIjpmYWxzZSwidXNlcklkcyI6WzMxMzY3NjkxLDE4OTIyMzg2LDIxMTAzMTEsMzEzNjc2OTFdLCJwcm9kdWN0cyI6WyJldmUtb25saW5lIl0sIm9tZWdhQ291bnQiOjAsImFscGhhQ291bnQiOjEwLCJhY2NvdW50Q291bnQiOjEwLCJvbGRlc3RBY2NvdW50QWdlIjo2Njk3LCJ5b3VuZ2VzdEFjY291bnRBZ2UiOjIyOX0sImpvdXJuZXkiOnsia2V5IjoiYjEyMjhlYTAtMzY5MC00ZDk3LWJjZmUtYmQwMjY0OGNkNTZjIiwiYW5vbnltb3VzIjp0cnVlfX0?withReasons=true    []
2025-11-10 13:36:35.354    app     info:    [feature-flags] Client ef3c1f57... ready, fetching flags
2025-11-10 13:36:35.356    app     info:    [self-update] Auto-updating is now enabled
2025-11-10 13:36:35.356    app     info:    [quasar-manager] Quasar (EPG) feature flag is enabled
2025-11-10 13:36:35.358    app     info:    [feature-flags] Received 41 flags for client ef3c1f57...
2025-11-10 13:36:35.359    app     info:    [feature-flags] Client initialized with key ef3c1f57...
2025-11-10 13:36:35.366    app     info:    [quasar-manager] Quasar (EPG) feature flag is enabled
2025-11-10 13:36:35.369    app     info:    [self-update] Configuring update feed.
2025-11-10 13:36:35.369    app     info:    [self-update] Update feed set to: https://launcher.ccpgames.com/eve-online/release/win32/x64/
2025-11-10 13:36:35.369    app     info:    [self-update] Auto-updating is now enabled
2025-11-10 13:36:35.797    app     warn:    (electron) 'console-message' arguments are deprecated and will be removed. Please use Event<WebContentsConsoleMessageEventParams> object instead.    []
2025-11-10 13:36:35.812    app     info:    [quasar-elg-events] Queueing event    eve_launcher.electron.application.RendererLoaded
2025-11-10 13:36:35.812    app     info:    [quasar-elg-events] Event sent    type.evetech.net/eve_launcher.electron.application.RendererLoaded
2025-11-10 13:36:35.814    app     info:    [scheduler] Starting scheduler foreground
2025-11-10 13:36:35.822    app     info:    [newsfeed] Fetching news for eve-online in ru
2025-11-10 13:36:35.826    app     info:    [shared-cache-cleaner] Removing unused files from the shared cache
2025-11-10 13:36:35.843    app     info:    [content-delivery-trace] Fetching CDN trace data from https://binaries.eveonline.com/cdn-cgi/trace
2025-11-10 13:36:35.863    app     info:    [creatives] Requesting creatives for eve-online
2025-11-10 13:36:35.866    app     info:    [authentication] Token for '18922386' on 'tranquility' is expired, refresh is required
2025-11-10 13:36:35.866    app     info:    [authentication] Refreshing token for '18922386' on 'tranquility'
2025-11-10 13:36:35.867    app     info:    [authentication] Token for '18922386' on 'tranquility' is expired, refresh is required
2025-11-10 13:36:35.867    app     info:    [authentication] Refreshing token for '18922386' on 'tranquility'
2025-11-10 13:36:35.887    app     info:    [window-manager] Main window registered    { windowId: 2 }
2025-11-10 13:36:35.895     ui     info:    [i18next] Requesting missing translation ru readnought title title    ccp://launcher/renderer/main_window/index.js    2
2025-11-10 13:36:35.899    app    error:    [shared-cache-cleaner] Failed to get all manifests from disk    [
  g [ManifestCombineError]: Binary manifest missing for eve-online: tranquility
      at S (C:\Users\dmytr\AppData\Local\eve-online\app-1.12.2\resources\app.asar\.webpack\main\index.js:8:1954132) {
    product: 'eve-online',
    tenant: 'tranquility'
  }
]
2025-11-10 13:36:35.900    app    error:    [shared-cache-cleaner] Failed to remove unused files from the shared cache Failed to get all manifests from disk    i [LauncherError]: Failed to get all manifests from disk
    at C:\Users\dmytr\AppData\Local\eve-online\app-1.12.2\resources\app.asar\.webpack\main\index.js:8:2086913
2025-11-10 13:36:36.039    app     info:    [newsfeed] Fetched 20 news items for eve-online in ru
2025-11-10 13:36:36.153    app     info:    [jukebox] Fetched 2 jukebox playlists
2025-11-10 13:36:36.226    app     info:    [authentication] Token for '2110311' on 'tranquility' is expired, refresh is required
2025-11-10 13:36:36.227    app     info:    [authentication] Refreshing token for '2110311' on 'tranquility'
2025-11-10 13:36:36.227    app     info:    [authentication] Token for '16492377' on 'tranquility' is expired, refresh is required
2025-11-10 13:36:36.228    app     info:    [authentication] Refreshing token for '16492377' on 'tranquility'
2025-11-10 13:36:36.228    app     info:    [authentication] Token for '18922386' on 'tranquility' is expired, refresh is required
2025-11-10 13:36:36.228    app     info:    [authentication] Refreshing token for '18922386' on 'tranquility'
2025-11-10 13:36:36.229    app     info:    [authentication] Token for '23622903' on 'tranquility' is expired, refresh is required
2025-11-10 13:36:36.229    app     info:    [authentication] Refreshing token for '23622903' on 'tranquility'
2025-11-10 13:36:36.230    app     info:    [authentication] Token for '26239201' on 'tranquility' is expired, refresh is required
2025-11-10 13:36:36.230    app     info:    [authentication] Refreshing token for '26239201' on 'tranquility'
2025-11-10 13:36:36.231    app     info:    [authentication] Token for '29280260' on 'tranquility' is expired, refresh is required
2025-11-10 13:36:36.231    app     info:    [authentication] Refreshing token for '29280260' on 'tranquility'
2025-11-10 13:36:36.231    app     info:    [authentication] Token for '29285645' on 'tranquility' is expired, refresh is required
2025-11-10 13:36:36.232    app     info:    [authentication] Refreshing token for '29285645' on 'tranquility'
2025-11-10 13:36:36.232    app     info:    [authentication] Token for '29795975' on 'tranquility' is expired, refresh is required
2025-11-10 13:36:36.232    app     info:    [authentication] Refreshing token for '29795975' on 'tranquility'
2025-11-10 13:36:36.233    app     info:    [authentication] Token for '31320672' on 'tranquility' is expired, refresh is required
2025-11-10 13:36:36.233    app     info:    [authentication] Refreshing token for '31320672' on 'tranquility'
2025-11-10 13:36:36.234    app     info:    [authentication] Token for '31367691' on 'tranquility' is expired, refresh is required
2025-11-10 13:36:36.234    app     info:    [authentication] Refreshing token for '31367691' on 'tranquility'
2025-11-10 13:36:36.234    app     info:    [AuthenticationMiddleware] Refreshed 10 / 10 users for tranquility on eve-online
2025-11-10 13:36:36.239    app     info:    [server-manager] Starting refresh cycle for eve-online / tranquility
2025-11-10 13:36:36.243    app     warn:    [ipc-requests] Shared cache is already in use by eve-online on tranquility (updating)
2025-11-10 13:36:36.243    app     warn:    [ipc-requests] Server manager cannot start for tranquility because required resources are not available
2025-11-10 13:36:36.267    app     info:    [new-player-content] Resetting content as language not in response    { locale: 'tx' }
2025-11-10 13:36:36.374    app     warn:    [authentication] Refresh token for '18922386' on 'tranquility' is invalid
2025-11-10 13:36:36.379    app    error:    [authentication] Could not refresh token for '18922386' on 'tranquility' SSO responded with an invalid status code: 400 - Bad Request    Q [InvalidGrantResponseError]: SSO responded with an invalid status code: 400 - Bad Request
    at P (C:\Users\dmytr\AppData\Local\eve-online\app-1.12.2\resources\app.asar\.webpack\main\index.js:8:1889534)
    at process.processTicksAndRejections (node:internal/process/task_queues:105:5)
    at async C:\Users\dmytr\AppData\Local\eve-online\app-1.12.2\resources\app.asar\.webpack\main\index.js:8:2747335
    at async Promise.allSettled (index 1) {
  body: '{"error":"invalid_grant","error_description":"Invalid refresh token. Token missing/expired."}'
}
2025-11-10 13:36:36.387    app    error:    [AuthenticationMiddleware] Could not update data on active user change SSO responded with an invalid status code: 400 - Bad Request    Q [InvalidGrantResponseError]: SSO responded with an invalid status code: 400 - Bad Request
    at P (C:\Users\dmytr\AppData\Local\eve-online\app-1.12.2\resources\app.asar\.webpack\main\index.js:8:1889534)
    at process.processTicksAndRejections (node:internal/process/task_queues:105:5)
    at async C:\Users\dmytr\AppData\Local\eve-online\app-1.12.2\resources\app.asar\.webpack\main\index.js:8:2747335
    at async Promise.allSettled (index 1) {
  body: '{"error":"invalid_grant","error_description":"Invalid refresh token. Token missing/expired."}'
}
2025-11-10 13:36:36.424    app     info:    [server-manager] Previous tranquility build: 2932557, current build: 3092632
2025-11-10 13:36:36.427    app     info:    [quasar-elg-events] Queueing event    eve_launcher.electron.eve_client.GameClientUpdateStarted
2025-11-10 13:36:36.427    app     info:    [server-manager] Starting download of build 3092632 for tranquility.
2025-11-10 13:36:36.442    app     info:    [quasar-elg-events] Event sent    type.evetech.net/eve_launcher.electron.eve_client.GameClientUpdateStarted
2025-11-10 13:36:36.648    app     warn:    [authentication] Refresh token for '26239201' on 'tranquility' is invalid
2025-11-10 13:36:36.651    app    error:    [authentication] Could not refresh token for '26239201' on 'tranquility' SSO responded with an invalid status code: 400 - Bad Request    Q [InvalidGrantResponseError]: SSO responded with an invalid status code: 400 - Bad Request
    at P (C:\Users\dmytr\AppData\Local\eve-online\app-1.12.2\resources\app.asar\.webpack\main\index.js:8:1889534)
    at process.processTicksAndRejections (node:internal/process/task_queues:105:5)
    at async Promise.allSettled (index 4) {
  body: '{"error":"invalid_grant","error_description":"Invalid refresh token. Token missing/expired."}'
}
2025-11-10 13:36:36.656    app     warn:    [authentication] Refresh token for '18922386' on 'tranquility' is invalid
2025-11-10 13:36:36.658    app    error:    [authentication] Could not refresh token for '18922386' on 'tranquility' SSO responded with an invalid status code: 400 - Bad Request    Q [InvalidGrantResponseError]: SSO responded with an invalid status code: 400 - Bad Request
    at P (C:\Users\dmytr\AppData\Local\eve-online\app-1.12.2\resources\app.asar\.webpack\main\index.js:8:1889534)
    at process.processTicksAndRejections (node:internal/process/task_queues:105:5)
    at async Promise.allSettled (index 2) {
  body: '{"error":"invalid_grant","error_description":"Invalid refresh token. Token missing/expired."}'
}
2025-11-10 13:36:36.743    app     warn:    [authentication] Refresh token for '31320672' on 'tranquility' is invalid
2025-11-10 13:36:36.745    app    error:    [authentication] Could not refresh token for '31320672' on 'tranquility' SSO responded with an invalid status code: 400 - Bad Request    Q [InvalidGrantResponseError]: SSO responded with an invalid status code: 400 - Bad Request
    at P (C:\Users\dmytr\AppData\Local\eve-online\app-1.12.2\resources\app.asar\.webpack\main\index.js:8:1889534)
    at process.processTicksAndRejections (node:internal/process/task_queues:105:5)
    at async Promise.allSettled (index 8) {
  body: '{"error":"invalid_grant","error_description":"Invalid refresh token. Token missing/expired."}'
}
2025-11-10 13:36:36.747    app     info:    [server-manager] Downloading binary chunks in 21 files (213 MB)
2025-11-10 13:36:36.750    app     info:    [download-from-manifest] Preparing to download 21 files    { cdn: 1, concurrent: 10 }
2025-11-10 13:36:37.336    app     warn:    [authentication] Refresh token for '18922386' on 'tranquility' is invalid
2025-11-10 13:36:37.340    app    error:    [authentication] Could not refresh token for '18922386' on 'tranquility' SSO responded with an invalid status code: 400 - Bad Request    Q [InvalidGrantResponseError]: SSO responded with an invalid status code: 400 - Bad Request
    at P (C:\Users\dmytr\AppData\Local\eve-online\app-1.12.2\resources\app.asar\.webpack\main\index.js:8:1889534)
    at process.processTicksAndRejections (node:internal/process/task_queues:105:5)
    at async C (C:\Users\dmytr\AppData\Local\eve-online\app-1.12.2\resources\app.asar\.webpack\main\index.js:8:1966115)
    at async Promise.allSettled (index 0) {
  body: '{"error":"invalid_grant","error_description":"Invalid refresh token. Token missing/expired."}'
}
2025-11-10 13:36:37.431    app     warn:    [play-area-content] Invalid product found in play area content    { product: 'eve-frontier' }
2025-11-10 13:36:37.433    app     warn:    [play-area-content] Invalid product found in play area content    { product: 'eve-frontier' }
2025-11-10 13:36:37.434    app     warn:    [play-area-content] Invalid product found in play area content    { product: 'eve-frontier' }
2025-11-10 13:36:37.435    app     warn:    [play-area-content] Invalid product found in play area content    { product: 'eve-frontier' }
2025-11-10 13:36:37.435    app     warn:    [play-area-content] Invalid product found in play area content    { product: 'eve-frontier' }
2025-11-10 13:36:37.436    app     warn:    [play-area-content] Invalid product found in play area content    { product: 'eve-frontier' }
2025-11-10 13:36:37.437    app     warn:    [play-area-content] Invalid product found in play area content    { product: 'eve-frontier' }
2025-11-10 13:36:37.438    app     warn:    [play-area-content] Invalid product found in play area content    { product: 'eve-frontier' }
2025-11-10 13:36:37.951    app     info:    [server-manager] Downloaded 504.08 kiB/203.47 MiB at 208.69 kiB/s
2025-11-10 13:36:38.523    app     warn:    [authentication] Refresh token for '29280260' on 'tranquility' is invalid
2025-11-10 13:36:38.526    app    error:    [authentication] Could not refresh token for '29280260' on 'tranquility' SSO responded with an invalid status code: 400 - Bad Request    Q [InvalidGrantResponseError]: SSO responded with an invalid status code: 400 - Bad Request
    at P (C:\Users\dmytr\AppData\Local\eve-online\app-1.12.2\resources\app.asar\.webpack\main\index.js:8:1889534)
    at process.processTicksAndRejections (node:internal/process/task_queues:105:5)
    at async Promise.allSettled (index 5) {
  body: '{"error":"invalid_grant","error_description":"Invalid refresh token. Token missing/expired."}'
}
2025-11-10 13:36:38.873    app     warn:    [authentication] Refresh token for '29795975' on 'tranquility' is invalid
2025-11-10 13:36:38.876    app    error:    [authentication] Could not refresh token for '29795975' on 'tranquility' SSO responded with an invalid status code: 400 - Bad Request    Q [InvalidGrantResponseError]: SSO responded with an invalid status code: 400 - Bad Request
    at P (C:\Users\dmytr\AppData\Local\eve-online\app-1.12.2\resources\app.asar\.webpack\main\index.js:8:1889534)
    at process.processTicksAndRejections (node:internal/process/task_queues:105:5)
    at async Promise.allSettled (index 7) {
  body: '{"error":"invalid_grant","error_description":"Invalid refresh token. Token missing/expired."}'
}
2025-11-10 13:36:38.961    app     info:    [server-manager] Downloaded 1.29 MiB/203.47 MiB at 723.29 kiB/s
2025-11-10 13:36:40.001    app     info:    [server-manager] Downloaded 2.10 MiB/203.47 MiB at 946.34 kiB/s
2025-11-10 13:36:40.844    app     info:    [self-update] Checking for application updates.
2025-11-10 13:36:41.319    app     info:    [server-manager] Downloaded 2.99 MiB/203.47 MiB at 620.36 kiB/s
2025-11-10 13:36:41.337    app     warn:    [authentication] Refresh token for '31367691' on 'tranquility' is invalid
2025-11-10 13:36:41.340    app    error:    [authentication] Could not refresh token for '31367691' on 'tranquility' SSO responded with an invalid status code: 400 - Bad Request    Q [InvalidGrantResponseError]: SSO responded with an invalid status code: 400 - Bad Request
    at P (C:\Users\dmytr\AppData\Local\eve-online\app-1.12.2\resources\app.asar\.webpack\main\index.js:8:1889534)
    at process.processTicksAndRejections (node:internal/process/task_queues:105:5)
    at async Promise.allSettled (index 9) {
  body: '{"error":"invalid_grant","error_description":"Invalid refresh token. Token missing/expired."}'
}
2025-11-10 13:36:41.353    app     info:    [save-as] Retrying download of https://binaries.eveonline.com/bundles/3092632/eveonline_3092632.txt.bundle.10 (attempt 1) Error occurred while saving file to disk 'C:\Games\EVE\ResFiles\bundles\3092632\.eveonline_3092632.txt.bundle.10.tmp'
Request error when calling 'https://binaries.eveonline.com'
1090304:error:1e000065:Cipher functions:OPENSSL_internal:BAD_DECRYPT:..\..\third_party\boringssl\src\crypto\fipsmodule\cipher\e_aes.cc.inc:839:
    S [SaveAsError]: Error occurred while saving file to disk 'C:\Games\EVE\ResFiles\bundles\3092632\.eveonline_3092632.txt.bundle.10.tmp'
Request error when calling 'https://binaries.eveonline.com'
1090304:error:1e000065:Cipher functions:OPENSSL_internal:BAD_DECRYPT:..\..\third_party\boringssl\src\crypto\fipsmodule\cipher\e_aes.cc.inc:839:

    at S.from (C:\Users\dmytr\AppData\Local\eve-online\app-1.12.2\resources\app.asar\.webpack\main\index.js:8:2387039)
    at v.<anonymous> (C:\Users\dmytr\AppData\Local\eve-online\app-1.12.2\resources\app.asar\.webpack\main\index.js:8:2027557)
    at v.emit (node:events:518:28)
    at v.emitError (C:\Users\dmytr\AppData\Local\eve-online\app-1.12.2\resources\app.asar\.webpack\main\index.js:8:2885124)
    at ClientRequest.<anonymous> (C:\Users\dmytr\AppData\Local\eve-online\app-1.12.2\resources\app.asar\.webpack\main\index.js:8:2884095)
    at ClientRequest.emit (node:events:530:35)
    ... 3 lines matching cause stack trace ...
    at TLSSocket._emitTLSError (node:_tls_wrap:1034:10) {
  cause: f [RequestError]: Request error when calling 'https://binaries.eveonline.com'
  1090304:error:1e000065:Cipher functions:OPENSSL_internal:BAD_DECRYPT:..\..\third_party\boringssl\src\crypto\fipsmodule\cipher\e_aes.cc.inc:839:
  
      at f.from (C:\Users\dmytr\AppData\Local\eve-online\app-1.12.2\resources\app.asar\.webpack\main\index.js:8:2881258)
      at ClientRequest.<anonymous> (C:\Users\dmytr\AppData\Local\eve-online\app-1.12.2\resources\app.asar\.webpack\main\index.js:8:2884107)
      at ClientRequest.emit (node:events:530:35)
      at emitErrorEvent (node:_http_client:104:11)
      at TLSSocket.socketErrorListener (node:_http_client:518:5)
      at TLSSocket.emit (node:events:518:28)
      at TLSSocket._emitTLSError (node:_tls_wrap:1034:10)
      at TLSWrap.onerror (node:_tls_wrap:475:11) {
    library: 'Cipher functions',
    function: 'OPENSSL_internal',
    reason: 'BAD_DECRYPT',
    code: 'ERR_SSL_BAD_DECRYPT'
  },
  library: 'Cipher functions',
  function: 'OPENSSL_internal',
  reason: 'BAD_DECRYPT',
  code: 'ERR_SSL_BAD_DECRYPT'
}
2025-11-10 13:36:41.487    app     info:    [time-sync] Failed to sync time with 2 servers
2025-11-10 13:36:41.488    app     info:    [time-sync] Compared time with 4 servers. 2 successful, 2 failed.
2025-11-10 13:36:41.488    app     info:    [time-sync] Not showing any warnings because there were errors fetching the time.
2025-11-10 13:36:42.327    app     info:    [server-manager] Downloaded 3.36 MiB/203.47 MiB at 100.71 kiB/s
2025-11-10 13:36:42.491    app     warn:    [authentication] Refresh token for '16492377' on 'tranquility' is invalid
2025-11-10 13:36:42.494    app    error:    [authentication] Could not refresh token for '16492377' on 'tranquility' SSO responded with an invalid status code: 400 - Bad Request    Q [InvalidGrantResponseError]: SSO responded with an invalid status code: 400 - Bad Request
    at P (C:\Users\dmytr\AppData\Local\eve-online\app-1.12.2\resources\app.asar\.webpack\main\index.js:8:1889534)
    at process.processTicksAndRejections (node:internal/process/task_queues:105:5)
    at async Promise.allSettled (index 1) {
  body: '{"error":"invalid_grant","error_description":"Invalid refresh token. Token missing/expired."}'
}
2025-11-10 13:36:43.398    app     info:    [save-as] Retrying download of https://binaries.eveonline.com/bundles/3092632/eveonline_3092632.txt.bundle.7 (attempt 1) Error occurred while saving file to disk 'C:\Games\EVE\ResFiles\bundles\3092632\.eveonline_3092632.txt.bundle.7.tmp'
Request error when calling 'https://binaries.eveonline.com'
1090304:error:1e000065:Cipher functions:OPENSSL_internal:BAD_DECRYPT:..\..\third_party\boringssl\src\crypto\fipsmodule\cipher\e_aes.cc.inc:839:
    S [SaveAsError]: Error occurred while saving file to disk 'C:\Games\EVE\ResFiles\bundles\3092632\.eveonline_3092632.txt.bundle.7.tmp'
Request error when calling 'https://binaries.eveonline.com'
1090304:error:1e000065:Cipher functions:OPENSSL_internal:BAD_DECRYPT:..\..\third_party\boringssl\src\crypto\fipsmodule\cipher\e_aes.cc.inc:839:

    at S.from (C:\Users\dmytr\AppData\Local\eve-online\app-1.12.2\resources\app.asar\.webpack\main\index.js:8:2387039)
    at v.<anonymous> (C:\Users\dmytr\AppData\Local\eve-online\app-1.12.2\resources\app.asar\.webpack\main\index.js:8:2027557)
    at v.emit (node:events:518:28)
    at v.emitError (C:\Users\dmytr\AppData\Local\eve-online\app-1.12.2\resources\app.asar\.webpack\main\index.js:8:2885124)
    at ClientRequest.<anonymous> (C:\Users\dmytr\AppData\Local\eve-online\app-1.12.2\resources\app.asar\.webpack\main\index.js:8:2884095)
    at ClientRequest.emit (node:events:530:35)
    ... 3 lines matching cause stack trace ...
    at TLSSocket._emitTLSError (node:_tls_wrap:1034:10) {
  cause: f [RequestError]: Request error when calling 'https://binaries.eveonline.com'
  1090304:error:1e000065:Cipher functions:OPENSSL_internal:BAD_DECRYPT:..\..\third_party\boringssl\src\crypto\fipsmodule\cipher\e_aes.cc.inc:839:
  
      at f.from (C:\Users\dmytr\AppData\Local\eve-online\app-1.12.2\resources\app.asar\.webpack\main\index.js:8:2881258)
      at ClientRequest.<anonymous> (C:\Users\dmytr\AppData\Local\eve-online\app-1.12.2\resources\app.asar\.webpack\main\index.js:8:2884107)
      at ClientRequest.emit (node:events:530:35)
      at emitErrorEvent (node:_http_client:104:11)
      at TLSSocket.socketErrorListener (node:_http_client:518:5)
      at TLSSocket.emit (node:events:518:28)
      at TLSSocket._emitTLSError (node:_tls_wrap:1034:10)
      at TLSWrap.onerror (node:_tls_wrap:475:11) {
    library: 'Cipher functions',
    function: 'OPENSSL_internal',
    reason: 'BAD_DECRYPT',
    code: 'ERR_SSL_BAD_DECRYPT'
  },
  library: 'Cipher functions',
  function: 'OPENSSL_internal',
  reason: 'BAD_DECRYPT',
  code: 'ERR_SSL_BAD_DECRYPT'
}
2025-11-10 13:36:43.403    app     info:    [server-manager] Downloaded 3.97 MiB/203.47 MiB at 949.05 kiB/s
2025-11-10 13:36:44.483    app     info:    [server-manager] Downloaded 3.79 MiB/203.47 MiB at 736.11 kiB/s
2025-11-10 13:36:44.544     ui     info:    Initializing captcha    ccp://launcher/renderer/main_window/index.js    2
2025-11-10 13:36:45.653    app     info:    [server-manager] Downloaded 4.23 MiB/203.47 MiB at 269.94 kiB/s
2025-11-10 13:36:46.274    app     info:    [save-as] Retrying download of https://binaries.eveonline.com/bundles/3092632/eveonline_3092632.txt.bundle.6 (attempt 1) Error occurred while saving file to disk 'C:\Games\EVE\ResFiles\bundles\3092632\.eveonline_3092632.txt.bundle.6.tmp'
Request error when calling 'https://binaries.eveonline.com'
1090304:error:1e000065:Cipher functions:OPENSSL_internal:BAD_DECRYPT:..\..\third_party\boringssl\src\crypto\fipsmodule\cipher\e_aes.cc.inc:839:
    S [SaveAsError]: Error occurred while saving file to disk 'C:\Games\EVE\ResFiles\bundles\3092632\.eveonline_3092632.txt.bundle.6.tmp'
Request error when calling 'https://binaries.eveonline.com'
1090304:error:1e000065:Cipher functions:OPENSSL_internal:BAD_DECRYPT:..\..\third_party\boringssl\src\crypto\fipsmodule\cipher\e_aes.cc.inc:839:

    at S.from (C:\Users\dmytr\AppData\Local\eve-online\app-1.12.2\resources\app.asar\.webpack\main\index.js:8:2387039)
    at v.<anonymous> (C:\Users\dmytr\AppData\Local\eve-online\app-1.12.2\resources\app.asar\.webpack\main\index.js:8:2027557)
    at v.emit (node:events:518:28)
    at v.emitError (C:\Users\dmytr\AppData\Local\eve-online\app-1.12.2\resources\app.asar\.webpack\main\index.js:8:2885124)
    at ClientRequest.<anonymous> (C:\Users\dmytr\AppData\Local\eve-online\app-1.12.2\resources\app.asar\.webpack\main\index.js:8:2884095)
    at ClientRequest.emit (node:events:530:35)
    ... 3 lines matching cause stack trace ...
    at TLSSocket._emitTLSError (node:_tls_wrap:1034:10) {
  cause: f [RequestError]: Request error when calling 'https://binaries.eveonline.com'
  1090304:error:1e000065:Cipher functions:OPENSSL_internal:BAD_DECRYPT:..\..\third_party\boringssl\src\crypto\fipsmodule\cipher\e_aes.cc.inc:839:
  
      at f.from (C:\Users\dmytr\AppData\Local\eve-online\app-1.12.2\resources\app.asar\.webpack\main\index.js:8:2881258)
      at ClientRequest.<anonymous> (C:\Users\dmytr\AppData\Local\eve-online\app-1.12.2\resources\app.asar\.webpack\main\index.js:8:2884107)
      at ClientRequest.emit (node:events:530:35)
      at emitErrorEvent (node:_http_client:104:11)
      at TLSSocket.socketErrorListener (node:_http_client:518:5)
      at TLSSocket.emit (node:events:518:28)
      at TLSSocket._emitTLSError (node:_tls_wrap:1034:10)
      at TLSWrap.onerror (node:_tls_wrap:475:11) {
    library: 'Cipher functions',
    function: 'OPENSSL_internal',
    reason: 'BAD_DECRYPT',
    code: 'ERR_SSL_BAD_DECRYPT'
  },
  library: 'Cipher functions',
  function: 'OPENSSL_internal',
  reason: 'BAD_DECRYPT',
  code: 'ERR_SSL_BAD_DECRYPT'
}
2025-11-10 13:36:46.723    app     info:    [server-manager] Downloaded 4.77 MiB/203.47 MiB at 432.40 kiB/s
2025-11-10 13:36:47.811    app     info:    [server-manager] Downloaded 5.56 MiB/203.47 MiB at 1.07 MiB/s
2025-11-10 13:36:47.992    app     info:    [self-update] No application updates were found.
2025-11-10 13:36:48.858    app     info:    [server-manager] Downloaded 6.38 MiB/203.47 MiB at 839.59 kiB/s
2025-11-10 13:36:49.001    app     warn:    [authentication] Refresh token for '2110311' on 'tranquility' is invalid
2025-11-10 13:36:49.003    app    error:    [authentication] Could not refresh token for '2110311' on 'tranquility' SSO responded with an invalid status code: 400 - Bad Request    Q [InvalidGrantResponseError]: SSO responded with an invalid status code: 400 - Bad Request
    at P (C:\Users\dmytr\AppData\Local\eve-online\app-1.12.2\resources\app.asar\.webpack\main\index.js:8:1889534)
    at process.processTicksAndRejections (node:internal/process/task_queues:105:5)
    at async Promise.allSettled (index 0) {
  body: '{"error":"invalid_grant","error_description":"Invalid refresh token. Token missing/expired."}'
}
2025-11-10 13:36:49.310    app     warn:    Retrying request to https://images.ctfassets.net (1) Request error when calling 'https://images.ctfassets.net'
1090304:error:1e000065:Cipher functions:OPENSSL_internal:BAD_DECRYPT:..\..\third_party\boringssl\src\crypto\fipsmodule\cipher\e_aes.cc.inc:839:
    f [RequestError]: Request error when calling 'https://images.ctfassets.net'
1090304:error:1e000065:Cipher functions:OPENSSL_internal:BAD_DECRYPT:..\..\third_party\boringssl\src\crypto\fipsmodule\cipher\e_aes.cc.inc:839:

    at f.from (C:\Users\dmytr\AppData\Local\eve-online\app-1.12.2\resources\app.asar\.webpack\main\index.js:8:2881258)
    at ClientRequest.<anonymous> (C:\Users\dmytr\AppData\Local\eve-online\app-1.12.2\resources\app.asar\.webpack\main\index.js:8:2884107)
    at ClientRequest.emit (node:events:518:28)
    at emitErrorEvent (node:_http_client:104:11)
    at TLSSocket.socketErrorListener (node:_http_client:518:5)
    at TLSSocket.emit (node:events:518:28)
    at TLSSocket._emitTLSError (node:_tls_wrap:1034:10)
    at TLSWrap.onerror (node:_tls_wrap:475:11) {
  library: 'Cipher functions',
  function: 'OPENSSL_internal',
  reason: 'BAD_DECRYPT',
  code: 'ERR_SSL_BAD_DECRYPT'
}
2025-11-10 13:36:49.523    app     warn:    Retrying request to https://creatives2.extccp.com (1) Request error when calling 'https://creatives2.extccp.com'
1090304:error:1e000065:Cipher functions:OPENSSL_internal:BAD_DECRYPT:..\..\third_party\boringssl\src\crypto\fipsmodule\cipher\e_aes.cc.inc:839:
    f [RequestError]: Request error when calling 'https://creatives2.extccp.com'
1090304:error:1e000065:Cipher functions:OPENSSL_internal:BAD_DECRYPT:..\..\third_party\boringssl\src\crypto\fipsmodule\cipher\e_aes.cc.inc:839:

    at f.from (C:\Users\dmytr\AppData\Local\eve-online\app-1.12.2\resources\app.asar\.webpack\main\index.js:8:2881258)
    at ClientRequest.<anonymous> (C:\Users\dmytr\AppData\Local\eve-online\app-1.12.2\resources\app.asar\.webpack\main\index.js:8:2884107)
    at ClientRequest.emit (node:events:518:28)
    at emitErrorEvent (node:_http_client:104:11)
    at TLSSocket.socketErrorListener (node:_http_client:518:5)
    at TLSSocket.emit (node:events:518:28)
    at TLSSocket._emitTLSError (node:_tls_wrap:1034:10)
    at TLSWrap.onerror (node:_tls_wrap:475:11) {
  library: 'Cipher functions',
  function: 'OPENSSL_internal',
  reason: 'BAD_DECRYPT',
  code: 'ERR_SSL_BAD_DECRYPT'
}
2025-11-10 13:36:49.894    app     info:    [server-manager] Downloaded 7.17 MiB/203.47 MiB at 905.41 kiB/s
2025-11-10 13:36:50.936    app     info:    [server-manager] Downloaded 7.63 MiB/203.47 MiB at 325.32 kiB/s
2025-11-10 13:36:51.842    app    error:    [authentication] Could not refresh token for '23622903' on 'tranquility' Request error when calling 'https://login.eveonline.com'
socket hang up    f [RequestError]: Request error when calling 'https://login.eveonline.com'
socket hang up
    at f.from (C:\Users\dmytr\AppData\Local\eve-online\app-1.12.2\resources\app.asar\.webpack\main\index.js:8:2881258)
    at ClientRequest.<anonymous> (C:\Users\dmytr\AppData\Local\eve-online\app-1.12.2\resources\app.asar\.webpack\main\index.js:8:2884107)
    at ClientRequest.emit (node:events:518:28)
    at emitErrorEvent (node:_http_client:104:11)
    at TLSSocket.socketOnEnd (node:_http_client:542:5)
    at TLSSocket.emit (node:events:530:35)
    at endReadableNT (node:internal/streams/readable:1698:12)
    at process.processTicksAndRejections (node:internal/process/task_queues:90:21) {
  code: 'ECONNRESET'
}
2025-11-10 13:36:51.963    app     info:    [server-manager] Downloaded 8.30 MiB/203.47 MiB at 577.60 kiB/s
2025-11-10 13:36:52.997    app     info:    [server-manager] Downloaded 9.24 MiB/203.47 MiB at 940.75 kiB/s
2025-11-10 13:36:54.027    app     info:    [server-manager] Downloaded 10.11 MiB/203.47 MiB at 953.68 kiB/s
2025-11-10 13:36:55.066    app     info:    [server-manager] Downloaded 10.75 MiB/203.47 MiB at 594.91 kiB/s
2025-11-10 13:36:56.119    app     info:    [server-manager] Downloaded 11.58 MiB/203.47 MiB at 1.16 MiB/s
2025-11-10 13:36:57.136    app     info:    [server-manager] Downloaded 12.37 MiB/203.47 MiB at 888.89 kiB/s
2025-11-10 13:36:58.180    app     info:    [server-manager] Downloaded 13.33 MiB/203.47 MiB at 710.42 kiB/s
2025-11-10 13:36:59.194    app     info:    [server-manager] Downloaded 14.23 MiB/203.47 MiB at 893.63 kiB/s
2025-11-10 13:37:00.226    app     info:    [server-manager] Downloaded 15.10 MiB/203.47 MiB at 724.41 kiB/s
2025-11-10 13:37:01.285    app     info:    [server-manager] Downloaded 16.13 MiB/203.47 MiB at 941.32 kiB/s
2025-11-10 13:37:02.327    app     info:    [server-manager] Downloaded 17.00 MiB/203.47 MiB at 949.98 kiB/s
2025-11-10 13:37:03.341    app     info:    [server-manager] Downloaded 17.98 MiB/203.47 MiB at 864.00 kiB/s
2025-11-10 13:37:04.409    app     info:    [server-manager] Downloaded 18.75 MiB/203.47 MiB at 794.12 kiB/s
2025-11-10 13:37:04.503    app     warn:    The connection to LogLite was refused. A LogLite server may not be running, or be listening to connections.    []
2025-11-10 13:37:05.466    app     info:    [server-manager] Downloaded 19.33 MiB/203.47 MiB at 781.95 kiB/s
2025-11-10 13:37:06.496    app     info:    [server-manager] Downloaded 20.10 MiB/203.47 MiB at 1.27 MiB/s
2025-11-10 13:37:07.500    app     info:    [server-manager] Downloaded 20.93 MiB/203.47 MiB at 606.56 kiB/s
2025-11-10 13:37:08.540    app     info:    [server-manager] Downloaded 21.59 MiB/203.47 MiB at 687.50 kiB/s
2025-11-10 13:37:09.572    app     info:    [server-manager] Downloaded 22.50 MiB/203.47 MiB at 1.02 MiB/s
2025-11-10 13:37:10.601    app     info:    [server-manager] Downloaded 23.23 MiB/203.47 MiB at 948.16 kiB/s
2025-11-10 13:37:11.652    app     info:    [server-manager] Downloaded 24.13 MiB/203.47 MiB at 1.06 MiB/s
2025-11-10 13:37:12.661    app     info:    [server-manager] Downloaded 25.04 MiB/203.47 MiB at 1.07 MiB/s
2025-11-10 13:37:13.736    app     info:    [server-manager] Downloaded 25.88 MiB/203.47 MiB at 995.40 kiB/s
2025-11-10 13:37:14.523    app     warn:    Retrying request to https://images.ctfassets.net (1) Request error when calling 'https://images.ctfassets.net'
1090304:error:1e000065:Cipher functions:OPENSSL_internal:BAD_DECRYPT:..\..\third_party\boringssl\src\crypto\fipsmodule\cipher\e_aes.cc.inc:839:
    f [RequestError]: Request error when calling 'https://images.ctfassets.net'
1090304:error:1e000065:Cipher functions:OPENSSL_internal:BAD_DECRYPT:..\..\third_party\boringssl\src\crypto\fipsmodule\cipher\e_aes.cc.inc:839:

    at f.from (C:\Users\dmytr\AppData\Local\eve-online\app-1.12.2\resources\app.asar\.webpack\main\index.js:8:2881258)
    at ClientRequest.<anonymous> (C:\Users\dmytr\AppData\Local\eve-online\app-1.12.2\resources\app.asar\.webpack\main\index.js:8:2884107)
    at ClientRequest.emit (node:events:518:28)
    at emitErrorEvent (node:_http_client:104:11)
    at TLSSocket.socketErrorListener (node:_http_client:518:5)
    at TLSSocket.emit (node:events:518:28)
    at TLSSocket._emitTLSError (node:_tls_wrap:1034:10)
    at TLSWrap.onerror (node:_tls_wrap:475:11) {
  library: 'Cipher functions',
  function: 'OPENSSL_internal',
  reason: 'BAD_DECRYPT',
  code: 'ERR_SSL_BAD_DECRYPT'
}
2025-11-10 13:37:14.787    app     info:    [server-manager] Downloaded 26.60 MiB/203.47 MiB at 709.06 kiB/s
2025-11-10 13:37:15.850    app     info:    [server-manager] Downloaded 27.43 MiB/203.47 MiB at 753.30 kiB/s
2025-11-10 13:37:16.967    app     info:    [server-manager] Downloaded 28.10 MiB/203.47 MiB at 980.84 kiB/s
2025-11-10 13:37:17.992    app     info:    [server-manager] Downloaded 28.96 MiB/203.47 MiB at 952.38 kiB/s
2025-11-10 13:37:19.057    app     info:    [server-manager] Downloaded 29.75 MiB/203.47 MiB at 820.50 kiB/s
2025-11-10 13:37:20.108    app     info:    [server-manager] Downloaded 30.79 MiB/203.47 MiB at 1,014.30 kiB/s
2025-11-10 13:37:21.158    app     info:    [server-manager] Downloaded 31.63 MiB/203.47 MiB at 706.33 kiB/s
2025-11-10 13:37:22.186    app     info:    [server-manager] Downloaded 32.32 MiB/203.47 MiB at 756.06 kiB/s
2025-11-10 13:37:23.217    app     info:    [server-manager] Downloaded 33.12 MiB/203.47 MiB at 761.90 kiB/s
2025-11-10 13:37:23.784    app     info:    [creatives] Received 2 creatives for eve-online
2025-11-10 13:37:24.244    app     info:    [server-manager] Downloaded 33.99 MiB/203.47 MiB at 728.59 kiB/s
2025-11-10 13:37:25.288    app     info:    [server-manager] Downloaded 34.73 MiB/203.47 MiB at 611.85 kiB/s
2025-11-10 13:37:25.556    app     warn:    [authentication] Refresh token for '29285645' on 'tranquility' is invalid
2025-11-10 13:37:25.558    app    error:    [authentication] Could not refresh token for '29285645' on 'tranquility' SSO responded with an invalid status code: 400 - Bad Request    Q [InvalidGrantResponseError]: SSO responded with an invalid status code: 400 - Bad Request
    at P (C:\Users\dmytr\AppData\Local\eve-online\app-1.12.2\resources\app.asar\.webpack\main\index.js:8:1889534)
    at process.processTicksAndRejections (node:internal/process/task_queues:105:5)
    at async Promise.allSettled (index 6) {
  body: '{"error":"invalid_grant","error_description":"Invalid refresh token. Token missing/expired."}'
}
2025-11-10 13:37:25.564    app     info:    [AuthenticationMiddleware] Successfully restored 0 / 10 users
2025-11-10 13:37:26.339    app     info:    [server-manager] Downloaded 35.51 MiB/203.47 MiB at 837.38 kiB/s
2025-11-10 13:37:27.362    app     info:    [server-manager] Downloaded 36.15 MiB/203.47 MiB at 930.23 kiB/s
2025-11-10 13:37:28.449    app     info:    [server-manager] Downloaded 36.92 MiB/203.47 MiB at 615.38 kiB/s
2025-11-10 13:37:29.470    app     info:    [server-manager] Downloaded 37.67 MiB/203.47 MiB at 817.29 kiB/s
2025-11-10 13:37:30.506    app     info:    [server-manager] Downloaded 38.44 MiB/203.47 MiB at 380.28 kiB/s
2025-11-10 13:37:31.541    app     info:    [server-manager] Downloaded 39.42 MiB/203.47 MiB at 286.28 kiB/s
2025-11-10 13:37:32.561    app     info:    [server-manager] Downloaded 40.29 MiB/203.47 MiB at 922.97 kiB/s
2025-11-10 13:37:33.621    app     info:    [server-manager] Downloaded 41.23 MiB/203.47 MiB at 863.39 kiB/s
2025-11-10 13:37:34.681    app     info:    [server-manager] Downloaded 41.84 MiB/203.47 MiB at 565.06 kiB/s
2025-11-10 13:37:35.039    app     info:    [save-as] Retrying download of https://binaries.eveonline.com/bundles/3092632/eveonline_3092632.txt.bundle.9 (attempt 1) Error occurred while saving file to disk 'C:\Games\EVE\ResFiles\bundles\3092632\.eveonline_3092632.txt.bundle.9.tmp'
Request error when calling 'https://binaries.eveonline.com'
1090304:error:1e000065:Cipher functions:OPENSSL_internal:BAD_DECRYPT:..\..\third_party\boringssl\src\crypto\fipsmodule\cipher\e_aes.cc.inc:839:
    S [SaveAsError]: Error occurred while saving file to disk 'C:\Games\EVE\ResFiles\bundles\3092632\.eveonline_3092632.txt.bundle.9.tmp'
Request error when calling 'https://binaries.eveonline.com'
1090304:error:1e000065:Cipher functions:OPENSSL_internal:BAD_DECRYPT:..\..\third_party\boringssl\src\crypto\fipsmodule\cipher\e_aes.cc.inc:839:

    at S.from (C:\Users\dmytr\AppData\Local\eve-online\app-1.12.2\resources\app.asar\.webpack\main\index.js:8:2387039)
    at v.<anonymous> (C:\Users\dmytr\AppData\Local\eve-online\app-1.12.2\resources\app.asar\.webpack\main\index.js:8:2027557)
    at v.emit (node:events:518:28)
    at v.emitError (C:\Users\dmytr\AppData\Local\eve-online\app-1.12.2\resources\app.asar\.webpack\main\index.js:8:2885124)
    at ClientRequest.<anonymous> (C:\Users\dmytr\AppData\Local\eve-online\app-1.12.2\resources\app.asar\.webpack\main\index.js:8:2884095)
    at ClientRequest.emit (node:events:530:35)
    ... 3 lines matching cause stack trace ...
    at TLSSocket._emitTLSError (node:_tls_wrap:1034:10) {
  cause: f [RequestError]: Request error when calling 'https://binaries.eveonline.com'
  1090304:error:1e000065:Cipher functions:OPENSSL_internal:BAD_DECRYPT:..\..\third_party\boringssl\src\crypto\fipsmodule\cipher\e_aes.cc.inc:839:
  
      at f.from (C:\Users\dmytr\AppData\Local\eve-online\app-1.12.2\resources\app.asar\.webpack\main\index.js:8:2881258)
      at ClientRequest.<anonymous> (C:\Users\dmytr\AppData\Local\eve-online\app-1.12.2\resources\app.asar\.webpack\main\index.js:8:2884107)
      at ClientRequest.emit (node:events:530:35)
      at emitErrorEvent (node:_http_client:104:11)
      at TLSSocket.socketErrorListener (node:_http_client:518:5)
      at TLSSocket.emit (node:events:518:28)
      at TLSSocket._emitTLSError (node:_tls_wrap:1034:10)
      at TLSWrap.onerror (node:_tls_wrap:475:11) {
    library: 'Cipher functions',
    function: 'OPENSSL_internal',
    reason: 'BAD_DECRYPT',
    code: 'ERR_SSL_BAD_DECRYPT'
  },
  library: 'Cipher functions',
  function: 'OPENSSL_internal',
  reason: 'BAD_DECRYPT',
  code: 'ERR_SSL_BAD_DECRYPT'
}
2025-11-10 13:37:35.689    app     info:    [server-manager] Downloaded 42.68 MiB/203.47 MiB at 946.75 kiB/s
2025-11-10 13:37:35.823    app    error:    [authentication] Could not refresh token for '18922386' on 'tranquility' Tokens for '18922386' on 'tranquility' are invalid, refresh was skipped    h [InvalidTokenError]: Tokens for '18922386' on 'tranquility' are invalid, refresh was skipped
    at P (C:\Users\dmytr\AppData\Local\eve-online\app-1.12.2\resources\app.asar\.webpack\main\index.js:8:1888840)
    at C:\Users\dmytr\AppData\Local\eve-online\app-1.12.2\resources\app.asar\.webpack\main\index.js:8:2747349
    at C:\Users\dmytr\AppData\Local\eve-online\app-1.12.2\resources\app.asar\.webpack\main\index.js:8:2359677
    at C:\Users\dmytr\AppData\Local\eve-online\app-1.12.2\resources\app.asar\.webpack\main\index.js:8:2751090
    at process.processTicksAndRejections (node:internal/process/task_queues:105:5)
2025-11-10 13:37:35.824    app    error:    [AuthenticationMiddleware] Could not update data on active user change Tokens for '18922386' on 'tranquility' are invalid, refresh was skipped    h [InvalidTokenError]: Tokens for '18922386' on 'tranquility' are invalid, refresh was skipped
    at P (C:\Users\dmytr\AppData\Local\eve-online\app-1.12.2\resources\app.asar\.webpack\main\index.js:8:1888840)
    at C:\Users\dmytr\AppData\Local\eve-online\app-1.12.2\resources\app.asar\.webpack\main\index.js:8:2747349
    at C:\Users\dmytr\AppData\Local\eve-online\app-1.12.2\resources\app.asar\.webpack\main\index.js:8:2359677
    at C:\Users\dmytr\AppData\Local\eve-online\app-1.12.2\resources\app.asar\.webpack\main\index.js:8:2751090
    at process.processTicksAndRejections (node:internal/process/task_queues:105:5)
2025-11-10 13:37:36.762    app     info:    [server-manager] Downloaded 43.48 MiB/203.47 MiB at 835.76 kiB/s
2025-11-10 13:37:37.787    app     info:    [server-manager] Downloaded 44.67 MiB/203.47 MiB at 1.12 MiB/s
2025-11-10 13:37:38.310    app     warn:    Retrying request to https://images.ctfassets.net (1) Request timed out    p [RequestTimeoutError]: Request timed out
    at ClientRequest.<anonymous> (C:\Users\dmytr\AppData\Local\eve-online\app-1.12.2\resources\app.asar\.webpack\main\index.js:8:2884217)
    at ClientRequest.emit (node:events:518:28)
    at TLSSocket.emitRequestTimeout (node:_http_client:863:9)
    at Object.onceWrapper (node:events:632:28)
    at TLSSocket.emit (node:events:530:35)
    at Socket._onTimeout (node:net:609:8)
    at listOnTimeout (node:internal/timers:588:17)
    at process.processTimers (node:internal/timers:523:7)
2025-11-10 13:37:38.851    app     info:    [server-manager] Downloaded 45.28 MiB/203.47 MiB at 647.48 kiB/s
2025-11-10 13:37:39.499    app     warn:    Retrying request to https://images.ctfassets.net (1) Request timed out    p [RequestTimeoutError]: Request timed out
    at ClientRequest.<anonymous> (C:\Users\dmytr\AppData\Local\eve-online\app-1.12.2\resources\app.asar\.webpack\main\index.js:8:2884217)
    at ClientRequest.emit (node:events:518:28)
    at TLSSocket.emitRequestTimeout (node:_http_client:863:9)
    at Object.onceWrapper (node:events:632:28)
    at TLSSocket.emit (node:events:530:35)
    at Socket._onTimeout (node:net:609:8)
    at listOnTimeout (node:internal/timers:588:17)
    at process.processTimers (node:internal/timers:523:7)
2025-11-10 13:37:39.906    app     info:    [server-manager] Downloaded 45.93 MiB/203.47 MiB at 553.73 kiB/s
2025-11-10 13:37:40.880    app     info:    [time-sync] Failed to sync time with 3 servers
2025-11-10 13:37:40.880    app     info:    [time-sync] Compared time with 4 servers. 1 successful, 3 failed.
2025-11-10 13:37:40.880    app     info:    [time-sync] Not showing any warnings because there were errors fetching the time.
2025-11-10 13:37:40.980    app     info:    [server-manager] Downloaded 46.93 MiB/203.47 MiB at 953.85 kiB/s
2025-11-10 13:37:41.199    app     warn:    Retrying request to https://images.evetech.net (1) Request error when calling 'https://images.evetech.net'
1090304:error:1e000065:Cipher functions:OPENSSL_internal:BAD_DECRYPT:..\..\third_party\boringssl\src\crypto\fipsmodule\cipher\e_aes.cc.inc:839:
    f [RequestError]: Request error when calling 'https://images.evetech.net'
1090304:error:1e000065:Cipher functions:OPENSSL_internal:BAD_DECRYPT:..\..\third_party\boringssl\src\crypto\fipsmodule\cipher\e_aes.cc.inc:839:

    at f.from (C:\Users\dmytr\AppData\Local\eve-online\app-1.12.2\resources\app.asar\.webpack\main\index.js:8:2881258)
    at ClientRequest.<anonymous> (C:\Users\dmytr\AppData\Local\eve-online\app-1.12.2\resources\app.asar\.webpack\main\index.js:8:2884107)
    at ClientRequest.emit (node:events:518:28)
    at emitErrorEvent (node:_http_client:104:11)
    at TLSSocket.socketErrorListener (node:_http_client:518:5)
    at TLSSocket.emit (node:events:518:28)
    at TLSSocket._emitTLSError (node:_tls_wrap:1034:10)
    at TLSWrap.onerror (node:_tls_wrap:475:11) {
  library: 'Cipher functions',
  function: 'OPENSSL_internal',
  reason: 'BAD_DECRYPT',
  code: 'ERR_SSL_BAD_DECRYPT'
}
2025-11-10 13:37:41.617    app     warn:    Retrying request to https://creatives2.extccp.com (1) Request timed out    p [RequestTimeoutError]: Request timed out
    at ClientRequest.<anonymous> (C:\Users\dmytr\AppData\Local\eve-online\app-1.12.2\resources\app.asar\.webpack\main\index.js:8:2884217)
    at ClientRequest.emit (node:events:518:28)
    at TLSSocket.emitRequestTimeout (node:_http_client:863:9)
    at Object.onceWrapper (node:events:632:28)
    at TLSSocket.emit (node:events:530:35)
    at Socket._onTimeout (node:net:609:8)
    at listOnTimeout (node:internal/timers:588:17)
    at process.processTimers (node:internal/timers:523:7)
2025-11-10 13:37:41.618    app     warn:    Retrying request to https://images.ctfassets.net (1) Request timed out    p [RequestTimeoutError]: Request timed out
    at ClientRequest.<anonymous> (C:\Users\dmytr\AppData\Local\eve-online\app-1.12.2\resources\app.asar\.webpack\main\index.js:8:2884217)
    at ClientRequest.emit (node:events:518:28)
    at TLSSocket.emitRequestTimeout (node:_http_client:863:9)
    at Object.onceWrapper (node:events:632:28)
    at TLSSocket.emit (node:events:530:35)
    at Socket._onTimeout (node:net:609:8)
    at listOnTimeout (node:internal/timers:588:17)
    at process.processTimers (node:internal/timers:523:7)
2025-11-10 13:37:41.907    app     warn:    Retrying request to https://images.ctfassets.net (1) Request timed out    p [RequestTimeoutError]: Request timed out
    at ClientRequest.<anonymous> (C:\Users\dmytr\AppData\Local\eve-online\app-1.12.2\resources\app.asar\.webpack\main\index.js:8:2884217)
    at ClientRequest.emit (node:events:518:28)
    at TLSSocket.emitRequestTimeout (node:_http_client:863:9)
    at Object.onceWrapper (node:events:632:28)
    at TLSSocket.emit (node:events:530:35)
    at Socket._onTimeout (node:net:609:8)
    at listOnTimeout (node:internal/timers:588:17)
    at process.processTimers (node:internal/timers:523:7)
2025-11-10 13:37:42.026    app     info:    [server-manager] Downloaded 47.79 MiB/203.47 MiB at 875.47 kiB/s
2025-11-10 13:37:43.057    app     info:    [server-manager] Downloaded 48.77 MiB/203.47 MiB at 1,017.86 kiB/s
2025-11-10 13:37:44.003    app     warn:    Retrying request to https://launcher-cdn.eveonline.com (1) Request error when calling 'https://launcher-cdn.eveonline.com'
1090304:error:1e000065:Cipher functions:OPENSSL_internal:BAD_DECRYPT:..\..\third_party\boringssl\src\crypto\fipsmodule\cipher\e_aes.cc.inc:839:
    f [RequestError]: Request error when calling 'https://launcher-cdn.eveonline.com'
1090304:error:1e000065:Cipher functions:OPENSSL_internal:BAD_DECRYPT:..\..\third_party\boringssl\src\crypto\fipsmodule\cipher\e_aes.cc.inc:839:

    at f.from (C:\Users\dmytr\AppData\Local\eve-online\app-1.12.2\resources\app.asar\.webpack\main\index.js:8:2881258)
    at ClientRequest.<anonymous> (C:\Users\dmytr\AppData\Local\eve-online\app-1.12.2\resources\app.asar\.webpack\main\index.js:8:2884107)
    at ClientRequest.emit (node:events:518:28)
    at emitErrorEvent (node:_http_client:104:11)
    at TLSSocket.socketErrorListener (node:_http_client:518:5)
    at TLSSocket.emit (node:events:518:28)
    at TLSSocket._emitTLSError (node:_tls_wrap:1034:10)
    at TLSWrap.onerror (node:_tls_wrap:475:11) {
  library: 'Cipher functions',
  function: 'OPENSSL_internal',
  reason: 'BAD_DECRYPT',
  code: 'ERR_SSL_BAD_DECRYPT'
}
2025-11-10 13:37:44.126    app     info:    [server-manager] Downloaded 49.42 MiB/203.47 MiB at 658.50 kiB/s
2025-11-10 13:37:45.155    app     info:    [server-manager] Downloaded 50.02 MiB/203.47 MiB at 653.14 kiB/s
2025-11-10 13:37:46.231    app     info:    [server-manager] Downloaded 50.48 MiB/203.47 MiB at 382.47 kiB/s
2025-11-10 13:37:47.299    app     info:    [server-manager] Downloaded 51.28 MiB/203.47 MiB at 782.21 kiB/s
2025-11-10 13:37:48.318    app     info:    [server-manager] Downloaded 52.26 MiB/203.47 MiB at 1.24 MiB/s
2025-11-10 13:37:49.391    app     info:    [server-manager] Downloaded 53.09 MiB/203.47 MiB at 1.25 MiB/s
2025-11-10 13:37:50.406    app     info:    [server-manager] Downloaded 53.67 MiB/203.47 MiB at 405.46 kiB/s
2025-11-10 13:37:51.435    app     info:    [server-manager] Downloaded 54.64 MiB/203.47 MiB at 1.06 MiB/s
2025-11-10 13:37:52.447    app     info:    [server-manager] Downloaded 55.48 MiB/203.47 MiB at 952.63 kiB/s
2025-11-10 13:37:53.471    app     info:    [server-manager] Downloaded 56.35 MiB/203.47 MiB at 1.01 MiB/s
2025-11-10 13:37:54.496    app     info:    [server-manager] Downloaded 57.07 MiB/203.47 MiB at 646.73 kiB/s
2025-11-10 13:37:55.539    app     info:    [server-manager] Downloaded 58.05 MiB/203.47 MiB at 1.13 MiB/s
2025-11-10 13:37:56.557    app     info:    [server-manager] Downloaded 58.96 MiB/203.47 MiB at 1.02 MiB/s
2025-11-10 13:37:57.676    app     info:    [server-manager] Downloaded 59.87 MiB/203.47 MiB at 750.34 kiB/s
2025-11-10 13:37:58.714    app     info:    [server-manager] Downloaded 60.67 MiB/203.47 MiB at 888.89 kiB/s
2025-11-10 13:37:59.723    app     info:    [server-manager] Downloaded 61.32 MiB/203.47 MiB at 830.34 kiB/s
2025-11-10 13:38:00.750    app     info:    [server-manager] Downloaded 62.28 MiB/203.47 MiB at 702.29 kiB/s
2025-11-10 13:38:01.776    app     info:    [server-manager] Downloaded 63.22 MiB/203.47 MiB at 612.92 kiB/s
2025-11-10 13:38:02.837    app     info:    [server-manager] Downloaded 64.03 MiB/203.47 MiB at 748.71 kiB/s
2025-11-10 13:38:03.879    app     info:    [server-manager] Downloaded 64.84 MiB/203.47 MiB at 833.98 kiB/s
2025-11-10 13:38:04.934    app     info:    [server-manager] Downloaded 65.71 MiB/203.47 MiB at 1.14 MiB/s
2025-11-10 13:38:05.985    app     info:    [server-manager] Downloaded 66.51 MiB/203.47 MiB at 927.93 kiB/s
2025-11-10 13:38:07.009    app     info:    [server-manager] Downloaded 67.49 MiB/203.47 MiB at 887.00 kiB/s
2025-11-10 13:38:08.046    app     info:    [server-manager] Downloaded 68.42 MiB/203.47 MiB at 381.71 kiB/s
2025-11-10 13:38:09.151    app     info:    [server-manager] Downloaded 69.14 MiB/203.47 MiB at 838.71 kiB/s
2025-11-10 13:38:10.164    app     info:    [server-manager] Downloaded 70.22 MiB/203.47 MiB at 941.18 kiB/s
2025-11-10 13:38:11.193    app     info:    [server-manager] Downloaded 71.09 MiB/203.47 MiB at 712.43 kiB/s
2025-11-10 13:38:12.223    app     info:    [server-manager] Downloaded 71.73 MiB/203.47 MiB at 566.93 kiB/s
2025-11-10 13:38:13.245    app     info:    [server-manager] Downloaded 72.50 MiB/203.47 MiB at 760.46 kiB/s
2025-11-10 13:38:14.286    app     info:    [server-manager] Downloaded 73.43 MiB/203.47 MiB at 384.00 kiB/s
2025-11-10 13:38:15.289    app     info:    [server-manager] Downloaded 74.09 MiB/203.47 MiB at 560.31 kiB/s
2025-11-10 13:38:16.362    app     info:    [server-manager] Downloaded 75.07 MiB/203.47 MiB at 1.12 MiB/s
2025-11-10 13:38:17.403    app     info:    [server-manager] Downloaded 75.75 MiB/203.47 MiB at 815.48 kiB/s
2025-11-10 13:38:18.438    app     info:    [server-manager] Downloaded 76.72 MiB/203.47 MiB at 1.42 MiB/s
2025-11-10 13:38:19.468    app     info:    [server-manager] Downloaded 77.44 MiB/203.47 MiB at 649.90 kiB/s
2025-11-10 13:38:20.480    app     info:    [server-manager] Downloaded 78.18 MiB/203.47 MiB at 860.43 kiB/s
2025-11-10 13:38:21.532    app     info:    [server-manager] Downloaded 79.06 MiB/203.47 MiB at 869.15 kiB/s
2025-11-10 13:38:22.588    app     info:    [server-manager] Downloaded 80.17 MiB/203.47 MiB at 1.43 MiB/s
2025-11-10 13:38:23.614    app     info:    [server-manager] Downloaded 81.23 MiB/203.47 MiB at 1.10 MiB/s
2025-11-10 13:38:24.644    app     info:    [server-manager] Downloaded 81.98 MiB/203.47 MiB at 742.75 kiB/s
2025-11-10 13:38:25.664    app     info:    [server-manager] Downloaded 82.81 MiB/203.47 MiB at 952.38 kiB/s
2025-11-10 13:38:26.443    app     info:    [scheduler] Stopped scheduler foreground
2025-11-10 13:38:26.715    app     info:    [server-manager] Downloaded 83.64 MiB/203.47 MiB at 822.13 kiB/s
2025-11-10 13:38:27.794    app     info:    [server-manager] Downloaded 84.70 MiB/203.47 MiB at 858.68 kiB/s
2025-11-10 13:38:28.827    app     info:    [server-manager] Downloaded 85.54 MiB/203.47 MiB at 861.87 kiB/s
2025-11-10 13:38:29.885    app     info:    [server-manager] Downloaded 86.35 MiB/203.47 MiB at 935.85 kiB/s
2025-11-10 13:38:30.964    app     info:    [server-manager] Downloaded 87.33 MiB/203.47 MiB at 767.12 kiB/s
2025-11-10 13:38:31.995    app     info:    [server-manager] Downloaded 88.06 MiB/203.47 MiB at 754.42 kiB/s
2025-11-10 13:38:33.094    app     info:    [server-manager] Downloaded 89.06 MiB/203.47 MiB at 1.08 MiB/s
2025-11-10 13:38:34.191    app     info:    [server-manager] Downloaded 89.73 MiB/203.47 MiB at 481.42 kiB/s
2025-11-10 13:38:35.219    app     info:    [server-manager] Downloaded 90.38 MiB/203.47 MiB at 706.45 kiB/s
2025-11-10 13:38:36.279    app     info:    [server-manager] Downloaded 91.02 MiB/203.47 MiB at 738.46 kiB/s
2025-11-10 13:38:37.316    app     info:    [server-manager] Downloaded 91.87 MiB/203.47 MiB at 883.95 kiB/s
2025-11-10 13:38:38.347    app     info:    [server-manager] Downloaded 92.53 MiB/203.47 MiB at 683.50 kiB/s
2025-11-10 13:38:39.407    app     info:    [save-as] Retrying download of https://binaries.eveonline.com/bundles/3092632/eveonline_3092632.txt.bundle.1 (attempt 1) Error occurred while saving file to disk 'C:\Games\EVE\ResFiles\bundles\3092632\.eveonline_3092632.txt.bundle.1.tmp'
Request timed out    S [SaveAsError]: Error occurred while saving file to disk 'C:\Games\EVE\ResFiles\bundles\3092632\.eveonline_3092632.txt.bundle.1.tmp'
Request timed out
    at S.from (C:\Users\dmytr\AppData\Local\eve-online\app-1.12.2\resources\app.asar\.webpack\main\index.js:8:2387039)
    at v.<anonymous> (C:\Users\dmytr\AppData\Local\eve-online\app-1.12.2\resources\app.asar\.webpack\main\index.js:8:2027557)
    at v.emit (node:events:518:28)
    at v.emitError (C:\Users\dmytr\AppData\Local\eve-online\app-1.12.2\resources\app.asar\.webpack\main\index.js:8:2885124)
    at ClientRequest.<anonymous> (C:\Users\dmytr\AppData\Local\eve-online\app-1.12.2\resources\app.asar\.webpack\main\index.js:8:2884077)
    at ClientRequest.emit (node:events:530:35)
    at emitErrorEvent (node:_http_client:104:11)
    at TLSSocket.socketErrorListener (node:_http_client:518:5)
    at TLSSocket.emit (node:events:518:28)
    at emitErrorNT (node:internal/streams/destroy:170:8) {
  cause: p [RequestTimeoutError]: Request timed out
      at ClientRequest.<anonymous> (C:\Users\dmytr\AppData\Local\eve-online\app-1.12.2\resources\app.asar\.webpack\main\index.js:8:2884217)
      at ClientRequest.emit (node:events:530:35)
      at TLSSocket.emitRequestTimeout (node:_http_client:863:9)
      at Object.onceWrapper (node:events:632:28)
      at TLSSocket.emit (node:events:530:35)
      at Socket._onTimeout (node:net:609:8)
      at listOnTimeout (node:internal/timers:588:17)
      at process.processTimers (node:internal/timers:523:7)
}
2025-11-10 13:38:39.437    app     info:    [server-manager] Downloaded 93.57 MiB/203.47 MiB at 1.42 MiB/s
2025-11-10 13:38:40.388    app     warn:    Retrying request to https://images.evetech.net (1) Request timed out    p [RequestTimeoutError]: Request timed out
    at ClientRequest.<anonymous> (C:\Users\dmytr\AppData\Local\eve-online\app-1.12.2\resources\app.asar\.webpack\main\index.js:8:2884217)
    at ClientRequest.emit (node:events:518:28)
    at TLSSocket.emitRequestTimeout (node:_http_client:863:9)
    at Object.onceWrapper (node:events:632:28)
    at TLSSocket.emit (node:events:530:35)
    at Socket._onTimeout (node:net:609:8)
    at listOnTimeout (node:internal/timers:588:17)
    at process.processTimers (node:internal/timers:523:7)
2025-11-10 13:38:40.390    app     warn:    Retrying request to https://images.evetech.net (1) Request timed out    p [RequestTimeoutError]: Request timed out
    at ClientRequest.<anonymous> (C:\Users\dmytr\AppData\Local\eve-online\app-1.12.2\resources\app.asar\.webpack\main\index.js:8:2884217)
    at ClientRequest.emit (node:events:518:28)
    at TLSSocket.emitRequestTimeout (node:_http_client:863:9)
    at Object.onceWrapper (node:events:632:28)
    at TLSSocket.emit (node:events:530:35)
    at Socket._onTimeout (node:net:609:8)
    at listOnTimeout (node:internal/timers:588:17)
    at process.processTimers (node:internal/timers:523:7)
2025-11-10 13:38:40.478    app     info:    [server-manager] Downloaded 94.27 MiB/203.47 MiB at 755.89 kiB/s
2025-11-10 13:38:40.526    app     warn:    Retrying request to https://images.ctfassets.net (1) Request timed out    p [RequestTimeoutError]: Request timed out
    at ClientRequest.<anonymous> (C:\Users\dmytr\AppData\Local\eve-online\app-1.12.2\resources\app.asar\.webpack\main\index.js:8:2884217)
    at ClientRequest.emit (node:events:518:28)
    at TLSSocket.emitRequestTimeout (node:_http_client:863:9)
    at Object.onceWrapper (node:events:632:28)
    at TLSSocket.emit (node:events:530:35)
    at Socket._onTimeout (node:net:609:8)
    at listOnTimeout (node:internal/timers:588:17)
    at process.processTimers (node:internal/timers:523:7)
2025-11-10 13:38:41.035    app     warn:    Retrying request to https://images.evetech.net (1) Request timed out    p [RequestTimeoutError]: Request timed out
    at ClientRequest.<anonymous> (C:\Users\dmytr\AppData\Local\eve-online\app-1.12.2\resources\app.asar\.webpack\main\index.js:8:2884217)
    at ClientRequest.emit (node:events:518:28)
    at TLSSocket.emitRequestTimeout (node:_http_client:863:9)
    at Object.onceWrapper (node:events:632:28)
    at TLSSocket.emit (node:events:530:35)
    at Socket._onTimeout (node:net:609:8)
    at listOnTimeout (node:internal/timers:588:17)
    at process.processTimers (node:internal/timers:523:7)
2025-11-10 13:38:41.541    app     info:    [server-manager] Downloaded 95.32 MiB/203.47 MiB at 434.98 kiB/s
2025-11-10 13:38:41.627    app     warn:    Retrying request to https://images.evetech.net (1) Request timed out    p [RequestTimeoutError]: Request timed out
    at ClientRequest.<anonymous> (C:\Users\dmytr\AppData\Local\eve-online\app-1.12.2\resources\app.asar\.webpack\main\index.js:8:2884217)
    at ClientRequest.emit (node:events:518:28)
    at TLSSocket.emitRequestTimeout (node:_http_client:863:9)
    at Object.onceWrapper (node:events:632:28)
    at TLSSocket.emit (node:events:530:35)
    at Socket._onTimeout (node:net:609:8)
    at listOnTimeout (node:internal/timers:588:17)
    at process.processTimers (node:internal/timers:523:7)
2025-11-10 13:38:41.744    app     warn:    Retrying request to https://images.ctfassets.net (1) Request timed out    p [RequestTimeoutError]: Request timed out
    at ClientRequest.<anonymous> (C:\Users\dmytr\AppData\Local\eve-online\app-1.12.2\resources\app.asar\.webpack\main\index.js:8:2884217)
    at ClientRequest.emit (node:events:518:28)
    at TLSSocket.emitRequestTimeout (node:_http_client:863:9)
    at Object.onceWrapper (node:events:632:28)
    at TLSSocket.emit (node:events:530:35)
    at Socket._onTimeout (node:net:609:8)
    at listOnTimeout (node:internal/timers:588:17)
    at process.processTimers (node:internal/timers:523:7)
2025-11-10 13:38:42.574    app     info:    [server-manager] Downloaded 96.09 MiB/203.47 MiB at 850.09 kiB/s
2025-11-10 13:38:43.631    app     info:    [server-manager] Downloaded 96.95 MiB/203.47 MiB at 864.06 kiB/s
2025-11-10 13:38:44.688    app     info:    [server-manager] Downloaded 97.59 MiB/203.47 MiB at 524.08 kiB/s
2025-11-10 13:38:45.697    app     info:    [server-manager] Downloaded 98.32 MiB/203.47 MiB at 382.47 kiB/s
2025-11-10 13:38:46.747    app     info:    [server-manager] Downloaded 99.02 MiB/203.47 MiB at 699.46 kiB/s
2025-11-10 13:38:47.813    app     info:    [server-manager] Downloaded 99.85 MiB/203.47 MiB at 826.57 kiB/s
2025-11-10 13:38:48.874    app     info:    [server-manager] Downloaded 100.76 MiB/203.47 MiB at 1.26 MiB/s
2025-11-10 13:38:49.945    app     info:    [server-manager] Downloaded 101.66 MiB/203.47 MiB at 940.20 kiB/s
2025-11-10 13:38:51.003    app     info:    [server-manager] Downloaded 102.39 MiB/203.47 MiB at 824.43 kiB/s
2025-11-10 13:38:52.043    app     info:    [server-manager] Downloaded 103.24 MiB/203.47 MiB at 921.31 kiB/s
2025-11-10 13:38:53.063    app     info:    [server-manager] Downloaded 104.03 MiB/203.47 MiB at 807.77 kiB/s
2025-11-10 13:38:54.070    app     info:    [server-manager] Downloaded 104.85 MiB/203.47 MiB at 682.99 kiB/s
2025-11-10 13:38:55.097    app     info:    [server-manager] Downloaded 105.75 MiB/203.47 MiB at 1.22 MiB/s
2025-11-10 13:38:56.123    app     info:    [server-manager] Downloaded 106.84 MiB/203.47 MiB at 448.00 kiB/s
2025-11-10 13:38:56.649    app     warn:    Retrying request to https://creatives2.extccp.com (1) Request timed out    p [RequestTimeoutError]: Request timed out
    at ClientRequest.<anonymous> (C:\Users\dmytr\AppData\Local\eve-online\app-1.12.2\resources\app.asar\.webpack\main\index.js:8:2884217)
    at ClientRequest.emit (node:events:518:28)
    at TLSSocket.emitRequestTimeout (node:_http_client:863:9)
    at Object.onceWrapper (node:events:632:28)
    at TLSSocket.emit (node:events:530:35)
    at Socket._onTimeout (node:net:609:8)
    at listOnTimeout (node:internal/timers:588:17)
    at process.processTimers (node:internal/timers:523:7)
2025-11-10 13:38:57.160    app     info:    [server-manager] Downloaded 107.62 MiB/203.47 MiB at 1.22 MiB/s
2025-11-10 13:38:58.170    app     info:    [server-manager] Downloaded 108.28 MiB/203.47 MiB at 722.99 kiB/s
2025-11-10 13:38:59.220    app     info:    [server-manager] Downloaded 108.93 MiB/203.47 MiB at 400.77 kiB/s
2025-11-10 13:39:00.030    app     warn:    [play-area-content] Failed to prime the cache for the background image. Not updating the content: cache+https://images.ctfassets.net/7lhcm73ukv5p/5tRom1MaKoPAmIcYycg6xl/215b63b6e0d14c3f16a3b2522937e937/vg_launcher_art2.jpg
2025-11-10 13:39:00.283    app     info:    [server-manager] Downloaded 109.67 MiB/203.47 MiB at 664.32 kiB/s
2025-11-10 13:39:01.374    app     info:    [server-manager] Downloaded 110.47 MiB/203.47 MiB at 822.92 kiB/s
2025-11-10 13:39:01.431    app     warn:    [play-area-content] Failed to prime the cache for the background image. Not updating the content: cache+https://images.ctfassets.net/7lhcm73ukv5p/5tRom1MaKoPAmIcYycg6xl/215b63b6e0d14c3f16a3b2522937e937/vg_launcher_art2.jpg
2025-11-10 13:39:02.431    app     info:    [server-manager] Downloaded 111.28 MiB/203.47 MiB at 1.01 MiB/s
2025-11-10 13:39:03.438    app     info:    [server-manager] Downloaded 112.18 MiB/203.47 MiB at 384.00 kiB/s
2025-11-10 13:39:04.477    app     info:    [server-manager] Downloaded 113.08 MiB/203.47 MiB at 793.65 kiB/s
2025-11-10 13:39:05.541    app     info:    [server-manager] Downloaded 114.14 MiB/203.47 MiB at 819.73 kiB/s
2025-11-10 13:39:06.600    app     info:    [server-manager] Downloaded 115.03 MiB/203.47 MiB at 897.49 kiB/s
2025-11-10 13:39:07.622    app     info:    [server-manager] Downloaded 116.01 MiB/203.47 MiB at 1.14 MiB/s
2025-11-10 13:39:08.632    app     info:    [server-manager] Downloaded 116.70 MiB/203.47 MiB at 793.65 kiB/s
2025-11-10 13:39:09.673    app     info:    [server-manager] Downloaded 117.59 MiB/203.47 MiB at 950.19 kiB/s
2025-11-10 13:39:10.733    app     info:    [server-manager] Downloaded 118.47 MiB/203.47 MiB at 851.38 kiB/s
2025-11-10 13:39:11.780    app     info:    [server-manager] Downloaded 119.15 MiB/203.47 MiB at 647.40 kiB/s
2025-11-10 13:39:12.813    app     info:    [server-manager] Downloaded 120.09 MiB/203.47 MiB at 1.07 MiB/s
2025-11-10 13:39:13.308    app     warn:    [play-area-content] Failed to prime the cache for the background image. Not updating the content: cache+https://images.ctfassets.net/7lhcm73ukv5p/5tRom1MaKoPAmIcYycg6xl/215b63b6e0d14c3f16a3b2522937e937/vg_launcher_art2.jpg
2025-11-10 13:39:13.832    app     info:    [server-manager] Downloaded 120.76 MiB/203.47 MiB at 160.00 kiB/s
2025-11-10 13:39:14.872    app     info:    [server-manager] Downloaded 121.92 MiB/203.47 MiB at 1.37 MiB/s
2025-11-10 13:39:15.906    app     info:    [server-manager] Downloaded 122.80 MiB/203.47 MiB at 626.07 kiB/s
2025-11-10 13:39:16.947    app     info:    [server-manager] Downloaded 123.69 MiB/203.47 MiB at 777.57 kiB/s
2025-11-10 13:39:17.964    app     info:    [server-manager] Downloaded 124.59 MiB/203.47 MiB at 415.89 kiB/s
2025-11-10 13:39:19.028    app     info:    [server-manager] Downloaded 125.40 MiB/203.47 MiB at 715.29 kiB/s
2025-11-10 13:39:20.049    app     info:    [server-manager] Downloaded 126.03 MiB/203.47 MiB at 800.00 kiB/s
2025-11-10 13:39:20.269    app     info:    [scheduler] Starting scheduler foreground
2025-11-10 13:39:20.288    app    error:    [authentication] Could not refresh token for '18922386' on 'tranquility' Tokens for '18922386' on 'tranquility' are invalid, refresh was skipped    h [InvalidTokenError]: Tokens for '18922386' on 'tranquility' are invalid, refresh was skipped
    at P (C:\Users\dmytr\AppData\Local\eve-online\app-1.12.2\resources\app.asar\.webpack\main\index.js:8:1888840)
    at C:\Users\dmytr\AppData\Local\eve-online\app-1.12.2\resources\app.asar\.webpack\main\index.js:8:2747349
    at C:\Users\dmytr\AppData\Local\eve-online\app-1.12.2\resources\app.asar\.webpack\main\index.js:8:2359677
    at C:\Users\dmytr\AppData\Local\eve-online\app-1.12.2\resources\app.asar\.webpack\main\index.js:8:2751090
    at process.processTicksAndRejections (node:internal/process/task_queues:105:5)
2025-11-10 13:39:20.289    app    error:    [AuthenticationMiddleware] Could not update data on active user change Tokens for '18922386' on 'tranquility' are invalid, refresh was skipped    h [InvalidTokenError]: Tokens for '18922386' on 'tranquility' are invalid, refresh was skipped
    at P (C:\Users\dmytr\AppData\Local\eve-online\app-1.12.2\resources\app.asar\.webpack\main\index.js:8:1888840)
    at C:\Users\dmytr\AppData\Local\eve-online\app-1.12.2\resources\app.asar\.webpack\main\index.js:8:2747349
    at C:\Users\dmytr\AppData\Local\eve-online\app-1.12.2\resources\app.asar\.webpack\main\index.js:8:2359677
    at C:\Users\dmytr\AppData\Local\eve-online\app-1.12.2\resources\app.asar\.webpack\main\index.js:8:2751090
    at process.processTicksAndRejections (node:internal/process/task_queues:105:5)
2025-11-10 13:39:21.090    app     info:    [server-manager] Downloaded 126.79 MiB/203.47 MiB at 500.00 kiB/s
2025-11-10 13:39:22.121    app     info:    [server-manager] Downloaded 127.55 MiB/203.47 MiB at 657.53 kiB/s
2025-11-10 13:39:23.144    app     info:    [server-manager] Downloaded 128.35 MiB/203.47 MiB at 930.23 kiB/s
2025-11-10 13:39:24.163    app     info:    [server-manager] Downloaded 128.96 MiB/203.47 MiB at 685.89 kiB/s
2025-11-10 13:39:25.244    app     info:    [server-manager] Downloaded 130.10 MiB/203.47 MiB at 736.25 kiB/s
2025-11-10 13:39:25.312    app     info:    [time-sync] Failed to sync time with 2 servers
2025-11-10 13:39:25.313    app     info:    [time-sync] Compared time with 4 servers. 2 successful, 2 failed.
2025-11-10 13:39:25.313    app     info:    [time-sync] Not showing any warnings because there were errors fetching the time.
2025-11-10 13:39:26.252    app     info:    [server-manager] Downloaded 130.91 MiB/203.47 MiB at 839.83 kiB/s
2025-11-10 13:39:27.277    app     info:    [server-manager] Downloaded 131.81 MiB/203.47 MiB at 1.21 MiB/s
2025-11-10 13:39:28.290    app     info:    [server-manager] Downloaded 132.58 MiB/203.47 MiB at 691.88 kiB/s
2025-11-10 13:39:29.328    app     info:    [server-manager] Downloaded 133.61 MiB/203.47 MiB at 1.14 MiB/s
2025-11-10 13:39:30.369    app     info:    [server-manager] Downloaded 134.16 MiB/203.47 MiB at 579.05 kiB/s
2025-11-10 13:39:31.414    app     info:    [server-manager] Downloaded 135.15 MiB/203.47 MiB at 962.62 kiB/s
2025-11-10 13:39:32.436    app     info:    [server-manager] Downloaded 136.00 MiB/203.47 MiB at 1.01 MiB/s
2025-11-10 13:39:33.458    app     info:    [server-manager] Downloaded 136.81 MiB/203.47 MiB at 757.40 kiB/s
2025-11-10 13:39:34.498    app     info:    [server-manager] Downloaded 137.56 MiB/203.47 MiB at 415.17 kiB/s
2025-11-10 13:39:35.526    app     info:    [server-manager] Downloaded 138.59 MiB/203.47 MiB at 1.56 MiB/s
2025-11-10 13:39:36.532    app     info:    [server-manager] Downloaded 139.36 MiB/203.47 MiB at 632.41 kiB/s
2025-11-10 13:39:37.656    app     warn:    Retrying request to https://creatives2.extccp.com (1) Request timed out    p [RequestTimeoutError]: Request timed out
    at ClientRequest.<anonymous> (C:\Users\dmytr\AppData\Local\eve-online\app-1.12.2\resources\app.asar\.webpack\main\index.js:8:2884217)
    at ClientRequest.emit (node:events:518:28)
    at TLSSocket.emitRequestTimeout (node:_http_client:863:9)
    at Object.onceWrapper (node:events:632:28)
    at TLSSocket.emit (node:events:530:35)
    at Socket._onTimeout (node:net:609:8)
    at listOnTimeout (node:internal/timers:588:17)
    at process.processTimers (node:internal/timers:523:7)
2025-11-10 13:39:37.663    app     info:    [server-manager] Downloaded 140.29 MiB/203.47 MiB at 1,005.88 kiB/s
2025-11-10 13:39:38.729    app     info:    [server-manager] Downloaded 141.30 MiB/203.47 MiB at 1.11 MiB/s
2025-11-10 13:39:39.786    app     info:    [server-manager] Downloaded 142.06 MiB/203.47 MiB at 667.93 kiB/s
2025-11-10 13:39:40.808    app     info:    [server-manager] Downloaded 142.95 MiB/203.47 MiB at 379.45 kiB/s
2025-11-10 13:39:41.818    app     info:    [server-manager] Downloaded 143.74 MiB/203.47 MiB at 842.00 kiB/s
2025-11-10 13:39:42.919    app     info:    [server-manager] Downloaded 144.42 MiB/203.47 MiB at 693.17 kiB/s
2025-11-10 13:39:43.746    app    error:    [authentication] Could not refresh token for '31367691' on 'tranquility' Tokens for '31367691' on 'tranquility' are invalid, refresh was skipped    h [InvalidTokenError]: Tokens for '31367691' on 'tranquility' are invalid, refresh was skipped
    at P (C:\Users\dmytr\AppData\Local\eve-online\app-1.12.2\resources\app.asar\.webpack\main\index.js:8:1888840)
    at C:\Users\dmytr\AppData\Local\eve-online\app-1.12.2\resources\app.asar\.webpack\main\index.js:8:2747349
    at C:\Users\dmytr\AppData\Local\eve-online\app-1.12.2\resources\app.asar\.webpack\main\index.js:8:2359677
    at C:\Users\dmytr\AppData\Local\eve-online\app-1.12.2\resources\app.asar\.webpack\main\index.js:8:2751090
2025-11-10 13:39:43.746    app    error:    [AuthenticationMiddleware] Could not update data on active user change Tokens for '31367691' on 'tranquility' are invalid, refresh was skipped    h [InvalidTokenError]: Tokens for '31367691' on 'tranquility' are invalid, refresh was skipped
    at P (C:\Users\dmytr\AppData\Local\eve-online\app-1.12.2\resources\app.asar\.webpack\main\index.js:8:1888840)
    at C:\Users\dmytr\AppData\Local\eve-online\app-1.12.2\resources\app.asar\.webpack\main\index.js:8:2747349
    at C:\Users\dmytr\AppData\Local\eve-online\app-1.12.2\resources\app.asar\.webpack\main\index.js:8:2359677
    at C:\Users\dmytr\AppData\Local\eve-online\app-1.12.2\resources\app.asar\.webpack\main\index.js:8:2751090
2025-11-10 13:39:43.935    app     info:    [server-manager] Downloaded 145.24 MiB/203.47 MiB at 351.30 kiB/s
2025-11-10 13:39:45.006    app     info:    [server-manager] Downloaded 146.13 MiB/203.47 MiB at 979.14 kiB/s
2025-11-10 13:39:46.061    app     info:    [server-manager] Downloaded 146.88 MiB/203.47 MiB at 874.32 kiB/s
2025-11-10 13:39:47.126    app     info:    [server-manager] Downloaded 147.76 MiB/203.47 MiB at 1.33 MiB/s
2025-11-10 13:39:48.135    app     info:    [server-manager] Downloaded 148.45 MiB/203.47 MiB at 764.94 kiB/s
2025-11-10 13:39:49.165    app     info:    [server-manager] Downloaded 149.30 MiB/203.47 MiB at 984.93 kiB/s
2025-11-10 13:39:50.175    app     info:    [server-manager] Downloaded 150.23 MiB/203.47 MiB at 1.01 MiB/s
2025-11-10 13:39:51.187    app     info:    [server-manager] Downloaded 150.84 MiB/203.47 MiB at 701.20 kiB/s
2025-11-10 13:39:51.740    app    error:    [authentication] Could not refresh token for '31367691' on 'tranquility' Tokens for '31367691' on 'tranquility' are invalid, refresh was skipped    h [InvalidTokenError]: Tokens for '31367691' on 'tranquility' are invalid, refresh was skipped
    at P (C:\Users\dmytr\AppData\Local\eve-online\app-1.12.2\resources\app.asar\.webpack\main\index.js:8:1888840)
    at C:\Users\dmytr\AppData\Local\eve-online\app-1.12.2\resources\app.asar\.webpack\main\index.js:8:2747349
    at C:\Users\dmytr\AppData\Local\eve-online\app-1.12.2\resources\app.asar\.webpack\main\index.js:8:2359677
    at C:\Users\dmytr\AppData\Local\eve-online\app-1.12.2\resources\app.asar\.webpack\main\index.js:8:2751090
    at process.processTicksAndRejections (node:internal/process/task_queues:105:5)
2025-11-10 13:39:51.740    app    error:    [AuthenticationMiddleware] Could not update data on active user change Tokens for '31367691' on 'tranquility' are invalid, refresh was skipped    h [InvalidTokenError]: Tokens for '31367691' on 'tranquility' are invalid, refresh was skipped
    at P (C:\Users\dmytr\AppData\Local\eve-online\app-1.12.2\resources\app.asar\.webpack\main\index.js:8:1888840)
    at C:\Users\dmytr\AppData\Local\eve-online\app-1.12.2\resources\app.asar\.webpack\main\index.js:8:2747349
    at C:\Users\dmytr\AppData\Local\eve-online\app-1.12.2\resources\app.asar\.webpack\main\index.js:8:2359677
    at C:\Users\dmytr\AppData\Local\eve-online\app-1.12.2\resources\app.asar\.webpack\main\index.js:8:2751090
    at process.processTicksAndRejections (node:internal/process/task_queues:105:5)
2025-11-10 13:39:52.255    app     info:    [server-manager] Downloaded 151.71 MiB/203.47 MiB at 940.06 kiB/s
2025-11-10 13:39:52.559    app    error:    [authentication] Could not refresh token for '31367691' on 'tranquility' Tokens for '31367691' on 'tranquility' are invalid, refresh was skipped    h [InvalidTokenError]: Tokens for '31367691' on 'tranquility' are invalid, refresh was skipped
    at P (C:\Users\dmytr\AppData\Local\eve-online\app-1.12.2\resources\app.asar\.webpack\main\index.js:8:1888840)
    at C:\Users\dmytr\AppData\Local\eve-online\app-1.12.2\resources\app.asar\.webpack\main\index.js:8:2747349
    at C:\Users\dmytr\AppData\Local\eve-online\app-1.12.2\resources\app.asar\.webpack\main\index.js:8:2359677
    at C:\Users\dmytr\AppData\Local\eve-online\app-1.12.2\resources\app.asar\.webpack\main\index.js:8:2751090
    at process.processTicksAndRejections (node:internal/process/task_queues:105:5)
2025-11-10 13:39:52.560    app    error:    [AuthenticationMiddleware] Could not update data on active user change Tokens for '31367691' on 'tranquility' are invalid, refresh was skipped    h [InvalidTokenError]: Tokens for '31367691' on 'tranquility' are invalid, refresh was skipped
    at P (C:\Users\dmytr\AppData\Local\eve-online\app-1.12.2\resources\app.asar\.webpack\main\index.js:8:1888840)
    at C:\Users\dmytr\AppData\Local\eve-online\app-1.12.2\resources\app.asar\.webpack\main\index.js:8:2747349
    at C:\Users\dmytr\AppData\Local\eve-online\app-1.12.2\resources\app.asar\.webpack\main\index.js:8:2359677
    at C:\Users\dmytr\AppData\Local\eve-online\app-1.12.2\resources\app.asar\.webpack\main\index.js:8:2751090
    at process.processTicksAndRejections (node:internal/process/task_queues:105:5)
2025-11-10 13:39:53.307    app     info:    [server-manager] Downloaded 152.65 MiB/203.47 MiB at 1.17 MiB/s
2025-11-10 13:39:53.506    app    error:    [authentication] Could not refresh token for '31367691' on 'tranquility' Tokens for '31367691' on 'tranquility' are invalid, refresh was skipped    h [InvalidTokenError]: Tokens for '31367691' on 'tranquility' are invalid, refresh was skipped
    at P (C:\Users\dmytr\AppData\Local\eve-online\app-1.12.2\resources\app.asar\.webpack\main\index.js:8:1888840)
    at F.listenForRequestsAsync (C:\Users\dmytr\AppData\Local\eve-online\app-1.12.2\resources\app.asar\.webpack\main\index.js:8:2001128)
    at process.processTicksAndRejections (node:internal/process/task_queues:105:5)
2025-11-10 13:39:53.506    app    error:    [quasar-31367691] Failed to refresh token, shutting down connection Tokens for '31367691' on 'tranquility' are invalid, refresh was skipped    h [InvalidTokenError]: Tokens for '31367691' on 'tranquility' are invalid, refresh was skipped
    at P (C:\Users\dmytr\AppData\Local\eve-online\app-1.12.2\resources\app.asar\.webpack\main\index.js:8:1888840)
    at F.listenForRequestsAsync (C:\Users\dmytr\AppData\Local\eve-online\app-1.12.2\resources\app.asar\.webpack\main\index.js:8:2001128)
    at process.processTicksAndRejections (node:internal/process/task_queues:105:5)
2025-11-10 13:39:53.581    app     info:    [authentication] Generated login URL with state 'Z4K7yH6tw7cTl6Ayqgtc7UGf-0vfX646XkzjgCUm95M' for 'tranquility' using clientID 'eveLauncherTQ'
2025-11-10 13:39:53.598    app     info:    [login-window-middleware] Context is changing from 'ctx-eve-online' to 'ctx-login'
2025-11-10 13:39:53.600    app     info:    [login-window] Creating login window using URI 'https://login.eveonline.com/account/logoff?lang=en&ReturnUrl=%2Fv2%2Foauth%2Fauthorize%3Fresponse_type%3Dcode%26client_id%3DeveLauncherTQ%26scope%3DeveClientLogin%2Bcisservice.customerRead.v1%2Bcisservice.customerWrite.v1%2Bcisservice.userProfileBasic.v1%2Bvgs.transactionRead.v1%2Bvgs.marketAccess.v1%26redirect_uri%3Dhttps%253A%252F%252Flogin.eveonline.com%252Flauncher%253Fclient_id%253DeveLauncherTQ%26state%3DZ4K7yH6tw7cTl6Ayqgtc7UGf-0vfX646XkzjgCUm95M%26code_challenge_method%3DS256%26code_challenge%3Dg-rZqJJmhzzoQxJOPxmRkPprnomZF1uZVZCVmlS94_k'
2025-11-10 13:39:54.365    app     info:    [server-manager] Downloaded 153.62 MiB/203.47 MiB at 1.09 MiB/s
2025-11-10 13:39:55.426    app     info:    [server-manager] Downloaded 154.62 MiB/203.47 MiB at 1.04 MiB/s
2025-11-10 13:39:56.469    app     info:    [server-manager] Downloaded 155.38 MiB/203.47 MiB at 763.42 kiB/s
2025-11-10 13:39:57.498    app     info:    [server-manager] Downloaded 156.11 MiB/203.47 MiB at 636.11 kiB/s
2025-11-10 13:39:58.588    app     info:    [server-manager] Downloaded 157.05 MiB/203.47 MiB at 1.18 MiB/s
2025-11-10 13:39:59.621    app     info:    [server-manager] Downloaded 157.68 MiB/203.47 MiB at 608.37 kiB/s
2025-11-10 13:40:00.651    app     info:    [server-manager] Downloaded 158.48 MiB/203.47 MiB at 666.67 kiB/s
2025-11-10 13:40:01.715    app     info:    [server-manager] Downloaded 159.40 MiB/203.47 MiB at 1,003.69 kiB/s
2025-11-10 13:40:02.642    app     info:    [login-window-middleware] Context is changing from 'ctx-login' to 'ctx-settings'
2025-11-10 13:40:02.643    app     info:    [login-window] Received close login window event
2025-11-10 13:40:02.656    app     info:    [quasar-elg-events] Queueing event    eve_launcher.electron.authentication.LoginWindowClosed
2025-11-10 13:40:02.657    app     info:    [login-window] Login window with state 'Z4K7yH6tw7cTl6Ayqgtc7UGf-0vfX646XkzjgCUm95M' has been closed
2025-11-10 13:40:02.657    app    error:    [login-window] Could not load the login page: 'https://login.eveonline.com/account/logoff?lang=en&ReturnUrl=%2Fv2%2Foauth%2Fauthorize%3Fresponse_type%3Dcode%26client_id%3DeveLauncherTQ%26scope%3DeveClientLogin%2Bcisservice.customerRead.v1%2Bcisservice.customerWrite.v1%2Bcisservice.userProfileBasic.v1%2Bvgs.transactionRead.v1%2Bvgs.marketAccess.v1%26redirect_uri%3Dhttps%253A%252F%252Flogin.eveonline.com%252Flauncher%253Fclient_id%253DeveLauncherTQ%26state%3DZ4K7yH6tw7cTl6Ayqgtc7UGf-0vfX646XkzjgCUm95M%26code_challenge_method%3DS256%26code_challenge%3Dg-rZqJJmhzzoQxJOPxmRkPprnomZF1uZVZCVmlS94_k' ERR_FAILED (-2) loading 'https://login.eveonline.com/account/logoff?lang=en&ReturnUrl=%2Fv2%2Foauth%2Fauthorize%3Fresponse_type%3Dcode%26client_id%3DeveLauncherTQ%26scope%3DeveClientLogin%2Bcisservice.customerRead.v1%2Bcisservice.customerWrite.v1%2Bcisservice.userProfileBasic.v1%2Bvgs.transactionRead.v1%2Bvgs.marketAccess.v1%26redirect_uri%3Dhttps%253A%252F%252Flogin.eveonline.com%252Flauncher%253Fclient_id%253DeveLauncherTQ%26state%3DZ4K7yH6tw7cTl6Ayqgtc7UGf-0vfX646XkzjgCUm95M%26code_challenge_method%3DS256%26code_challenge%3Dg-rZqJJmhzzoQxJOPxmRkPprnomZF1uZVZCVmlS94_k'    Error: ERR_FAILED (-2) loading 'https://login.eveonline.com/account/logoff?lang=en&ReturnUrl=%2Fv2%2Foauth%2Fauthorize%3Fresponse_type%3Dcode%26client_id%3DeveLauncherTQ%26scope%3DeveClientLogin%2Bcisservice.customerRead.v1%2Bcisservice.customerWrite.v1%2Bcisservice.userProfileBasic.v1%2Bvgs.transactionRead.v1%2Bvgs.marketAccess.v1%26redirect_uri%3Dhttps%253A%252F%252Flogin.eveonline.com%252Flauncher%253Fclient_id%253DeveLauncherTQ%26state%3DZ4K7yH6tw7cTl6Ayqgtc7UGf-0vfX646XkzjgCUm95M%26code_challenge_method%3DS256%26code_challenge%3Dg-rZqJJmhzzoQxJOPxmRkPprnomZF1uZVZCVmlS94_k'
    at rejectAndCleanup (node:electron/js2c/browser_init:2:79523)
    at finishListener (node:electron/js2c/browser_init:2:79685)
    at WebContents.stopLoadingListener (node:electron/js2c/browser_init:2:80072)
    at WebContents.emit (node:events:530:35)
    at e.emit (C:\Users\dmytr\AppData\Local\eve-online\app-1.12.2\resources\app.asar\.webpack\main\index.js:8:2971150) {
  errno: -2,
  code: 'ERR_FAILED',
  url: 'https://login.eveonline.com/account/logoff?lang=en&ReturnUrl=%2Fv2%2Foauth%2Fauthorize%3Fresponse_type%3Dcode%26client_id%3DeveLauncherTQ%26scope%3DeveClientLogin%2Bcisservice.customerRead.v1%2Bcisservice.customerWrite.v1%2Bcisservice.userProfileBasic.v1%2Bvgs.transactionRead.v1%2Bvgs.marketAccess.v1%26redirect_uri%3Dhttps%253A%252F%252Flogin.eveonline.com%252Flauncher%253Fclient_id%253DeveLauncherTQ%26state%3DZ4K7yH6tw7cTl6Ayqgtc7UGf-0vfX646XkzjgCUm95M%26code_challenge_method%3DS256%26code_challenge%3Dg-rZqJJmhzzoQxJOPxmRkPprnomZF1uZVZCVmlS94_k'
}
2025-11-10 13:40:02.659    app     info:    [quasar-elg-events] Event sent    type.evetech.net/eve_launcher.electron.authentication.LoginWindowClosed
2025-11-10 13:40:02.718    app     info:    [server-manager] Downloaded 159.99 MiB/203.47 MiB at 890.66 kiB/s
2025-11-10 13:40:03.783    app     info:    [server-manager] Downloaded 160.77 MiB/203.47 MiB at 899.22 kiB/s
2025-11-10 13:40:04.822    app     info:    [server-manager] Downloaded 161.51 MiB/203.47 MiB at 647.40 kiB/s
2025-11-10 13:40:05.881    app     info:    [server-manager] Downloaded 162.33 MiB/203.47 MiB at 814.09 kiB/s
2025-11-10 13:40:06.933    app     info:    [server-manager] Downloaded 163.25 MiB/203.47 MiB at 511.28 kiB/s
2025-11-10 13:40:07.997    app     info:    [server-manager] Downloaded 163.66 MiB/203.47 MiB at 467.84 kiB/s
2025-11-10 13:40:09.087    app     info:    [server-manager] Downloaded 164.80 MiB/203.47 MiB at 1.27 MiB/s
2025-11-10 13:40:10.163    app     info:    [server-manager] Downloaded 166.22 MiB/203.47 MiB at 1.37 MiB/s
2025-11-10 13:40:11.197    app     info:    [server-manager] Downloaded 167.13 MiB/203.47 MiB at 1,003.20 kiB/s
2025-11-10 13:40:12.218    app     info:    [server-manager] Downloaded 167.96 MiB/203.47 MiB at 695.65 kiB/s
2025-11-10 13:40:13.245    app     info:    [server-manager] Downloaded 168.85 MiB/203.47 MiB at 852.07 kiB/s
2025-11-10 13:40:14.253    app     info:    [server-manager] Downloaded 169.85 MiB/203.47 MiB at 885.38 kiB/s
2025-11-10 13:40:15.283    app     info:    [server-manager] Downloaded 170.75 MiB/203.47 MiB at 853.33 kiB/s
2025-11-10 13:40:16.287    app     info:    [server-manager] Downloaded 171.63 MiB/203.47 MiB at 768.38 kiB/s
2025-11-10 13:40:17.349    app     info:    [server-manager] Downloaded 172.56 MiB/203.47 MiB at 823.53 kiB/s
2025-11-10 13:40:18.387    app     info:    [server-manager] Downloaded 173.37 MiB/203.47 MiB at 677.42 kiB/s
2025-11-10 13:40:19.428    app     info:    [server-manager] Downloaded 174.27 MiB/203.47 MiB at 882.13 kiB/s
2025-11-10 13:40:20.283    app    error:    [authentication] Could not refresh token for '31367691' on 'tranquility' Tokens for '31367691' on 'tranquility' are invalid, refresh was skipped    h [InvalidTokenError]: Tokens for '31367691' on 'tranquility' are invalid, refresh was skipped
    at P (C:\Users\dmytr\AppData\Local\eve-online\app-1.12.2\resources\app.asar\.webpack\main\index.js:8:1888840)
    at C:\Users\dmytr\AppData\Local\eve-online\app-1.12.2\resources\app.asar\.webpack\main\index.js:8:2747349
    at C:\Users\dmytr\AppData\Local\eve-online\app-1.12.2\resources\app.asar\.webpack\main\index.js:8:2359677
    at C:\Users\dmytr\AppData\Local\eve-online\app-1.12.2\resources\app.asar\.webpack\main\index.js:8:2751090
    at process.processTicksAndRejections (node:internal/process/task_queues:105:5)
2025-11-10 13:40:20.284    app    error:    [AuthenticationMiddleware] Could not update data on active user change Tokens for '31367691' on 'tranquility' are invalid, refresh was skipped    h [InvalidTokenError]: Tokens for '31367691' on 'tranquility' are invalid, refresh was skipped
    at P (C:\Users\dmytr\AppData\Local\eve-online\app-1.12.2\resources\app.asar\.webpack\main\index.js:8:1888840)
    at C:\Users\dmytr\AppData\Local\eve-online\app-1.12.2\resources\app.asar\.webpack\main\index.js:8:2747349
    at C:\Users\dmytr\AppData\Local\eve-online\app-1.12.2\resources\app.asar\.webpack\main\index.js:8:2359677
    at C:\Users\dmytr\AppData\Local\eve-online\app-1.12.2\resources\app.asar\.webpack\main\index.js:8:2751090
    at process.processTicksAndRejections (node:internal/process/task_queues:105:5)
2025-11-10 13:40:20.433    app     info:    [server-manager] Downloaded 175.21 MiB/203.47 MiB at 412.70 kiB/s
2025-11-10 13:40:21.447    app     info:    [server-manager] Downloaded 176.13 MiB/203.47 MiB at 833.98 kiB/s
2025-11-10 13:40:22.120    app     warn:    [binary-files] No binary directories found for eve-vanguard
2025-11-10 13:40:22.483    app     info:    [server-manager] Downloaded 177.08 MiB/203.47 MiB at 775.19 kiB/s
2025-11-10 13:40:23.498    app     info:    [server-manager] Downloaded 177.94 MiB/203.47 MiB at 479.04 kiB/s
2025-11-10 13:40:24.518    app     info:    [server-manager] Downloaded 178.85 MiB/203.47 MiB at 915.19 kiB/s
2025-11-10 13:40:25.537    app     info:    [server-manager] Downloaded 179.74 MiB/203.47 MiB at 1,019.92 kiB/s
2025-11-10 13:40:26.559    app     info:    [server-manager] Downloaded 180.33 MiB/203.47 MiB at 599.61 kiB/s
2025-11-10 13:40:27.582    app     info:    [server-manager] Downloaded 180.93 MiB/203.47 MiB at 526.11 kiB/s
2025-11-10 13:40:28.601    app     info:    [server-manager] Downloaded 181.80 MiB/203.47 MiB at 445.33 kiB/s
2025-11-10 13:40:29.622    app     info:    [server-manager] Downloaded 182.72 MiB/203.47 MiB at 982.18 kiB/s
2025-11-10 13:40:30.637    app     info:    [server-manager] Downloaded 183.65 MiB/203.47 MiB at 853.75 kiB/s
2025-11-10 13:40:31.682    app     info:    [server-manager] Downloaded 184.62 MiB/203.47 MiB at 955.68 kiB/s
2025-11-10 13:40:32.740    app     info:    [server-manager] Downloaded 185.59 MiB/203.47 MiB at 877.13 kiB/s
2025-11-10 13:40:33.786    app     info:    [server-manager] Downloaded 186.51 MiB/203.47 MiB at 1.34 MiB/s
2025-11-10 13:40:34.791    app     info:    [server-manager] Downloaded 187.46 MiB/203.47 MiB at 966.86 kiB/s
2025-11-10 13:40:35.838    app     info:    [server-manager] Downloaded 188.37 MiB/203.47 MiB at 935.67 kiB/s
2025-11-10 13:40:36.871    app     info:    [server-manager] Downloaded 189.32 MiB/203.47 MiB at 923.08 kiB/s
2025-11-10 13:40:37.887    app     info:    [server-manager] Downloaded 190.27 MiB/203.47 MiB at 972.55 kiB/s
2025-11-10 13:40:38.938    app     info:    [server-manager] Downloaded 191.16 MiB/203.47 MiB at 875.47 kiB/s
2025-11-10 13:40:39.967    app     info:    [server-manager] Downloaded 192.12 MiB/203.47 MiB at 973.38 kiB/s
2025-11-10 13:40:40.981    app     info:    [server-manager] Downloaded 193.07 MiB/203.47 MiB at 935.67 kiB/s
2025-11-10 13:40:42.051    app     info:    [server-manager] Downloaded 193.87 MiB/203.47 MiB at 810.92 kiB/s
2025-11-10 13:40:43.084    app     info:    [authentication] Generated login URL with state 'Qljj2k5siLrR5vGHAAx-LH25YZ53yaf1FzIgugJSGh8' for 'tranquility' using clientID 'eveLauncherTQ'
2025-11-10 13:40:43.091    app     info:    [login-window-middleware] Context is changing from 'ctx-eve-online' to 'ctx-login'
2025-11-10 13:40:43.094    app     info:    [login-window] Creating login window using URI 'https://login.eveonline.com/account/logoff?lang=en&ReturnUrl=%2Fv2%2Foauth%2Fauthorize%3Fresponse_type%3Dcode%26client_id%3DeveLauncherTQ%26scope%3DeveClientLogin%2Bcisservice.customerRead.v1%2Bcisservice.customerWrite.v1%2Bcisservice.userProfileBasic.v1%2Bvgs.transactionRead.v1%2Bvgs.marketAccess.v1%26redirect_uri%3Dhttps%253A%252F%252Flogin.eveonline.com%252Flauncher%253Fclient_id%253DeveLauncherTQ%26state%3DQljj2k5siLrR5vGHAAx-LH25YZ53yaf1FzIgugJSGh8%26code_challenge_method%3DS256%26code_challenge%3DWRAD973_qCy2M1Ln3xm3o5mLYwB0BmMSJmdUQnGFdt8'
2025-11-10 13:40:43.118    app     info:    [server-manager] Downloaded 194.73 MiB/203.47 MiB at 869.90 kiB/s
2025-11-10 13:40:44.142    app     info:    [server-manager] Downloaded 195.65 MiB/203.47 MiB at 1.00 MiB/s
2025-11-10 13:40:45.182    app     info:    [server-manager] Downloaded 196.50 MiB/203.47 MiB at 767.75 kiB/s
2025-11-10 13:40:46.234    app     info:    [server-manager] Downloaded 197.19 MiB/203.47 MiB at 192.00 kiB/s
2025-11-10 13:40:47.260    app     info:    [server-manager] Downloaded 197.89 MiB/203.47 MiB at 922.47 kiB/s
2025-11-10 13:40:48.272    app     info:    [server-manager] Downloaded 198.32 MiB/203.47 MiB at 594.91 kiB/s
2025-11-10 13:40:49.451    app     info:    [server-manager] Downloaded 198.84 MiB/203.47 MiB at 484.03 kiB/s
2025-11-10 13:40:50.497    app     info:    [server-manager] Downloaded 199.46 MiB/203.47 MiB at 509.36 kiB/s
2025-11-10 13:40:51.555    app     info:    [server-manager] Downloaded 200.32 MiB/203.47 MiB at 909.09 kiB/s
2025-11-10 13:40:52.565    app     info:    [server-manager] Downloaded 201.28 MiB/203.47 MiB at 1,007.87 kiB/s
2025-11-10 13:40:53.598    app     info:    [server-manager] Downloaded 202.03 MiB/203.47 MiB at 741.31 kiB/s
2025-11-10 13:40:54.652    app     info:    [server-manager] Downloaded 203.04 MiB/203.47 MiB at 1.00 MiB/s
2025-11-10 13:40:55.106    app     info:    [download-from-manifest] Downloaded 21 files (203,38 MiB) in 4 minutes, 18.356 seconds
2025-11-10 13:40:55.106    app     info:    [download-from-manifest] Average download speed: 806,10 kiB/s
2025-11-10 13:40:55.106    app     info:    [server-manager] Unpacking binary chunks
2025-11-10 13:40:55.685    app     info:    [server-manager] Unpacking files, this may take a while. Extracting file 16/227
2025-11-10 13:40:56.685    app     info:    [server-manager] Unpacking files, this may take a while. Extracting file 18/227
2025-11-10 13:40:57.792    app     info:    [server-manager] Unpacking files, this may take a while. Extracting file 85/227
2025-11-10 13:40:58.793    app     info:    [server-manager] Unpacking files, this may take a while. Extracting file 113/227
2025-11-10 13:40:59.677    app     info:    [server-manager] Unpacking files, this may take a while. Extracting file 113/227
2025-11-10 13:41:00.681    app     info:    [server-manager] Unpacking files, this may take a while. Extracting file 134/227
2025-11-10 13:41:01.124    app     info:    [server-manager] Unpacking files, this may take a while. Extracting file 134/227
2025-11-10 13:41:01.304    app     info:    [scheduler] Stopped scheduler foreground
2025-11-10 13:41:02.108    app     info:    [server-manager] Unpacking files, this may take a while. Extracting file 154/227
2025-11-10 13:41:03.281    app     info:    [server-manager] Unpacking files, this may take a while. Extracting file 190/227
2025-11-10 13:41:04.277    app     info:    [server-manager] Unpacking files, this may take a while. Extracting file 220/227
2025-11-10 13:41:04.944    app     info:    [chunk-unpacker] Unpacked chunks, and wrote 227 files (405 MB) in 9.836 seconds
2025-11-10 13:41:04.944    app     info:    [chunk-unpacker] Average unpacking speed: 41.2 MB/s
2025-11-10 13:41:04.953    app     info:    [quasar-elg-events] Queueing event    eve_launcher.electron.eve_client.CopyingFilesStarted
2025-11-10 13:41:04.958    app     info:    [binary-copier] Copying 227 files (405 MB) to 'C:\Games\EVE\tq'
2025-11-10 13:41:04.963    app     info:    [quasar-elg-events] Event sent    type.evetech.net/eve_launcher.electron.eve_client.CopyingFilesStarted
2025-11-10 13:41:05.026    app     info:    [binary-copier] Removing old binaries
2025-11-10 13:41:05.034    app     info:    [binary-copier] Copying binaries from ResFiles
2025-11-10 13:41:05.278    app     info:    [server-manager] Copying executables 1/227
2025-11-10 13:41:05.475    app     info:    [binary-copier] Finished copying 227 files to 'C:\Games\EVE\tq' in 0.526 seconds
2025-11-10 13:41:05.478    app     info:    [quasar-elg-events] Queueing event    eve_launcher.electron.eve_client.CopyingFilesFinished
2025-11-10 13:41:05.478    app     info:    [quasar-elg-events] Event sent    type.evetech.net/eve_launcher.electron.eve_client.CopyingFilesFinished
2025-11-10 13:41:05.481    app    error:    Failed to read saved prerequisites file: ENOENT: no such file or directory, open 'C:\Users\dmytr\.ccp\.prerequisites'    Error: ENOENT: no such file or directory, open 'C:\Users\dmytr\.ccp\.prerequisites'
    at async open (node:internal/fs/promises:633:25)
    at async readFile (node:internal/fs/promises:1237:14)
    at async C:\Users\dmytr\AppData\Local\eve-online\app-1.12.2\resources\app.asar\.webpack\main\index.js:8:2187237
    at async C:\Users\dmytr\AppData\Local\eve-online\app-1.12.2\resources\app.asar\.webpack\main\index.js:8:2187209
    at async gt.installProductPrerequisitesAsync (C:\Users\dmytr\AppData\Local\eve-online\app-1.12.2\resources\app.asar\.webpack\main\index.js:8:2187188)
    at async gt.installPrerequisitesAsync (C:\Users\dmytr\AppData\Local\eve-online\app-1.12.2\resources\app.asar\.webpack\main\index.js:8:2178372)
    at async gt.startAsync (C:\Users\dmytr\AppData\Local\eve-online\app-1.12.2\resources\app.asar\.webpack\main\index.js:8:2175411) {
  errno: -4058,
  code: 'ENOENT',
  syscall: 'open',
  path: 'C:\\Users\\dmytr\\.ccp\\.prerequisites'
}
2025-11-10 13:41:05.483    app     info:    [server-manager] No prerequisites found for product eve-online
2025-11-10 13:41:06.235    app     info:    [server-manager] Downloading prefetch chunks in 498 files (5.21 GB)
2025-11-10 13:41:06.237    app     info:    [download-from-manifest] Preparing to download 498 files    { cdn: 2, concurrent: 10 }
2025-11-10 13:41:06.322    app     info:    [server-manager] Copying executables 227/227
2025-11-10 13:41:07.323    app     info:    [server-manager] Downloaded 175.23 kiB/4.85 GiB at 248.77 kiB/s
2025-11-10 13:41:08.352    app     info:    [server-manager] Downloaded 1.15 MiB/4.85 GiB at 426.74 kiB/s
2025-11-10 13:41:09.389    app     info:    [server-manager] Downloaded 2.28 MiB/4.85 GiB at 1.70 MiB/s
2025-11-10 13:41:10.410    app     info:    [server-manager] Downloaded 3.15 MiB/4.85 GiB at 906.65 kiB/s
2025-11-10 13:41:11.465    app     info:    [server-manager] Downloaded 3.85 MiB/4.85 GiB at 649.65 kiB/s
2025-11-10 13:41:12.477    app     info:    [server-manager] Downloaded 4.52 MiB/4.85 GiB at 514.46 kiB/s
2025-11-10 13:41:13.527    app     info:    [server-manager] Downloaded 5.37 MiB/4.85 GiB at 885.50 kiB/s
2025-11-10 13:41:14.559    app     info:    [server-manager] Downloaded 6.43 MiB/4.85 GiB at 567.74 kiB/s
2025-11-10 13:41:15.590    app     info:    [server-manager] Downloaded 7.33 MiB/4.85 GiB at 927.50 kiB/s
2025-11-10 13:41:16.605    app     info:    [server-manager] Downloaded 8.29 MiB/4.85 GiB at 948.62 kiB/s
2025-11-10 13:41:17.636    app     info:    [server-manager] Downloaded 9.21 MiB/4.85 GiB at 978.97 kiB/s
2025-11-10 13:41:18.654    app     info:    [server-manager] Downloaded 10.13 MiB/4.85 GiB at 415.17 kiB/s
2025-11-10 13:41:19.694    app     info:    [server-manager] Downloaded 11.07 MiB/4.85 GiB at 978.30 kiB/s
2025-11-10 13:41:20.717    app     info:    [server-manager] Downloaded 11.98 MiB/4.85 GiB at 1,019.31 kiB/s
2025-11-10 13:41:21.758    app     info:    [server-manager] Downloaded 12.99 MiB/4.85 GiB at 996.11 kiB/s
2025-11-10 13:41:22.763    app     info:    [server-manager] Downloaded 13.84 MiB/4.85 GiB at 857.14 kiB/s
2025-11-10 13:41:23.784    app     info:    [server-manager] Downloaded 14.73 MiB/4.85 GiB at 442.69 kiB/s
2025-11-10 13:41:24.812    app     info:    [server-manager] Downloaded 15.56 MiB/4.85 GiB at 887.19 kiB/s
2025-11-10 13:41:25.844    app     info:    [server-manager] Downloaded 16.26 MiB/4.85 GiB at 676.92 kiB/s
2025-11-10 13:41:26.902    app     info:    [server-manager] Downloaded 17.11 MiB/4.85 GiB at 728.65 kiB/s
2025-11-10 13:41:27.927    app     info:    [server-manager] Downloaded 18.00 MiB/4.85 GiB at 851.71 kiB/s
2025-11-10 13:41:28.977    app     info:    [server-manager] Downloaded 18.95 MiB/4.85 GiB at 1.42 MiB/s
2025-11-10 13:41:29.982    app     info:    [server-manager] Downloaded 19.87 MiB/4.85 GiB at 466.02 kiB/s
2025-11-10 13:41:31.022    app     info:    [server-manager] Downloaded 20.72 MiB/4.85 GiB at 1.15 MiB/s
2025-11-10 13:41:32.029    app     info:    [server-manager] Downloaded 21.51 MiB/4.85 GiB at 351.30 kiB/s
2025-11-10 13:41:33.077    app     info:    [server-manager] Downloaded 22.06 MiB/4.85 GiB at 736.00 kiB/s
2025-11-10 13:41:34.081    app     info:    [server-manager] Downloaded 22.67 MiB/4.85 GiB at 627.45 kiB/s
2025-11-10 13:41:35.099    app     info:    [server-manager] Downloaded 23.42 MiB/4.85 GiB at 752.94 kiB/s
2025-11-10 13:41:36.170    app     info:    [server-manager] Downloaded 24.34 MiB/4.85 GiB at 883.42 kiB/s
2025-11-10 13:41:37.189    app     info:    [server-manager] Downloaded 25.22 MiB/4.85 GiB at 1.06 MiB/s
2025-11-10 13:41:38.247    app     info:    [server-manager] Downloaded 26.03 MiB/4.85 GiB at 698.18 kiB/s
2025-11-10 13:41:39.309    app     info:    [server-manager] Downloaded 26.91 MiB/4.85 GiB at 902.57 kiB/s
2025-11-10 13:41:40.321    app     info:    [server-manager] Downloaded 27.80 MiB/4.85 GiB at 836.62 kiB/s
2025-11-10 13:41:41.405    app     info:    [server-manager] Downloaded 28.70 MiB/4.85 GiB at 900.09 kiB/s
2025-11-10 13:41:42.418    app     info:    [server-manager] Downloaded 29.55 MiB/4.85 GiB at 878.43 kiB/s
2025-11-10 13:41:43.437    app     info:    [server-manager] Downloaded 30.41 MiB/4.85 GiB at 842.11 kiB/s
2025-11-10 13:41:44.466    app     info:    [server-manager] Downloaded 31.25 MiB/4.85 GiB at 1.24 MiB/s
2025-11-10 13:41:45.476    app     info:    [server-manager] Downloaded 32.16 MiB/4.85 GiB at 447.11 kiB/s
2025-11-10 13:41:46.491    app     info:    [server-manager] Downloaded 33.07 MiB/4.85 GiB at 915.99 kiB/s
2025-11-10 13:41:47.541    app     info:    [server-manager] Downloaded 34.00 MiB/4.85 GiB at 957.53 kiB/s
2025-11-10 13:41:48.582    app     info:    [server-manager] Downloaded 34.96 MiB/4.85 GiB at 964.98 kiB/s
2025-11-10 13:41:49.594    app     info:    [server-manager] Downloaded 35.84 MiB/4.85 GiB at 855.45 kiB/s
2025-11-10 13:41:50.618    app     info:    [server-manager] Downloaded 36.81 MiB/4.85 GiB at 898.23 kiB/s
2025-11-10 13:41:51.654    app     info:    [server-manager] Downloaded 37.74 MiB/4.85 GiB at 847.73 kiB/s
2025-11-10 13:41:52.695    app     info:    [server-manager] Downloaded 38.67 MiB/4.85 GiB at 900.48 kiB/s
2025-11-10 13:41:53.747    app     info:    [server-manager] Downloaded 39.50 MiB/4.85 GiB at 1.23 MiB/s
2025-11-10 13:41:54.754    app     info:    [server-manager] Downloaded 40.28 MiB/4.85 GiB at 847.59 kiB/s
2025-11-10 13:41:55.779    app     info:    [server-manager] Downloaded 40.68 MiB/4.85 GiB at 583.49 kiB/s
2025-11-10 13:41:56.914    app     info:    [server-manager] Downloaded 41.32 MiB/4.85 GiB at 461.02 kiB/s
2025-11-10 13:41:57.970    app     info:    [server-manager] Downloaded 42.16 MiB/4.85 GiB at 1.17 MiB/s
2025-11-10 13:41:58.980    app     info:    [server-manager] Downloaded 43.03 MiB/4.85 GiB at 911.59 kiB/s
2025-11-10 13:42:00.000    app     info:    [server-manager] Downloaded 43.94 MiB/4.85 GiB at 764.82 kiB/s
2025-11-10 13:42:01.059    app     info:    [server-manager] Downloaded 44.87 MiB/4.85 GiB at 958.08 kiB/s
2025-11-10 13:42:02.081    app     info:    [server-manager] Downloaded 45.67 MiB/4.85 GiB at 854.96 kiB/s
2025-11-10 13:42:03.122    app     info:    [server-manager] Downloaded 46.53 MiB/4.85 GiB at 1.34 MiB/s
2025-11-10 13:42:04.125    app     info:    [server-manager] Downloaded 47.31 MiB/4.85 GiB at 349.90 kiB/s
2025-11-10 13:42:05.150    app     info:    [server-manager] Downloaded 48.08 MiB/4.85 GiB at 767.75 kiB/s
2025-11-10 13:42:06.195    app     info:    [server-manager] Downloaded 48.92 MiB/4.85 GiB at 842.53 kiB/s
2025-11-10 13:42:07.255    app     info:    [server-manager] Downloaded 49.65 MiB/4.85 GiB at 1.03 MiB/s
2025-11-10 13:42:08.324    app     info:    [server-manager] Downloaded 50.42 MiB/4.85 GiB at 773.85 kiB/s
2025-11-10 13:42:09.373    app     info:    [server-manager] Downloaded 51.13 MiB/4.85 GiB at 677.17 kiB/s
2025-11-10 13:42:10.414    app     info:    [server-manager] Downloaded 52.03 MiB/4.85 GiB at 928.24 kiB/s
2025-11-10 13:42:11.431    app     info:    [server-manager] Downloaded 52.87 MiB/4.85 GiB at 830.34 kiB/s
2025-11-10 13:42:12.454    app     info:    [server-manager] Downloaded 53.75 MiB/4.85 GiB at 943.03 kiB/s
2025-11-10 13:42:13.479    app     info:    [server-manager] Downloaded 54.67 MiB/4.85 GiB at 908.02 kiB/s
2025-11-10 13:42:14.529    app     info:    [server-manager] Downloaded 55.54 MiB/4.85 GiB at 887.19 kiB/s
2025-11-10 13:42:15.562    app     info:    [server-manager] Downloaded 56.38 MiB/4.85 GiB at 815.09 kiB/s
2025-11-10 13:42:16.593    app     info:    [server-manager] Downloaded 57.29 MiB/4.85 GiB at 957.53 kiB/s
2025-11-10 13:42:17.616    app     info:    [server-manager] Downloaded 58.02 MiB/4.85 GiB at 937.50 kiB/s
2025-11-10 13:42:18.625    app     info:    [server-manager] Downloaded 58.60 MiB/4.85 GiB at 373.54 kiB/s
2025-11-10 13:42:19.662    app     info:    [server-manager] Downloaded 59.52 MiB/4.85 GiB at 954.27 kiB/s
2025-11-10 13:42:20.687    app     info:    [server-manager] Downloaded 60.43 MiB/4.85 GiB at 890.66 kiB/s
2025-11-10 13:42:21.714    app     info:    [server-manager] Downloaded 61.35 MiB/4.85 GiB at 961.86 kiB/s
2025-11-10 13:42:22.740    app     info:    [server-manager] Downloaded 62.25 MiB/4.85 GiB at 812.50 kiB/s
2025-11-10 13:42:23.791    app     info:    [server-manager] Downloaded 63.14 MiB/4.85 GiB at 757.58 kiB/s
2025-11-10 13:42:24.814    app     info:    [server-manager] Downloaded 63.89 MiB/4.85 GiB at 660.12 kiB/s
2025-11-10 13:42:25.851    app     info:    [server-manager] Downloaded 64.80 MiB/4.85 GiB at 1.39 MiB/s
2025-11-10 13:42:26.850    app     info:    [server-manager] Downloaded 65.72 MiB/4.85 GiB at 928.00 kiB/s
2025-11-10 13:42:27.871    app     info:    [server-manager] Downloaded 66.56 MiB/4.85 GiB at 872.05 kiB/s
2025-11-10 13:42:28.883    app     info:    [server-manager] Downloaded 67.42 MiB/4.85 GiB at 444.44 kiB/s
2025-11-10 13:42:29.906    app     info:    [server-manager] Downloaded 68.34 MiB/4.85 GiB at 885.81 kiB/s
2025-11-10 13:42:30.961    app     info:    [server-manager] Downloaded 69.17 MiB/4.85 GiB at 847.06 kiB/s
2025-11-10 13:42:31.979    app     info:    [server-manager] Downloaded 70.08 MiB/4.85 GiB at 1.41 MiB/s
2025-11-10 13:42:33.007    app     info:    [server-manager] Downloaded 70.91 MiB/4.85 GiB at 851.71 kiB/s
2025-11-10 13:42:34.037    app     info:    [server-manager] Downloaded 71.82 MiB/4.85 GiB at 909.28 kiB/s
2025-11-10 13:42:35.047    app     info:    [server-manager] Downloaded 72.68 MiB/4.85 GiB at 795.23 kiB/s
2025-11-10 13:42:36.105    app     info:    [server-manager] Downloaded 73.62 MiB/4.85 GiB at 964.32 kiB/s
2025-11-10 13:42:37.119    app     info:    [server-manager] Downloaded 74.39 MiB/4.85 GiB at 768.00 kiB/s
2025-11-10 13:42:37.633    app     info:    [scheduler] Starting scheduler foreground
2025-11-10 13:42:37.646    app    error:    [authentication] Could not refresh token for '31367691' on 'tranquility' Tokens for '31367691' on 'tranquility' are invalid, refresh was skipped    h [InvalidTokenError]: Tokens for '31367691' on 'tranquility' are invalid, refresh was skipped
    at P (C:\Users\dmytr\AppData\Local\eve-online\app-1.12.2\resources\app.asar\.webpack\main\index.js:8:1888840)
    at C:\Users\dmytr\AppData\Local\eve-online\app-1.12.2\resources\app.asar\.webpack\main\index.js:8:2747349
    at C:\Users\dmytr\AppData\Local\eve-online\app-1.12.2\resources\app.asar\.webpack\main\index.js:8:2359677
    at C:\Users\dmytr\AppData\Local\eve-online\app-1.12.2\resources\app.asar\.webpack\main\index.js:8:2751090
    at process.processTicksAndRejections (node:internal/process/task_queues:105:5)
2025-11-10 13:42:37.647    app    error:    [AuthenticationMiddleware] Could not update data on active user change Tokens for '31367691' on 'tranquility' are invalid, refresh was skipped    h [InvalidTokenError]: Tokens for '31367691' on 'tranquility' are invalid, refresh was skipped
    at P (C:\Users\dmytr\AppData\Local\eve-online\app-1.12.2\resources\app.asar\.webpack\main\index.js:8:1888840)
    at C:\Users\dmytr\AppData\Local\eve-online\app-1.12.2\resources\app.asar\.webpack\main\index.js:8:2747349
    at C:\Users\dmytr\AppData\Local\eve-online\app-1.12.2\resources\app.asar\.webpack\main\index.js:8:2359677
    at C:\Users\dmytr\AppData\Local\eve-online\app-1.12.2\resources\app.asar\.webpack\main\index.js:8:2751090
    at process.processTicksAndRejections (node:internal/process/task_queues:105:5)
2025-11-10 13:42:38.132    app     info:    [server-manager] Downloaded 75.33 MiB/4.85 GiB at 243.35 kiB/s
2025-11-10 13:42:39.279    app     info:    [server-manager] Downloaded 76.05 MiB/4.85 GiB at 1.23 MiB/s
2025-11-10 13:42:40.283    app     info:    [server-manager] Downloaded 76.55 MiB/4.85 GiB at 528.33 kiB/s
2025-11-10 13:42:41.311    app     info:    [server-manager] Downloaded 77.25 MiB/4.85 GiB at 455.41 kiB/s
2025-11-10 13:42:41.737    app     info:    [login-window] Navigation to login completed, receiving code & state (Qljj2k5siLrR5vGHAAx-LH25YZ53yaf1FzIgugJSGh8)
2025-11-10 13:42:42.323    app     info:    [server-manager] Downloaded 77.92 MiB/4.85 GiB at 695.65 kiB/s
2025-11-10 13:42:42.656    app     info:    [self-update] Checking for application updates.
2025-11-10 13:42:43.102    app     info:    [quasar-elg-events] Queueing event    eve_launcher.electron.authentication.UserTokensReceived
2025-11-10 13:42:43.111    app     info:    [quasar-31367691] Reviving connection with new credentials
2025-11-10 13:42:43.122    app     info:    [quasar-elg-events] Event sent    type.evetech.net/eve_launcher.electron.authentication.UserTokensReceived
2025-11-10 13:42:43.124    app     info:    [quasar-elg-events] Queueing event    eve_launcher.electron.authentication.UserAuthenticated
2025-11-10 13:42:43.137    app     info:    [quasar-elg-events] Event sent    type.evetech.net/eve_launcher.electron.authentication.UserAuthenticated
2025-11-10 13:42:43.143    app     info:    [quasar-elg-events] Queueing event    eve_launcher.electron.authentication.LoginWindowClosed
2025-11-10 13:42:43.143    app     info:    [login-window] Login window with state 'Qljj2k5siLrR5vGHAAx-LH25YZ53yaf1FzIgugJSGh8' has been closed
2025-11-10 13:42:43.147    app     info:    [quasar-elg-events] Event sent    type.evetech.net/eve_launcher.electron.authentication.LoginWindowClosed
2025-11-10 13:42:43.216    app     warn:    [quasar-31367691] Quasar connection encountered an internal error with unknown code [internal]    a [ConnectError]: [internal]
    at ee (C:\Users\dmytr\AppData\Local\eve-online\app-1.12.2\resources\app.asar\.webpack\main\index.js:8:2899915)
    at C:\Users\dmytr\AppData\Local\eve-online\app-1.12.2\resources\app.asar\.webpack\main\index.js:8:2900388
    at te (C:\Users\dmytr\AppData\Local\eve-online\app-1.12.2\resources\app.asar\.webpack\main\index.js:8:2900436)
    at next (C:\Users\dmytr\AppData\Local\eve-online\app-1.12.2\resources\app.asar\.webpack\main\index.js:8:2908429)
    at process.processTicksAndRejections (node:internal/process/task_queues:105:5) {
  rawMessage: '',
  code: 13,
  metadata: Headers {
    'content-type': 'application/grpc+proto',
    'grpc-status': '13',
    'grpc-message': ''
  },
  details: [],
  cause: undefined
}
2025-11-10 13:42:43.348    app     info:    [server-manager] Downloaded 78.17 MiB/4.85 GiB at 334.64 kiB/s
2025-11-10 13:42:44.113    app     info:    [self-update] No application updates were found.
2025-11-10 13:42:44.349    app     info:    [server-manager] Downloaded 78.89 MiB/4.85 GiB at 595.90 kiB/s
2025-11-10 13:42:45.422    app     info:    [server-manager] Downloaded 79.55 MiB/4.85 GiB at 584.62 kiB/s
2025-11-10 13:42:46.458    app     info:    [server-manager] Downloaded 80.24 MiB/4.85 GiB at 684.06 kiB/s
2025-11-10 13:42:47.501    app     info:    [server-manager] Downloaded 81.16 MiB/4.85 GiB at 838.83 kiB/s
2025-11-10 13:42:48.530    app     info:    [server-manager] Downloaded 81.94 MiB/4.85 GiB at 337.85 kiB/s
2025-11-10 13:42:49.564    app     info:    [server-manager] Downloaded 82.80 MiB/4.85 GiB at 448.00 kiB/s
2025-11-10 13:42:50.561    app     info:    [server-manager] Downloaded 83.63 MiB/4.85 GiB at 1.28 MiB/s
2025-11-10 13:42:51.569    app     info:    [server-manager] Downloaded 84.56 MiB/4.85 GiB at 919.54 kiB/s
2025-11-10 13:42:52.618    app     info:    [server-manager] Downloaded 85.47 MiB/4.85 GiB at 1.43 MiB/s
2025-11-10 13:42:53.633    app     info:    [server-manager] Downloaded 86.24 MiB/4.85 GiB at 674.33 kiB/s
2025-11-10 13:42:54.680    app     info:    [server-manager] Downloaded 87.09 MiB/4.85 GiB at 915.46 kiB/s
2025-11-10 13:42:55.693    app     info:    [server-manager] Downloaded 87.87 MiB/4.85 GiB at 541.83 kiB/s
2025-11-10 13:42:56.721    app     info:    [server-manager] Downloaded 88.78 MiB/4.85 GiB at 857.05 kiB/s
2025-11-10 13:42:57.816    app     info:    [server-manager] Downloaded 89.50 MiB/4.85 GiB at 810.51 kiB/s
2025-11-10 13:42:58.846    app     info:    [server-manager] Downloaded 90.33 MiB/4.85 GiB at 728.71 kiB/s
2025-11-10 13:42:59.940    app     info:    [server-manager] Downloaded 91.15 MiB/4.85 GiB at 728.60 kiB/s
2025-11-10 13:43:00.990    app     info:    [server-manager] Downloaded 92.01 MiB/4.85 GiB at 759.12 kiB/s
2025-11-10 13:43:02.005    app     info:    [server-manager] Downloaded 92.83 MiB/4.85 GiB at 743.66 kiB/s
2025-11-10 13:43:03.064    app     info:    [server-manager] Downloaded 93.45 MiB/4.85 GiB at 522.18 kiB/s
2025-11-10 13:43:04.136    app     info:    [server-manager] Downloaded 94.05 MiB/4.85 GiB at 602.21 kiB/s
2025-11-10 13:43:05.155    app     info:    [server-manager] Downloaded 94.72 MiB/4.85 GiB at 691.55 kiB/s
2025-11-10 13:43:06.187    app     info:    [server-manager] Downloaded 95.48 MiB/4.85 GiB at 883.84 kiB/s
2025-11-10 13:43:07.221    app     info:    [server-manager] Downloaded 96.30 MiB/4.85 GiB at 868.31 kiB/s
2025-11-10 13:43:08.263    app     info:    [server-manager] Downloaded 97.11 MiB/4.85 GiB at 776.12 kiB/s
2025-11-10 13:43:09.334    app     info:    [server-manager] Downloaded 97.85 MiB/4.85 GiB at 823.76 kiB/s
2025-11-10 13:43:10.360    app     info:    [server-manager] Downloaded 98.70 MiB/4.85 GiB at 835.31 kiB/s
2025-11-10 13:43:11.411    app     info:    [server-manager] Downloaded 99.56 MiB/4.85 GiB at 812.50 kiB/s
2025-11-10 13:43:12.443    app     info:    [server-manager] Downloaded 100.45 MiB/4.85 GiB at 961.03 kiB/s
2025-11-10 13:43:13.481    app     info:    [server-manager] Downloaded 101.28 MiB/4.85 GiB at 800.00 kiB/s
2025-11-10 13:43:14.499    app     info:    [server-manager] Downloaded 102.12 MiB/4.85 GiB at 982.18 kiB/s
2025-11-10 13:43:15.509    app     info:    [server-manager] Downloaded 103.00 MiB/4.85 GiB at 911.59 kiB/s
2025-11-10 13:43:16.529    app     info:    [server-manager] Downloaded 103.96 MiB/4.85 GiB at 900.56 kiB/s
2025-11-10 13:43:17.595    app     info:    [server-manager] Downloaded 104.81 MiB/4.85 GiB at 840.17 kiB/s
2025-11-10 13:43:18.645    app     info:    [server-manager] Downloaded 105.77 MiB/4.85 GiB at 888.89 kiB/s
2025-11-10 13:43:19.666    app     info:    [server-manager] Downloaded 106.70 MiB/4.85 GiB at 933.85 kiB/s
2025-11-10 13:43:20.695    app     info:    [server-manager] Downloaded 107.54 MiB/4.85 GiB at 1.23 MiB/s
2025-11-10 13:43:21.699    app     info:    [server-manager] Downloaded 108.43 MiB/4.85 GiB at 883.63 kiB/s
2025-11-10 13:43:22.741    app     info:    [server-manager] Downloaded 109.30 MiB/4.85 GiB at 903.04 kiB/s
2025-11-10 13:43:23.838    app     info:    [server-manager] Downloaded 110.14 MiB/4.85 GiB at 788.73 kiB/s
2025-11-10 13:43:24.868    app     info:    [server-manager] Downloaded 110.93 MiB/4.85 GiB at 963.73 kiB/s
2025-11-10 13:43:25.877    app     info:    [scheduler] Stopped scheduler foreground
2025-11-10 13:43:25.940    app     info:    [server-manager] Downloaded 111.41 MiB/4.85 GiB at 399.23 kiB/s
2025-11-10 13:43:27.102    app     info:    [server-manager] Downloaded 111.91 MiB/4.85 GiB at 721.95 kiB/s
2025-11-10 13:43:28.107    app     info:    [server-manager] Downloaded 112.60 MiB/4.85 GiB at 861.54 kiB/s
2025-11-10 13:43:29.256    app     info:    [server-manager] Downloaded 113.38 MiB/4.85 GiB at 641.98 kiB/s
2025-11-10 13:43:30.280    app     info:    [server-manager] Downloaded 114.34 MiB/4.85 GiB at 512.00 kiB/s
2025-11-10 13:43:31.317    app     info:    [server-manager] Downloaded 115.21 MiB/4.85 GiB at 533.33 kiB/s
2025-11-10 13:43:32.329    app     info:    [server-manager] Downloaded 116.17 MiB/4.85 GiB at 1.43 MiB/s
2025-11-10 13:43:33.343    app     info:    [server-manager] Downloaded 117.04 MiB/4.85 GiB at 881.94 kiB/s
2025-11-10 13:43:34.343    app     info:    [server-manager] Downloaded 117.97 MiB/4.85 GiB at 478.09 kiB/s
2025-11-10 13:43:35.388    app     info:    [server-manager] Downloaded 118.85 MiB/4.85 GiB at 1.18 MiB/s
2025-11-10 13:43:36.407    app     info:    [server-manager] Downloaded 119.79 MiB/4.85 GiB at 1.28 MiB/s
2025-11-10 13:43:37.406    app     info:    [server-manager] Downloaded 120.71 MiB/4.85 GiB at 996.11 kiB/s
2025-11-10 13:43:38.438    app     info:    [server-manager] Downloaded 121.50 MiB/4.85 GiB at 863.20 kiB/s
2025-11-10 13:43:39.471    app     info:    [server-manager] Downloaded 122.30 MiB/4.85 GiB at 790.51 kiB/s
2025-11-10 13:43:40.514    app     info:    [server-manager] Downloaded 123.24 MiB/4.85 GiB at 902.26 kiB/s
2025-11-10 13:43:41.530    app     info:    [server-manager] Downloaded 124.11 MiB/4.85 GiB at 952.38 kiB/s
2025-11-10 13:43:42.536    app     info:    [server-manager] Downloaded 125.03 MiB/4.85 GiB at 796.81 kiB/s
2025-11-10 13:43:43.569    app     info:    [server-manager] Downloaded 125.80 MiB/4.85 GiB at 754.72 kiB/s
2025-11-10 13:43:44.604    app     info:    [server-manager] Downloaded 126.71 MiB/4.85 GiB at 444.44 kiB/s
2025-11-10 13:43:45.635    app     info:    [server-manager] Downloaded 127.64 MiB/4.85 GiB at 900.97 kiB/s
2025-11-10 13:43:46.698    app     info:    [server-manager] Downloaded 128.52 MiB/4.85 GiB at 909.80 kiB/s
2025-11-10 13:43:47.757    app     info:    [server-manager] Downloaded 129.36 MiB/4.85 GiB at 827.00 kiB/s
2025-11-10 13:43:48.812    app     info:    [server-manager] Downloaded 129.99 MiB/4.85 GiB at 556.38 kiB/s
2025-11-10 13:43:49.818    app     info:    [server-manager] Downloaded 130.90 MiB/4.85 GiB at 881.89 kiB/s
2025-11-10 13:43:50.849    app     info:    [server-manager] Downloaded 131.83 MiB/4.85 GiB at 860.56 kiB/s
2025-11-10 13:43:51.905    app     info:    [server-manager] Downloaded 132.78 MiB/4.85 GiB at 1.33 MiB/s
2025-11-10 13:43:52.914    app     info:    [server-manager] Downloaded 133.70 MiB/4.85 GiB at 921.23 kiB/s
2025-11-10 13:43:53.956    app     info:    [server-manager] Downloaded 134.65 MiB/4.85 GiB at 924.86 kiB/s
2025-11-10 13:43:55.000    app     info:    [server-manager] Downloaded 135.62 MiB/4.85 GiB at 1.31 MiB/s
2025-11-10 13:43:56.036    app     info:    [server-manager] Downloaded 136.56 MiB/4.85 GiB at 954.27 kiB/s
2025-11-10 13:43:57.086    app     info:    [server-manager] Downloaded 137.56 MiB/4.85 GiB at 948.15 kiB/s
2025-11-10 13:43:58.126    app     info:    [server-manager] Downloaded 138.49 MiB/4.85 GiB at 1,017.89 kiB/s
2025-11-10 13:43:59.156    app     info:    [server-manager] Downloaded 139.40 MiB/4.85 GiB at 942.88 kiB/s
2025-11-10 13:44:00.163    app     info:    [server-manager] Downloaded 140.27 MiB/4.85 GiB at 806.20 kiB/s
2025-11-10 13:44:01.220    app     info:    [server-manager] Downloaded 141.16 MiB/4.85 GiB at 854.96 kiB/s
2025-11-10 13:44:02.228    app     info:    [server-manager] Downloaded 142.05 MiB/4.85 GiB at 1.37 MiB/s
2025-11-10 13:44:03.261    app     info:    [server-manager] Downloaded 142.99 MiB/4.85 GiB at 1.37 MiB/s
2025-11-10 13:44:04.279    app     info:    [server-manager] Downloaded 143.82 MiB/4.85 GiB at 754.71 kiB/s
2025-11-10 13:44:05.318    app     info:    [server-manager] Downloaded 144.60 MiB/4.85 GiB at 714.56 kiB/s
2025-11-10 13:44:06.360    app     info:    [server-manager] Downloaded 145.40 MiB/4.85 GiB at 761.90 kiB/s
2025-11-10 13:44:07.405    app     info:    [server-manager] Downloaded 146.01 MiB/4.85 GiB at 651.85 kiB/s
2025-11-10 13:44:08.468    app     info:    [server-manager] Downloaded 146.61 MiB/4.85 GiB at 534.67 kiB/s
2025-11-10 13:44:09.531    app     info:    [server-manager] Downloaded 147.12 MiB/4.85 GiB at 535.78 kiB/s
2025-11-10 13:44:10.588    app     info:    [server-manager] Downloaded 147.65 MiB/4.85 GiB at 538.05 kiB/s
2025-11-10 13:44:11.636    app     info:    [server-manager] Downloaded 148.09 MiB/4.85 GiB at 456.27 kiB/s
2025-11-10 13:44:12.697    app     info:    [server-manager] Downloaded 148.71 MiB/4.85 GiB at 254.58 kiB/s
2025-11-10 13:44:13.718    app     info:    [server-manager] Downloaded 149.41 MiB/4.85 GiB at 1.02 MiB/s
2025-11-10 13:44:14.737    app     info:    [server-manager] Downloaded 150.27 MiB/4.85 GiB at 730.16 kiB/s
2025-11-10 13:44:15.813    app     info:    [server-manager] Downloaded 151.07 MiB/4.85 GiB at 816.64 kiB/s
2025-11-10 13:44:16.820    app     info:    [server-manager] Downloaded 151.93 MiB/4.85 GiB at 968.75 kiB/s
2025-11-10 13:44:17.843    app     info:    [server-manager] Downloaded 152.70 MiB/4.85 GiB at 616.57 kiB/s
2025-11-10 13:44:18.876    app     info:    [server-manager] Downloaded 153.49 MiB/4.85 GiB at 278.00 kiB/s
2025-11-10 13:44:19.920    app     info:    [server-manager] Downloaded 154.24 MiB/4.85 GiB at 1.06 MiB/s
2025-11-10 13:44:20.948    app     info:    [server-manager] Downloaded 155.03 MiB/4.85 GiB at 774.36 kiB/s
2025-11-10 13:44:21.976    app     info:    [server-manager] Downloaded 155.79 MiB/4.85 GiB at 1.07 MiB/s
2025-11-10 13:44:23.000    app     info:    [server-manager] Downloaded 156.56 MiB/4.85 GiB at 737.04 kiB/s
2025-11-10 13:44:24.032    app     info:    [server-manager] Downloaded 157.21 MiB/4.85 GiB at 518.10 kiB/s
2025-11-10 13:44:25.066    app     info:    [server-manager] Downloaded 157.96 MiB/4.85 GiB at 779.73 kiB/s
2025-11-10 13:44:26.115    app     info:    [server-manager] Downloaded 158.79 MiB/4.85 GiB at 961.75 kiB/s
2025-11-10 13:44:27.195    app     info:    [server-manager] Downloaded 159.64 MiB/4.85 GiB at 720.45 kiB/s
2025-11-10 13:44:28.243    app     info:    [server-manager] Downloaded 160.46 MiB/4.85 GiB at 905.66 kiB/s
2025-11-10 13:44:29.284    app     info:    [server-manager] Downloaded 161.40 MiB/4.85 GiB at 798.46 kiB/s
2025-11-10 13:44:30.319    app     info:    [server-manager] Downloaded 162.27 MiB/4.85 GiB at 1.42 MiB/s
2025-11-10 13:44:31.322    app     info:    [server-manager] Downloaded 163.16 MiB/4.85 GiB at 1.28 MiB/s
2025-11-10 13:44:32.344    app     info:    [server-manager] Downloaded 163.90 MiB/4.85 GiB at 640.00 kiB/s
2025-11-10 13:44:33.407    app     info:    [server-manager] Downloaded 164.66 MiB/4.85 GiB at 839.67 kiB/s
2025-11-10 13:44:34.489    app     info:    [server-manager] Downloaded 165.39 MiB/4.85 GiB at 691.73 kiB/s
2025-11-10 13:44:35.531    app     info:    [server-manager] Downloaded 166.19 MiB/4.85 GiB at 742.75 kiB/s
2025-11-10 13:44:36.572    app     info:    [server-manager] Downloaded 166.92 MiB/4.85 GiB at 742.75 kiB/s
2025-11-10 13:44:37.628    app     info:    [server-manager] Downloaded 167.78 MiB/4.85 GiB at 440.94 kiB/s
2025-11-10 13:44:38.656    app     info:    [server-manager] Downloaded 168.63 MiB/4.85 GiB at 384.00 kiB/s
2025-11-10 13:44:39.655    app     info:    [server-manager] Downloaded 169.37 MiB/4.85 GiB at 755.50 kiB/s
2025-11-10 13:44:40.704    app     info:    [server-manager] Downloaded 170.19 MiB/4.85 GiB at 856.84 kiB/s
2025-11-10 13:44:41.749    app     info:    [server-manager] Downloaded 171.02 MiB/4.85 GiB at 1.14 MiB/s
2025-11-10 13:44:42.773    app     info:    [server-manager] Downloaded 171.81 MiB/4.85 GiB at 819.01 kiB/s
2025-11-10 13:44:43.824    app     info:    [server-manager] Downloaded 172.64 MiB/4.85 GiB at 860.56 kiB/s
2025-11-10 13:44:44.847    app     info:    [server-manager] Downloaded 173.45 MiB/4.85 GiB at 796.81 kiB/s
2025-11-10 13:44:45.852    app     info:    [server-manager] Downloaded 174.27 MiB/4.85 GiB at 1.17 MiB/s
2025-11-10 13:44:46.892    app     info:    [server-manager] Downloaded 175.19 MiB/4.85 GiB at 1.35 MiB/s
2025-11-10 13:44:47.909    app     info:    [server-manager] Downloaded 176.08 MiB/4.85 GiB at 830.83 kiB/s
2025-11-10 13:44:48.955    app     info:    [server-manager] Downloaded 177.06 MiB/4.85 GiB at 991.57 kiB/s
2025-11-10 13:44:49.972    app     info:    [server-manager] Downloaded 177.94 MiB/4.85 GiB at 904.20 kiB/s
2025-11-10 13:44:51.013    app     info:    [server-manager] Downloaded 178.68 MiB/4.85 GiB at 1.11 MiB/s
2025-11-10 13:44:52.033    app     info:    [server-manager] Downloaded 179.81 MiB/4.85 GiB at 1.03 MiB/s
2025-11-10 13:44:53.066    app     info:    [server-manager] Downloaded 180.74 MiB/4.85 GiB at 939.45 kiB/s
2025-11-10 13:44:54.103    app     info:    [server-manager] Downloaded 181.58 MiB/4.85 GiB at 954.99 kiB/s
2025-11-10 13:44:55.125    app     info:    [server-manager] Downloaded 182.44 MiB/4.85 GiB at 924.30 kiB/s
2025-11-10 13:44:56.162    app     info:    [server-manager] Downloaded 183.22 MiB/4.85 GiB at 678.97 kiB/s
2025-11-10 13:44:57.234    app     info:    [server-manager] Downloaded 183.94 MiB/4.85 GiB at 589.32 kiB/s
2025-11-10 13:44:58.319    app     info:    [server-manager] Downloaded 184.81 MiB/4.85 GiB at 938.37 kiB/s
2025-11-10 13:44:59.347    app     info:    [server-manager] Downloaded 185.76 MiB/4.85 GiB at 1.48 MiB/s
2025-11-10 13:45:00.353    app     info:    [server-manager] Downloaded 186.67 MiB/4.85 GiB at 919.54 kiB/s
2025-11-10 13:45:01.379    app     info:    [server-manager] Downloaded 187.56 MiB/4.85 GiB at 1.33 MiB/s
2025-11-10 13:45:02.384    app     info:    [server-manager] Downloaded 188.49 MiB/4.85 GiB at 928.43 kiB/s
2025-11-10 13:45:03.408    app     info:    [server-manager] Downloaded 189.42 MiB/4.85 GiB at 926.15 kiB/s
2025-11-10 13:45:04.437    app     info:    [server-manager] Downloaded 190.34 MiB/4.85 GiB at 946.56 kiB/s
2025-11-10 13:45:05.443    app     info:    [server-manager] Downloaded 191.29 MiB/4.85 GiB at 911.59 kiB/s
2025-11-10 13:45:06.470    app     info:    [server-manager] Downloaded 192.21 MiB/4.85 GiB at 910.99 kiB/s
2025-11-10 13:45:07.482    app     info:    [server-manager] Downloaded 193.14 MiB/4.85 GiB at 906.25 kiB/s
2025-11-10 13:45:08.517    app     info:    [server-manager] Downloaded 194.10 MiB/4.85 GiB at 984.13 kiB/s
2025-11-10 13:45:09.536    app     info:    [server-manager] Downloaded 195.02 MiB/4.85 GiB at 942.91 kiB/s
2025-11-10 13:45:10.568    app     info:    [server-manager] Downloaded 195.96 MiB/4.85 GiB at 413.52 kiB/s
2025-11-10 13:45:11.574    app     info:    [server-manager] Downloaded 196.84 MiB/4.85 GiB at 887.48 kiB/s
2025-11-10 13:45:12.596    app     info:    [server-manager] Downloaded 197.82 MiB/4.85 GiB at 606.79 kiB/s
2025-11-10 13:45:13.603    app     info:    [server-manager] Downloaded 198.71 MiB/4.85 GiB at 479.04 kiB/s
2025-11-10 13:45:14.609    app     info:    [server-manager] Downloaded 199.60 MiB/4.85 GiB at 953.85 kiB/s
2025-11-10 13:45:15.629    app     info:    [server-manager] Downloaded 200.54 MiB/4.85 GiB at 851.71 kiB/s
2025-11-10 13:45:16.662    app     info:    [server-manager] Downloaded 201.49 MiB/4.85 GiB at 860.56 kiB/s
2025-11-10 13:45:17.688    app     info:    [server-manager] Downloaded 202.28 MiB/4.85 GiB at 351.30 kiB/s
2025-11-10 13:45:18.692    app     info:    [server-manager] Downloaded 202.88 MiB/4.85 GiB at 597.25 kiB/s
2025-11-10 13:45:19.722    app     info:    [server-manager] Downloaded 203.79 MiB/4.85 GiB at 1.01 MiB/s
2025-11-10 13:45:20.781    app     info:    [server-manager] Downloaded 204.70 MiB/4.85 GiB at 960.00 kiB/s
2025-11-10 13:45:21.781    app     info:    [server-manager] Downloaded 205.56 MiB/4.85 GiB at 1,019.92 kiB/s
2025-11-10 13:45:22.785    app     info:    [server-manager] Downloaded 206.30 MiB/4.85 GiB at 747.76 kiB/s
2025-11-10 13:45:23.822    app     info:    [server-manager] Downloaded 206.99 MiB/4.85 GiB at 720.45 kiB/s
2025-11-10 13:45:24.878    app     info:    [server-manager] Downloaded 207.86 MiB/4.85 GiB at 873.82 kiB/s
2025-11-10 13:45:25.878    app     info:    [server-manager] Downloaded 208.65 MiB/4.85 GiB at 398.88 kiB/s
2025-11-10 13:45:26.889    app     info:    [server-manager] Downloaded 209.49 MiB/4.85 GiB at 800.00 kiB/s
2025-11-10 13:45:28.042    app     info:    [server-manager] Downloaded 210.31 MiB/4.85 GiB at 847.06 kiB/s
2025-11-10 13:45:29.062    app     info:    [server-manager] Downloaded 211.10 MiB/4.85 GiB at 1.15 MiB/s
2025-11-10 13:45:30.068    app     info:    [server-manager] Downloaded 211.89 MiB/4.85 GiB at 679.84 kiB/s
2025-11-10 13:45:31.102    app     info:    [server-manager] Downloaded 212.58 MiB/4.85 GiB at 618.98 kiB/s
2025-11-10 13:45:32.141    app     info:    [server-manager] Downloaded 213.25 MiB/4.85 GiB at 666.67 kiB/s
2025-11-10 13:45:33.164    app     info:    [server-manager] Downloaded 213.93 MiB/4.85 GiB at 629.92 kiB/s
2025-11-10 13:45:34.219    app     info:    [server-manager] Downloaded 214.69 MiB/4.85 GiB at 724.41 kiB/s
2025-11-10 13:45:35.259    app     info:    [server-manager] Downloaded 215.46 MiB/4.85 GiB at 814.09 kiB/s
2025-11-10 13:45:36.290    app     info:    [server-manager] Downloaded 216.18 MiB/4.85 GiB at 804.64 kiB/s
2025-11-10 13:45:37.307    app     info:    [server-manager] Downloaded 217.00 MiB/4.85 GiB at 877.74 kiB/s
2025-11-10 13:45:38.318    app     info:    [server-manager] Downloaded 217.75 MiB/4.85 GiB at 694.28 kiB/s
2025-11-10 13:45:39.358    app     info:    [server-manager] Downloaded 218.48 MiB/4.85 GiB at 563.81 kiB/s
2025-11-10 13:45:40.375    app     info:    [server-manager] Downloaded 219.01 MiB/4.85 GiB at 670.66 kiB/s
2025-11-10 13:45:41.421    app     info:    [server-manager] Downloaded 219.60 MiB/4.85 GiB at 616.60 kiB/s
2025-11-10 13:45:42.442    app     info:    [server-manager] Downloaded 220.31 MiB/4.85 GiB at 412.70 kiB/s
2025-11-10 13:45:43.450    app     info:    [server-manager] Downloaded 220.94 MiB/4.85 GiB at 691.83 kiB/s
2025-11-10 13:45:44.493    app     info:    [server-manager] Downloaded 221.64 MiB/4.85 GiB at 751.88 kiB/s
2025-11-10 13:45:45.537    app     info:    [server-manager] Downloaded 222.27 MiB/4.85 GiB at 614.20 kiB/s
2025-11-10 13:45:46.568    app     info:    [server-manager] Downloaded 222.95 MiB/4.85 GiB at 603.77 kiB/s
2025-11-10 13:45:47.612    app     info:    [server-manager] Downloaded 223.60 MiB/4.85 GiB at 792.08 kiB/s
2025-11-10 13:45:48.646    app     info:    [server-manager] Downloaded 224.23 MiB/4.85 GiB at 730.16 kiB/s
2025-11-10 13:45:49.669    app     info:    [server-manager] Downloaded 224.87 MiB/4.85 GiB at 672.76 kiB/s
2025-11-10 13:45:50.749    app     info:    [server-manager] Downloaded 225.57 MiB/4.85 GiB at 664.15 kiB/s
2025-11-10 13:45:51.765    app     info:    [server-manager] Downloaded 226.22 MiB/4.85 GiB at 680.73 kiB/s
2025-11-10 13:45:52.797    app     info:    [server-manager] Downloaded 227.01 MiB/4.85 GiB at 781.25 kiB/s
2025-11-10 13:45:53.876    app     info:    [server-manager] Downloaded 227.78 MiB/4.85 GiB at 447.11 kiB/s
2025-11-10 13:45:54.908    app     info:    [server-manager] Downloaded 228.58 MiB/4.85 GiB at 736.45 kiB/s
2025-11-10 13:45:55.973    app     info:    [server-manager] Downloaded 229.34 MiB/4.85 GiB at 1.14 MiB/s
2025-11-10 13:45:56.976    app     info:    [server-manager] Downloaded 230.12 MiB/4.85 GiB at 702.59 kiB/s
2025-11-10 13:45:58.022    app     info:    [server-manager] Downloaded 230.84 MiB/4.85 GiB at 710.42 kiB/s
2025-11-10 13:45:59.046    app     info:    [server-manager] Downloaded 231.67 MiB/4.85 GiB at 795.23 kiB/s
2025-11-10 13:46:00.069    app     info:    [server-manager] Downloaded 232.60 MiB/4.85 GiB at 953.45 kiB/s
2025-11-10 13:46:01.109    app     info:    [server-manager] Downloaded 233.55 MiB/4.85 GiB at 1.09 MiB/s
2025-11-10 13:46:02.141    app     info:    [server-manager] Downloaded 234.42 MiB/4.85 GiB at 859.88 kiB/s
2025-11-10 13:46:03.164    app     info:    [server-manager] Downloaded 235.02 MiB/4.85 GiB at 615.38 kiB/s
2025-11-10 13:46:04.217    app     info:    [server-manager] Downloaded 235.82 MiB/4.85 GiB at 621.36 kiB/s
2025-11-10 13:46:05.273    app     info:    [server-manager] Downloaded 236.75 MiB/4.85 GiB at 1.32 MiB/s
2025-11-10 13:46:06.291    app     info:    [server-manager] Downloaded 237.69 MiB/4.85 GiB at 924.30 kiB/s
2025-11-10 13:46:07.298    app     info:    [server-manager] Downloaded 238.63 MiB/4.85 GiB at 959.38 kiB/s
2025-11-10 13:46:08.317    app     info:    [server-manager] Downloaded 239.44 MiB/4.85 GiB at 790.51 kiB/s
2025-11-10 13:46:09.349    app     info:    [server-manager] Downloaded 240.42 MiB/4.85 GiB at 881.89 kiB/s
2025-11-10 13:46:10.353    app     info:    [server-manager] Downloaded 241.33 MiB/4.85 GiB at 998.05 kiB/s
2025-11-10 13:46:11.378    app     info:    [server-manager] Downloaded 242.27 MiB/4.85 GiB at 885.60 kiB/s
2025-11-10 13:46:12.420    app     info:    [server-manager] Downloaded 243.20 MiB/4.85 GiB at 946.45 kiB/s
2025-11-10 13:46:13.449    app     info:    [server-manager] Downloaded 244.11 MiB/4.85 GiB at 954.81 kiB/s
2025-11-10 13:46:14.476    app     info:    [server-manager] Downloaded 245.11 MiB/4.85 GiB at 1.36 MiB/s
2025-11-10 13:46:15.534    app     info:    [server-manager] Downloaded 245.99 MiB/4.85 GiB at 1.28 MiB/s
2025-11-10 13:46:16.536    app     info:    [server-manager] Downloaded 246.87 MiB/4.85 GiB at 913.39 kiB/s
2025-11-10 13:46:17.571    app     info:    [server-manager] Downloaded 247.87 MiB/4.85 GiB at 1.41 MiB/s
2025-11-10 13:46:18.606    app     info:    [server-manager] Downloaded 248.77 MiB/4.85 GiB at 896.00 kiB/s
2025-11-10 13:46:19.609    app     info:    [server-manager] Downloaded 249.64 MiB/4.85 GiB at 834.04 kiB/s
2025-11-10 13:46:20.641    app     info:    [server-manager] Downloaded 250.43 MiB/4.85 GiB at 562.50 kiB/s
2025-11-10 13:46:21.689    app     info:    [server-manager] Downloaded 251.40 MiB/4.85 GiB at 823.53 kiB/s
2025-11-10 13:46:22.727    app     info:    [server-manager] Downloaded 252.29 MiB/4.85 GiB at 907.78 kiB/s
2025-11-10 13:46:23.752    app     info:    [server-manager] Downloaded 253.20 MiB/4.85 GiB at 956.18 kiB/s
2025-11-10 13:46:24.764    app     info:    [server-manager] Downloaded 253.92 MiB/4.85 GiB at 580.15 kiB/s
2025-11-10 13:46:25.856    app     info:    [server-manager] Downloaded 254.57 MiB/4.85 GiB at 604.04 kiB/s
2025-11-10 13:46:26.907    app     info:    [server-manager] Downloaded 255.36 MiB/4.85 GiB at 747.88 kiB/s
2025-11-10 13:46:27.971    app     info:    [server-manager] Downloaded 256.32 MiB/4.85 GiB at 1.40 MiB/s
2025-11-10 13:46:28.976    app     info:    [server-manager] Downloaded 257.10 MiB/4.85 GiB at 728.71 kiB/s
2025-11-10 13:46:30.003    app     info:    [server-manager] Downloaded 257.94 MiB/4.85 GiB at 464.00 kiB/s
2025-11-10 13:46:31.003    app     info:    [server-manager] Downloaded 258.84 MiB/4.85 GiB at 839.53 kiB/s
2025-11-10 13:46:32.030    app     info:    [server-manager] Downloaded 259.74 MiB/4.85 GiB at 937.50 kiB/s
2025-11-10 13:46:33.058    app     info:    [server-manager] Downloaded 260.64 MiB/4.85 GiB at 512.00 kiB/s
2025-11-10 13:46:34.070    app     info:    [server-manager] Downloaded 261.48 MiB/4.85 GiB at 1.25 MiB/s
2025-11-10 13:46:35.079    app     info:    [server-manager] Downloaded 262.32 MiB/4.85 GiB at 892.31 kiB/s
2025-11-10 13:46:36.160    app     info:    [server-manager] Downloaded 263.26 MiB/4.85 GiB at 1.25 MiB/s
2025-11-10 13:46:37.165    app     info:    [server-manager] Downloaded 264.14 MiB/4.85 GiB at 856.60 kiB/s
2025-11-10 13:46:38.227    app     info:    [server-manager] Downloaded 265.15 MiB/4.85 GiB at 973.52 kiB/s
2025-11-10 13:46:39.313    app     info:    [server-manager] Downloaded 266.10 MiB/4.85 GiB at 977.10 kiB/s
2025-11-10 13:46:40.344    app     info:    [server-manager] Downloaded 267.03 MiB/4.85 GiB at 958.08 kiB/s
2025-11-10 13:46:41.375    app     info:    [server-manager] Downloaded 267.95 MiB/4.85 GiB at 875.47 kiB/s
2025-11-10 13:46:42.403    app     info:    [server-manager] Downloaded 268.89 MiB/4.85 GiB at 977.10 kiB/s
2025-11-10 13:46:43.430    app     info:    [server-manager] Downloaded 269.81 MiB/4.85 GiB at 1,003.80 kiB/s
2025-11-10 13:46:44.468    app     info:    [server-manager] Downloaded 270.78 MiB/4.85 GiB at 947.10 kiB/s
2025-11-10 13:46:45.511    app     info:    [server-manager] Downloaded 271.65 MiB/4.85 GiB at 863.64 kiB/s
2025-11-10 13:46:46.531    app     info:    [server-manager] Downloaded 272.57 MiB/4.85 GiB at 924.30 kiB/s
2025-11-10 13:46:47.577    app     info:    [server-manager] Downloaded 273.20 MiB/4.85 GiB at 554.91 kiB/s
2025-11-10 13:46:48.606    app     info:    [server-manager] Downloaded 273.99 MiB/4.85 GiB at 1.26 MiB/s
2025-11-10 13:46:49.628    app     info:    [server-manager] Downloaded 274.92 MiB/4.85 GiB at 894.21 kiB/s
2025-11-10 13:46:50.657    app     info:    [server-manager] Downloaded 275.76 MiB/4.85 GiB at 943.03 kiB/s
2025-11-10 13:46:51.659    app     info:    [server-manager] Downloaded 276.75 MiB/4.85 GiB at 329.81 kiB/s
2025-11-10 13:46:52.666    app     info:    [server-manager] Downloaded 277.59 MiB/4.85 GiB at 1,008.14 kiB/s
2025-11-10 13:46:53.700    app     info:    [server-manager] Downloaded 278.57 MiB/4.85 GiB at 993.07 kiB/s
2025-11-10 13:46:54.720    app     info:    [server-manager] Downloaded 279.49 MiB/4.85 GiB at 921.28 kiB/s
2025-11-10 13:46:55.730    app     info:    [server-manager] Downloaded 280.42 MiB/4.85 GiB at 1,002.47 kiB/s
2025-11-10 13:46:56.750    app     info:    [server-manager] Downloaded 281.29 MiB/4.85 GiB at 480.00 kiB/s
2025-11-10 13:46:57.753    app     info:    [server-manager] Downloaded 282.20 MiB/4.85 GiB at 922.34 kiB/s
2025-11-10 13:46:58.765    app     info:    [server-manager] Downloaded 283.11 MiB/4.85 GiB at 954.15 kiB/s
2025-11-10 13:46:59.802    app     info:    [server-manager] Downloaded 284.00 MiB/4.85 GiB at 938.10 kiB/s
2025-11-10 13:47:00.833    app     info:    [server-manager] Downloaded 284.64 MiB/4.85 GiB at 668.07 kiB/s
2025-11-10 13:47:01.864    app     info:    [server-manager] Downloaded 285.25 MiB/4.85 GiB at 555.98 kiB/s
2025-11-10 13:47:02.878    app     info:    [server-manager] Downloaded 285.89 MiB/4.85 GiB at 752.94 kiB/s
2025-11-10 13:47:03.723    app     info:    [save-as] Retrying download of https://resources.eveonline.com/bundles/3092632/resfileindex_prefetch_3092632.txt.bundle.33 (attempt 1) Error occurred while saving file to disk 'C:\Games\EVE\ResFiles\bundles\3092632\.resfileindex_prefetch_3092632.txt.bundle.33.tmp'
Error while fetching content from https://resources.eveonline.com
aborted    S [SaveAsError]: Error occurred while saving file to disk 'C:\Games\EVE\ResFiles\bundles\3092632\.resfileindex_prefetch_3092632.txt.bundle.33.tmp'
Error while fetching content from https://resources.eveonline.com
aborted
    at S.from (C:\Users\dmytr\AppData\Local\eve-online\app-1.12.2\resources\app.asar\.webpack\main\index.js:8:2387039)
    at v.<anonymous> (C:\Users\dmytr\AppData\Local\eve-online\app-1.12.2\resources\app.asar\.webpack\main\index.js:8:2027557)
    at v.emit (node:events:518:28)
    at v.emitError (C:\Users\dmytr\AppData\Local\eve-online\app-1.12.2\resources\app.asar\.webpack\main\index.js:8:2885124)
    at IncomingMessage.<anonymous> (C:\Users\dmytr\AppData\Local\eve-online\app-1.12.2\resources\app.asar\.webpack\main\index.js:8:2883894)
    at IncomingMessage.emit (node:events:518:28)
    ... 2 lines matching cause stack trace ...
    at process.processTicksAndRejections (node:internal/process/task_queues:90:21) {
  cause: h [StreamError]: Error while fetching content from https://resources.eveonline.com
  aborted
      at h.from (C:\Users\dmytr\AppData\Local\eve-online\app-1.12.2\resources\app.asar\.webpack\main\index.js:8:2881258)
      at IncomingMessage.<anonymous> (C:\Users\dmytr\AppData\Local\eve-online\app-1.12.2\resources\app.asar\.webpack\main\index.js:8:2883821)
      at IncomingMessage.emit (node:events:518:28)
      at emitErrorNT (node:internal/streams/destroy:170:8)
      at emitErrorCloseNT (node:internal/streams/destroy:129:3)
      at process.processTicksAndRejections (node:internal/process/task_queues:90:21) {
    code: 'ECONNRESET'
  },
  code: 'ECONNRESET'
}
2025-11-10 13:47:03.935    app     info:    [server-manager] Downloaded 286.62 MiB/4.85 GiB at 1.01 MiB/s
2025-11-10 13:47:04.984    app     info:    [server-manager] Downloaded 282.53 MiB/4.85 GiB at 739.78 kiB/s
2025-11-10 13:47:06.041    app     info:    [server-manager] Downloaded 283.39 MiB/4.85 GiB at 939.33 kiB/s
2025-11-10 13:47:07.051    app     info:    [server-manager] Downloaded 284.26 MiB/4.85 GiB at 1.35 MiB/s
2025-11-10 13:47:08.080    app     info:    [server-manager] Downloaded 285.15 MiB/4.85 GiB at 1.05 MiB/s
2025-11-10 13:47:09.135    app     info:    [server-manager] Downloaded 285.81 MiB/4.85 GiB at 742.75 kiB/s
2025-11-10 13:47:10.201    app     info:    [server-manager] Downloaded 286.70 MiB/4.85 GiB at 661.42 kiB/s
2025-11-10 13:47:11.260    app     info:    [server-manager] Downloaded 287.55 MiB/4.85 GiB at 738.37 kiB/s
2025-11-10 13:47:12.292    app     info:    [server-manager] Downloaded 288.50 MiB/4.85 GiB at 900.56 kiB/s
2025-11-10 13:47:13.319    app     info:    [server-manager] Downloaded 289.44 MiB/4.85 GiB at 932.33 kiB/s
2025-11-10 13:47:14.376    app     info:    [server-manager] Downloaded 290.28 MiB/4.85 GiB at 853.33 kiB/s
2025-11-10 13:47:15.389    app     info:    [server-manager] Downloaded 291.32 MiB/4.85 GiB at 898.88 kiB/s
2025-11-10 13:47:16.426    app     info:    [server-manager] Downloaded 292.25 MiB/4.85 GiB at 869.90 kiB/s
2025-11-10 13:47:17.450    app     info:    [server-manager] Downloaded 293.16 MiB/4.85 GiB at 978.30 kiB/s
2025-11-10 13:47:18.469    app     info:    [server-manager] Downloaded 294.08 MiB/4.85 GiB at 1.33 MiB/s
2025-11-10 13:47:19.480    app     info:    [server-manager] Downloaded 295.02 MiB/4.85 GiB at 975.24 kiB/s
2025-11-10 13:47:20.512    app     info:    [server-manager] Downloaded 295.94 MiB/4.85 GiB at 787.40 kiB/s
2025-11-10 13:47:21.565    app     info:    [server-manager] Downloaded 296.85 MiB/4.85 GiB at 1.39 MiB/s
2025-11-10 13:47:22.569    app     info:    [server-manager] Downloaded 297.74 MiB/4.85 GiB at 1,017.77 kiB/s
2025-11-10 13:47:23.570    app     info:    [server-manager] Downloaded 298.69 MiB/4.85 GiB at 795.23 kiB/s
2025-11-10 13:47:24.615    app     info:    [server-manager] Downloaded 299.62 MiB/4.85 GiB at 942.91 kiB/s
2025-11-10 13:47:25.656    app     info:    [server-manager] Downloaded 300.57 MiB/4.85 GiB at 990.02 kiB/s
2025-11-10 13:47:26.674    app     info:    [server-manager] Downloaded 301.49 MiB/4.85 GiB at 912.55 kiB/s
2025-11-10 13:47:27.718    app     info:    [server-manager] Downloaded 302.41 MiB/4.85 GiB at 894.03 kiB/s
2025-11-10 13:47:28.735    app     info:    [server-manager] Downloaded 303.33 MiB/4.85 GiB at 381.71 kiB/s
2025-11-10 13:47:29.760    app     info:    [server-manager] Downloaded 304.31 MiB/4.85 GiB at 964.98 kiB/s
2025-11-10 13:47:30.795    app     info:    [server-manager] Downloaded 305.19 MiB/4.85 GiB at 950.05 kiB/s
2025-11-10 13:47:31.813    app     info:    [server-manager] Downloaded 305.73 MiB/4.85 GiB at 448.00 kiB/s
2025-11-10 13:47:32.836    app     info:    [server-manager] Downloaded 306.55 MiB/4.85 GiB at 769.23 kiB/s
2025-11-10 13:47:33.850    app     info:    [server-manager] Downloaded 307.47 MiB/4.85 GiB at 932.04 kiB/s
2025-11-10 13:47:34.879    app     info:    [server-manager] Downloaded 308.48 MiB/4.85 GiB at 992.48 kiB/s
2025-11-10 13:47:35.915    app     info:    [server-manager] Downloaded 309.40 MiB/4.85 GiB at 992.00 kiB/s
2025-11-10 13:47:36.943    app     info:    [server-manager] Downloaded 310.28 MiB/4.85 GiB at 1.37 MiB/s
2025-11-10 13:47:37.946    app     info:    [server-manager] Downloaded 311.23 MiB/4.85 GiB at 351.30 kiB/s
2025-11-10 13:47:38.949    app     info:    [server-manager] Downloaded 312.06 MiB/4.85 GiB at 475.25 kiB/s
2025-11-10 13:47:39.972    app     info:    [server-manager] Downloaded 313.06 MiB/4.85 GiB at 817.29 kiB/s
2025-11-10 13:47:41.002    app     info:    [server-manager] Downloaded 313.92 MiB/4.85 GiB at 886.94 kiB/s
2025-11-10 13:47:42.036    app     info:    [server-manager] Downloaded 314.84 MiB/4.85 GiB at 730.04 kiB/s
2025-11-10 13:47:43.070    app     info:    [server-manager] Downloaded 315.75 MiB/4.85 GiB at 930.38 kiB/s
2025-11-10 13:47:44.076    app     info:    [server-manager] Downloaded 316.63 MiB/4.85 GiB at 822.13 kiB/s
2025-11-10 13:47:45.103    app     info:    [server-manager] Downloaded 317.58 MiB/4.85 GiB at 897.49 kiB/s
2025-11-10 13:47:46.161    app     info:    [server-manager] Downloaded 318.49 MiB/4.85 GiB at 808.99 kiB/s
2025-11-10 13:47:47.197    app     info:    [server-manager] Downloaded 319.42 MiB/4.85 GiB at 968.98 kiB/s
2025-11-10 13:47:48.228    app     info:    [server-manager] Downloaded 320.33 MiB/4.85 GiB at 479.04 kiB/s
2025-11-10 13:47:49.254    app     info:    [server-manager] Downloaded 321.30 MiB/4.85 GiB at 928.43 kiB/s
2025-11-10 13:47:50.286    app     info:    [server-manager] Downloaded 322.14 MiB/4.85 GiB at 922.47 kiB/s
2025-11-10 13:47:51.324    app     info:    [server-manager] Downloaded 323.11 MiB/4.85 GiB at 853.93 kiB/s
2025-11-10 13:47:52.368    app     info:    [server-manager] Downloaded 324.01 MiB/4.85 GiB at 1.27 MiB/s
2025-11-10 13:47:53.386    app     info:    [server-manager] Downloaded 324.74 MiB/4.85 GiB at 775.19 kiB/s
2025-11-10 13:47:54.494    app     info:    [server-manager] Downloaded 325.45 MiB/4.85 GiB at 1.13 MiB/s
2025-11-10 13:47:55.520    app     info:    [server-manager] Downloaded 326.37 MiB/4.85 GiB at 542.91 kiB/s
2025-11-10 13:47:56.535    app     info:    [server-manager] Downloaded 327.23 MiB/4.85 GiB at 956.18 kiB/s
2025-11-10 13:47:57.554    app     info:    [server-manager] Downloaded 328.23 MiB/4.85 GiB at 878.43 kiB/s
2025-11-10 13:47:58.608    app     info:    [server-manager] Downloaded 329.10 MiB/4.85 GiB at 1.40 MiB/s
2025-11-10 13:47:59.617    app     info:    [server-manager] Downloaded 329.95 MiB/4.85 GiB at 986.51 kiB/s
2025-11-10 13:48:00.069    app     info:    [scheduler] Starting scheduler foreground
2025-11-10 13:48:00.073    app     info:    [newsfeed] Fetching news for eve-online in ru
2025-11-10 13:48:00.087    app     info:    [customer-information] Getting character information for '31367691' on 'tranquility'
2025-11-10 13:48:00.087    app     info:    [customer-information] Getting Omega status for '31367691' on 'tranquility' (eve-online)
2025-11-10 13:48:00.088    app     info:    [virtual-goods] Getting Plex status for '31367691' on 'tranquility' (eve-online)
2025-11-10 13:48:00.354    app     info:    [esi] Fetching character details for 2123502320
2025-11-10 13:48:00.660    app     info:    [server-manager] Downloaded 330.89 MiB/4.85 GiB at 861.58 kiB/s
2025-11-10 13:48:01.502    app     info:    [customer-information] Agreement status has been fetched for user '31367691'
2025-11-10 13:48:01.728    app     info:    [server-manager] Downloaded 331.80 MiB/4.85 GiB at 1.06 MiB/s
2025-11-10 13:48:02.477    app     info:    [newsfeed] Fetched 20 news items for eve-online in ru
2025-11-10 13:48:02.785    app     info:    [server-manager] Downloaded 332.64 MiB/4.85 GiB at 766.28 kiB/s
2025-11-10 13:48:02.867    app     info:    [esi] Fetched 1 character details for 31367691
2025-11-10 13:48:03.823    app     info:    [server-manager] Downloaded 333.50 MiB/4.85 GiB at 798.57 kiB/s
2025-11-10 13:48:04.920    app     info:    [server-manager] Downloaded 334.46 MiB/4.85 GiB at 793.99 kiB/s
2025-11-10 13:48:05.082    app     info:    [self-update] Checking for application updates.
2025-11-10 13:48:05.137    app    error:    [quasar-manager-helper] Failed to perform Quasar request RESPONSE REFUSED: eve_public.plex.vault.api.BalanceRequest received for 'tranquility-31367691-null' in 5044ms (0: )    c [EpgError]: RESPONSE REFUSED: eve_public.plex.vault.api.BalanceRequest received for 'tranquility-31367691-null' in 5044ms (0: )
    at P (C:\Users\dmytr\AppData\Local\eve-online\app-1.12.2\resources\app.asar\.webpack\main\index.js:8:1992734)
    at F.rejectMessage (C:\Users\dmytr\AppData\Local\eve-online\app-1.12.2\resources\app.asar\.webpack\main\index.js:8:2002913)
    at Timeout.<anonymous> (C:\Users\dmytr\AppData\Local\eve-online\app-1.12.2\resources\app.asar\.webpack\main\index.js:8:2005695)
    at listOnTimeout (node:internal/timers:588:17)
    at process.processTimers (node:internal/timers:523:7) {
  innerError: undefined,
  statusCode: 0,
  statusMessage: ''
}
2025-11-10 13:48:05.137    app     warn:    [virtual-goods] Can't fetch Plex status for '31367691' on 'tranquility' (eve-online), error: EpgError: RESPONSE REFUSED: eve_public.plex.vault.api.BalanceRequest received for 'tranquility-31367691-null' in 5044ms (0: )
2025-11-10 13:48:05.146    app    error:    [AuthenticationMiddleware] RESPONSE REFUSED: eve_public.plex.vault.api.BalanceRequest received for 'tranquility-31367691-null' in 5044ms (0: )    EpgError: RESPONSE REFUSED: eve_public.plex.vault.api.BalanceRequest received for 'tranquility-31367691-null' in 5044ms (0: )
    at P (C:\Users\dmytr\AppData\Local\eve-online\app-1.12.2\resources\app.asar\.webpack\main\index.js:8:1992734)
    at F.rejectMessage (C:\Users\dmytr\AppData\Local\eve-online\app-1.12.2\resources\app.asar\.webpack\main\index.js:8:2002913)
    at Timeout.<anonymous> (C:\Users\dmytr\AppData\Local\eve-online\app-1.12.2\resources\app.asar\.webpack\main\index.js:8:2005695)
    at listOnTimeout (node:internal/timers:588:17)
    at process.processTimers (node:internal/timers:523:7)
2025-11-10 13:48:05.516    app     info:    [login-window-middleware] Context is changing from 'ctx-eve-online' to 'ctx-settings'
2025-11-10 13:48:05.941    app     info:    [server-manager] Downloaded 335.35 MiB/4.85 GiB at 447.11 kiB/s
2025-11-10 13:48:06.106    app     warn:    [play-area-content] Invalid product found in play area content    { product: 'eve-frontier' }
2025-11-10 13:48:06.107    app     warn:    [play-area-content] Invalid product found in play area content    { product: 'eve-frontier' }
2025-11-10 13:48:06.108    app     warn:    [play-area-content] Invalid product found in play area content    { product: 'eve-frontier' }
2025-11-10 13:48:06.108    app     warn:    [play-area-content] Invalid product found in play area content    { product: 'eve-frontier' }
2025-11-10 13:48:06.109    app     warn:    [play-area-content] Invalid product found in play area content    { product: 'eve-frontier' }
2025-11-10 13:48:06.109    app     warn:    [play-area-content] Invalid product found in play area content    { product: 'eve-frontier' }
2025-11-10 13:48:06.109    app     warn:    [play-area-content] Invalid product found in play area content    { product: 'eve-frontier' }
2025-11-10 13:48:06.110    app     warn:    [play-area-content] Invalid product found in play area content    { product: 'eve-frontier' }
2025-11-10 13:48:06.952    app     info:    [server-manager] Downloaded 336.24 MiB/4.85 GiB at 887.13 kiB/s
2025-11-10 13:48:07.987    app     info:    [server-manager] Downloaded 337.14 MiB/4.85 GiB at 861.54 kiB/s
2025-11-10 13:48:08.320    app     info:    [self-update] No application updates were found.
2025-11-10 13:48:09.077    app     info:    [server-manager] Downloaded 338.04 MiB/4.85 GiB at 798.40 kiB/s
2025-11-10 13:48:10.082    app     info:    [server-manager] Downloaded 338.96 MiB/4.85 GiB at 450.38 kiB/s
2025-11-10 13:48:11.098    app     info:    [server-manager] Downloaded 339.79 MiB/4.85 GiB at 416.00 kiB/s
2025-11-10 13:48:12.135    app     info:    [server-manager] Downloaded 340.79 MiB/4.85 GiB at 1,003.92 kiB/s
2025-11-10 13:48:13.162    app     info:    [server-manager] Downloaded 341.62 MiB/4.85 GiB at 1.20 MiB/s
2025-11-10 13:48:14.167    app     info:    [server-manager] Downloaded 342.54 MiB/4.85 GiB at 892.43 kiB/s
2025-11-10 13:48:15.193    app     info:    [server-manager] Downloaded 343.34 MiB/4.85 GiB at 792.08 kiB/s
2025-11-10 13:48:15.857    app     info:    [scheduler] Stopped scheduler foreground
2025-11-10 13:48:16.213    app     info:    [server-manager] Downloaded 344.21 MiB/4.85 GiB at 849.82 kiB/s
2025-11-10 13:48:17.259    app     info:    [server-manager] Downloaded 344.70 MiB/4.85 GiB at 335.24 kiB/s
2025-11-10 13:48:18.315    app     info:    [server-manager] Downloaded 345.42 MiB/4.85 GiB at 384.00 kiB/s
2025-11-10 13:48:19.331    app     info:    [server-manager] Downloaded 346.21 MiB/4.85 GiB at 864.06 kiB/s
2025-11-10 13:48:20.383    app     info:    [server-manager] Downloaded 347.10 MiB/4.85 GiB at 896.00 kiB/s
2025-11-10 13:48:21.412    app     info:    [server-manager] Downloaded 347.98 MiB/4.85 GiB at 510.58 kiB/s
2025-11-10 13:48:22.442    app     info:    [server-manager] Downloaded 348.86 MiB/4.85 GiB at 920.49 kiB/s
2025-11-10 13:48:23.477    app     info:    [server-manager] Downloaded 349.81 MiB/4.85 GiB at 745.13 kiB/s
2025-11-10 13:48:24.534    app     info:    [server-manager] Downloaded 350.75 MiB/4.85 GiB at 890.46 kiB/s
2025-11-10 13:48:25.543    app     info:    [server-manager] Downloaded 351.63 MiB/4.85 GiB at 442.69 kiB/s
2025-11-10 13:48:26.571    app     info:    [server-manager] Downloaded 352.52 MiB/4.85 GiB at 897.49 kiB/s
2025-11-10 13:48:27.580    app     info:    [server-manager] Downloaded 353.47 MiB/4.85 GiB at 897.49 kiB/s
2025-11-10 13:48:28.623    app     info:    [server-manager] Downloaded 354.40 MiB/4.85 GiB at 920.63 kiB/s
2025-11-10 13:48:29.640    app     info:    [server-manager] Downloaded 355.36 MiB/4.85 GiB at 1.04 MiB/s
2025-11-10 13:48:30.657    app     info:    [server-manager] Downloaded 356.27 MiB/4.85 GiB at 855.45 kiB/s
2025-11-10 13:48:31.668    app     info:    [server-manager] Downloaded 357.17 MiB/4.85 GiB at 970.24 kiB/s
2025-11-10 13:48:32.704    app     info:    [server-manager] Downloaded 358.08 MiB/4.85 GiB at 862.77 kiB/s
2025-11-10 13:48:33.733    app     info:    [server-manager] Downloaded 359.07 MiB/4.85 GiB at 992.25 kiB/s
2025-11-10 13:48:34.756    app     info:    [server-manager] Downloaded 359.90 MiB/4.85 GiB at 986.11 kiB/s
2025-11-10 13:48:35.791    app     info:    [server-manager] Downloaded 360.87 MiB/4.85 GiB at 897.83 kiB/s
2025-11-10 13:48:36.812    app     info:    [server-manager] Downloaded 361.80 MiB/4.85 GiB at 800.00 kiB/s
2025-11-10 13:48:37.848    app     info:    [server-manager] Downloaded 362.67 MiB/4.85 GiB at 772.20 kiB/s
2025-11-10 13:48:38.895    app     info:    [server-manager] Downloaded 363.37 MiB/4.85 GiB at 902.26 kiB/s
2025-11-10 13:48:39.978    app     info:    [server-manager] Downloaded 364.04 MiB/4.85 GiB at 478.09 kiB/s
2025-11-10 13:48:41.000    app     info:    [server-manager] Downloaded 364.89 MiB/4.85 GiB at 928.00 kiB/s
2025-11-10 13:48:42.013    app     info:    [server-manager] Downloaded 365.76 MiB/4.85 GiB at 909.23 kiB/s
2025-11-10 13:48:43.041    app     info:    [server-manager] Downloaded 366.68 MiB/4.85 GiB at 816.91 kiB/s
2025-11-10 13:48:44.063    app     info:    [server-manager] Downloaded 367.63 MiB/4.85 GiB at 448.00 kiB/s
2025-11-10 13:48:45.089    app     info:    [server-manager] Downloaded 368.52 MiB/4.85 GiB at 888.89 kiB/s
2025-11-10 13:48:46.099    app     info:    [server-manager] Downloaded 369.46 MiB/4.85 GiB at 1.01 MiB/s
2025-11-10 13:48:47.170    app     info:    [server-manager] Downloaded 370.41 MiB/4.85 GiB at 827.04 kiB/s
2025-11-10 13:48:48.196    app     info:    [server-manager] Downloaded 371.32 MiB/4.85 GiB at 477.14 kiB/s
2025-11-10 13:48:49.219    app     info:    [server-manager] Downloaded 372.19 MiB/4.85 GiB at 480.00 kiB/s
2025-11-10 13:48:50.233    app     info:    [server-manager] Downloaded 372.97 MiB/4.85 GiB at 683.50 kiB/s
2025-11-10 13:48:51.257    app     info:    [server-manager] Downloaded 373.88 MiB/4.85 GiB at 1.02 MiB/s
2025-11-10 13:48:52.286    app     info:    [server-manager] Downloaded 374.52 MiB/4.85 GiB at 529.18 kiB/s
2025-11-10 13:48:53.364    app     info:    [server-manager] Downloaded 375.38 MiB/4.85 GiB at 718.75 kiB/s
2025-11-10 13:48:54.425    app     info:    [server-manager] Downloaded 376.23 MiB/4.85 GiB at 723.16 kiB/s
2025-11-10 13:48:55.470    app     info:    [server-manager] Downloaded 377.00 MiB/4.85 GiB at 878.24 kiB/s
2025-11-10 13:48:56.489    app     info:    [server-manager] Downloaded 377.81 MiB/4.85 GiB at 850.39 kiB/s
2025-11-10 13:48:57.501    app     info:    [server-manager] Downloaded 378.57 MiB/4.85 GiB at 336.00 kiB/s
2025-11-10 13:48:58.507    app     info:    [server-manager] Downloaded 379.43 MiB/4.85 GiB at 822.13 kiB/s
2025-11-10 13:48:59.518    app     info:    [server-manager] Downloaded 380.12 MiB/4.85 GiB at 316.83 kiB/s
2025-11-10 13:49:00.564    app     info:    [server-manager] Downloaded 380.89 MiB/4.85 GiB at 303.17 kiB/s
2025-11-10 13:49:01.595    app     info:    [server-manager] Downloaded 381.42 MiB/4.85 GiB at 420.88 kiB/s
2025-11-10 13:49:02.633    app     info:    [server-manager] Downloaded 382.04 MiB/4.85 GiB at 572.56 kiB/s
2025-11-10 13:49:03.667    app     info:    [server-manager] Downloaded 382.88 MiB/4.85 GiB at 479.04 kiB/s
2025-11-10 13:49:04.735    app     info:    [server-manager] Downloaded 383.71 MiB/4.85 GiB at 787.35 kiB/s
2025-11-10 13:49:05.783    app     info:    [server-manager] Downloaded 384.44 MiB/4.85 GiB at 479.04 kiB/s
2025-11-10 13:49:06.847    app     info:    [server-manager] Downloaded 385.30 MiB/4.85 GiB at 860.95 kiB/s
2025-11-10 13:49:07.850    app     info:    [server-manager] Downloaded 386.00 MiB/4.85 GiB at 1,005.71 kiB/s
2025-11-10 13:49:08.855    app     info:    [server-manager] Downloaded 386.62 MiB/4.85 GiB at 702.59 kiB/s
2025-11-10 13:49:09.887    app     info:    [server-manager] Downloaded 387.31 MiB/4.85 GiB at 742.75 kiB/s
2025-11-10 13:49:10.910    app     info:    [server-manager] Downloaded 388.00 MiB/4.85 GiB at 790.51 kiB/s
2025-11-10 13:49:11.940    app     info:    [server-manager] Downloaded 388.44 MiB/4.85 GiB at 286.85 kiB/s
2025-11-10 13:49:12.977    app     info:    [server-manager] Downloaded 388.91 MiB/4.85 GiB at 411.88 kiB/s
2025-11-10 13:49:14.018    app     info:    [server-manager] Downloaded 389.42 MiB/4.85 GiB at 497.09 kiB/s
2025-11-10 13:49:15.037    app     info:    [server-manager] Downloaded 389.92 MiB/4.85 GiB at 128.00 kiB/s
2025-11-10 13:49:16.068    app     info:    [server-manager] Downloaded 390.52 MiB/4.85 GiB at 838.83 kiB/s
2025-11-10 13:49:17.097    app     info:    [server-manager] Downloaded 391.03 MiB/4.85 GiB at 547.57 kiB/s
2025-11-10 13:49:18.132    app     info:    [server-manager] Downloaded 391.69 MiB/4.85 GiB at 637.45 kiB/s
2025-11-10 13:49:19.174    app     info:    [server-manager] Downloaded 392.29 MiB/4.85 GiB at 642.45 kiB/s
2025-11-10 13:49:20.191    app     info:    [server-manager] Downloaded 392.89 MiB/4.85 GiB at 382.47 kiB/s
2025-11-10 13:49:21.236    app     info:    [server-manager] Downloaded 393.51 MiB/4.85 GiB at 561.40 kiB/s
2025-11-10 13:49:22.303    app     info:    [server-manager] Downloaded 393.92 MiB/4.85 GiB at 463.77 kiB/s
2025-11-10 13:49:23.335    app     info:    [server-manager] Downloaded 394.57 MiB/4.85 GiB at 974.46 kiB/s
2025-11-10 13:49:24.347    app     info:    [server-manager] Downloaded 395.10 MiB/4.85 GiB at 367.82 kiB/s
2025-11-10 13:49:25.382    app     info:    [server-manager] Downloaded 395.65 MiB/4.85 GiB at 368.14 kiB/s
2025-11-10 13:49:26.491    app     info:    [server-manager] Downloaded 396.30 MiB/4.85 GiB at 566.89 kiB/s
2025-11-10 13:49:27.572    app     info:    [server-manager] Downloaded 396.96 MiB/4.85 GiB at 947.90 kiB/s
2025-11-10 13:49:28.583    app     info:    [server-manager] Downloaded 397.74 MiB/4.85 GiB at 680.85 kiB/s
2025-11-10 13:49:29.628    app     info:    [server-manager] Downloaded 398.32 MiB/4.85 GiB at 318.70 kiB/s
2025-11-10 13:49:30.703    app     info:    [server-manager] Downloaded 398.96 MiB/4.85 GiB at 695.65 kiB/s
2025-11-10 13:49:31.752    app     info:    [server-manager] Downloaded 399.55 MiB/4.85 GiB at 649.90 kiB/s
2025-11-10 13:49:32.829    app     info:    [server-manager] Downloaded 400.14 MiB/4.85 GiB at 514.29 kiB/s
2025-11-10 13:49:33.856    app     info:    [server-manager] Downloaded 400.76 MiB/4.85 GiB at 633.96 kiB/s
2025-11-10 13:49:34.919    app     info:    [server-manager] Downloaded 401.41 MiB/4.85 GiB at 543.40 kiB/s
2025-11-10 13:49:35.979    app     info:    [server-manager] Downloaded 401.90 MiB/4.85 GiB at 485.77 kiB/s
2025-11-10 13:49:37.095    app     info:    [server-manager] Downloaded 402.55 MiB/4.85 GiB at 646.15 kiB/s
2025-11-10 13:49:38.148    app     info:    [server-manager] Downloaded 403.15 MiB/4.85 GiB at 556.78 kiB/s
2025-11-10 13:49:39.250    app     info:    [server-manager] Downloaded 403.70 MiB/4.85 GiB at 523.64 kiB/s
2025-11-10 13:49:40.297    app     info:    [server-manager] Downloaded 404.20 MiB/4.85 GiB at 457.14 kiB/s
2025-11-10 13:49:40.678    app     info:    [scheduler] Starting scheduler foreground
2025-11-10 13:49:40.684    app     info:    [customer-information] Getting character information for '31367691' on 'tranquility'
2025-11-10 13:49:40.684    app     info:    [virtual-goods] Getting Plex status for '31367691' on 'tranquility' (eve-online)
2025-11-10 13:49:40.886    app     info:    [esi] Fetching character details for 2123502320
2025-11-10 13:49:41.337    app     info:    [server-manager] Downloaded 404.77 MiB/4.85 GiB at 250.49 kiB/s
2025-11-10 13:49:42.351    app     info:    [server-manager] Downloaded 405.38 MiB/4.85 GiB at 616.57 kiB/s
2025-11-10 13:49:42.632    app     info:    [esi] Fetched 1 character details for 31367691
2025-11-10 13:49:43.391    app     info:    [server-manager] Downloaded 406.01 MiB/4.85 GiB at 704.00 kiB/s
2025-11-10 13:49:44.422    app     info:    [scheduler] Stopped scheduler foreground
2025-11-10 13:49:44.441    app     info:    [server-manager] Downloaded 406.65 MiB/4.85 GiB at 594.91 kiB/s
2025-11-10 13:49:45.536    app     info:    [server-manager] Downloaded 407.29 MiB/4.85 GiB at 641.17 kiB/s
2025-11-10 13:49:45.689    app    error:    [quasar-manager-helper] Failed to perform Quasar request RESPONSE REFUSED: eve_public.plex.vault.api.BalanceRequest received for 'tranquility-31367691-null' in 5003ms (0: )    c [EpgError]: RESPONSE REFUSED: eve_public.plex.vault.api.BalanceRequest received for 'tranquility-31367691-null' in 5003ms (0: )
    at P (C:\Users\dmytr\AppData\Local\eve-online\app-1.12.2\resources\app.asar\.webpack\main\index.js:8:1992734)
    at F.rejectMessage (C:\Users\dmytr\AppData\Local\eve-online\app-1.12.2\resources\app.asar\.webpack\main\index.js:8:2002913)
    at Timeout.<anonymous> (C:\Users\dmytr\AppData\Local\eve-online\app-1.12.2\resources\app.asar\.webpack\main\index.js:8:2005695)
    at listOnTimeout (node:internal/timers:588:17)
    at process.processTimers (node:internal/timers:523:7) {
  innerError: undefined,
  statusCode: 0,
  statusMessage: ''
}
2025-11-10 13:49:45.690    app     warn:    [virtual-goods] Can't fetch Plex status for '31367691' on 'tranquility' (eve-online), error: EpgError: RESPONSE REFUSED: eve_public.plex.vault.api.BalanceRequest received for 'tranquility-31367691-null' in 5003ms (0: )
2025-11-10 13:49:45.703    app    error:    [AuthenticationMiddleware] RESPONSE REFUSED: eve_public.plex.vault.api.BalanceRequest received for 'tranquility-31367691-null' in 5003ms (0: )    EpgError: RESPONSE REFUSED: eve_public.plex.vault.api.BalanceRequest received for 'tranquility-31367691-null' in 5003ms (0: )
    at P (C:\Users\dmytr\AppData\Local\eve-online\app-1.12.2\resources\app.asar\.webpack\main\index.js:8:1992734)
    at F.rejectMessage (C:\Users\dmytr\AppData\Local\eve-online\app-1.12.2\resources\app.asar\.webpack\main\index.js:8:2002913)
    at Timeout.<anonymous> (C:\Users\dmytr\AppData\Local\eve-online\app-1.12.2\resources\app.asar\.webpack\main\index.js:8:2005695)
    at listOnTimeout (node:internal/timers:588:17)
    at process.processTimers (node:internal/timers:523:7)
2025-11-10 13:49:46.608    app     info:    [server-manager] Downloaded 407.84 MiB/4.85 GiB at 569.29 kiB/s
2025-11-10 13:49:47.628    app     info:    [server-manager] Downloaded 408.25 MiB/4.85 GiB at 363.64 kiB/s
2025-11-10 13:49:48.660    app     info:    [server-manager] Downloaded 408.76 MiB/4.85 GiB at 286.28 kiB/s
2025-11-10 13:49:49.718    app     info:    [server-manager] Downloaded 409.26 MiB/4.85 GiB at 502.95 kiB/s
2025-11-10 13:49:50.755    app     info:    [server-manager] Downloaded 409.73 MiB/4.85 GiB at 470.59 kiB/s
2025-11-10 13:49:51.785    app     info:    [server-manager] Downloaded 410.26 MiB/4.85 GiB at 557.20 kiB/s
2025-11-10 13:49:52.309    app     info:    [tray] Main window restored from tray    { windowId: 2 }
2025-11-10 13:49:52.337    app     info:    [scheduler] Starting scheduler foreground
2025-11-10 13:49:52.796    app     info:    [server-manager] Downloaded 410.65 MiB/4.85 GiB at 417.91 kiB/s
2025-11-10 13:49:53.878    app     info:    [server-manager] Downloaded 411.04 MiB/4.85 GiB at 300.12 kiB/s
2025-11-10 13:49:54.400    app     info:    [scheduler] Stopped scheduler foreground
2025-11-10 13:49:54.985    app     info:    [server-manager] Downloaded 411.50 MiB/4.85 GiB at 540.76 kiB/s
2025-11-10 13:49:56.003    app     info:    [server-manager] Downloaded 411.98 MiB/4.85 GiB at 615.38 kiB/s
2025-11-10 13:49:56.834    app     info:    [tray] Main window restored from tray    { windowId: 2 }
2025-11-10 13:49:56.865    app     info:    [scheduler] Starting scheduler foreground
2025-11-10 13:49:57.056    app     info:    [server-manager] Downloaded 412.49 MiB/4.85 GiB at 623.75 kiB/s
2025-11-10 13:49:58.096    app     info:    [server-manager] Downloaded 413.30 MiB/4.85 GiB at 788.95 kiB/s
2025-11-10 13:49:59.171    app     info:    [server-manager] Downloaded 414.07 MiB/4.85 GiB at 785.11 kiB/s
2025-11-10 13:50:00.216    app     info:    [server-manager] Downloaded 414.92 MiB/4.85 GiB at 963.11 kiB/s
2025-11-10 13:50:01.245    app     info:    [server-manager] Downloaded 415.62 MiB/4.85 GiB at 694.34 kiB/s
2025-11-10 13:50:02.274    app     info:    [server-manager] Downloaded 416.47 MiB/4.85 GiB at 1.01 MiB/s
2025-11-10 13:50:03.322    app     info:    [server-manager] Downloaded 417.37 MiB/4.85 GiB at 720.16 kiB/s
2025-11-10 13:50:04.423    app     info:    [server-manager] Downloaded 418.12 MiB/4.85 GiB at 746.86 kiB/s
2025-11-10 13:50:05.451    app     info:    [server-manager] Downloaded 418.92 MiB/4.85 GiB at 1.17 MiB/s
2025-11-10 13:50:06.467    app     info:    [server-manager] Downloaded 419.67 MiB/4.85 GiB at 707.18 kiB/s
2025-11-10 13:50:07.525    app     info:    [server-manager] Downloaded 420.41 MiB/4.85 GiB at 783.22 kiB/s
2025-11-10 13:50:08.607    app     info:    [server-manager] Downloaded 421.12 MiB/4.85 GiB at 414.34 kiB/s
2025-11-10 13:50:09.644    app     info:    [server-manager] Downloaded 421.80 MiB/4.85 GiB at 485.77 kiB/s
2025-11-10 13:50:10.677    app     info:    [server-manager] Downloaded 422.68 MiB/4.85 GiB at 832.00 kiB/s
2025-11-10 13:50:11.746    app     info:    [server-manager] Downloaded 423.51 MiB/4.85 GiB at 788.95 kiB/s
2025-11-10 13:50:12.786    app     info:    [server-manager] Downloaded 424.46 MiB/4.85 GiB at 942.97 kiB/s
2025-11-10 13:50:13.836    app     info:    [server-manager] Downloaded 425.32 MiB/4.85 GiB at 877.13 kiB/s
2025-11-10 13:50:14.859    app     info:    [server-manager] Downloaded 426.24 MiB/4.85 GiB at 873.82 kiB/s
2025-11-10 13:50:15.916    app     info:    [server-manager] Downloaded 427.02 MiB/4.85 GiB at 956.18 kiB/s
2025-11-10 13:50:16.920    app     info:    [server-manager] Downloaded 427.88 MiB/4.85 GiB at 915.19 kiB/s
2025-11-10 13:50:17.941    app     info:    [server-manager] Downloaded 428.81 MiB/4.85 GiB at 821.71 kiB/s
2025-11-10 13:50:18.971    app     info:    [server-manager] Downloaded 429.73 MiB/4.85 GiB at 470.59 kiB/s
2025-11-10 13:50:20.009    app     info:    [server-manager] Downloaded 430.50 MiB/4.85 GiB at 586.00 kiB/s
2025-11-10 13:50:21.017    app     info:    [server-manager] Downloaded 431.36 MiB/4.85 GiB at 1,005.89 kiB/s
2025-11-10 13:50:22.039    app     info:    [server-manager] Downloaded 432.14 MiB/4.85 GiB at 415.17 kiB/s
2025-11-10 13:50:23.069    app     info:    [server-manager] Downloaded 432.85 MiB/4.85 GiB at 840.69 kiB/s
2025-11-10 13:50:24.110    app     info:    [server-manager] Downloaded 433.78 MiB/4.85 GiB at 944.88 kiB/s
2025-11-10 13:50:25.131    app     info:    [server-manager] Downloaded 434.68 MiB/4.85 GiB at 920.63 kiB/s
2025-11-10 13:50:26.159    app     info:    [server-manager] Downloaded 435.57 MiB/4.85 GiB at 1.37 MiB/s
2025-11-10 13:50:27.167    app     info:    [server-manager] Downloaded 436.43 MiB/4.85 GiB at 771.43 kiB/s
2025-11-10 13:50:28.177    app     info:    [server-manager] Downloaded 437.23 MiB/4.85 GiB at 721.93 kiB/s
2025-11-10 13:50:29.190    app     info:    [server-manager] Downloaded 438.03 MiB/4.85 GiB at 396.25 kiB/s
2025-11-10 13:50:30.193    app     info:    [server-manager] Downloaded 438.89 MiB/4.85 GiB at 975.24 kiB/s
2025-11-10 13:50:31.251    app     info:    [server-manager] Downloaded 439.84 MiB/4.85 GiB at 766.28 kiB/s
2025-11-10 13:50:32.305    app     info:    [server-manager] Downloaded 440.70 MiB/4.85 GiB at 858.60 kiB/s
2025-11-10 13:50:33.320    app     info:    [server-manager] Downloaded 441.54 MiB/4.85 GiB at 1.33 MiB/s
2025-11-10 13:50:34.336    app     info:    [server-manager] Downloaded 442.37 MiB/4.85 GiB at 872.18 kiB/s
2025-11-10 13:50:35.414    app     info:    [server-manager] Downloaded 443.18 MiB/4.85 GiB at 833.03 kiB/s
2025-11-10 13:50:36.441    app     info:    [server-manager] Downloaded 443.88 MiB/4.85 GiB at 700.73 kiB/s
2025-11-10 13:50:36.566    app     info:    [scheduler] Stopped scheduler foreground
2025-11-10 13:50:37.573    app     info:    [server-manager] Downloaded 444.24 MiB/4.85 GiB at 447.47 kiB/s
2025-11-10 13:50:38.644    app     info:    [server-manager] Downloaded 444.79 MiB/4.85 GiB at 613.24 kiB/s
2025-11-10 13:50:38.667    app     info:    [scheduler] Starting scheduler foreground
2025-11-10 13:50:39.703    app     info:    [server-manager] Downloaded 445.57 MiB/4.85 GiB at 633.09 kiB/s
2025-11-10 13:50:40.686    app     info:    [customer-information] Getting character information for '31367691' on 'tranquility'
2025-11-10 13:50:40.687    app     info:    [virtual-goods] Getting Plex status for '31367691' on 'tranquility' (eve-online)
2025-11-10 13:50:40.735    app     info:    [server-manager] Downloaded 446.35 MiB/4.85 GiB at 743.49 kiB/s
2025-11-10 13:50:41.229    app     info:    [esi] Fetching character details for 2123502320
2025-11-10 13:50:41.823    app     info:    [server-manager] Downloaded 447.00 MiB/4.85 GiB at 557.06 kiB/s
2025-11-10 13:50:42.625    app     info:    [esi] Fetched 1 character details for 31367691
2025-11-10 13:50:42.854    app     info:    [server-manager] Downloaded 447.80 MiB/4.85 GiB at 852.59 kiB/s
2025-11-10 13:50:43.876    app     info:    [server-manager] Downloaded 448.68 MiB/4.85 GiB at 480.00 kiB/s
2025-11-10 13:50:44.892    app     info:    [server-manager] Downloaded 449.52 MiB/4.85 GiB at 892.31 kiB/s
2025-11-10 13:50:45.690    app    error:    [quasar-manager-helper] Failed to perform Quasar request RESPONSE REFUSED: eve_public.plex.vault.api.BalanceRequest received for 'tranquility-31367691-null' in 5001ms (0: )    c [EpgError]: RESPONSE REFUSED: eve_public.plex.vault.api.BalanceRequest received for 'tranquility-31367691-null' in 5001ms (0: )
    at P (C:\Users\dmytr\AppData\Local\eve-online\app-1.12.2\resources\app.asar\.webpack\main\index.js:8:1992734)
    at F.rejectMessage (C:\Users\dmytr\AppData\Local\eve-online\app-1.12.2\resources\app.asar\.webpack\main\index.js:8:2002913)
    at Timeout.<anonymous> (C:\Users\dmytr\AppData\Local\eve-online\app-1.12.2\resources\app.asar\.webpack\main\index.js:8:2005695)
    at listOnTimeout (node:internal/timers:588:17)
    at process.processTimers (node:internal/timers:523:7) {
  innerError: undefined,
  statusCode: 0,
  statusMessage: ''
}
2025-11-10 13:50:45.691    app     warn:    [virtual-goods] Can't fetch Plex status for '31367691' on 'tranquility' (eve-online), error: EpgError: RESPONSE REFUSED: eve_public.plex.vault.api.BalanceRequest received for 'tranquility-31367691-null' in 5001ms (0: )
2025-11-10 13:50:45.702    app    error:    [AuthenticationMiddleware] RESPONSE REFUSED: eve_public.plex.vault.api.BalanceRequest received for 'tranquility-31367691-null' in 5001ms (0: )    EpgError: RESPONSE REFUSED: eve_public.plex.vault.api.BalanceRequest received for 'tranquility-31367691-null' in 5001ms (0: )
    at P (C:\Users\dmytr\AppData\Local\eve-online\app-1.12.2\resources\app.asar\.webpack\main\index.js:8:1992734)
    at F.rejectMessage (C:\Users\dmytr\AppData\Local\eve-online\app-1.12.2\resources\app.asar\.webpack\main\index.js:8:2002913)
    at Timeout.<anonymous> (C:\Users\dmytr\AppData\Local\eve-online\app-1.12.2\resources\app.asar\.webpack\main\index.js:8:2005695)
    at listOnTimeout (node:internal/timers:588:17)
    at process.processTimers (node:internal/timers:523:7)
2025-11-10 13:50:45.993    app     info:    [server-manager] Downloaded 450.38 MiB/4.85 GiB at 872.73 kiB/s
2025-11-10 13:50:47.043    app     info:    [server-manager] Downloaded 451.32 MiB/4.85 GiB at 840.47 kiB/s
2025-11-10 13:50:48.094    app     info:    [server-manager] Downloaded 452.03 MiB/4.85 GiB at 828.10 kiB/s
2025-11-10 13:50:49.201    app     info:    [server-manager] Downloaded 453.02 MiB/4.85 GiB at 917.56 kiB/s
2025-11-10 13:50:50.223    app     info:    [server-manager] Downloaded 453.82 MiB/4.85 GiB at 743.49 kiB/s
2025-11-10 13:50:51.323    app     info:    [server-manager] Downloaded 454.46 MiB/4.85 GiB at 714.56 kiB/s
2025-11-10 13:50:52.354    app     info:    [server-manager] Downloaded 455.39 MiB/4.85 GiB at 758.04 kiB/s
2025-11-10 13:50:53.389    app     info:    [server-manager] Downloaded 456.00 MiB/4.85 GiB at 580.76 kiB/s
2025-11-10 13:50:54.442    app     info:    [server-manager] Downloaded 456.60 MiB/4.85 GiB at 787.88 kiB/s
2025-11-10 13:50:55.517    app     info:    [server-manager] Downloaded 457.16 MiB/4.85 GiB at 597.25 kiB/s
2025-11-10 13:50:56.569    app     info:    [server-manager] Downloaded 457.50 MiB/4.85 GiB at 244.48 kiB/s
2025-11-10 13:50:57.607    app     info:    [server-manager] Downloaded 458.06 MiB/4.85 GiB at 695.48 kiB/s
2025-11-10 13:50:58.644    app     info:    [server-manager] Downloaded 458.59 MiB/4.85 GiB at 491.86 kiB/s
2025-11-10 13:50:59.726    app     info:    [server-manager] Downloaded 459.20 MiB/4.85 GiB at 596.08 kiB/s
2025-11-10 13:51:00.757    app     info:    [server-manager] Downloaded 459.75 MiB/4.85 GiB at 644.83 kiB/s
2025-11-10 13:51:01.791    app     info:    [server-manager] Downloaded 460.27 MiB/4.85 GiB at 434.11 kiB/s
2025-11-10 13:51:02.843    app     info:    [server-manager] Downloaded 460.72 MiB/4.85 GiB at 596.08 kiB/s
2025-11-10 13:51:03.853    app     info:    [server-manager] Downloaded 461.20 MiB/4.85 GiB at 426.29 kiB/s
2025-11-10 13:51:04.972    app     info:    [server-manager] Downloaded 461.67 MiB/4.85 GiB at 460.80 kiB/s
2025-11-10 13:51:06.167    app     info:    [server-manager] Downloaded 462.27 MiB/4.85 GiB at 667.78 kiB/s
2025-11-10 13:51:07.243    app     info:    [server-manager] Downloaded 462.72 MiB/4.85 GiB at 534.32 kiB/s
2025-11-10 13:51:08.325    app     info:    [server-manager] Downloaded 463.05 MiB/4.85 GiB at 288.81 kiB/s
2025-11-10 13:51:09.368    app     info:    [server-manager] Downloaded 463.61 MiB/4.85 GiB at 126.98 kiB/s
2025-11-10 13:51:10.388    app     info:    [server-manager] Downloaded 464.31 MiB/4.85 GiB at 818.90 kiB/s
2025-11-10 13:51:11.453    app     info:    [server-manager] Downloaded 465.22 MiB/4.85 GiB at 744.88 kiB/s
2025-11-10 13:51:12.512    app     info:    [server-manager] Downloaded 465.99 MiB/4.85 GiB at 347.83 kiB/s
2025-11-10 13:51:13.553    app     info:    [server-manager] Downloaded 466.81 MiB/4.85 GiB at 778.38 kiB/s
2025-11-10 13:51:14.604    app     info:    [server-manager] Downloaded 467.44 MiB/4.85 GiB at 640.00 kiB/s
2025-11-10 13:51:15.611    app     info:    [server-manager] Downloaded 468.00 MiB/4.85 GiB at 813.23 kiB/s
2025-11-10 13:51:16.662    app     info:    [server-manager] Downloaded 468.58 MiB/4.85 GiB at 598.15 kiB/s
2025-11-10 13:51:17.669    app     info:    [server-manager] Downloaded 469.17 MiB/4.85 GiB at 576.00 kiB/s
2025-11-10 13:51:18.760    app     info:    [server-manager] Downloaded 469.77 MiB/4.85 GiB at 768.68 kiB/s
2025-11-10 13:51:19.768    app     info:    [server-manager] Downloaded 470.29 MiB/4.85 GiB at 439.29 kiB/s
2025-11-10 13:51:20.823    app     info:    [server-manager] Downloaded 470.95 MiB/4.85 GiB at 463.32 kiB/s
2025-11-10 13:51:21.864    app     info:    [server-manager] Downloaded 471.56 MiB/4.85 GiB at 662.90 kiB/s
2025-11-10 13:51:22.967    app     info:    [server-manager] Downloaded 472.15 MiB/4.85 GiB at 613.95 kiB/s
2025-11-10 13:51:23.985    app     info:    [server-manager] Downloaded 472.82 MiB/4.85 GiB at 679.03 kiB/s
2025-11-10 13:51:25.023    app     info:    [server-manager] Downloaded 473.53 MiB/4.85 GiB at 645.66 kiB/s
2025-11-10 13:51:26.159    app     info:    [server-manager] Downloaded 474.09 MiB/4.85 GiB at 479.50 kiB/s
2025-11-10 13:51:27.202    app     info:    [server-manager] Downloaded 474.55 MiB/4.85 GiB at 347.87 kiB/s
2025-11-10 13:51:28.290    app     info:    [server-manager] Downloaded 475.36 MiB/4.85 GiB at 819.73 kiB/s
2025-11-10 13:51:29.301    app     info:    [server-manager] Downloaded 476.15 MiB/4.85 GiB at 728.71 kiB/s
2025-11-10 13:51:30.347    app     info:    [server-manager] Downloaded 476.84 MiB/4.85 GiB at 638.84 kiB/s
2025-11-10 13:51:31.393    app     info:    [server-manager] Downloaded 477.75 MiB/4.85 GiB at 1.07 MiB/s
2025-11-10 13:51:32.477    app     info:    [server-manager] Downloaded 478.31 MiB/4.85 GiB at 619.93 kiB/s
2025-11-10 13:51:33.583    app     info:    [server-manager] Downloaded 478.86 MiB/4.85 GiB at 427.48 kiB/s
2025-11-10 13:51:34.674    app     info:    [server-manager] Downloaded 479.68 MiB/4.85 GiB at 952.38 kiB/s
2025-11-10 13:51:35.727    app     info:    [server-manager] Downloaded 480.42 MiB/4.85 GiB at 629.92 kiB/s
2025-11-10 13:51:36.768    app     info:    [server-manager] Downloaded 481.25 MiB/4.85 GiB at 737.59 kiB/s
2025-11-10 13:51:37.848    app     info:    [server-manager] Downloaded 481.95 MiB/4.85 GiB at 724.41 kiB/s
2025-11-10 13:51:38.915    app     info:    [server-manager] Downloaded 482.54 MiB/4.85 GiB at 542.37 kiB/s
2025-11-10 13:51:40.002    app     info:    [server-manager] Downloaded 483.25 MiB/4.85 GiB at 1.05 MiB/s
2025-11-10 13:51:40.688    app     info:    [authentication] Token for '31367691' on 'tranquility' is expired, refresh is required
2025-11-10 13:51:40.689    app     info:    [authentication] Refreshing token for '31367691' on 'tranquility'
2025-11-10 13:51:41.034    app     info:    [server-manager] Downloaded 484.00 MiB/4.85 GiB at 664.15 kiB/s
2025-11-10 13:51:41.658    app     info:    [authentication] Token for '31367691' on 'tranquility' has been successfully refreshed
2025-11-10 13:51:41.659    app     info:    [quasar-elg-events] Queueing event    eve_launcher.electron.authentication.UserTokensRefreshed
2025-11-10 13:51:41.673    app     info:    [quasar-elg-events] Event sent    type.evetech.net/eve_launcher.electron.authentication.UserTokensRefreshed
2025-11-10 13:51:41.673    app     info:    [customer-information] Getting character information for '31367691' on 'tranquility'
2025-11-10 13:51:41.673    app     info:    [customer-information] Getting Omega status for '31367691' on 'tranquility' (eve-online)
2025-11-10 13:51:41.673    app     info:    [virtual-goods] Getting Plex status for '31367691' on 'tranquility' (eve-online)
2025-11-10 13:51:42.040    app     info:    [server-manager] Downloaded 484.69 MiB/4.85 GiB at 758.89 kiB/s
2025-11-10 13:51:42.909    app     info:    [esi] Fetching character details for 2123502320
2025-11-10 13:51:43.089    app     info:    [server-manager] Downloaded 485.34 MiB/4.85 GiB at 679.54 kiB/s
2025-11-10 13:51:43.439    app     info:    [esi] Fetched 1 character details for 31367691
2025-11-10 13:51:44.155    app     info:    [server-manager] Downloaded 486.08 MiB/4.85 GiB at 883.63 kiB/s
2025-11-10 13:51:44.291    app     info:    [scheduler] Stopped scheduler foreground
2025-11-10 13:51:45.172    app     info:    [server-manager] Downloaded 486.65 MiB/4.85 GiB at 516.13 kiB/s
2025-11-10 13:51:46.283    app     info:    [server-manager] Downloaded 487.17 MiB/4.85 GiB at 615.38 kiB/s
2025-11-10 13:51:46.689    app    error:    [quasar-manager-helper] Failed to perform Quasar request RESPONSE REFUSED: eve_public.plex.vault.api.BalanceRequest received for 'tranquility-31367691-null' in 5013ms (0: )    c [EpgError]: RESPONSE REFUSED: eve_public.plex.vault.api.BalanceRequest received for 'tranquility-31367691-null' in 5013ms (0: )
    at P (C:\Users\dmytr\AppData\Local\eve-online\app-1.12.2\resources\app.asar\.webpack\main\index.js:8:1992734)
    at F.rejectMessage (C:\Users\dmytr\AppData\Local\eve-online\app-1.12.2\resources\app.asar\.webpack\main\index.js:8:2002913)
    at Timeout.<anonymous> (C:\Users\dmytr\AppData\Local\eve-online\app-1.12.2\resources\app.asar\.webpack\main\index.js:8:2005695)
    at listOnTimeout (node:internal/timers:588:17)
    at process.processTimers (node:internal/timers:523:7) {
  innerError: undefined,
  statusCode: 0,
  statusMessage: ''
}
2025-11-10 13:51:46.689    app     warn:    [virtual-goods] Can't fetch Plex status for '31367691' on 'tranquility' (eve-online), error: EpgError: RESPONSE REFUSED: eve_public.plex.vault.api.BalanceRequest received for 'tranquility-31367691-null' in 5013ms (0: )
2025-11-10 13:51:46.698    app    error:    [AuthenticationMiddleware] RESPONSE REFUSED: eve_public.plex.vault.api.BalanceRequest received for 'tranquility-31367691-null' in 5013ms (0: )    EpgError: RESPONSE REFUSED: eve_public.plex.vault.api.BalanceRequest received for 'tranquility-31367691-null' in 5013ms (0: )
    at P (C:\Users\dmytr\AppData\Local\eve-online\app-1.12.2\resources\app.asar\.webpack\main\index.js:8:1992734)
    at F.rejectMessage (C:\Users\dmytr\AppData\Local\eve-online\app-1.12.2\resources\app.asar\.webpack\main\index.js:8:2002913)
    at Timeout.<anonymous> (C:\Users\dmytr\AppData\Local\eve-online\app-1.12.2\resources\app.asar\.webpack\main\index.js:8:2005695)
    at listOnTimeout (node:internal/timers:588:17)
    at process.processTimers (node:internal/timers:523:7)
2025-11-10 13:51:47.314    app     info:    [server-manager] Downloaded 487.79 MiB/4.85 GiB at 591.72 kiB/s
2025-11-10 13:51:48.334    app     info:    [server-manager] Downloaded 488.45 MiB/4.85 GiB at 598.43 kiB/s
2025-11-10 13:51:49.359    app     info:    [server-manager] Downloaded 489.23 MiB/4.85 GiB at 691.55 kiB/s
2025-11-10 13:51:50.386    app     info:    [server-manager] Downloaded 489.96 MiB/4.85 GiB at 683.90 kiB/s
2025-11-10 13:51:51.507    app     info:    [server-manager] Downloaded 490.61 MiB/4.85 GiB at 801.54 kiB/s
2025-11-10 13:51:52.556    app     info:    [server-manager] Downloaded 491.35 MiB/4.85 GiB at 833.98 kiB/s
2025-11-10 13:51:53.596    app     info:    [server-manager] Downloaded 492.21 MiB/4.85 GiB at 795.41 kiB/s
2025-11-10 13:51:54.637    app     info:    [server-manager] Downloaded 493.03 MiB/4.85 GiB at 786.39 kiB/s
2025-11-10 13:51:55.679    app     info:    [server-manager] Downloaded 493.85 MiB/4.85 GiB at 796.93 kiB/s
2025-11-10 13:51:56.725    app     info:    [server-manager] Downloaded 494.57 MiB/4.85 GiB at 699.80 kiB/s
2025-11-10 13:51:57.767    app     info:    [server-manager] Downloaded 495.21 MiB/4.85 GiB at 625.70 kiB/s
2025-11-10 13:51:58.822    app     info:    [server-manager] Downloaded 495.76 MiB/4.85 GiB at 823.99 kiB/s
2025-11-10 13:51:59.827    app     info:    [server-manager] Downloaded 496.40 MiB/4.85 GiB at 661.65 kiB/s
2025-11-10 13:52:00.863    app     info:    [server-manager] Downloaded 497.22 MiB/4.85 GiB at 926.64 kiB/s
2025-11-10 13:52:01.882    app     info:    [server-manager] Downloaded 497.88 MiB/4.85 GiB at 665.35 kiB/s
2025-11-10 13:52:02.909    app     info:    [server-manager] Downloaded 498.74 MiB/4.85 GiB at 920.63 kiB/s
2025-11-10 13:52:03.964    app     info:    [server-manager] Downloaded 499.60 MiB/4.85 GiB at 837.21 kiB/s
2025-11-10 13:52:05.038    app     info:    [server-manager] Downloaded 500.32 MiB/4.85 GiB at 468.16 kiB/s
2025-11-10 13:52:06.097    app     info:    [server-manager] Downloaded 500.91 MiB/4.85 GiB at 602.64 kiB/s
2025-11-10 13:52:07.115    app     info:    [server-manager] Downloaded 501.62 MiB/4.85 GiB at 883.81 kiB/s
2025-11-10 13:52:08.141    app     info:    [server-manager] Downloaded 502.35 MiB/4.85 GiB at 654.97 kiB/s
2025-11-10 13:52:09.179    app     info:    [server-manager] Downloaded 503.16 MiB/4.85 GiB at 1.18 MiB/s
2025-11-10 13:52:10.198    app     info:    [server-manager] Downloaded 504.03 MiB/4.85 GiB at 407.84 kiB/s
2025-11-10 13:52:11.226    app     info:    [server-manager] Downloaded 504.71 MiB/4.85 GiB at 254.98 kiB/s
2025-11-10 13:52:12.253    app     info:    [server-manager] Downloaded 505.31 MiB/4.85 GiB at 537.20 kiB/s
2025-11-10 13:52:13.298    app     info:    [server-manager] Downloaded 506.01 MiB/4.85 GiB at 593.75 kiB/s
2025-11-10 13:52:14.332    app     info:    [server-manager] Downloaded 506.85 MiB/4.85 GiB at 675.62 kiB/s
2025-11-10 13:52:15.355    app     info:    [server-manager] Downloaded 507.74 MiB/4.85 GiB at 864.00 kiB/s
2025-11-10 13:52:16.380    app     info:    [server-manager] Downloaded 508.65 MiB/4.85 GiB at 377.21 kiB/s
2025-11-10 13:52:17.390    app     info:    [server-manager] Downloaded 509.59 MiB/4.85 GiB at 894.21 kiB/s
2025-11-10 13:52:18.425    app     info:    [server-manager] Downloaded 510.50 MiB/4.85 GiB at 1.29 MiB/s
2025-11-10 13:52:19.442    app     info:    [server-manager] Downloaded 511.23 MiB/4.85 GiB at 728.21 kiB/s
2025-11-10 13:52:20.451    app     info:    [server-manager] Downloaded 512.14 MiB/4.85 GiB at 913.39 kiB/s
2025-11-10 13:52:21.514    app     info:    [server-manager] Downloaded 513.02 MiB/4.85 GiB at 773.47 kiB/s
2025-11-10 13:52:22.543    app     info:    [server-manager] Downloaded 513.98 MiB/4.85 GiB at 945.17 kiB/s
2025-11-10 13:52:23.571    app     info:    [server-manager] Downloaded 514.84 MiB/4.85 GiB at 347.14 kiB/s
2025-11-10 13:52:24.603    app     info:    [server-manager] Downloaded 515.58 MiB/4.85 GiB at 734.23 kiB/s
2025-11-10 13:52:25.627    app     info:    [server-manager] Downloaded 516.23 MiB/4.85 GiB at 788.13 kiB/s
2025-11-10 13:52:26.659    app     info:    [server-manager] Downloaded 517.06 MiB/4.85 GiB at 742.12 kiB/s
2025-11-10 13:52:27.690    app     info:    [server-manager] Downloaded 518.01 MiB/4.85 GiB at 544.00 kiB/s
2025-11-10 13:52:28.722    app     info:    [server-manager] Downloaded 518.95 MiB/4.85 GiB at 894.21 kiB/s
2025-11-10 13:52:29.729    app     info:    [server-manager] Downloaded 519.85 MiB/4.85 GiB at 915.19 kiB/s
2025-11-10 13:52:30.756    app     info:    [server-manager] Downloaded 520.70 MiB/4.85 GiB at 866.54 kiB/s
2025-11-10 13:52:31.787    app     info:    [server-manager] Downloaded 521.65 MiB/4.85 GiB at 803.09 kiB/s
2025-11-10 13:52:32.814    app     info:    [server-manager] Downloaded 522.53 MiB/4.85 GiB at 872.71 kiB/s
2025-11-10 13:52:33.839    app     info:    [server-manager] Downloaded 523.33 MiB/4.85 GiB at 1.09 MiB/s
2025-11-10 13:52:34.847    app     info:    [server-manager] Downloaded 524.22 MiB/4.85 GiB at 666.67 kiB/s
2025-11-10 13:52:35.884    app     info:    [server-manager] Downloaded 525.06 MiB/4.85 GiB at 440.94 kiB/s
2025-11-10 13:52:36.912    app     info:    [server-manager] Downloaded 525.95 MiB/4.85 GiB at 876.71 kiB/s
2025-11-10 13:52:37.936    app     info:    [server-manager] Downloaded 526.88 MiB/4.85 GiB at 995.23 kiB/s
2025-11-10 13:52:38.942    app     info:    [server-manager] Downloaded 527.78 MiB/4.85 GiB at 410.26 kiB/s
2025-11-10 13:52:39.993    app     info:    [server-manager] Downloaded 528.56 MiB/4.85 GiB at 901.82 kiB/s
2025-11-10 13:52:41.038    app     info:    [server-manager] Downloaded 529.50 MiB/4.85 GiB at 846.72 kiB/s
2025-11-10 13:52:42.081    app     info:    [server-manager] Downloaded 530.42 MiB/4.85 GiB at 937.50 kiB/s
2025-11-10 13:52:43.103    app     info:    [server-manager] Downloaded 531.30 MiB/4.85 GiB at 851.75 kiB/s
2025-11-10 13:52:44.130    app     info:    [server-manager] Downloaded 532.23 MiB/4.85 GiB at 478.09 kiB/s
2025-11-10 13:52:45.149    app     info:    [server-manager] Downloaded 533.15 MiB/4.85 GiB at 1,001.68 kiB/s
2025-11-10 13:52:46.195    app     info:    [server-manager] Downloaded 534.01 MiB/4.85 GiB at 862.28 kiB/s
2025-11-10 13:52:47.228    app     info:    [server-manager] Downloaded 534.92 MiB/4.85 GiB at 820.51 kiB/s
2025-11-10 13:52:48.307    app     info:    [server-manager] Downloaded 535.81 MiB/4.85 GiB at 849.82 kiB/s
2025-11-10 13:52:49.404    app     info:    [server-manager] Downloaded 536.73 MiB/4.85 GiB at 1.01 MiB/s
2025-11-10 13:52:50.409    app     info:    [server-manager] Downloaded 537.65 MiB/4.85 GiB at 958.08 kiB/s
2025-11-10 13:52:51.474    app     info:    [server-manager] Downloaded 538.53 MiB/4.85 GiB at 888.55 kiB/s
2025-11-10 13:52:52.484    app     info:    [server-manager] Downloaded 539.29 MiB/4.85 GiB at 845.73 kiB/s
2025-11-10 13:52:53.517    app     info:    [server-manager] Downloaded 540.10 MiB/4.85 GiB at 860.56 kiB/s
2025-11-10 13:52:54.574    app     info:    [server-manager] Downloaded 540.76 MiB/4.85 GiB at 557.06 kiB/s
2025-11-10 13:52:55.597    app     info:    [server-manager] Downloaded 541.57 MiB/4.85 GiB at 744.19 kiB/s
2025-11-10 13:52:56.615    app     info:    [server-manager] Downloaded 542.38 MiB/4.85 GiB at 895.75 kiB/s
2025-11-10 13:52:57.680    app     info:    [server-manager] Downloaded 543.16 MiB/4.85 GiB at 677.25 kiB/s
2025-11-10 13:52:58.756    app     info:    [server-manager] Downloaded 543.91 MiB/4.85 GiB at 384.00 kiB/s
2025-11-10 13:52:59.764    app     info:    [server-manager] Downloaded 544.70 MiB/4.85 GiB at 640.00 kiB/s
2025-11-10 13:53:00.794    app     info:    [server-manager] Downloaded 545.25 MiB/4.85 GiB at 492.00 kiB/s
2025-11-10 13:53:01.819    app     info:    [server-manager] Downloaded 545.97 MiB/4.85 GiB at 653.70 kiB/s
2025-11-10 13:53:02.861    app     info:    [server-manager] Downloaded 546.69 MiB/4.85 GiB at 709.06 kiB/s
2025-11-10 13:53:03.890    app     info:    [server-manager] Downloaded 547.44 MiB/4.85 GiB at 715.95 kiB/s
2025-11-10 13:53:04.924    app     info:    [server-manager] Downloaded 548.15 MiB/4.85 GiB at 759.01 kiB/s
2025-11-10 13:53:05.977    app     info:    [server-manager] Downloaded 548.83 MiB/4.85 GiB at 617.83 kiB/s
2025-11-10 13:53:07.006    app     info:    [server-manager] Downloaded 549.68 MiB/4.85 GiB at 909.90 kiB/s
2025-11-10 13:53:08.012    app     info:    [server-manager] Downloaded 550.32 MiB/4.85 GiB at 702.29 kiB/s
2025-11-10 13:53:09.069    app     info:    [server-manager] Downloaded 551.05 MiB/4.85 GiB at 867.38 kiB/s
2025-11-10 13:53:10.106    app     info:    [server-manager] Downloaded 551.86 MiB/4.85 GiB at 804.21 kiB/s
2025-11-10 13:53:11.183    app     info:    [server-manager] Downloaded 552.71 MiB/4.85 GiB at 851.38 kiB/s
2025-11-10 13:53:12.223    app     info:    [server-manager] Downloaded 553.57 MiB/4.85 GiB at 773.18 kiB/s
2025-11-10 13:53:13.265    app     info:    [server-manager] Downloaded 554.35 MiB/4.85 GiB at 845.17 kiB/s
2025-11-10 13:53:14.293    app     info:    [server-manager] Downloaded 555.13 MiB/4.85 GiB at 736.00 kiB/s
2025-11-10 13:53:15.346    app     info:    [server-manager] Downloaded 555.86 MiB/4.85 GiB at 703.31 kiB/s
2025-11-10 13:53:16.392    app     info:    [server-manager] Downloaded 556.48 MiB/4.85 GiB at 351.30 kiB/s
2025-11-10 13:53:17.401    app     info:    [server-manager] Downloaded 557.00 MiB/4.85 GiB at 508.95 kiB/s
2025-11-10 13:53:18.441    app     info:    [server-manager] Downloaded 557.69 MiB/4.85 GiB at 597.86 kiB/s
2025-11-10 13:53:19.524    app     info:    [server-manager] Downloaded 558.14 MiB/4.85 GiB at 467.15 kiB/s
2025-11-10 13:53:20.541    app     info:    [server-manager] Downloaded 558.70 MiB/4.85 GiB at 647.40 kiB/s
2025-11-10 13:53:21.569    app     info:    [server-manager] Downloaded 559.22 MiB/4.85 GiB at 647.75 kiB/s
2025-11-10 13:53:22.615    app     info:    [server-manager] Downloaded 559.83 MiB/4.85 GiB at 647.40 kiB/s
2025-11-10 13:53:23.657    app     info:    [server-manager] Downloaded 560.41 MiB/4.85 GiB at 574.85 kiB/s
2025-11-10 13:53:24.728    app     info:    [server-manager] Downloaded 560.98 MiB/4.85 GiB at 625.00 kiB/s
2025-11-10 13:53:25.770    app     info:    [server-manager] Downloaded 561.58 MiB/4.85 GiB at 386.08 kiB/s
2025-11-10 13:53:26.789    app     info:    [server-manager] Downloaded 562.17 MiB/4.85 GiB at 350.60 kiB/s
2025-11-10 13:53:27.822    app     info:    [server-manager] Downloaded 562.65 MiB/4.85 GiB at 493.26 kiB/s
2025-11-10 13:53:28.894    app     info:    [server-manager] Downloaded 563.17 MiB/4.85 GiB at 775.19 kiB/s
2025-11-10 13:53:29.897    app     info:    [server-manager] Downloaded 563.58 MiB/4.85 GiB at 570.36 kiB/s
2025-11-10 13:53:30.930    app     info:    [server-manager] Downloaded 564.11 MiB/4.85 GiB at 614.26 kiB/s
2025-11-10 13:53:32.040    app     info:    [server-manager] Downloaded 564.59 MiB/4.85 GiB at 411.66 kiB/s
2025-11-10 13:53:33.088    app     info:    [server-manager] Downloaded 565.09 MiB/4.85 GiB at 379.45 kiB/s
2025-11-10 13:53:34.102    app     info:    [server-manager] Downloaded 565.56 MiB/4.85 GiB at 430.88 kiB/s
2025-11-10 13:53:35.194    app     info:    [server-manager] Downloaded 566.04 MiB/4.85 GiB at 507.46 kiB/s
2025-11-10 13:53:36.281    app     info:    [server-manager] Downloaded 566.46 MiB/4.85 GiB at 454.77 kiB/s
2025-11-10 13:53:37.345    app     info:    [server-manager] Downloaded 566.84 MiB/4.85 GiB at 429.40 kiB/s
2025-11-10 13:53:38.359    app     info:    [server-manager] Downloaded 567.29 MiB/4.85 GiB at 374.27 kiB/s
2025-11-10 13:53:39.387    app     info:    [server-manager] Downloaded 567.60 MiB/4.85 GiB at 496.35 kiB/s
2025-11-10 13:53:40.387    app     info:    [server-manager] Downloaded 567.95 MiB/4.85 GiB at 274.46 kiB/s
2025-11-10 13:53:41.564    app     info:    [server-manager] Downloaded 568.26 MiB/4.85 GiB at 332.11 kiB/s
2025-11-10 13:53:42.608    app     info:    [server-manager] Downloaded 568.61 MiB/4.85 GiB at 243.35 kiB/s
2025-11-10 13:53:43.675    app     info:    [server-manager] Downloaded 568.84 MiB/4.85 GiB at 31.56 kiB/s
2025-11-10 13:53:44.737    app     info:    [server-manager] Downloaded 569.16 MiB/4.85 GiB at 300.75 kiB/s
2025-11-10 13:53:45.805    app     info:    [server-manager] Downloaded 569.49 MiB/4.85 GiB at 319.20 kiB/s
2025-11-10 13:53:46.861    app     info:    [server-manager] Downloaded 569.74 MiB/4.85 GiB at 244.27 kiB/s
2025-11-10 13:53:47.865    app     info:    [server-manager] Downloaded 569.96 MiB/4.85 GiB at 238.81 kiB/s
2025-11-10 13:53:48.865    app     info:    [server-manager] Downloaded 570.26 MiB/4.85 GiB at 305.56 kiB/s
2025-11-10 13:53:49.938    app     info:    [server-manager] Downloaded 570.48 MiB/4.85 GiB at 240.60 kiB/s
2025-11-10 13:53:50.989    app     info:    [server-manager] Downloaded 570.79 MiB/4.85 GiB at 335.24 kiB/s
2025-11-10 13:53:52.015    app     info:    [server-manager] Downloaded 571.21 MiB/4.85 GiB at 413.52 kiB/s
2025-11-10 13:53:53.069    app     info:    [server-manager] Downloaded 571.62 MiB/4.85 GiB at 433.27 kiB/s
2025-11-10 13:53:54.137    app     info:    [server-manager] Downloaded 572.07 MiB/4.85 GiB at 347.83 kiB/s
2025-11-10 13:53:55.277    app     info:    [server-manager] Downloaded 572.54 MiB/4.85 GiB at 408.95 kiB/s
2025-11-10 13:53:56.326    app     info:    [server-manager] Downloaded 573.04 MiB/4.85 GiB at 536.31 kiB/s
2025-11-10 13:53:57.362    app     info:    [server-manager] Downloaded 573.71 MiB/4.85 GiB at 1.02 MiB/s
2025-11-10 13:53:58.361    app     info:    [server-manager] Downloaded 574.43 MiB/4.85 GiB at 749.06 kiB/s
2025-11-10 13:53:59.409    app     info:    [server-manager] Downloaded 575.23 MiB/4.85 GiB at 628.68 kiB/s
2025-11-10 13:54:00.433    app     info:    [server-manager] Downloaded 576.00 MiB/4.85 GiB at 1.15 MiB/s
2025-11-10 13:54:01.459    app     info:    [server-manager] Downloaded 576.66 MiB/4.85 GiB at 767.75 kiB/s
2025-11-10 13:54:02.533    app     info:    [server-manager] Downloaded 577.39 MiB/4.85 GiB at 784.31 kiB/s
2025-11-10 13:54:03.552    app     info:    [server-manager] Downloaded 578.15 MiB/4.85 GiB at 888.88 kiB/s
2025-11-10 13:54:04.584    app     info:    [server-manager] Downloaded 578.87 MiB/4.85 GiB at 893.85 kiB/s
2025-11-10 13:54:05.611    app     info:    [server-manager] Downloaded 579.60 MiB/4.85 GiB at 735.63 kiB/s
2025-11-10 13:54:06.640    app     info:    [server-manager] Downloaded 580.39 MiB/4.85 GiB at 477.14 kiB/s
2025-11-10 13:54:07.655    app     info:    [server-manager] Downloaded 581.24 MiB/4.85 GiB at 959.38 kiB/s
2025-11-10 13:54:08.671    app     info:    [server-manager] Downloaded 581.87 MiB/4.85 GiB at 252.96 kiB/s
2025-11-10 13:54:09.713    app     info:    [server-manager] Downloaded 582.58 MiB/4.85 GiB at 766.47 kiB/s
2025-11-10 13:54:10.749    app     info:    [server-manager] Downloaded 583.32 MiB/4.85 GiB at 544.00 kiB/s
2025-11-10 13:54:11.774    app     info:    [server-manager] Downloaded 584.08 MiB/4.85 GiB at 760.51 kiB/s
2025-11-10 13:54:12.830    app     info:    [server-manager] Downloaded 584.81 MiB/4.85 GiB at 733.07 kiB/s
2025-11-10 13:54:13.833    app     info:    [server-manager] Downloaded 585.51 MiB/4.85 GiB at 540.93 kiB/s
2025-11-10 13:54:14.926    app     info:    [server-manager] Downloaded 586.36 MiB/4.85 GiB at 929.34 kiB/s
2025-11-10 13:54:15.958    app     info:    [server-manager] Downloaded 587.05 MiB/4.85 GiB at 707.69 kiB/s
2025-11-10 13:54:16.990    app     info:    [server-manager] Downloaded 587.94 MiB/4.85 GiB at 1.23 MiB/s
2025-11-10 13:54:18.009    app     info:    [server-manager] Downloaded 588.72 MiB/4.85 GiB at 810.92 kiB/s
2025-11-10 13:54:19.025    app     info:    [server-manager] Downloaded 589.37 MiB/4.85 GiB at 605.85 kiB/s
2025-11-10 13:54:20.077    app     info:    [server-manager] Downloaded 590.13 MiB/4.85 GiB at 768.00 kiB/s
2025-11-10 13:54:21.125    app     info:    [server-manager] Downloaded 590.88 MiB/4.85 GiB at 752.40 kiB/s
2025-11-10 13:54:22.152    app     info:    [server-manager] Downloaded 591.60 MiB/4.85 GiB at 315.58 kiB/s
2025-11-10 13:54:23.174    app     info:    [server-manager] Downloaded 592.25 MiB/4.85 GiB at 643.68 kiB/s
2025-11-10 13:54:24.221    app     info:    [server-manager] Downloaded 592.95 MiB/4.85 GiB at 714.56 kiB/s
2025-11-10 13:54:25.233    app     info:    [server-manager] Downloaded 593.70 MiB/4.85 GiB at 682.69 kiB/s
2025-11-10 13:54:26.269    app     info:    [server-manager] Downloaded 594.42 MiB/4.85 GiB at 723.16 kiB/s
2025-11-10 13:54:27.362    app     info:    [server-manager] Downloaded 595.23 MiB/4.85 GiB at 712.37 kiB/s
2025-11-10 13:54:28.389    app     info:    [server-manager] Downloaded 595.97 MiB/4.85 GiB at 827.04 kiB/s
2025-11-10 13:54:29.416    app     info:    [server-manager] Downloaded 596.70 MiB/4.85 GiB at 864.86 kiB/s
2025-11-10 13:54:30.439    app     info:    [server-manager] Downloaded 597.46 MiB/4.85 GiB at 728.65 kiB/s
2025-11-10 13:54:31.484    app     info:    [server-manager] Downloaded 598.25 MiB/4.85 GiB at 1.19 MiB/s
2025-11-10 13:54:32.489    app     info:    [server-manager] Downloaded 598.89 MiB/4.85 GiB at 660.12 kiB/s
2025-11-10 13:54:33.510    app     info:    [server-manager] Downloaded 599.74 MiB/4.85 GiB at 768.00 kiB/s
2025-11-10 13:54:34.524    app     info:    [server-manager] Downloaded 600.49 MiB/4.85 GiB at 586.87 kiB/s
2025-11-10 13:54:35.560    app     info:    [server-manager] Downloaded 601.32 MiB/4.85 GiB at 941.48 kiB/s
2025-11-10 13:54:36.605    app     info:    [server-manager] Downloaded 602.19 MiB/4.85 GiB at 1.27 MiB/s
2025-11-10 13:54:37.626    app     info:    [server-manager] Downloaded 603.09 MiB/4.85 GiB at 895.75 kiB/s
2025-11-10 13:54:38.641    app     info:    [server-manager] Downloaded 603.73 MiB/4.85 GiB at 613.03 kiB/s
2025-11-10 13:54:39.705    app     info:    [server-manager] Downloaded 604.60 MiB/4.85 GiB at 890.66 kiB/s
2025-11-10 13:54:40.726    app     info:    [server-manager] Downloaded 605.47 MiB/4.85 GiB at 747.08 kiB/s
2025-11-10 13:54:41.748    app     info:    [server-manager] Downloaded 606.38 MiB/4.85 GiB at 890.54 kiB/s
2025-11-10 13:54:42.797    app     info:    [server-manager] Downloaded 607.29 MiB/4.85 GiB at 892.54 kiB/s
2025-11-10 13:54:43.853    app     info:    [server-manager] Downloaded 608.17 MiB/4.85 GiB at 896.00 kiB/s
2025-11-10 13:54:44.888    app     info:    [server-manager] Downloaded 609.04 MiB/4.85 GiB at 1.31 MiB/s
2025-11-10 13:54:45.888    app     info:    [server-manager] Downloaded 609.85 MiB/4.85 GiB at 877.09 kiB/s
2025-11-10 13:54:46.915    app     info:    [server-manager] Downloaded 610.72 MiB/4.85 GiB at 858.85 kiB/s
2025-11-10 13:54:47.955    app     info:    [server-manager] Downloaded 611.65 MiB/4.85 GiB at 798.33 kiB/s
2025-11-10 13:54:48.984    app     info:    [server-manager] Downloaded 612.48 MiB/4.85 GiB at 796.81 kiB/s
2025-11-10 13:54:50.011    app     info:    [server-manager] Downloaded 613.18 MiB/4.85 GiB at 720.45 kiB/s
2025-11-10 13:54:51.048    app     info:    [server-manager] Downloaded 614.05 MiB/4.85 GiB at 955.68 kiB/s
2025-11-10 13:54:52.072    app     info:    [server-manager] Downloaded 614.94 MiB/4.85 GiB at 946.75 kiB/s
2025-11-10 13:54:53.132    app     info:    [server-manager] Downloaded 615.64 MiB/4.85 GiB at 683.50 kiB/s
2025-11-10 13:54:54.163    app     info:    [server-manager] Downloaded 616.49 MiB/4.85 GiB at 512.00 kiB/s
2025-11-10 13:54:55.197    app     info:    [server-manager] Downloaded 617.31 MiB/4.85 GiB at 541.83 kiB/s
2025-11-10 13:54:56.205    app     info:    [server-manager] Downloaded 618.15 MiB/4.85 GiB at 844.18 kiB/s
2025-11-10 13:54:57.257    app     info:    [server-manager] Downloaded 618.92 MiB/4.85 GiB at 1.10 MiB/s
2025-11-10 13:54:58.266    app     info:    [server-manager] Downloaded 619.65 MiB/4.85 GiB at 724.53 kiB/s
2025-11-10 13:54:59.298    app     info:    [server-manager] Downloaded 620.36 MiB/4.85 GiB at 414.34 kiB/s
2025-11-10 13:55:00.332    app     info:    [server-manager] Downloaded 620.96 MiB/4.85 GiB at 647.40 kiB/s
2025-11-10 13:55:01.352    app     info:    [server-manager] Downloaded 621.89 MiB/4.85 GiB at 779.51 kiB/s
2025-11-10 13:55:02.386    app     info:    [server-manager] Downloaded 622.75 MiB/4.85 GiB at 786.39 kiB/s
2025-11-10 13:55:03.389    app     info:    [server-manager] Downloaded 623.50 MiB/4.85 GiB at 699.80 kiB/s
2025-11-10 13:55:04.421    app     info:    [server-manager] Downloaded 624.25 MiB/4.85 GiB at 764.94 kiB/s
2025-11-10 13:55:05.445    app     info:    [server-manager] Downloaded 625.08 MiB/4.85 GiB at 478.09 kiB/s
2025-11-10 13:55:06.460    app     info:    [server-manager] Downloaded 625.98 MiB/4.85 GiB at 826.00 kiB/s
2025-11-10 13:55:07.478    app     info:    [server-manager] Downloaded 626.86 MiB/4.85 GiB at 479.04 kiB/s
2025-11-10 13:55:08.508    app     info:    [server-manager] Downloaded 627.69 MiB/4.85 GiB at 911.33 kiB/s
2025-11-10 13:55:09.573    app     info:    [server-manager] Downloaded 628.62 MiB/4.85 GiB at 1.23 MiB/s
2025-11-10 13:55:10.573    app     info:    [server-manager] Downloaded 629.50 MiB/4.85 GiB at 988.05 kiB/s
2025-11-10 13:55:11.607    app     info:    [server-manager] Downloaded 630.42 MiB/4.85 GiB at 887.13 kiB/s
2025-11-10 13:55:12.630    app     info:    [server-manager] Downloaded 631.29 MiB/4.85 GiB at 960.00 kiB/s
2025-11-10 13:55:13.670    app     info:    [server-manager] Downloaded 632.10 MiB/4.85 GiB at 810.92 kiB/s
2025-11-10 13:55:14.695    app     info:    [server-manager] Downloaded 632.89 MiB/4.85 GiB at 1,019.31 kiB/s
2025-11-10 13:55:15.698    app     info:    [server-manager] Downloaded 633.67 MiB/4.85 GiB at 446.22 kiB/s
2025-11-10 13:55:16.726    app     info:    [server-manager] Downloaded 634.59 MiB/4.85 GiB at 924.86 kiB/s
2025-11-10 13:55:17.775    app     info:    [server-manager] Downloaded 635.49 MiB/4.85 GiB at 829.17 kiB/s
2025-11-10 13:55:18.823    app     info:    [server-manager] Downloaded 636.32 MiB/4.85 GiB at 861.54 kiB/s
2025-11-10 13:55:19.840    app     info:    [server-manager] Downloaded 637.20 MiB/4.85 GiB at 877.32 kiB/s
2025-11-10 13:55:20.853    app     info:    [server-manager] Downloaded 638.09 MiB/4.85 GiB at 1.22 MiB/s
2025-11-10 13:55:21.884    app     info:    [server-manager] Downloaded 638.73 MiB/4.85 GiB at 737.92 kiB/s
2025-11-10 13:55:22.920    app     info:    [server-manager] Downloaded 639.52 MiB/4.85 GiB at 614.20 kiB/s
2025-11-10 13:55:23.954    app     info:    [server-manager] Downloaded 640.35 MiB/4.85 GiB at 928.43 kiB/s
2025-11-10 13:55:25.011    app     info:    [server-manager] Downloaded 641.12 MiB/4.85 GiB at 820.51 kiB/s
2025-11-10 13:55:26.078    app     info:    [server-manager] Downloaded 641.52 MiB/4.85 GiB at 227.76 kiB/s
2025-11-10 13:55:27.113    app     info:    [server-manager] Downloaded 642.36 MiB/4.85 GiB at 881.88 kiB/s
2025-11-10 13:55:28.142    app     info:    [server-manager] Downloaded 643.15 MiB/4.85 GiB at 918.81 kiB/s
2025-11-10 13:55:29.174    app     info:    [server-manager] Downloaded 643.69 MiB/4.85 GiB at 493.65 kiB/s
2025-11-10 13:55:30.238    app     info:    [server-manager] Downloaded 644.29 MiB/4.85 GiB at 675.62 kiB/s
2025-11-10 13:55:31.266    app     info:    [server-manager] Downloaded 644.84 MiB/4.85 GiB at 641.55 kiB/s
2025-11-10 13:55:32.297    app     info:    [server-manager] Downloaded 645.45 MiB/4.85 GiB at 755.91 kiB/s
2025-11-10 13:55:33.322    app     info:    [server-manager] Downloaded 645.84 MiB/4.85 GiB at 433.27 kiB/s
2025-11-10 13:55:34.356    app     info:    [server-manager] Downloaded 646.32 MiB/4.85 GiB at 440.94 kiB/s
2025-11-10 13:55:35.403    app     info:    [server-manager] Downloaded 646.67 MiB/4.85 GiB at 409.45 kiB/s
2025-11-10 13:55:36.446    app     info:    [server-manager] Downloaded 647.12 MiB/4.85 GiB at 464.22 kiB/s
2025-11-10 13:55:37.496    app     info:    [server-manager] Downloaded 647.51 MiB/4.85 GiB at 335.24 kiB/s
2025-11-10 13:55:38.523    app     info:    [server-manager] Downloaded 647.93 MiB/4.85 GiB at 371.37 kiB/s
2025-11-10 13:55:39.564    app     info:    [server-manager] Downloaded 648.32 MiB/4.85 GiB at 358.24 kiB/s
2025-11-10 13:55:40.608    app     info:    [server-manager] Downloaded 648.74 MiB/4.85 GiB at 396.19 kiB/s
2025-11-10 13:55:41.710    app     info:    [server-manager] Downloaded 649.18 MiB/4.85 GiB at 472.32 kiB/s
2025-11-10 13:55:42.793    app     info:    [server-manager] Downloaded 649.57 MiB/4.85 GiB at 310.95 kiB/s
2025-11-10 13:55:43.904    app     info:    [server-manager] Downloaded 650.04 MiB/4.85 GiB at 462.43 kiB/s
2025-11-10 13:55:44.916    app     info:    [server-manager] Downloaded 650.41 MiB/4.85 GiB at 437.16 kiB/s
2025-11-10 13:55:45.921    app     info:    [server-manager] Downloaded 650.89 MiB/4.85 GiB at 373.72 kiB/s
2025-11-10 13:55:46.977    app     info:    [server-manager] Downloaded 651.33 MiB/4.85 GiB at 637.68 kiB/s
2025-11-10 13:55:47.986    app     info:    [server-manager] Downloaded 651.94 MiB/4.85 GiB at 603.17 kiB/s
2025-11-10 13:55:49.076    app     info:    [server-manager] Downloaded 652.45 MiB/4.85 GiB at 624.79 kiB/s
2025-11-10 13:55:50.129    app     info:    [server-manager] Downloaded 653.09 MiB/4.85 GiB at 728.65 kiB/s
2025-11-10 13:55:51.163    app     info:    [server-manager] Downloaded 653.64 MiB/4.85 GiB at 524.08 kiB/s
2025-11-10 13:55:52.184    app     info:    [server-manager] Downloaded 654.28 MiB/4.85 GiB at 694.28 kiB/s
2025-11-10 13:55:53.266    app     info:    [server-manager] Downloaded 654.87 MiB/4.85 GiB at 467.15 kiB/s
2025-11-10 13:55:54.326    app     info:    [server-manager] Downloaded 655.48 MiB/4.85 GiB at 882.13 kiB/s
2025-11-10 13:55:55.331    app     info:    [server-manager] Downloaded 656.06 MiB/4.85 GiB at 479.04 kiB/s
2025-11-10 13:55:56.383    app     info:    [server-manager] Downloaded 656.68 MiB/4.85 GiB at 666.67 kiB/s
2025-11-10 13:55:57.412    app     info:    [server-manager] Downloaded 657.33 MiB/4.85 GiB at 582.38 kiB/s
2025-11-10 13:55:58.463    app     info:    [server-manager] Downloaded 657.92 MiB/4.85 GiB at 352.00 kiB/s
2025-11-10 13:55:59.482    app     info:    [server-manager] Downloaded 658.61 MiB/4.85 GiB at 348.51 kiB/s
2025-11-10 13:56:00.524    app     info:    [server-manager] Downloaded 659.22 MiB/4.85 GiB at 640.00 kiB/s
2025-11-10 13:56:01.581    app     info:    [server-manager] Downloaded 659.85 MiB/4.85 GiB at 601.83 kiB/s
2025-11-10 13:56:02.594    app     info:    [server-manager] Downloaded 660.38 MiB/4.85 GiB at 574.85 kiB/s
2025-11-10 13:56:03.639    app     info:    [server-manager] Downloaded 661.01 MiB/4.85 GiB at 935.67 kiB/s
2025-11-10 13:56:04.656    app     info:    [server-manager] Downloaded 661.57 MiB/4.85 GiB at 573.71 kiB/s
2025-11-10 13:56:05.727    app     info:    [server-manager] Downloaded 662.16 MiB/4.85 GiB at 509.36 kiB/s
2025-11-10 13:56:06.762    app     info:    [server-manager] Downloaded 662.66 MiB/4.85 GiB at 349.21 kiB/s
2025-11-10 13:56:07.796    app     info:    [server-manager] Downloaded 663.27 MiB/4.85 GiB at 640.00 kiB/s
2025-11-10 13:56:08.835    app     info:    [server-manager] Downloaded 663.84 MiB/4.85 GiB at 510.32 kiB/s
2025-11-10 13:56:09.928    app     info:    [server-manager] Downloaded 664.30 MiB/4.85 GiB at 511.28 kiB/s
2025-11-10 13:56:10.986    app     info:    [server-manager] Downloaded 664.89 MiB/4.85 GiB at 552.24 kiB/s
2025-11-10 13:56:12.007    app     info:    [server-manager] Downloaded 665.42 MiB/4.85 GiB at 502.95 kiB/s
2025-11-10 13:56:13.037    app     info:    [server-manager] Downloaded 666.03 MiB/4.85 GiB at 320.00 kiB/s
2025-11-10 13:56:14.070    app     info:    [server-manager] Downloaded 666.57 MiB/4.85 GiB at 532.29 kiB/s
2025-11-10 13:56:15.089    app     info:    [server-manager] Downloaded 667.17 MiB/4.85 GiB at 948.62 kiB/s
2025-11-10 13:56:16.113    app     info:    [server-manager] Downloaded 667.79 MiB/4.85 GiB at 549.02 kiB/s
2025-11-10 13:56:17.166    app     info:    [server-manager] Downloaded 668.40 MiB/4.85 GiB at 582.38 kiB/s
2025-11-10 13:56:18.198    app     info:    [server-manager] Downloaded 668.98 MiB/4.85 GiB at 927.76 kiB/s
2025-11-10 13:56:19.199    app     info:    [server-manager] Downloaded 669.73 MiB/4.85 GiB at 448.00 kiB/s
2025-11-10 13:56:20.259    app     info:    [server-manager] Downloaded 670.36 MiB/4.85 GiB at 549.62 kiB/s
2025-11-10 13:56:21.296    app     info:    [server-manager] Downloaded 670.97 MiB/4.85 GiB at 648.65 kiB/s
2025-11-10 13:56:22.389    app     info:    [server-manager] Downloaded 671.59 MiB/4.85 GiB at 627.99 kiB/s
2025-11-10 13:56:23.408    app     info:    [server-manager] Downloaded 672.23 MiB/4.85 GiB at 692.91 kiB/s
2025-11-10 13:56:24.454    app     info:    [server-manager] Downloaded 672.75 MiB/4.85 GiB at 412.41 kiB/s
2025-11-10 13:56:25.480    app     info:    [server-manager] Downloaded 673.34 MiB/4.85 GiB at 349.21 kiB/s
2025-11-10 13:56:26.557    app     info:    [server-manager] Downloaded 674.05 MiB/4.85 GiB at 604.43 kiB/s
2025-11-10 13:56:27.577    app     info:    [server-manager] Downloaded 674.66 MiB/4.85 GiB at 677.49 kiB/s
2025-11-10 13:56:28.649    app     info:    [server-manager] Downloaded 675.31 MiB/4.85 GiB at 678.23 kiB/s
2025-11-10 13:56:29.677    app     info:    [server-manager] Downloaded 675.93 MiB/4.85 GiB at 676.92 kiB/s
2025-11-10 13:56:30.728    app     info:    [server-manager] Downloaded 676.62 MiB/4.85 GiB at 733.07 kiB/s
2025-11-10 13:56:31.762    app     info:    [server-manager] Downloaded 677.13 MiB/4.85 GiB at 253.97 kiB/s
2025-11-10 13:56:32.799    app     info:    [server-manager] Downloaded 677.46 MiB/4.85 GiB at 367.11 kiB/s
2025-11-10 13:56:33.823    app     info:    [server-manager] Downloaded 677.91 MiB/4.85 GiB at 522.07 kiB/s
2025-11-10 13:56:34.887    app     info:    [server-manager] Downloaded 678.37 MiB/4.85 GiB at 441.99 kiB/s
2025-11-10 13:56:35.905    app     info:    [server-manager] Downloaded 678.84 MiB/4.85 GiB at 430.77 kiB/s
2025-11-10 13:56:36.934    app     info:    [server-manager] Downloaded 679.35 MiB/4.85 GiB at 441.81 kiB/s
2025-11-10 13:56:37.987    app     info:    [server-manager] Downloaded 679.95 MiB/4.85 GiB at 536.48 kiB/s
2025-11-10 13:56:39.022    app     info:    [server-manager] Downloaded 680.50 MiB/4.85 GiB at 577.95 kiB/s
2025-11-10 13:56:40.076    app     info:    [server-manager] Downloaded 681.17 MiB/4.85 GiB at 644.69 kiB/s
2025-11-10 13:56:41.079    app     info:    [server-manager] Downloaded 681.86 MiB/4.85 GiB at 666.67 kiB/s
2025-11-10 13:56:42.106    app     info:    [server-manager] Downloaded 682.63 MiB/4.85 GiB at 763.42 kiB/s
2025-11-10 13:56:43.163    app     info:    [server-manager] Downloaded 683.20 MiB/4.85 GiB at 676.92 kiB/s
2025-11-10 13:56:44.216    app     info:    [server-manager] Downloaded 683.91 MiB/4.85 GiB at 781.31 kiB/s
2025-11-10 13:56:45.281    app     info:    [server-manager] Downloaded 684.67 MiB/4.85 GiB at 738.23 kiB/s
2025-11-10 13:56:46.325    app     info:    [server-manager] Downloaded 685.34 MiB/4.85 GiB at 903.95 kiB/s
2025-11-10 13:56:47.340    app     info:    [server-manager] Downloaded 686.10 MiB/4.85 GiB at 755.91 kiB/s
2025-11-10 13:56:48.354    app     info:    [server-manager] Downloaded 686.87 MiB/4.85 GiB at 768.00 kiB/s
2025-11-10 13:56:49.375    app     info:    [server-manager] Downloaded 687.68 MiB/4.85 GiB at 748.54 kiB/s
2025-11-10 13:56:50.447    app     info:    [server-manager] Downloaded 688.39 MiB/4.85 GiB at 649.90 kiB/s
2025-11-10 13:56:51.489    app     info:    [server-manager] Downloaded 689.14 MiB/4.85 GiB at 750.90 kiB/s
2025-11-10 13:56:52.541    app     info:    [server-manager] Downloaded 689.84 MiB/4.85 GiB at 612.81 kiB/s
2025-11-10 13:56:53.562    app     info:    [server-manager] Downloaded 690.57 MiB/4.85 GiB at 563.60 kiB/s
2025-11-10 13:56:54.648    app     info:    [server-manager] Downloaded 691.32 MiB/4.85 GiB at 829.17 kiB/s
2025-11-10 13:56:55.695    app     info:    [server-manager] Downloaded 692.07 MiB/4.85 GiB at 767.75 kiB/s
2025-11-10 13:56:56.731    app     info:    [server-manager] Downloaded 692.77 MiB/4.85 GiB at 753.30 kiB/s
2025-11-10 13:56:57.788    app     info:    [server-manager] Downloaded 693.50 MiB/4.85 GiB at 713.75 kiB/s
2025-11-10 13:56:58.798    app     info:    [server-manager] Downloaded 694.21 MiB/4.85 GiB at 736.00 kiB/s
2025-11-10 13:56:59.822    app     info:    [server-manager] Downloaded 694.80 MiB/4.85 GiB at 796.93 kiB/s
2025-11-10 13:57:00.831    app     info:    [server-manager] Downloaded 695.43 MiB/4.85 GiB at 703.09 kiB/s
2025-11-10 13:57:01.867    app     info:    [server-manager] Downloaded 696.08 MiB/4.85 GiB at 702.59 kiB/s
2025-11-10 13:57:02.916    app     info:    [server-manager] Downloaded 696.76 MiB/4.85 GiB at 630.39 kiB/s
2025-11-10 13:57:03.952    app     info:    [server-manager] Downloaded 697.39 MiB/4.85 GiB at 570.36 kiB/s
2025-11-10 13:57:04.994    app     info:    [server-manager] Downloaded 698.08 MiB/4.85 GiB at 731.61 kiB/s
2025-11-10 13:57:06.019    app     info:    [server-manager] Downloaded 698.70 MiB/4.85 GiB at 576.00 kiB/s
2025-11-10 13:57:07.068    app     info:    [server-manager] Downloaded 699.24 MiB/4.85 GiB at 424.24 kiB/s
2025-11-10 13:57:08.071    app     info:    [server-manager] Downloaded 699.82 MiB/4.85 GiB at 576.00 kiB/s
2025-11-10 13:57:09.162    app     info:    [server-manager] Downloaded 700.39 MiB/4.85 GiB at 654.80 kiB/s
2025-11-10 13:57:10.200    app     info:    [server-manager] Downloaded 701.03 MiB/4.85 GiB at 574.67 kiB/s
2025-11-10 13:57:11.323    app     info:    [server-manager] Downloaded 701.52 MiB/4.85 GiB at 432.43 kiB/s
2025-11-10 13:57:12.328    app     info:    [server-manager] Downloaded 702.03 MiB/4.85 GiB at 573.71 kiB/s
2025-11-10 13:57:13.415    app     info:    [server-manager] Downloaded 702.46 MiB/4.85 GiB at 436.12 kiB/s
2025-11-10 13:57:14.451    app     info:    [server-manager] Downloaded 703.02 MiB/4.85 GiB at 573.71 kiB/s
2025-11-10 13:57:15.506    app     info:    [server-manager] Downloaded 703.47 MiB/4.85 GiB at 443.56 kiB/s
2025-11-10 13:57:16.511    app     info:    [server-manager] Downloaded 704.08 MiB/4.85 GiB at 256.00 kiB/s
2025-11-10 13:57:17.574    app     info:    [server-manager] Downloaded 704.70 MiB/4.85 GiB at 573.71 kiB/s
2025-11-10 13:57:18.580    app     info:    [server-manager] Downloaded 705.24 MiB/4.85 GiB at 544.00 kiB/s
2025-11-10 13:57:19.611    app     info:    [server-manager] Downloaded 705.85 MiB/4.85 GiB at 638.72 kiB/s
2025-11-10 13:57:20.636    app     info:    [server-manager] Downloaded 706.37 MiB/4.85 GiB at 473.37 kiB/s
2025-11-10 13:57:21.732    app     info:    [server-manager] Downloaded 706.91 MiB/4.85 GiB at 459.77 kiB/s
2025-11-10 13:57:22.758    app     info:    [server-manager] Downloaded 707.38 MiB/4.85 GiB at 503.49 kiB/s
2025-11-10 13:57:23.785    app     info:    [server-manager] Downloaded 707.96 MiB/4.85 GiB at 643.68 kiB/s
2025-11-10 13:57:24.865    app     info:    [server-manager] Downloaded 708.57 MiB/4.85 GiB at 512.46 kiB/s
2025-11-10 13:57:25.890    app     info:    [server-manager] Downloaded 709.11 MiB/4.85 GiB at 348.51 kiB/s
2025-11-10 13:57:26.923    app     info:    [server-manager] Downloaded 709.70 MiB/4.85 GiB at 648.25 kiB/s
2025-11-10 13:57:27.962    app     info:    [server-manager] Downloaded 710.28 MiB/4.85 GiB at 641.91 kiB/s
2025-11-10 13:57:29.016    app     info:    [server-manager] Downloaded 710.86 MiB/4.85 GiB at 553.73 kiB/s
2025-11-10 13:57:30.031    app     info:    [server-manager] Downloaded 711.42 MiB/4.85 GiB at 649.90 kiB/s
2025-11-10 13:57:31.052    app     info:    [server-manager] Downloaded 711.96 MiB/4.85 GiB at 561.40 kiB/s
2025-11-10 13:57:32.085    app     info:    [server-manager] Downloaded 712.56 MiB/4.85 GiB at 734.53 kiB/s
2025-11-10 13:57:33.113    app     info:    [server-manager] Downloaded 713.22 MiB/4.85 GiB at 672.00 kiB/s
2025-11-10 13:57:34.165    app     info:    [server-manager] Downloaded 713.78 MiB/4.85 GiB at 621.26 kiB/s
2025-11-10 13:57:35.220    app     info:    [server-manager] Downloaded 714.45 MiB/4.85 GiB at 736.00 kiB/s
2025-11-10 13:57:36.367    app     info:    [server-manager] Downloaded 715.09 MiB/4.85 GiB at 603.11 kiB/s
2025-11-10 13:57:37.388    app     info:    [server-manager] Downloaded 715.70 MiB/4.85 GiB at 961.24 kiB/s
2025-11-10 13:57:38.417    app     info:    [server-manager] Downloaded 716.25 MiB/4.85 GiB at 853.48 kiB/s
2025-11-10 13:57:39.418    app     info:    [server-manager] Downloaded 716.83 MiB/4.85 GiB at 539.56 kiB/s
2025-11-10 13:57:40.430    app     info:    [server-manager] Downloaded 717.36 MiB/4.85 GiB at 287.43 kiB/s
2025-11-10 13:57:41.487    app     info:    [server-manager] Downloaded 717.87 MiB/4.85 GiB at 473.20 kiB/s
2025-11-10 13:57:42.515    app     info:    [server-manager] Downloaded 718.45 MiB/4.85 GiB at 538.46 kiB/s
2025-11-10 13:57:43.578    app     info:    [server-manager] Downloaded 719.00 MiB/4.85 GiB at 502.95 kiB/s
2025-11-10 13:57:44.615    app     info:    [server-manager] Downloaded 719.56 MiB/4.85 GiB at 539.25 kiB/s
2025-11-10 13:57:45.677    app     info:    [server-manager] Downloaded 720.12 MiB/4.85 GiB at 514.29 kiB/s
2025-11-10 13:57:46.704    app     info:    [server-manager] Downloaded 720.76 MiB/4.85 GiB at 590.29 kiB/s
2025-11-10 13:57:47.755    app     info:    [server-manager] Downloaded 721.33 MiB/4.85 GiB at 620.16 kiB/s
2025-11-10 13:57:48.818    app     info:    [server-manager] Downloaded 721.95 MiB/4.85 GiB at 475.84 kiB/s
2025-11-10 13:57:49.824    app     info:    [server-manager] Downloaded 722.41 MiB/4.85 GiB at 480.00 kiB/s
2025-11-10 13:57:50.856    app     info:    [server-manager] Downloaded 723.05 MiB/4.85 GiB at 676.92 kiB/s
2025-11-10 13:57:51.874    app     info:    [server-manager] Downloaded 723.64 MiB/4.85 GiB at 619.03 kiB/s
2025-11-10 13:57:52.905    app     info:    [server-manager] Downloaded 724.25 MiB/4.85 GiB at 651.01 kiB/s
2025-11-10 13:57:53.922    app     info:    [server-manager] Downloaded 724.80 MiB/4.85 GiB at 506.93 kiB/s
2025-11-10 13:57:54.955    app     info:    [server-manager] Downloaded 725.40 MiB/4.85 GiB at 629.58 kiB/s
2025-11-10 13:57:55.979    app     info:    [server-manager] Downloaded 725.95 MiB/4.85 GiB at 627.45 kiB/s
2025-11-10 13:57:56.998    app     info:    [server-manager] Downloaded 726.43 MiB/4.85 GiB at 574.85 kiB/s
2025-11-10 13:57:58.047    app     info:    [server-manager] Downloaded 726.99 MiB/4.85 GiB at 826.00 kiB/s
2025-11-10 13:57:59.053    app     info:    [server-manager] Downloaded 727.49 MiB/4.85 GiB at 502.95 kiB/s
2025-11-10 13:58:00.081    app     info:    [server-manager] Downloaded 728.03 MiB/4.85 GiB at 425.47 kiB/s
2025-11-10 13:58:01.145    app     info:    [server-manager] Downloaded 728.62 MiB/4.85 GiB at 545.45 kiB/s
2025-11-10 13:58:02.179    app     info:    [server-manager] Downloaded 729.15 MiB/4.85 GiB at 520.08 kiB/s
2025-11-10 13:58:03.212    app     info:    [server-manager] Downloaded 729.75 MiB/4.85 GiB at 586.87 kiB/s
2025-11-10 13:58:04.265    app     info:    [server-manager] Downloaded 730.24 MiB/4.85 GiB at 479.04 kiB/s
2025-11-10 13:58:05.315    app     info:    [server-manager] Downloaded 730.83 MiB/4.85 GiB at 548.57 kiB/s
2025-11-10 13:58:06.356    app     info:    [server-manager] Downloaded 731.35 MiB/4.85 GiB at 489.48 kiB/s
2025-11-10 13:58:07.381    app     info:    [server-manager] Downloaded 731.95 MiB/4.85 GiB at 596.50 kiB/s
2025-11-10 13:58:08.391    app     info:    [server-manager] Downloaded 732.56 MiB/4.85 GiB at 594.91 kiB/s
2025-11-10 13:58:09.428    app     info:    [server-manager] Downloaded 733.05 MiB/4.85 GiB at 462.38 kiB/s
2025-11-10 13:58:10.479    app     info:    [server-manager] Downloaded 733.62 MiB/4.85 GiB at 598.74 kiB/s
2025-11-10 13:58:11.518    app     info:    [server-manager] Downloaded 734.24 MiB/4.85 GiB at 272.75 kiB/s
2025-11-10 13:58:12.586    app     info:    [server-manager] Downloaded 734.88 MiB/4.85 GiB at 630.39 kiB/s
2025-11-10 13:58:13.650    app     info:    [server-manager] Downloaded 735.51 MiB/4.85 GiB at 588.24 kiB/s
2025-11-10 13:58:14.702    app     info:    [server-manager] Downloaded 736.18 MiB/4.85 GiB at 925.86 kiB/s
2025-11-10 13:58:15.734    app     info:    [server-manager] Downloaded 736.89 MiB/4.85 GiB at 1.11 MiB/s
2025-11-10 13:58:16.761    app     info:    [server-manager] Downloaded 737.72 MiB/4.85 GiB at 854.96 kiB/s
2025-11-10 13:58:17.787    app     info:    [server-manager] Downloaded 738.43 MiB/4.85 GiB at 748.65 kiB/s
2025-11-10 13:58:18.884    app     info:    [server-manager] Downloaded 739.17 MiB/4.85 GiB at 655.97 kiB/s
2025-11-10 13:58:19.903    app     info:    [server-manager] Downloaded 739.86 MiB/4.85 GiB at 731.61 kiB/s
2025-11-10 13:58:20.977    app     info:    [server-manager] Downloaded 740.58 MiB/4.85 GiB at 702.01 kiB/s
2025-11-10 13:58:22.016    app     info:    [server-manager] Downloaded 741.33 MiB/4.85 GiB at 660.41 kiB/s
2025-11-10 13:58:23.042    app     info:    [server-manager] Downloaded 741.98 MiB/4.85 GiB at 671.26 kiB/s
2025-11-10 13:58:24.077    app     info:    [server-manager] Downloaded 742.59 MiB/4.85 GiB at 522.07 kiB/s
2025-11-10 13:58:25.081    app     info:    [server-manager] Downloaded 743.31 MiB/4.85 GiB at 768.00 kiB/s
2025-11-10 13:58:26.140    app     info:    [server-manager] Downloaded 743.98 MiB/4.85 GiB at 753.30 kiB/s
2025-11-10 13:58:27.180    app     info:    [server-manager] Downloaded 744.73 MiB/4.85 GiB at 760.40 kiB/s
2025-11-10 13:58:28.271    app     info:    [server-manager] Downloaded 745.36 MiB/4.85 GiB at 565.06 kiB/s
2025-11-10 13:58:29.297    app     info:    [server-manager] Downloaded 746.06 MiB/4.85 GiB at 731.61 kiB/s
2025-11-10 13:58:30.361    app     info:    [server-manager] Downloaded 746.76 MiB/4.85 GiB at 634.23 kiB/s
2025-11-10 13:58:31.489    app     info:    [server-manager] Downloaded 747.45 MiB/4.85 GiB at 589.32 kiB/s
2025-11-10 13:58:32.545    app     info:    [server-manager] Downloaded 748.20 MiB/4.85 GiB at 689.41 kiB/s
2025-11-10 13:58:33.573    app     info:    [server-manager] Downloaded 748.95 MiB/4.85 GiB at 411.88 kiB/s
2025-11-10 13:58:34.647    app     info:    [server-manager] Downloaded 749.64 MiB/4.85 GiB at 704.59 kiB/s
2025-11-10 13:58:35.671    app     info:    [server-manager] Downloaded 750.38 MiB/4.85 GiB at 320.00 kiB/s
2025-11-10 13:58:36.678    app     info:    [server-manager] Downloaded 751.10 MiB/4.85 GiB at 1,007.87 kiB/s
2025-11-10 13:58:37.732    app     info:    [server-manager] Downloaded 751.86 MiB/4.85 GiB at 761.90 kiB/s
2025-11-10 13:58:38.770    app     info:    [server-manager] Downloaded 752.64 MiB/4.85 GiB at 828.69 kiB/s
2025-11-10 13:58:39.813    app     info:    [server-manager] Downloaded 753.41 MiB/4.85 GiB at 798.10 kiB/s
2025-11-10 13:58:40.863    app     info:    [server-manager] Downloaded 754.24 MiB/4.85 GiB at 840.47 kiB/s
2025-11-10 13:58:41.866    app     info:    [server-manager] Downloaded 755.01 MiB/4.85 GiB at 787.09 kiB/s
2025-11-10 13:58:42.927    app     info:    [server-manager] Downloaded 755.80 MiB/4.85 GiB at 742.12 kiB/s
2025-11-10 13:58:43.942    app     info:    [server-manager] Downloaded 756.52 MiB/4.85 GiB at 318.73 kiB/s
2025-11-10 13:58:44.957    app     info:    [server-manager] Downloaded 757.14 MiB/4.85 GiB at 191.62 kiB/s
2025-11-10 13:58:46.011    app     info:    [server-manager] Downloaded 757.96 MiB/4.85 GiB at 822.02 kiB/s
2025-11-10 13:58:47.022    app     info:    [server-manager] Downloaded 758.71 MiB/4.85 GiB at 448.00 kiB/s
2025-11-10 13:58:48.056    app     info:    [server-manager] Downloaded 759.43 MiB/4.85 GiB at 781.25 kiB/s
2025-11-10 13:58:49.083    app     info:    [server-manager] Downloaded 760.24 MiB/4.85 GiB at 352.00 kiB/s
2025-11-10 13:58:50.088    app     info:    [server-manager] Downloaded 760.99 MiB/4.85 GiB at 699.80 kiB/s
2025-11-10 13:58:51.140    app     info:    [server-manager] Downloaded 761.50 MiB/4.85 GiB at 877.13 kiB/s
2025-11-10 13:58:52.147    app     info:    [server-manager] Downloaded 762.33 MiB/4.85 GiB at 890.66 kiB/s
2025-11-10 13:58:53.177    app     info:    [server-manager] Downloaded 763.03 MiB/4.85 GiB at 697.73 kiB/s
2025-11-10 13:58:54.199    app     info:    [server-manager] Downloaded 763.75 MiB/4.85 GiB at 736.00 kiB/s
2025-11-10 13:58:55.234    app     info:    [server-manager] Downloaded 764.49 MiB/4.85 GiB at 693.03 kiB/s
2025-11-10 13:58:56.277    app     info:    [server-manager] Downloaded 765.27 MiB/4.85 GiB at 771.80 kiB/s
2025-11-10 13:58:57.313    app     info:    [server-manager] Downloaded 765.99 MiB/4.85 GiB at 689.69 kiB/s
2025-11-10 13:58:58.353    app     info:    [server-manager] Downloaded 766.73 MiB/4.85 GiB at 789.37 kiB/s
2025-11-10 13:58:59.393    app     info:    [server-manager] Downloaded 767.51 MiB/4.85 GiB at 638.19 kiB/s
2025-11-10 13:59:00.425    app     info:    [server-manager] Downloaded 768.24 MiB/4.85 GiB at 755.58 kiB/s
2025-11-10 13:59:01.454    app     info:    [server-manager] Downloaded 768.94 MiB/4.85 GiB at 732.82 kiB/s
2025-11-10 13:59:02.460    app     info:    [server-manager] Downloaded 769.66 MiB/4.85 GiB at 733.07 kiB/s
2025-11-10 13:59:03.511    app     info:    [server-manager] Downloaded 770.33 MiB/4.85 GiB at 1,002.08 kiB/s
2025-11-10 13:59:04.530    app     info:    [server-manager] Downloaded 771.14 MiB/4.85 GiB at 818.90 kiB/s
2025-11-10 13:59:05.576    app     info:    [server-manager] Downloaded 771.85 MiB/4.85 GiB at 558.14 kiB/s
2025-11-10 13:59:06.604    app     info:    [server-manager] Downloaded 772.62 MiB/4.85 GiB at 808.41 kiB/s
2025-11-10 13:59:07.616    app     info:    [server-manager] Downloaded 773.35 MiB/4.85 GiB at 852.07 kiB/s
2025-11-10 13:59:08.673    app     info:    [server-manager] Downloaded 773.93 MiB/4.85 GiB at 606.06 kiB/s
2025-11-10 13:59:09.691    app     info:    [server-manager] Downloaded 774.51 MiB/4.85 GiB at 510.98 kiB/s
2025-11-10 13:59:10.751    app     info:    [server-manager] Downloaded 775.12 MiB/4.85 GiB at 632.41 kiB/s
2025-11-10 13:59:11.760    app     info:    [server-manager] Downloaded 775.52 MiB/4.85 GiB at 443.56 kiB/s
2025-11-10 13:59:12.913    app     info:    [server-manager] Downloaded 775.99 MiB/4.85 GiB at 465.75 kiB/s
2025-11-10 13:59:13.934    app     info:    [server-manager] Downloaded 776.31 MiB/4.85 GiB at 154.74 kiB/s
2025-11-10 13:59:14.999    app     info:    [server-manager] Downloaded 776.56 MiB/4.85 GiB at 239.70 kiB/s
2025-11-10 13:59:16.039    app     info:    [server-manager] Downloaded 776.83 MiB/4.85 GiB at 369.23 kiB/s
2025-11-10 13:59:17.141    app     info:    [server-manager] Downloaded 777.14 MiB/4.85 GiB at 349.09 kiB/s
2025-11-10 13:59:18.252    app     info:    [server-manager] Downloaded 777.37 MiB/4.85 GiB at 188.24 kiB/s
2025-11-10 13:59:19.389    app     info:    [server-manager] Downloaded 777.62 MiB/4.85 GiB at 257.23 kiB/s
2025-11-10 13:59:20.402    app     info:    [server-manager] Downloaded 777.89 MiB/4.85 GiB at 271.19 kiB/s
2025-11-10 13:59:21.412    app     info:    [server-manager] Downloaded 778.06 MiB/4.85 GiB at 242.42 kiB/s
2025-11-10 13:59:22.446    app     info:    [server-manager] Downloaded 778.31 MiB/4.85 GiB at 301.32 kiB/s
2025-11-10 13:59:23.543    app     info:    [server-manager] Downloaded 778.55 MiB/4.85 GiB at 241.51 kiB/s
2025-11-10 13:59:24.585    app     info:    [server-manager] Downloaded 778.81 MiB/4.85 GiB at 270.17 kiB/s
2025-11-10 13:59:25.598    app     info:    [server-manager] Downloaded 779.01 MiB/4.85 GiB at 189.91 kiB/s
2025-11-10 13:59:26.661    app     info:    [server-manager] Downloaded 779.22 MiB/4.85 GiB at 332.08 kiB/s
2025-11-10 13:59:27.660    app     info:    [server-manager] Downloaded 779.45 MiB/4.85 GiB at 350.60 kiB/s
2025-11-10 13:59:28.710    app     info:    [server-manager] Downloaded 779.78 MiB/4.85 GiB at 312.50 kiB/s
2025-11-10 13:59:29.733    app     info:    [server-manager] Downloaded 780.12 MiB/4.85 GiB at 277.99 kiB/s
2025-11-10 13:59:30.810    app     info:    [server-manager] Downloaded 780.83 MiB/4.85 GiB at 579.31 kiB/s
2025-11-10 13:59:31.860    app     info:    [server-manager] Downloaded 781.62 MiB/4.85 GiB at 733.07 kiB/s
2025-11-10 13:59:32.920    app     info:    [server-manager] Downloaded 782.33 MiB/4.85 GiB at 727.50 kiB/s
2025-11-10 13:59:33.952    app     info:    [server-manager] Downloaded 782.97 MiB/4.85 GiB at 577.95 kiB/s
2025-11-10 13:59:34.996    app     info:    [server-manager] Downloaded 783.73 MiB/4.85 GiB at 794.09 kiB/s
2025-11-10 13:59:36.027    app     info:    [server-manager] Downloaded 784.46 MiB/4.85 GiB at 695.65 kiB/s
2025-11-10 13:59:37.057    app     info:    [server-manager] Downloaded 785.22 MiB/4.85 GiB at 778.21 kiB/s
2025-11-10 13:59:38.085    app     info:    [server-manager] Downloaded 786.00 MiB/4.85 GiB at 807.77 kiB/s
2025-11-10 13:59:39.119    app     info:    [server-manager] Downloaded 786.77 MiB/4.85 GiB at 752.94 kiB/s
2025-11-10 13:59:40.169    app     info:    [server-manager] Downloaded 787.43 MiB/4.85 GiB at 606.96 kiB/s
2025-11-10 13:59:41.186    app     info:    [server-manager] Downloaded 788.16 MiB/4.85 GiB at 752.94 kiB/s
2025-11-10 13:59:42.229    app     info:    [server-manager] Downloaded 788.99 MiB/4.85 GiB at 910.82 kiB/s
2025-11-10 13:59:43.253    app     info:    [server-manager] Downloaded 789.77 MiB/4.85 GiB at 835.59 kiB/s
2025-11-10 13:59:44.270    app     info:    [server-manager] Downloaded 790.61 MiB/4.85 GiB at 915.99 kiB/s
2025-11-10 13:59:45.304    app     info:    [server-manager] Downloaded 791.49 MiB/4.85 GiB at 830.34 kiB/s
2025-11-10 13:59:46.358    app     info:    [server-manager] Downloaded 792.28 MiB/4.85 GiB at 832.00 kiB/s
2025-11-10 13:59:47.388    app     info:    [server-manager] Downloaded 793.03 MiB/4.85 GiB at 684.82 kiB/s
2025-11-10 13:59:48.397    app     info:    [server-manager] Downloaded 793.75 MiB/4.85 GiB at 750.00 kiB/s
2025-11-10 13:59:49.430    app     info:    [server-manager] Downloaded 794.49 MiB/4.85 GiB at 761.79 kiB/s
2025-11-10 13:59:50.445    app     info:    [server-manager] Downloaded 795.19 MiB/4.85 GiB at 779.73 kiB/s
2025-11-10 13:59:51.466    app     info:    [server-manager] Downloaded 795.91 MiB/4.85 GiB at 747.08 kiB/s
2025-11-10 13:59:52.480    app     info:    [server-manager] Downloaded 796.61 MiB/4.85 GiB at 722.99 kiB/s
2025-11-10 13:59:53.484    app     info:    [server-manager] Downloaded 797.29 MiB/4.85 GiB at 732.94 kiB/s
2025-11-10 13:59:54.517    app     info:    [server-manager] Downloaded 797.90 MiB/4.85 GiB at 633.66 kiB/s
2025-11-10 13:59:55.524    app     info:    [server-manager] Downloaded 798.54 MiB/4.85 GiB at 486.15 kiB/s
2025-11-10 13:59:56.557    app     info:    [server-manager] Downloaded 799.16 MiB/4.85 GiB at 701.20 kiB/s
2025-11-10 13:59:57.604    app     info:    [server-manager] Downloaded 799.88 MiB/4.85 GiB at 718.75 kiB/s
2025-11-10 13:59:58.613    app     info:    [server-manager] Downloaded 800.57 MiB/4.85 GiB at 351.30 kiB/s
2025-11-10 13:59:59.672    app     info:    [server-manager] Downloaded 801.30 MiB/4.85 GiB at 721.90 kiB/s
2025-11-10 14:00:00.710    app     info:    [server-manager] Downloaded 801.90 MiB/4.85 GiB at 712.43 kiB/s
2025-11-10 14:00:01.766    app     info:    [server-manager] Downloaded 802.56 MiB/4.85 GiB at 698.29 kiB/s
2025-11-10 14:00:02.769    app     info:    [server-manager] Downloaded 803.39 MiB/4.85 GiB at 825.40 kiB/s
2025-11-10 14:00:03.796    app     info:    [server-manager] Downloaded 804.22 MiB/4.85 GiB at 779.73 kiB/s
2025-11-10 14:00:04.836    app     info:    [server-manager] Downloaded 805.19 MiB/4.85 GiB at 1,011.86 kiB/s
2025-11-10 14:00:05.865    app     info:    [server-manager] Downloaded 806.08 MiB/4.85 GiB at 944.88 kiB/s
2025-11-10 14:00:06.893    app     info:    [server-manager] Downloaded 806.97 MiB/4.85 GiB at 512.00 kiB/s
2025-11-10 14:00:07.944    app     info:    [server-manager] Downloaded 807.88 MiB/4.85 GiB at 980.24 kiB/s
2025-11-10 14:00:08.996    app     info:    [server-manager] Downloaded 808.56 MiB/4.85 GiB at 399.64 kiB/s
2025-11-10 14:00:10.034    app     info:    [server-manager] Downloaded 809.39 MiB/4.85 GiB at 888.89 kiB/s
2025-11-10 14:00:11.096    app     info:    [server-manager] Downloaded 810.36 MiB/4.85 GiB at 879.12 kiB/s
2025-11-10 14:00:12.114    app     info:    [server-manager] Downloaded 811.24 MiB/4.85 GiB at 1.29 MiB/s
2025-11-10 14:00:13.138    app     info:    [server-manager] Downloaded 812.09 MiB/4.85 GiB at 933.85 kiB/s
2025-11-10 14:00:14.197    app     info:    [server-manager] Downloaded 813.02 MiB/4.85 GiB at 948.37 kiB/s
2025-11-10 14:00:15.239    app     info:    [server-manager] Downloaded 813.93 MiB/4.85 GiB at 911.71 kiB/s
2025-11-10 14:00:16.244    app     info:    [server-manager] Downloaded 814.82 MiB/4.85 GiB at 830.98 kiB/s
2025-11-10 14:00:17.260    app     info:    [server-manager] Downloaded 815.72 MiB/4.85 GiB at 894.21 kiB/s
2025-11-10 14:00:18.295    app     info:    [server-manager] Downloaded 816.60 MiB/4.85 GiB at 1.34 MiB/s
2025-11-10 14:00:19.314    app     info:    [server-manager] Downloaded 817.47 MiB/4.85 GiB at 866.54 kiB/s
2025-11-10 14:00:20.331    app     info:    [server-manager] Downloaded 818.41 MiB/4.85 GiB at 909.80 kiB/s
2025-11-10 14:00:21.354    app     info:    [server-manager] Downloaded 819.30 MiB/4.85 GiB at 825.40 kiB/s
2025-11-10 14:00:22.360    app     info:    [server-manager] Downloaded 820.05 MiB/4.85 GiB at 596.08 kiB/s
2025-11-10 14:00:23.395    app     info:    [server-manager] Downloaded 820.86 MiB/4.85 GiB at 714.56 kiB/s
2025-11-10 14:00:24.446    app     info:    [server-manager] Downloaded 821.54 MiB/4.85 GiB at 1.22 MiB/s
2025-11-10 14:00:25.460    app     info:    [server-manager] Downloaded 822.29 MiB/4.85 GiB at 779.32 kiB/s
2025-11-10 14:00:26.496    app     info:    [server-manager] Downloaded 823.07 MiB/4.85 GiB at 873.05 kiB/s
2025-11-10 14:00:27.560    app     info:    [server-manager] Downloaded 823.70 MiB/4.85 GiB at 596.08 kiB/s
2025-11-10 14:00:28.591    app     info:    [server-manager] Downloaded 824.48 MiB/4.85 GiB at 675.62 kiB/s
2025-11-10 14:00:29.637    app     info:    [server-manager] Downloaded 825.12 MiB/4.85 GiB at 310.08 kiB/s
2025-11-10 14:00:30.646    app     info:    [server-manager] Downloaded 825.83 MiB/4.85 GiB at 783.73 kiB/s
2025-11-10 14:00:31.719    app     info:    [server-manager] Downloaded 826.63 MiB/4.85 GiB at 835.59 kiB/s
2025-11-10 14:00:32.738    app     info:    [server-manager] Downloaded 827.28 MiB/4.85 GiB at 601.98 kiB/s
2025-11-10 14:00:33.791    app     info:    [server-manager] Downloaded 827.86 MiB/4.85 GiB at 582.38 kiB/s
2025-11-10 14:00:34.810    app     info:    [server-manager] Downloaded 828.49 MiB/4.85 GiB at 591.43 kiB/s
2025-11-10 14:00:35.894    app     info:    [server-manager] Downloaded 829.08 MiB/4.85 GiB at 564.37 kiB/s
2025-11-10 14:00:36.964    app     info:    [server-manager] Downloaded 829.74 MiB/4.85 GiB at 667.99 kiB/s
2025-11-10 14:00:38.034    app     info:    [server-manager] Downloaded 830.21 MiB/4.85 GiB at 434.11 kiB/s
2025-11-10 14:00:39.117    app     info:    [server-manager] Downloaded 830.77 MiB/4.85 GiB at 536.31 kiB/s
2025-11-10 14:00:40.218    app     info:    [server-manager] Downloaded 831.41 MiB/4.85 GiB at 545.45 kiB/s
2025-11-10 14:00:41.268    app     info:    [server-manager] Downloaded 831.92 MiB/4.85 GiB at 452.83 kiB/s
2025-11-10 14:00:42.319    app     info:    [server-manager] Downloaded 832.58 MiB/4.85 GiB at 633.96 kiB/s
2025-11-10 14:00:43.394    app     info:    [server-manager] Downloaded 832.96 MiB/4.85 GiB at 271.19 kiB/s
2025-11-10 14:00:44.446    app     info:    [server-manager] Downloaded 833.43 MiB/4.85 GiB at 568.57 kiB/s
2025-11-10 14:00:45.495    app     info:    [server-manager] Downloaded 833.89 MiB/4.85 GiB at 456.27 kiB/s
2025-11-10 14:00:46.585    app     info:    [server-manager] Downloaded 834.31 MiB/4.85 GiB at 357.39 kiB/s
2025-11-10 14:00:47.611    app     info:    [server-manager] Downloaded 834.80 MiB/4.85 GiB at 384.00 kiB/s
2025-11-10 14:00:48.645    app     info:    [server-manager] Downloaded 835.27 MiB/4.85 GiB at 458.02 kiB/s
2025-11-10 14:00:49.736    app     info:    [server-manager] Downloaded 835.77 MiB/4.85 GiB at 490.09 kiB/s
2025-11-10 14:00:50.768    app     info:    [server-manager] Downloaded 836.16 MiB/4.85 GiB at 340.95 kiB/s
2025-11-10 14:00:51.802    app     info:    [server-manager] Downloaded 836.58 MiB/4.85 GiB at 424.24 kiB/s
2025-11-10 14:00:52.836    app     info:    [server-manager] Downloaded 837.00 MiB/4.85 GiB at 254.47 kiB/s
2025-11-10 14:00:53.867    app     info:    [server-manager] Downloaded 837.41 MiB/4.85 GiB at 409.45 kiB/s
2025-11-10 14:00:54.918    app     info:    [server-manager] Downloaded 837.88 MiB/4.85 GiB at 411.01 kiB/s
2025-11-10 14:00:55.975    app     info:    [server-manager] Downloaded 838.42 MiB/4.85 GiB at 571.43 kiB/s
2025-11-10 14:00:57.007    app     info:    [server-manager] Downloaded 839.06 MiB/4.85 GiB at 658.82 kiB/s
2025-11-10 14:00:58.043    app     info:    [server-manager] Downloaded 839.55 MiB/4.85 GiB at 471.34 kiB/s
2025-11-10 14:00:59.059    app     info:    [server-manager] Downloaded 840.14 MiB/4.85 GiB at 603.17 kiB/s
2025-11-10 14:01:00.102    app     info:    [server-manager] Downloaded 840.72 MiB/4.85 GiB at 548.57 kiB/s
2025-11-10 14:01:01.134    app     info:    [server-manager] Downloaded 841.31 MiB/4.85 GiB at 573.32 kiB/s
2025-11-10 14:01:02.155    app     info:    [server-manager] Downloaded 841.97 MiB/4.85 GiB at 715.95 kiB/s
2025-11-10 14:01:03.195    app     info:    [server-manager] Downloaded 842.58 MiB/4.85 GiB at 534.08 kiB/s
2025-11-10 14:01:04.198    app     info:    [server-manager] Downloaded 843.11 MiB/4.85 GiB at 515.75 kiB/s
2025-11-10 14:01:05.254    app     info:    [server-manager] Downloaded 843.69 MiB/4.85 GiB at 582.22 kiB/s
2025-11-10 14:01:06.298    app     info:    [server-manager] Downloaded 844.38 MiB/4.85 GiB at 665.41 kiB/s
2025-11-10 14:01:07.422    app     info:    [server-manager] Downloaded 845.04 MiB/4.85 GiB at 671.76 kiB/s
2025-11-10 14:01:08.447    app     info:    [server-manager] Downloaded 845.43 MiB/4.85 GiB at 428.30 kiB/s
2025-11-10 14:01:09.516    app     info:    [server-manager] Downloaded 845.99 MiB/4.85 GiB at 524.59 kiB/s
2025-11-10 14:01:10.546    app     info:    [server-manager] Downloaded 846.46 MiB/4.85 GiB at 473.37 kiB/s
2025-11-10 14:01:11.582    app     info:    [server-manager] Downloaded 846.77 MiB/4.85 GiB at 127.74 kiB/s
2025-11-10 14:01:12.609    app     info:    [server-manager] Downloaded 847.29 MiB/4.85 GiB at 598.43 kiB/s
2025-11-10 14:01:13.672    app     info:    [server-manager] Downloaded 847.77 MiB/4.85 GiB at 492.31 kiB/s
2025-11-10 14:01:14.763    app     info:    [server-manager] Downloaded 848.24 MiB/4.85 GiB at 461.54 kiB/s
2025-11-10 14:01:15.809    app     info:    [server-manager] Downloaded 848.65 MiB/4.85 GiB at 364.33 kiB/s
2025-11-10 14:01:16.861    app     info:    [server-manager] Downloaded 849.06 MiB/4.85 GiB at 299.07 kiB/s
2025-11-10 14:01:17.920    app     info:    [server-manager] Downloaded 849.45 MiB/4.85 GiB at 331.45 kiB/s
2025-11-10 14:01:19.013    app     info:    [server-manager] Downloaded 849.77 MiB/4.85 GiB at 358.88 kiB/s
2025-11-10 14:01:20.043    app     info:    [server-manager] Downloaded 850.19 MiB/4.85 GiB at 437.74 kiB/s
2025-11-10 14:01:21.137    app     info:    [server-manager] Downloaded 850.61 MiB/4.85 GiB at 319.36 kiB/s
2025-11-10 14:01:22.182    app     info:    [server-manager] Downloaded 850.99 MiB/4.85 GiB at 319.36 kiB/s
2025-11-10 14:01:23.212    app     info:    [server-manager] Downloaded 851.39 MiB/4.85 GiB at 127.49 kiB/s
2025-11-10 14:01:24.237    app     info:    [server-manager] Downloaded 851.74 MiB/4.85 GiB at 383.23 kiB/s
2025-11-10 14:01:25.325    app     info:    [server-manager] Downloaded 852.16 MiB/4.85 GiB at 449.44 kiB/s
2025-11-10 14:01:26.360    app     info:    [server-manager] Downloaded 852.59 MiB/4.85 GiB at 544.00 kiB/s
2025-11-10 14:01:27.485    app     info:    [server-manager] Downloaded 852.95 MiB/4.85 GiB at 321.76 kiB/s
2025-11-10 14:01:28.539    app     info:    [server-manager] Downloaded 853.42 MiB/4.85 GiB at 434.11 kiB/s
2025-11-10 14:01:29.553    app     info:    [server-manager] Downloaded 853.84 MiB/4.85 GiB at 438.13 kiB/s
2025-11-10 14:01:30.581    app     info:    [server-manager] Downloaded 854.30 MiB/4.85 GiB at 458.02 kiB/s
2025-11-10 14:01:31.718    app     info:    [server-manager] Downloaded 854.70 MiB/4.85 GiB at 282.96 kiB/s
2025-11-10 14:01:32.796    app     info:    [server-manager] Downloaded 855.31 MiB/4.85 GiB at 495.45 kiB/s
2025-11-10 14:01:33.835    app     info:    [server-manager] Downloaded 855.83 MiB/4.85 GiB at 573.71 kiB/s
2025-11-10 14:01:34.851    app     info:    [server-manager] Downloaded 856.33 MiB/4.85 GiB at 361.96 kiB/s
2025-11-10 14:01:35.870    app     info:    [server-manager] Downloaded 856.87 MiB/4.85 GiB at 556.83 kiB/s
2025-11-10 14:01:36.911    app     info:    [server-manager] Downloaded 857.47 MiB/4.85 GiB at 657.94 kiB/s
2025-11-10 14:01:37.951    app     info:    [server-manager] Downloaded 858.06 MiB/4.85 GiB at 861.54 kiB/s
2025-11-10 14:01:39.052    app     info:    [server-manager] Downloaded 858.48 MiB/4.85 GiB at 373.83 kiB/s
2025-11-10 14:01:40.123    app     info:    [server-manager] Downloaded 859.11 MiB/4.85 GiB at 693.93 kiB/s
2025-11-10 14:01:41.189    app     info:    [server-manager] Downloaded 859.71 MiB/4.85 GiB at 95.81 kiB/s
2025-11-10 14:01:42.271    app     info:    [server-manager] Downloaded 860.30 MiB/4.85 GiB at 453.10 kiB/s
2025-11-10 14:01:43.428    app     info:    [server-manager] Downloaded 860.91 MiB/4.85 GiB at 523.24 kiB/s
2025-11-10 14:01:44.487    app     info:    [server-manager] Downloaded 861.52 MiB/4.85 GiB at 552.73 kiB/s
2025-11-10 14:01:45.560    app     info:    [server-manager] Downloaded 862.05 MiB/4.85 GiB at 548.06 kiB/s
2025-11-10 14:01:46.614    app     info:    [server-manager] Downloaded 862.64 MiB/4.85 GiB at 823.76 kiB/s
2025-11-10 14:01:47.632    app     info:    [server-manager] Downloaded 863.20 MiB/4.85 GiB at 446.27 kiB/s
2025-11-10 14:01:48.683    app     info:    [server-manager] Downloaded 863.71 MiB/4.85 GiB at 478.39 kiB/s
2025-11-10 14:01:49.702    app     info:    [server-manager] Downloaded 864.29 MiB/4.85 GiB at 564.71 kiB/s
2025-11-10 14:01:50.744    app     info:    [server-manager] Downloaded 864.86 MiB/4.85 GiB at 530.08 kiB/s
2025-11-10 14:01:51.766    app     info:    [server-manager] Downloaded 865.43 MiB/4.85 GiB at 541.83 kiB/s
2025-11-10 14:01:52.828    app     info:    [server-manager] Downloaded 865.92 MiB/4.85 GiB at 544.42 kiB/s
2025-11-10 14:01:53.829    app     info:    [server-manager] Downloaded 866.33 MiB/4.85 GiB at 190.10 kiB/s
2025-11-10 14:01:54.851    app     info:    [server-manager] Downloaded 866.84 MiB/4.85 GiB at 369.94 kiB/s
2025-11-10 14:01:55.896    app     info:    [server-manager] Downloaded 867.39 MiB/4.85 GiB at 455.90 kiB/s
2025-11-10 14:01:56.934    app     info:    [server-manager] Downloaded 867.91 MiB/4.85 GiB at 320.00 kiB/s
2025-11-10 14:01:57.952    app     info:    [server-manager] Downloaded 868.44 MiB/4.85 GiB at 286.85 kiB/s
2025-11-10 14:01:58.987    app     info:    [server-manager] Downloaded 869.00 MiB/4.85 GiB at 503.69 kiB/s
2025-11-10 14:02:00.012    app     info:    [server-manager] Downloaded 869.50 MiB/4.85 GiB at 510.98 kiB/s
2025-11-10 14:02:01.119    app     info:    [server-manager] Downloaded 870.03 MiB/4.85 GiB at 565.06 kiB/s
2025-11-10 14:02:02.184    app     info:    [server-manager] Downloaded 870.59 MiB/4.85 GiB at 661.00 kiB/s
2025-11-10 14:02:03.214    app     info:    [server-manager] Downloaded 871.14 MiB/4.85 GiB at 605.17 kiB/s
2025-11-10 14:02:04.297    app     info:    [server-manager] Downloaded 871.67 MiB/4.85 GiB at 507.94 kiB/s
2025-11-10 14:02:05.358    app     info:    [server-manager] Downloaded 872.23 MiB/4.85 GiB at 564.58 kiB/s
2025-11-10 14:02:06.416    app     info:    [server-manager] Downloaded 872.72 MiB/4.85 GiB at 508.41 kiB/s
2025-11-10 14:02:07.449    app     info:    [server-manager] Downloaded 873.25 MiB/4.85 GiB at 541.71 kiB/s
2025-11-10 14:02:08.482    app     info:    [server-manager] Downloaded 873.77 MiB/4.85 GiB at 573.58 kiB/s
2025-11-10 14:02:09.489    app     info:    [server-manager] Downloaded 874.30 MiB/4.85 GiB at 506.93 kiB/s
2025-11-10 14:02:10.512    app     info:    [server-manager] Downloaded 874.83 MiB/4.85 GiB at 544.00 kiB/s
2025-11-10 14:02:11.550    app     info:    [server-manager] Downloaded 875.32 MiB/4.85 GiB at 507.94 kiB/s
2025-11-10 14:02:12.582    app     info:    [server-manager] Downloaded 875.88 MiB/4.85 GiB at 534.38 kiB/s
2025-11-10 14:02:13.691    app     info:    [server-manager] Downloaded 876.42 MiB/4.85 GiB at 526.86 kiB/s
2025-11-10 14:02:14.708    app     info:    [server-manager] Downloaded 876.89 MiB/4.85 GiB at 381.71 kiB/s
2025-11-10 14:02:15.734    app     info:    [server-manager] Downloaded 877.55 MiB/4.85 GiB at 662.38 kiB/s
2025-11-10 14:02:16.761    app     info:    [server-manager] Downloaded 878.08 MiB/4.85 GiB at 461.54 kiB/s
2025-11-10 14:02:17.790    app     info:    [server-manager] Downloaded 878.69 MiB/4.85 GiB at 547.53 kiB/s
2025-11-10 14:02:18.827    app     info:    [server-manager] Downloaded 879.31 MiB/4.85 GiB at 601.98 kiB/s
2025-11-10 14:02:19.861    app     info:    [server-manager] Downloaded 880.05 MiB/4.85 GiB at 687.50 kiB/s
2025-11-10 14:02:20.900    app     info:    [server-manager] Downloaded 880.60 MiB/4.85 GiB at 557.06 kiB/s
2025-11-10 14:02:21.935    app     info:    [server-manager] Downloaded 881.14 MiB/4.85 GiB at 476.19 kiB/s
2025-11-10 14:02:22.952    app     info:    [server-manager] Downloaded 881.81 MiB/4.85 GiB at 620.16 kiB/s
2025-11-10 14:02:24.073    app     info:    [server-manager] Downloaded 882.49 MiB/4.85 GiB at 644.48 kiB/s
2025-11-10 14:02:25.114    app     info:    [server-manager] Downloaded 883.16 MiB/4.85 GiB at 636.36 kiB/s
2025-11-10 14:02:26.172    app     info:    [server-manager] Downloaded 883.91 MiB/4.85 GiB at 769.23 kiB/s
2025-11-10 14:02:27.198    app     info:    [server-manager] Downloaded 884.61 MiB/4.85 GiB at 643.68 kiB/s
2025-11-10 14:02:28.262    app     info:    [server-manager] Downloaded 885.16 MiB/4.85 GiB at 430.88 kiB/s
2025-11-10 14:02:29.310    app     info:    [server-manager] Downloaded 885.81 MiB/4.85 GiB at 687.75 kiB/s
2025-11-10 14:02:30.353    app     info:    [server-manager] Downloaded 886.52 MiB/4.85 GiB at 707.18 kiB/s
2025-11-10 14:02:31.385    app     info:    [server-manager] Downloaded 887.19 MiB/4.85 GiB at 796.81 kiB/s
2025-11-10 14:02:32.421    app     info:    [server-manager] Downloaded 887.88 MiB/4.85 GiB at 664.03 kiB/s
2025-11-10 14:02:33.450    app     info:    [server-manager] Downloaded 888.58 MiB/4.85 GiB at 704.98 kiB/s
2025-11-10 14:02:34.510    app     info:    [server-manager] Downloaded 889.27 MiB/4.85 GiB at 989.09 kiB/s
2025-11-10 14:02:35.513    app     info:    [server-manager] Downloaded 889.95 MiB/4.85 GiB at 1.05 MiB/s
2025-11-10 14:02:36.547    app     info:    [server-manager] Downloaded 890.63 MiB/4.85 GiB at 678.23 kiB/s
2025-11-10 14:02:37.611    app     info:    [server-manager] Downloaded 891.29 MiB/4.85 GiB at 610.69 kiB/s
2025-11-10 14:02:38.676    app     info:    [server-manager] Downloaded 891.95 MiB/4.85 GiB at 573.58 kiB/s
2025-11-10 14:02:39.697    app     info:    [server-manager] Downloaded 892.57 MiB/4.85 GiB at 625.00 kiB/s
2025-11-10 14:02:40.709    app     info:    [server-manager] Downloaded 893.22 MiB/4.85 GiB at 631.16 kiB/s
2025-11-10 14:02:41.735    app     info:    [server-manager] Downloaded 893.90 MiB/4.85 GiB at 728.71 kiB/s
2025-11-10 14:02:42.760    app     info:    [server-manager] Downloaded 894.47 MiB/4.85 GiB at 554.91 kiB/s
2025-11-10 14:02:43.804    app     info:    [server-manager] Downloaded 895.02 MiB/4.85 GiB at 431.60 kiB/s
2025-11-10 14:02:44.829    app     info:    [server-manager] Downloaded 895.60 MiB/4.85 GiB at 462.43 kiB/s
2025-11-10 14:02:45.885    app     info:    [server-manager] Downloaded 896.26 MiB/4.85 GiB at 565.06 kiB/s
2025-11-10 14:02:46.920    app     info:    [server-manager] Downloaded 896.87 MiB/4.85 GiB at 605.58 kiB/s
2025-11-10 14:02:47.980    app     info:    [server-manager] Downloaded 897.63 MiB/4.85 GiB at 798.17 kiB/s
2025-11-10 14:02:49.026    app     info:    [server-manager] Downloaded 898.19 MiB/4.85 GiB at 722.99 kiB/s
2025-11-10 14:02:50.046    app     info:    [server-manager] Downloaded 898.79 MiB/4.85 GiB at 570.30 kiB/s
2025-11-10 14:02:51.079    app     info:    [server-manager] Downloaded 899.46 MiB/4.85 GiB at 640.00 kiB/s
2025-11-10 14:02:52.139    app     info:    [server-manager] Downloaded 900.16 MiB/4.85 GiB at 579.05 kiB/s
2025-11-10 14:02:53.210    app     info:    [server-manager] Downloaded 900.82 MiB/4.85 GiB at 640.28 kiB/s
2025-11-10 14:02:54.244    app     info:    [server-manager] Downloaded 901.44 MiB/4.85 GiB at 629.92 kiB/s
2025-11-10 14:02:55.261    app     info:    [server-manager] Downloaded 902.04 MiB/4.85 GiB at 563.60 kiB/s
2025-11-10 14:02:56.295    app     info:    [server-manager] Downloaded 902.66 MiB/4.85 GiB at 607.21 kiB/s
2025-11-10 14:02:57.314    app     info:    [server-manager] Downloaded 903.24 MiB/4.85 GiB at 531.25 kiB/s
2025-11-10 14:02:58.335    app     info:    [server-manager] Downloaded 903.88 MiB/4.85 GiB at 447.11 kiB/s
2025-11-10 14:02:59.386    app     info:    [server-manager] Downloaded 904.49 MiB/4.85 GiB at 665.41 kiB/s
2025-11-10 14:03:00.389    app     info:    [server-manager] Downloaded 905.16 MiB/4.85 GiB at 352.00 kiB/s
2025-11-10 14:03:01.429    app     info:    [server-manager] Downloaded 905.89 MiB/4.85 GiB at 630.39 kiB/s
2025-11-10 14:03:02.451    app     info:    [server-manager] Downloaded 906.56 MiB/4.85 GiB at 669.26 kiB/s
2025-11-10 14:03:03.493    app     info:    [server-manager] Downloaded 907.06 MiB/4.85 GiB at 725.84 kiB/s
2025-11-10 14:03:04.520    app     info:    [server-manager] Downloaded 907.65 MiB/4.85 GiB at 572.50 kiB/s
2025-11-10 14:03:05.544    app     info:    [server-manager] Downloaded 908.27 MiB/4.85 GiB at 966.86 kiB/s
2025-11-10 14:03:06.544    app     info:    [server-manager] Downloaded 908.87 MiB/4.85 GiB at 896.00 kiB/s
2025-11-10 14:03:07.552    app     info:    [server-manager] Downloaded 909.46 MiB/4.85 GiB at 608.00 kiB/s
2025-11-10 14:03:08.580    app     info:    [server-manager] Downloaded 910.09 MiB/4.85 GiB at 671.76 kiB/s
2025-11-10 14:03:09.606    app     info:    [server-manager] Downloaded 910.66 MiB/4.85 GiB at 563.99 kiB/s
2025-11-10 14:03:10.673    app     info:    [server-manager] Downloaded 911.13 MiB/4.85 GiB at 650.65 kiB/s
2025-11-10 14:03:11.697    app     info:    [server-manager] Downloaded 911.78 MiB/4.85 GiB at 714.56 kiB/s
2025-11-10 14:03:12.769    app     info:    [server-manager] Downloaded 912.41 MiB/4.85 GiB at 698.41 kiB/s
2025-11-10 14:03:13.835    app     info:    [server-manager] Downloaded 913.11 MiB/4.85 GiB at 691.73 kiB/s
2025-11-10 14:03:14.898    app     info:    [server-manager] Downloaded 913.74 MiB/4.85 GiB at 284.02 kiB/s
2025-11-10 14:03:15.929    app     info:    [server-manager] Downloaded 914.32 MiB/4.85 GiB at 638.78 kiB/s
2025-11-10 14:03:16.958    app     info:    [server-manager] Downloaded 915.04 MiB/4.85 GiB at 736.83 kiB/s
2025-11-10 14:03:18.018    app     info:    [server-manager] Downloaded 915.66 MiB/4.85 GiB at 581.26 kiB/s
2025-11-10 14:03:19.065    app     info:    [server-manager] Downloaded 916.33 MiB/4.85 GiB at 697.03 kiB/s
2025-11-10 14:03:20.087    app     info:    [server-manager] Downloaded 917.03 MiB/4.85 GiB at 718.75 kiB/s
2025-11-10 14:03:21.127    app     info:    [server-manager] Downloaded 917.71 MiB/4.85 GiB at 701.20 kiB/s
2025-11-10 14:03:22.172    app     info:    [server-manager] Downloaded 918.36 MiB/4.85 GiB at 511.28 kiB/s
2025-11-10 14:03:23.242    app     info:    [server-manager] Downloaded 918.94 MiB/4.85 GiB at 607.59 kiB/s
2025-11-10 14:03:24.275    app     info:    [server-manager] Downloaded 919.45 MiB/4.85 GiB at 625.75 kiB/s
2025-11-10 14:03:25.278    app     info:    [server-manager] Downloaded 920.06 MiB/4.85 GiB at 593.75 kiB/s
2025-11-10 14:03:26.324    app     info:    [server-manager] Downloaded 920.64 MiB/4.85 GiB at 492.31 kiB/s
2025-11-10 14:03:27.328    app     info:    [server-manager] Downloaded 921.24 MiB/4.85 GiB at 288.00 kiB/s
2025-11-10 14:03:28.359    app     info:    [server-manager] Downloaded 921.87 MiB/4.85 GiB at 887.19 kiB/s
2025-11-10 14:03:29.369    app     info:    [server-manager] Downloaded 922.48 MiB/4.85 GiB at 664.03 kiB/s
2025-11-10 14:03:30.427    app     info:    [server-manager] Downloaded 922.98 MiB/4.85 GiB at 483.93 kiB/s
2025-11-10 14:03:31.448    app     info:    [server-manager] Downloaded 923.40 MiB/4.85 GiB at 433.27 kiB/s
2025-11-10 14:03:32.551    app     info:    [server-manager] Downloaded 923.96 MiB/4.85 GiB at 456.33 kiB/s
2025-11-10 14:03:33.615    app     info:    [server-manager] Downloaded 924.48 MiB/4.85 GiB at 365.71 kiB/s
2025-11-10 14:03:34.699    app     info:    [server-manager] Downloaded 924.96 MiB/4.85 GiB at 405.06 kiB/s
2025-11-10 14:03:35.763    app     info:    [server-manager] Downloaded 925.48 MiB/4.85 GiB at 396.19 kiB/s
2025-11-10 14:03:36.798    app     info:    [server-manager] Downloaded 926.04 MiB/4.85 GiB at 522.07 kiB/s
2025-11-10 14:03:37.869    app     info:    [server-manager] Downloaded 926.54 MiB/4.85 GiB at 430.11 kiB/s
2025-11-10 14:03:38.950    app     info:    [server-manager] Downloaded 927.07 MiB/4.85 GiB at 387.54 kiB/s
2025-11-10 14:03:39.979    app     info:    [server-manager] Downloaded 927.65 MiB/4.85 GiB at 568.22 kiB/s
2025-11-10 14:03:41.020    app     info:    [server-manager] Downloaded 928.26 MiB/4.85 GiB at 858.24 kiB/s
2025-11-10 14:03:42.060    app     info:    [server-manager] Downloaded 928.87 MiB/4.85 GiB at 534.32 kiB/s
2025-11-10 14:03:43.129    app     info:    [server-manager] Downloaded 929.46 MiB/4.85 GiB at 580.15 kiB/s
2025-11-10 14:03:44.149    app     info:    [server-manager] Downloaded 930.08 MiB/4.85 GiB at 682.51 kiB/s
2025-11-10 14:03:45.167    app     info:    [server-manager] Downloaded 930.73 MiB/4.85 GiB at 984.13 kiB/s
2025-11-10 14:03:46.186    app     info:    [server-manager] Downloaded 931.44 MiB/4.85 GiB at 755.91 kiB/s
2025-11-10 14:03:47.265    app     info:    [server-manager] Downloaded 932.14 MiB/4.85 GiB at 721.69 kiB/s
2025-11-10 14:03:48.285    app     info:    [server-manager] Downloaded 932.84 MiB/4.85 GiB at 1.02 MiB/s
2025-11-10 14:03:49.293    app     info:    [server-manager] Downloaded 933.43 MiB/4.85 GiB at 255.49 kiB/s
2025-11-10 14:03:50.336    app     info:    [server-manager] Downloaded 934.15 MiB/4.85 GiB at 382.47 kiB/s
2025-11-10 14:03:51.387    app     info:    [server-manager] Downloaded 934.83 MiB/4.85 GiB at 332.25 kiB/s
2025-11-10 14:03:52.423    app     info:    [server-manager] Downloaded 935.29 MiB/4.85 GiB at 166.58 kiB/s
2025-11-10 14:03:53.436    app     info:    [server-manager] Downloaded 935.92 MiB/4.85 GiB at 586.87 kiB/s
2025-11-10 14:03:54.481    app     info:    [server-manager] Downloaded 936.54 MiB/4.85 GiB at 626.07 kiB/s
2025-11-10 14:03:55.548    app     info:    [server-manager] Downloaded 937.26 MiB/4.85 GiB at 954.79 kiB/s
2025-11-10 14:03:56.554    app     info:    [server-manager] Downloaded 937.90 MiB/4.85 GiB at 653.39 kiB/s
2025-11-10 14:03:57.582    app     info:    [server-manager] Downloaded 938.54 MiB/4.85 GiB at 942.97 kiB/s
2025-11-10 14:03:58.606    app     info:    [server-manager] Downloaded 939.30 MiB/4.85 GiB at 761.20 kiB/s
2025-11-10 14:03:59.670    app     info:    [server-manager] Downloaded 939.95 MiB/4.85 GiB at 903.95 kiB/s
2025-11-10 14:04:00.682    app     info:    [server-manager] Downloaded 940.54 MiB/4.85 GiB at 477.14 kiB/s
2025-11-10 14:04:01.702    app     info:    [server-manager] Downloaded 941.18 MiB/4.85 GiB at 557.06 kiB/s
2025-11-10 14:04:02.736    app     info:    [server-manager] Downloaded 941.82 MiB/4.85 GiB at 623.78 kiB/s
2025-11-10 14:04:03.817    app     info:    [server-manager] Downloaded 942.47 MiB/4.85 GiB at 675.62 kiB/s
2025-11-10 14:04:04.842    app     info:    [server-manager] Downloaded 943.14 MiB/4.85 GiB at 629.92 kiB/s
2025-11-10 14:04:05.897    app     info:    [server-manager] Downloaded 943.81 MiB/4.85 GiB at 691.73 kiB/s
2025-11-10 14:04:06.951    app     info:    [server-manager] Downloaded 944.57 MiB/4.85 GiB at 693.03 kiB/s
2025-11-10 14:04:07.982    app     info:    [server-manager] Downloaded 945.22 MiB/4.85 GiB at 667.25 kiB/s
2025-11-10 14:04:09.018    app     info:    [server-manager] Downloaded 945.93 MiB/4.85 GiB at 715.95 kiB/s
2025-11-10 14:04:10.056    app     info:    [server-manager] Downloaded 946.57 MiB/4.85 GiB at 658.39 kiB/s
2025-11-10 14:04:11.083    app     info:    [server-manager] Downloaded 947.21 MiB/4.85 GiB at 673.04 kiB/s
2025-11-10 14:04:12.105    app     info:    [server-manager] Downloaded 947.96 MiB/4.85 GiB at 1,015.38 kiB/s
2025-11-10 14:04:13.113    app     info:    [server-manager] Downloaded 948.49 MiB/4.85 GiB at 189.72 kiB/s
2025-11-10 14:04:14.168    app     info:    [server-manager] Downloaded 949.20 MiB/4.85 GiB at 1.03 MiB/s
2025-11-10 14:04:15.180    app     info:    [server-manager] Downloaded 949.82 MiB/4.85 GiB at 687.50 kiB/s
2025-11-10 14:04:16.202    app     info:    [server-manager] Downloaded 950.48 MiB/4.85 GiB at 744.19 kiB/s
2025-11-10 14:04:17.242    app     info:    [server-manager] Downloaded 951.17 MiB/4.85 GiB at 633.96 kiB/s
2025-11-10 14:04:18.264    app     info:    [server-manager] Downloaded 951.85 MiB/4.85 GiB at 1.02 MiB/s
2025-11-10 14:04:19.275    app     info:    [server-manager] Downloaded 952.49 MiB/4.85 GiB at 653.70 kiB/s
2025-11-10 14:04:20.353    app     info:    [server-manager] Downloaded 953.08 MiB/4.85 GiB at 488.33 kiB/s
2025-11-10 14:04:21.359    app     info:    [server-manager] Downloaded 953.71 MiB/4.85 GiB at 699.20 kiB/s
2025-11-10 14:04:22.392    app     info:    [server-manager] Downloaded 954.35 MiB/4.85 GiB at 511.28 kiB/s
2025-11-10 14:04:23.463    app     info:    [server-manager] Downloaded 954.99 MiB/4.85 GiB at 657.14 kiB/s
2025-11-10 14:04:24.484    app     info:    [server-manager] Downloaded 955.63 MiB/4.85 GiB at 698.41 kiB/s
2025-11-10 14:04:25.547    app     info:    [server-manager] Downloaded 956.21 MiB/4.85 GiB at 600.38 kiB/s
2025-11-10 14:04:26.646    app     info:    [server-manager] Downloaded 956.81 MiB/4.85 GiB at 576.58 kiB/s
2025-11-10 14:04:27.713    app     info:    [server-manager] Downloaded 957.39 MiB/4.85 GiB at 546.76 kiB/s
2025-11-10 14:04:28.779    app     info:    [server-manager] Downloaded 958.02 MiB/4.85 GiB at 602.15 kiB/s
2025-11-10 14:04:29.834    app     info:    [server-manager] Downloaded 958.63 MiB/4.85 GiB at 637.45 kiB/s
2025-11-10 14:04:30.872    app     info:    [server-manager] Downloaded 959.27 MiB/4.85 GiB at 621.36 kiB/s
2025-11-10 14:04:31.902    app     info:    [server-manager] Downloaded 959.89 MiB/4.85 GiB at 597.25 kiB/s
2025-11-10 14:04:32.953    app     info:    [server-manager] Downloaded 960.47 MiB/4.85 GiB at 602.64 kiB/s
2025-11-10 14:04:33.970    app     info:    [server-manager] Downloaded 961.07 MiB/4.85 GiB at 694.20 kiB/s
2025-11-10 14:04:35.029    app     info:    [server-manager] Downloaded 961.64 MiB/4.85 GiB at 425.86 kiB/s
2025-11-10 14:04:36.108    app     info:    [server-manager] Downloaded 962.35 MiB/4.85 GiB at 698.08 kiB/s
2025-11-10 14:04:37.148    app     info:    [server-manager] Downloaded 963.05 MiB/4.85 GiB at 678.23 kiB/s
2025-11-10 14:04:38.182    app     info:    [server-manager] Downloaded 963.69 MiB/4.85 GiB at 722.99 kiB/s
2025-11-10 14:04:39.201    app     info:    [server-manager] Downloaded 964.45 MiB/4.85 GiB at 1.14 MiB/s
2025-11-10 14:04:40.207    app     info:    [server-manager] Downloaded 965.09 MiB/4.85 GiB at 680.85 kiB/s
2025-11-10 14:04:41.241    app     info:    [server-manager] Downloaded 965.76 MiB/4.85 GiB at 959.38 kiB/s
2025-11-10 14:04:42.264    app     info:    [server-manager] Downloaded 966.42 MiB/4.85 GiB at 580.15 kiB/s
2025-11-10 14:04:43.357    app     info:    [server-manager] Downloaded 967.12 MiB/4.85 GiB at 661.65 kiB/s
2025-11-10 14:04:44.378    app     info:    [server-manager] Downloaded 967.79 MiB/4.85 GiB at 709.06 kiB/s
2025-11-10 14:04:45.451    app     info:    [server-manager] Downloaded 968.48 MiB/4.85 GiB at 641.28 kiB/s
2025-11-10 14:04:46.454    app     info:    [server-manager] Downloaded 969.21 MiB/4.85 GiB at 416.00 kiB/s
2025-11-10 14:04:47.546    app     info:    [server-manager] Downloaded 969.84 MiB/4.85 GiB at 670.31 kiB/s
2025-11-10 14:04:48.550    app     info:    [server-manager] Downloaded 970.40 MiB/4.85 GiB at 561.40 kiB/s
2025-11-10 14:04:49.602    app     info:    [server-manager] Downloaded 971.06 MiB/4.85 GiB at 646.15 kiB/s
2025-11-10 14:04:50.620    app     info:    [server-manager] Downloaded 971.70 MiB/4.85 GiB at 717.13 kiB/s
2025-11-10 14:04:51.637    app     info:    [server-manager] Downloaded 972.28 MiB/4.85 GiB at 288.00 kiB/s
2025-11-10 14:04:52.671    app     info:    [server-manager] Downloaded 972.89 MiB/4.85 GiB at 592.85 kiB/s
2025-11-10 14:04:53.714    app     info:    [server-manager] Downloaded 973.50 MiB/4.85 GiB at 533.33 kiB/s
2025-11-10 14:04:54.774    app     info:    [server-manager] Downloaded 974.08 MiB/4.85 GiB at 537.31 kiB/s
2025-11-10 14:04:55.825    app     info:    [server-manager] Downloaded 974.66 MiB/4.85 GiB at 520.08 kiB/s
2025-11-10 14:04:56.856    app     info:    [server-manager] Downloaded 975.29 MiB/4.85 GiB at 579.05 kiB/s
2025-11-10 14:04:57.890    app     info:    [server-manager] Downloaded 975.88 MiB/4.85 GiB at 520.08 kiB/s
2025-11-10 14:04:58.917    app     info:    [server-manager] Downloaded 976.47 MiB/4.85 GiB at 564.71 kiB/s
2025-11-10 14:04:59.956    app     info:    [server-manager] Downloaded 977.08 MiB/4.85 GiB at 694.28 kiB/s
2025-11-10 14:05:00.987    app     info:    [server-manager] Downloaded 977.80 MiB/4.85 GiB at 1.10 MiB/s
2025-11-10 14:05:02.040    app     info:    [server-manager] Downloaded 978.41 MiB/4.85 GiB at 719.10 kiB/s
2025-11-10 14:05:03.084    app     info:    [server-manager] Downloaded 979.16 MiB/4.85 GiB at 732.82 kiB/s
2025-11-10 14:05:04.169    app     info:    [server-manager] Downloaded 979.79 MiB/4.85 GiB at 319.36 kiB/s
2025-11-10 14:05:05.197    app     info:    [server-manager] Downloaded 980.48 MiB/4.85 GiB at 708.39 kiB/s
2025-11-10 14:05:06.264    app     info:    [server-manager] Downloaded 981.15 MiB/4.85 GiB at 666.67 kiB/s
2025-11-10 14:05:07.295    app     info:    [server-manager] Downloaded 981.85 MiB/4.85 GiB at 772.20 kiB/s
2025-11-10 14:05:08.327    app     info:    [server-manager] Downloaded 982.57 MiB/4.85 GiB at 1,007.63 kiB/s
2025-11-10 14:05:09.351    app     info:    [server-manager] Downloaded 983.17 MiB/4.85 GiB at 614.20 kiB/s
2025-11-10 14:05:10.374    app     info:    [server-manager] Downloaded 983.82 MiB/4.85 GiB at 597.25 kiB/s
2025-11-10 14:05:11.436    app     info:    [server-manager] Downloaded 984.56 MiB/4.85 GiB at 313.11 kiB/s
2025-11-10 14:05:12.501    app     info:    [server-manager] Downloaded 985.25 MiB/4.85 GiB at 538.32 kiB/s
2025-11-10 14:05:13.533    app     info:    [server-manager] Downloaded 985.99 MiB/4.85 GiB at 768.35 kiB/s
2025-11-10 14:05:14.545    app     info:    [server-manager] Downloaded 986.68 MiB/4.85 GiB at 662.72 kiB/s
2025-11-10 14:05:15.634    app     info:    [server-manager] Downloaded 987.39 MiB/4.85 GiB at 696.86 kiB/s
2025-11-10 14:05:16.686    app     info:    [server-manager] Downloaded 988.07 MiB/4.85 GiB at 621.36 kiB/s
2025-11-10 14:05:17.732    app     info:    [server-manager] Downloaded 988.74 MiB/4.85 GiB at 607.21 kiB/s
2025-11-10 14:05:18.790    app     info:    [server-manager] Downloaded 989.35 MiB/4.85 GiB at 635.16 kiB/s
2025-11-10 14:05:19.821    app     info:    [server-manager] Downloaded 990.00 MiB/4.85 GiB at 737.04 kiB/s
2025-11-10 14:05:20.865    app     info:    [server-manager] Downloaded 990.63 MiB/4.85 GiB at 511.28 kiB/s
2025-11-10 14:05:21.920    app     info:    [server-manager] Downloaded 991.29 MiB/4.85 GiB at 352.00 kiB/s
2025-11-10 14:05:22.994    app     info:    [server-manager] Downloaded 991.96 MiB/4.85 GiB at 694.39 kiB/s
2025-11-10 14:05:24.052    app     info:    [server-manager] Downloaded 992.63 MiB/4.85 GiB at 600.38 kiB/s
2025-11-10 14:05:25.056    app     info:    [server-manager] Downloaded 993.40 MiB/4.85 GiB at 723.23 kiB/s
2025-11-10 14:05:26.084    app     info:    [server-manager] Downloaded 994.19 MiB/4.85 GiB at 818.90 kiB/s
2025-11-10 14:05:27.110    app     info:    [server-manager] Downloaded 994.97 MiB/4.85 GiB at 457.80 kiB/s
2025-11-10 14:05:28.212    app     info:    [server-manager] Downloaded 995.80 MiB/4.85 GiB at 819.76 kiB/s
2025-11-10 14:05:29.223    app     info:    [server-manager] Downloaded 996.50 MiB/4.85 GiB at 699.80 kiB/s
2025-11-10 14:05:30.257    app     info:    [server-manager] Downloaded 997.12 MiB/4.85 GiB at 509.66 kiB/s
2025-11-10 14:05:31.288    app     info:    [server-manager] Downloaded 997.86 MiB/4.85 GiB at 622.57 kiB/s
2025-11-10 14:05:32.307    app     info:    [server-manager] Downloaded 998.58 MiB/4.85 GiB at 799.46 kiB/s
2025-11-10 14:05:33.338    app     info:    [server-manager] Downloaded 999.29 MiB/4.85 GiB at 778.21 kiB/s
2025-11-10 14:05:34.393    app     info:    [server-manager] Downloaded 1,000.07 MiB/4.85 GiB at 1.11 MiB/s
2025-11-10 14:05:35.403    app     info:    [server-manager] Downloaded 1,000.79 MiB/4.85 GiB at 720.16 kiB/s
2025-11-10 14:05:36.421    app     info:    [server-manager] Downloaded 1,001.49 MiB/4.85 GiB at 730.16 kiB/s
2025-11-10 14:05:37.429    app     info:    [server-manager] Downloaded 1,002.27 MiB/4.85 GiB at 798.40 kiB/s
2025-11-10 14:05:38.460    app     info:    [server-manager] Downloaded 1,003.02 MiB/4.85 GiB at 785.85 kiB/s
2025-11-10 14:05:39.506    app     info:    [server-manager] Downloaded 1,003.76 MiB/4.85 GiB at 631.58 kiB/s
2025-11-10 14:05:40.516    app     info:    [server-manager] Downloaded 1,004.56 MiB/4.85 GiB at 691.55 kiB/s
2025-11-10 14:05:41.575    app     info:    [server-manager] Downloaded 1,005.31 MiB/4.85 GiB at 1.07 MiB/s
2025-11-10 14:05:42.586    app     info:    [server-manager] Downloaded 1,006.16 MiB/4.85 GiB at 817.29 kiB/s
2025-11-10 14:05:43.644    app     info:    [server-manager] Downloaded 1,006.84 MiB/4.85 GiB at 707.21 kiB/s
2025-11-10 14:05:44.648    app     info:    [server-manager] Downloaded 1,007.50 MiB/4.85 GiB at 574.85 kiB/s
2025-11-10 14:05:45.687    app     info:    [server-manager] Downloaded 1,008.28 MiB/4.85 GiB at 775.19 kiB/s
2025-11-10 14:05:46.709    app     info:    [server-manager] Downloaded 1,008.99 MiB/4.85 GiB at 256.92 kiB/s
2025-11-10 14:05:47.732    app     info:    [server-manager] Downloaded 1,009.75 MiB/4.85 GiB at 697.73 kiB/s
2025-11-10 14:05:48.776    app     info:    [server-manager] Downloaded 1,010.42 MiB/4.85 GiB at 757.40 kiB/s
2025-11-10 14:05:49.825    app     info:    [server-manager] Downloaded 1,011.20 MiB/4.85 GiB at 739.88 kiB/s
2025-11-10 14:05:50.858    app     info:    [server-manager] Downloaded 1,011.87 MiB/4.85 GiB at 756.14 kiB/s
2025-11-10 14:05:51.883    app     info:    [server-manager] Downloaded 1,012.57 MiB/4.85 GiB at 585.74 kiB/s
2025-11-10 14:05:52.967    app     info:    [server-manager] Downloaded 1,013.32 MiB/4.85 GiB at 716.42 kiB/s
2025-11-10 14:05:54.012    app     info:    [server-manager] Downloaded 1,014.04 MiB/4.85 GiB at 683.50 kiB/s
2025-11-10 14:05:55.047    app     info:    [server-manager] Downloaded 1,014.76 MiB/4.85 GiB at 695.65 kiB/s
2025-11-10 14:05:56.055    app     info:    [server-manager] Downloaded 1,015.53 MiB/4.85 GiB at 797.59 kiB/s
2025-11-10 14:05:57.114    app     info:    [server-manager] Downloaded 1,016.22 MiB/4.85 GiB at 352.00 kiB/s
2025-11-10 14:05:58.180    app     info:    [server-manager] Downloaded 1,016.89 MiB/4.85 GiB at 699.45 kiB/s
2025-11-10 14:05:59.277    app     info:    [server-manager] Downloaded 1,017.58 MiB/4.85 GiB at 602.31 kiB/s
2025-11-10 14:06:00.332    app     info:    [server-manager] Downloaded 1,018.28 MiB/4.85 GiB at 781.25 kiB/s
2025-11-10 14:06:01.359    app     info:    [server-manager] Downloaded 1,019.01 MiB/4.85 GiB at 709.06 kiB/s
2025-11-10 14:06:02.418    app     info:    [server-manager] Downloaded 1,019.70 MiB/4.85 GiB at 946.93 kiB/s
2025-11-10 14:06:03.432    app     info:    [server-manager] Downloaded 1,020.36 MiB/4.85 GiB at 692.91 kiB/s
2025-11-10 14:06:04.451    app     info:    [server-manager] Downloaded 1,021.06 MiB/4.85 GiB at 731.61 kiB/s
2025-11-10 14:06:05.483    app     info:    [server-manager] Downloaded 1,021.75 MiB/4.85 GiB at 699.83 kiB/s
2025-11-10 14:06:06.539    app     info:    [server-manager] Downloaded 1,022.44 MiB/4.85 GiB at 624.54 kiB/s
2025-11-10 14:06:07.554    app     info:    [server-manager] Downloaded 1,023.08 MiB/4.85 GiB at 563.60 kiB/s
2025-11-10 14:06:08.624    app     info:    [server-manager] Downloaded 1,023.81 MiB/4.85 GiB at 705.47 kiB/s
2025-11-10 14:06:09.683    app     info:    [server-manager] Downloaded 1.00 GiB/4.85 GiB at 761.90 kiB/s
2025-11-10 14:06:10.698    app     info:    [server-manager] Downloaded 1.00 GiB/4.85 GiB at 499.03 kiB/s
2025-11-10 14:06:11.732    app     info:    [server-manager] Downloaded 1.00 GiB/4.85 GiB at 763.36 kiB/s
2025-11-10 14:06:12.737    app     info:    [server-manager] Downloaded 1.00 GiB/4.85 GiB at 758.00 kiB/s
2025-11-10 14:06:13.774    app     info:    [server-manager] Downloaded 1.00 GiB/4.85 GiB at 763.42 kiB/s
2025-11-10 14:06:14.788    app     info:    [server-manager] Downloaded 1.00 GiB/4.85 GiB at 722.28 kiB/s
2025-11-10 14:06:15.797    app     info:    [server-manager] Downloaded 1.00 GiB/4.85 GiB at 634.92 kiB/s
2025-11-10 14:06:16.828    app     info:    [server-manager] Downloaded 1.01 GiB/4.85 GiB at 734.53 kiB/s
2025-11-10 14:06:17.899    app     info:    [server-manager] Downloaded 1.01 GiB/4.85 GiB at 769.23 kiB/s
2025-11-10 14:06:18.905    app     info:    [server-manager] Downloaded 1.01 GiB/4.85 GiB at 637.45 kiB/s
2025-11-10 14:06:19.918    app     info:    [server-manager] Downloaded 1.01 GiB/4.85 GiB at 576.00 kiB/s
2025-11-10 14:06:20.950    app     info:    [server-manager] Downloaded 1.01 GiB/4.85 GiB at 1.19 MiB/s
2025-11-10 14:06:21.967    app     info:    [server-manager] Downloaded 1.01 GiB/4.85 GiB at 837.15 kiB/s
2025-11-10 14:06:23.002    app     info:    [server-manager] Downloaded 1.01 GiB/4.85 GiB at 815.09 kiB/s
2025-11-10 14:06:24.043    app     info:    [server-manager] Downloaded 1.01 GiB/4.85 GiB at 784.31 kiB/s
2025-11-10 14:06:25.060    app     info:    [server-manager] Downloaded 1.01 GiB/4.85 GiB at 1.34 MiB/s
2025-11-10 14:06:26.091    app     info:    [server-manager] Downloaded 1.01 GiB/4.85 GiB at 883.81 kiB/s
2025-11-10 14:06:27.138    app     info:    [server-manager] Downloaded 1.01 GiB/4.85 GiB at 919.54 kiB/s
2025-11-10 14:06:28.180    app     info:    [server-manager] Downloaded 1.01 GiB/4.85 GiB at 666.67 kiB/s
2025-11-10 14:06:29.219    app     info:    [server-manager] Downloaded 1.01 GiB/4.85 GiB at 941.07 kiB/s
2025-11-10 14:06:30.239    app     info:    [server-manager] Downloaded 1.02 GiB/4.85 GiB at 470.00 kiB/s
2025-11-10 14:06:31.274    app     info:    [server-manager] Downloaded 1.02 GiB/4.85 GiB at 842.11 kiB/s
2025-11-10 14:06:32.294    app     info:    [server-manager] Downloaded 1.02 GiB/4.85 GiB at 507.94 kiB/s
2025-11-10 14:06:33.302    app     info:    [server-manager] Downloaded 1.02 GiB/4.85 GiB at 958.91 kiB/s
2025-11-10 14:06:34.326    app     info:    [server-manager] Downloaded 1.02 GiB/4.85 GiB at 807.77 kiB/s
2025-11-10 14:06:35.370    app     info:    [server-manager] Downloaded 1.02 GiB/4.85 GiB at 946.75 kiB/s
2025-11-10 14:06:36.427    app     info:    [server-manager] Downloaded 1.02 GiB/4.85 GiB at 824.77 kiB/s
2025-11-10 14:06:37.459    app     info:    [server-manager] Downloaded 1.02 GiB/4.85 GiB at 968.21 kiB/s
2025-11-10 14:06:38.492    app     info:    [server-manager] Downloaded 1.02 GiB/4.85 GiB at 900.52 kiB/s
2025-11-10 14:06:39.514    app     info:    [server-manager] Downloaded 1.02 GiB/4.85 GiB at 742.75 kiB/s
2025-11-10 14:06:40.533    app     info:    [server-manager] Downloaded 1.02 GiB/4.85 GiB at 853.33 kiB/s
2025-11-10 14:06:41.550    app     info:    [server-manager] Downloaded 1.02 GiB/4.85 GiB at 1.29 MiB/s
2025-11-10 14:06:42.571    app     info:    [server-manager] Downloaded 1.03 GiB/4.85 GiB at 864.86 kiB/s
2025-11-10 14:06:43.625    app     info:    [server-manager] Downloaded 1.03 GiB/4.85 GiB at 862.45 kiB/s
2025-11-10 14:06:44.642    app     info:    [server-manager] Downloaded 1.03 GiB/4.85 GiB at 480.00 kiB/s
2025-11-10 14:06:45.645    app     info:    [server-manager] Downloaded 1.03 GiB/4.85 GiB at 960.00 kiB/s
2025-11-10 14:06:46.672    app     info:    [server-manager] Downloaded 1.03 GiB/4.85 GiB at 949.55 kiB/s
2025-11-10 14:06:47.707    app     info:    [server-manager] Downloaded 1.03 GiB/4.85 GiB at 855.10 kiB/s
2025-11-10 14:06:48.744    app     info:    [server-manager] Downloaded 1.03 GiB/4.85 GiB at 312.50 kiB/s
2025-11-10 14:06:49.781    app     info:    [server-manager] Downloaded 1.03 GiB/4.85 GiB at 838.83 kiB/s
2025-11-10 14:06:50.798    app     info:    [server-manager] Downloaded 1.03 GiB/4.85 GiB at 830.34 kiB/s
2025-11-10 14:06:51.811    app     info:    [server-manager] Downloaded 1.03 GiB/4.85 GiB at 830.34 kiB/s
2025-11-10 14:06:52.851    app     info:    [server-manager] Downloaded 1.03 GiB/4.85 GiB at 917.78 kiB/s
2025-11-10 14:06:53.888    app     info:    [server-manager] Downloaded 1.03 GiB/4.85 GiB at 723.08 kiB/s
2025-11-10 14:06:54.897    app     info:    [server-manager] Downloaded 1.04 GiB/4.85 GiB at 795.23 kiB/s
2025-11-10 14:06:55.920    app     info:    [server-manager] Downloaded 1.04 GiB/4.85 GiB at 801.54 kiB/s
2025-11-10 14:06:56.961    app     info:    [server-manager] Downloaded 1.04 GiB/4.85 GiB at 690.43 kiB/s
2025-11-10 14:06:57.998    app     info:    [server-manager] Downloaded 1.04 GiB/4.85 GiB at 1.19 MiB/s
2025-11-10 14:06:59.034    app     info:    [server-manager] Downloaded 1.04 GiB/4.85 GiB at 952.02 kiB/s
2025-11-10 14:07:00.044    app     info:    [server-manager] Downloaded 1.04 GiB/4.85 GiB at 866.68 kiB/s
2025-11-10 14:07:01.044    app     info:    [server-manager] Downloaded 1.04 GiB/4.85 GiB at 1.16 MiB/s
2025-11-10 14:07:02.049    app     info:    [server-manager] Downloaded 1.04 GiB/4.85 GiB at 952.38 kiB/s
2025-11-10 14:07:03.059    app     info:    [server-manager] Downloaded 1.04 GiB/4.85 GiB at 853.75 kiB/s
2025-11-10 14:07:04.111    app     info:    [server-manager] Downloaded 1.04 GiB/4.85 GiB at 1.24 MiB/s
2025-11-10 14:07:05.119    app     info:    [server-manager] Downloaded 1.04 GiB/4.85 GiB at 913.61 kiB/s
2025-11-10 14:07:06.155    app     info:    [server-manager] Downloaded 1.04 GiB/4.85 GiB at 958.08 kiB/s
2025-11-10 14:07:07.233    app     info:    [server-manager] Downloaded 1.05 GiB/4.85 GiB at 908.42 kiB/s
2025-11-10 14:07:08.264    app     info:    [server-manager] Downloaded 1.05 GiB/4.85 GiB at 863.20 kiB/s
2025-11-10 14:07:09.268    app     info:    [server-manager] Downloaded 1.05 GiB/4.85 GiB at 830.34 kiB/s
2025-11-10 14:07:10.284    app     info:    [server-manager] Downloaded 1.05 GiB/4.85 GiB at 855.45 kiB/s
2025-11-10 14:07:11.305    app     info:    [server-manager] Downloaded 1.05 GiB/4.85 GiB at 801.92 kiB/s
2025-11-10 14:07:12.327    app     info:    [server-manager] Downloaded 1.05 GiB/4.85 GiB at 862.45 kiB/s
2025-11-10 14:07:13.360    app     info:    [server-manager] Downloaded 1.05 GiB/4.85 GiB at 1.21 MiB/s
2025-11-10 14:07:14.368    app     info:    [server-manager] Downloaded 1.05 GiB/4.85 GiB at 1.34 MiB/s
2025-11-10 14:07:15.383    app     info:    [server-manager] Downloaded 1.05 GiB/4.85 GiB at 803.09 kiB/s
2025-11-10 14:07:16.426    app     info:    [server-manager] Downloaded 1.05 GiB/4.85 GiB at 1.13 MiB/s
2025-11-10 14:07:17.465    app     info:    [server-manager] Downloaded 1.05 GiB/4.85 GiB at 893.85 kiB/s
2025-11-10 14:07:18.495    app     info:    [server-manager] Downloaded 1.05 GiB/4.85 GiB at 843.75 kiB/s
2025-11-10 14:07:19.520    app     info:    [server-manager] Downloaded 1.06 GiB/4.85 GiB at 944.88 kiB/s
2025-11-10 14:07:20.574    app     info:    [server-manager] Downloaded 1.06 GiB/4.85 GiB at 863.51 kiB/s
2025-11-10 14:07:21.597    app     info:    [server-manager] Downloaded 1.06 GiB/4.85 GiB at 864.00 kiB/s
2025-11-10 14:07:22.618    app     info:    [server-manager] Downloaded 1.06 GiB/4.85 GiB at 862.28 kiB/s
2025-11-10 14:07:23.622    app     info:    [server-manager] Downloaded 1.06 GiB/4.85 GiB at 830.34 kiB/s
2025-11-10 14:07:24.686    app     info:    [server-manager] Downloaded 1.06 GiB/4.85 GiB at 821.29 kiB/s
2025-11-10 14:07:25.736    app     info:    [server-manager] Downloaded 1.06 GiB/4.85 GiB at 1.11 MiB/s
2025-11-10 14:07:26.768    app     info:    [server-manager] Downloaded 1.06 GiB/4.85 GiB at 1.13 MiB/s
2025-11-10 14:07:27.775    app     info:    [server-manager] Downloaded 1.06 GiB/4.85 GiB at 701.20 kiB/s
2025-11-10 14:07:28.852    app     info:    [server-manager] Downloaded 1.06 GiB/4.85 GiB at 684.88 kiB/s
2025-11-10 14:07:29.897    app     info:    [server-manager] Downloaded 1.06 GiB/4.85 GiB at 573.58 kiB/s
2025-11-10 14:07:30.932    app     info:    [server-manager] Downloaded 1.06 GiB/4.85 GiB at 1.19 MiB/s
2025-11-10 14:07:31.939    app     info:    [server-manager] Downloaded 1.06 GiB/4.85 GiB at 351.30 kiB/s
2025-11-10 14:07:32.964    app     info:    [server-manager] Downloaded 1.07 GiB/4.85 GiB at 848.72 kiB/s
2025-11-10 14:07:33.989    app     info:    [server-manager] Downloaded 1.07 GiB/4.85 GiB at 861.54 kiB/s
2025-11-10 14:07:35.016    app     info:    [server-manager] Downloaded 1.07 GiB/4.85 GiB at 854.52 kiB/s
2025-11-10 14:07:36.046    app     info:    [server-manager] Downloaded 1.07 GiB/4.85 GiB at 738.46 kiB/s
2025-11-10 14:07:37.059    app     info:    [server-manager] Downloaded 1.07 GiB/4.85 GiB at 790.51 kiB/s
2025-11-10 14:07:38.076    app     info:    [server-manager] Downloaded 1.07 GiB/4.85 GiB at 448.00 kiB/s
2025-11-10 14:07:39.108    app     info:    [server-manager] Downloaded 1.07 GiB/4.85 GiB at 384.00 kiB/s
2025-11-10 14:07:40.140    app     info:    [server-manager] Downloaded 1.07 GiB/4.85 GiB at 1.18 MiB/s
2025-11-10 14:07:41.157    app     info:    [server-manager] Downloaded 1.07 GiB/4.85 GiB at 801.54 kiB/s
2025-11-10 14:07:42.203    app     info:    [server-manager] Downloaded 1.07 GiB/4.85 GiB at 691.73 kiB/s
2025-11-10 14:07:43.234    app     info:    [server-manager] Downloaded 1.07 GiB/4.85 GiB at 1.11 MiB/s
2025-11-10 14:07:44.243    app     info:    [server-manager] Downloaded 1.07 GiB/4.85 GiB at 649.55 kiB/s
2025-11-10 14:07:45.268    app     info:    [server-manager] Downloaded 1.07 GiB/4.85 GiB at 1.13 MiB/s
2025-11-10 14:07:46.295    app     info:    [server-manager] Downloaded 1.08 GiB/4.85 GiB at 754.72 kiB/s
2025-11-10 14:07:47.387    app     info:    [server-manager] Downloaded 1.08 GiB/4.85 GiB at 725.98 kiB/s
2025-11-10 14:07:48.399    app     info:    [server-manager] Downloaded 1.08 GiB/4.85 GiB at 939.33 kiB/s
2025-11-10 14:07:49.409    app     info:    [server-manager] Downloaded 1.08 GiB/4.85 GiB at 798.40 kiB/s
2025-11-10 14:07:50.428    app     info:    [server-manager] Downloaded 1.08 GiB/4.85 GiB at 598.43 kiB/s
2025-11-10 14:07:51.458    app     info:    [server-manager] Downloaded 1.08 GiB/4.85 GiB at 661.42 kiB/s
2025-11-10 14:07:52.492    app     info:    [server-manager] Downloaded 1.08 GiB/4.85 GiB at 1.16 MiB/s
2025-11-10 14:07:53.516    app     info:    [server-manager] Downloaded 1.08 GiB/4.85 GiB at 800.00 kiB/s
2025-11-10 14:07:54.582    app     info:    [server-manager] Downloaded 1.08 GiB/4.85 GiB at 742.75 kiB/s
2025-11-10 14:07:55.598    app     info:    [server-manager] Downloaded 1.08 GiB/4.85 GiB at 715.95 kiB/s
2025-11-10 14:07:56.618    app     info:    [server-manager] Downloaded 1.08 GiB/4.85 GiB at 760.40 kiB/s
2025-11-10 14:07:57.639    app     info:    [server-manager] Downloaded 1.08 GiB/4.85 GiB at 709.06 kiB/s
2025-11-10 14:07:58.669    app     info:    [server-manager] Downloaded 1.08 GiB/4.85 GiB at 799.99 kiB/s
2025-11-10 14:07:59.681    app     info:    [server-manager] Downloaded 1.09 GiB/4.85 GiB at 828.69 kiB/s
2025-11-10 14:08:00.720    app     info:    [server-manager] Downloaded 1.09 GiB/4.85 GiB at 682.17 kiB/s
2025-11-10 14:08:01.736    app     info:    [server-manager] Downloaded 1.09 GiB/4.85 GiB at 878.75 kiB/s
2025-11-10 14:08:02.774    app     info:    [server-manager] Downloaded 1.09 GiB/4.85 GiB at 810.92 kiB/s
2025-11-10 14:08:03.803    app     info:    [server-manager] Downloaded 1.09 GiB/4.85 GiB at 785.85 kiB/s
2025-11-10 14:08:04.852    app     info:    [server-manager] Downloaded 1.09 GiB/4.85 GiB at 874.32 kiB/s
2025-11-10 14:08:05.880    app     info:    [server-manager] Downloaded 1.09 GiB/4.85 GiB at 727.27 kiB/s
2025-11-10 14:08:06.919    app     info:    [server-manager] Downloaded 1.09 GiB/4.85 GiB at 1.14 MiB/s
2025-11-10 14:08:07.933    app     info:    [server-manager] Downloaded 1.09 GiB/4.85 GiB at 825.40 kiB/s
2025-11-10 14:08:08.968    app     info:    [server-manager] Downloaded 1.09 GiB/4.85 GiB at 793.89 kiB/s
2025-11-10 14:08:10.025    app     info:    [server-manager] Downloaded 1.09 GiB/4.85 GiB at 595.90 kiB/s
2025-11-10 14:08:11.076    app     info:    [server-manager] Downloaded 1.09 GiB/4.85 GiB at 791.21 kiB/s
2025-11-10 14:08:12.110    app     info:    [server-manager] Downloaded 1.09 GiB/4.85 GiB at 1.13 MiB/s
2025-11-10 14:08:13.115    app     info:    [server-manager] Downloaded 1.10 GiB/4.85 GiB at 446.98 kiB/s
2025-11-10 14:08:14.144    app     info:    [server-manager] Downloaded 1.10 GiB/4.85 GiB at 941.18 kiB/s
2025-11-10 14:08:15.177    app     info:    [server-manager] Downloaded 1.10 GiB/4.85 GiB at 912.78 kiB/s
2025-11-10 14:08:16.234    app     info:    [server-manager] Downloaded 1.10 GiB/4.85 GiB at 764.82 kiB/s
2025-11-10 14:08:17.267    app     info:    [server-manager] Downloaded 1.10 GiB/4.85 GiB at 869.04 kiB/s
2025-11-10 14:08:18.294    app     info:    [server-manager] Downloaded 1.10 GiB/4.85 GiB at 409.45 kiB/s
2025-11-10 14:08:19.309    app     info:    [server-manager] Downloaded 1.10 GiB/4.85 GiB at 682.59 kiB/s
2025-11-10 14:08:20.347    app     info:    [server-manager] Downloaded 1.10 GiB/4.85 GiB at 846.31 kiB/s
2025-11-10 14:08:21.358    app     info:    [server-manager] Downloaded 1.10 GiB/4.85 GiB at 909.80 kiB/s
2025-11-10 14:08:22.374    app     info:    [server-manager] Downloaded 1.10 GiB/4.85 GiB at 803.61 kiB/s
2025-11-10 14:08:23.390    app     info:    [server-manager] Downloaded 1.10 GiB/4.85 GiB at 840.47 kiB/s
2025-11-10 14:08:24.460    app     info:    [server-manager] Downloaded 1.10 GiB/4.85 GiB at 761.18 kiB/s
2025-11-10 14:08:25.483    app     info:    [server-manager] Downloaded 1.11 GiB/4.85 GiB at 892.31 kiB/s
2025-11-10 14:08:26.514    app     info:    [server-manager] Downloaded 1.11 GiB/4.85 GiB at 832.37 kiB/s
2025-11-10 14:08:27.545    app     info:    [server-manager] Downloaded 1.11 GiB/4.85 GiB at 917.00 kiB/s
2025-11-10 14:08:28.574    app     info:    [server-manager] Downloaded 1.11 GiB/4.85 GiB at 443.56 kiB/s
2025-11-10 14:08:29.622    app     info:    [server-manager] Downloaded 1.11 GiB/4.85 GiB at 1.01 MiB/s
2025-11-10 14:08:30.641    app     info:    [server-manager] Downloaded 1.11 GiB/4.85 GiB at 902.72 kiB/s
2025-11-10 14:08:31.672    app     info:    [server-manager] Downloaded 1.11 GiB/4.85 GiB at 838.83 kiB/s
2025-11-10 14:08:32.703    app     info:    [server-manager] Downloaded 1.11 GiB/4.85 GiB at 817.45 kiB/s
2025-11-10 14:08:33.742    app     info:    [server-manager] Downloaded 1.11 GiB/4.85 GiB at 1,000.00 kiB/s
2025-11-10 14:08:34.789    app     info:    [server-manager] Downloaded 1.11 GiB/4.85 GiB at 987.52 kiB/s
2025-11-10 14:08:35.826    app     info:    [server-manager] Downloaded 1.11 GiB/4.85 GiB at 1.27 MiB/s
2025-11-10 14:08:36.831    app     info:    [server-manager] Downloaded 1.12 GiB/4.85 GiB at 1.04 MiB/s
2025-11-10 14:08:37.859    app     info:    [server-manager] Downloaded 1.12 GiB/4.85 GiB at 858.24 kiB/s
2025-11-10 14:08:38.890    app     info:    [server-manager] Downloaded 1.12 GiB/4.85 GiB at 897.49 kiB/s
2025-11-10 14:08:39.902    app     info:    [server-manager] Downloaded 1.12 GiB/4.85 GiB at 447.11 kiB/s
2025-11-10 14:08:40.953    app     info:    [server-manager] Downloaded 1.12 GiB/4.85 GiB at 930.58 kiB/s
2025-11-10 14:08:41.977    app     info:    [server-manager] Downloaded 1.12 GiB/4.85 GiB at 930.23 kiB/s
2025-11-10 14:08:43.027    app     info:    [server-manager] Downloaded 1.12 GiB/4.85 GiB at 803.09 kiB/s
2025-11-10 14:08:44.052    app     info:    [server-manager] Downloaded 1.12 GiB/4.85 GiB at 881.89 kiB/s
2025-11-10 14:08:45.094    app     info:    [server-manager] Downloaded 1.12 GiB/4.85 GiB at 957.53 kiB/s
2025-11-10 14:08:46.109    app     info:    [server-manager] Downloaded 1.12 GiB/4.85 GiB at 1.04 MiB/s
2025-11-10 14:08:47.114    app     info:    [server-manager] Downloaded 1.12 GiB/4.85 GiB at 768.00 kiB/s
2025-11-10 14:08:48.172    app     info:    [server-manager] Downloaded 1.12 GiB/4.85 GiB at 704.00 kiB/s
2025-11-10 14:08:49.212    app     info:    [server-manager] Downloaded 1.13 GiB/4.85 GiB at 953.45 kiB/s
2025-11-10 14:08:50.246    app     info:    [server-manager] Downloaded 1.13 GiB/4.85 GiB at 764.94 kiB/s
2025-11-10 14:08:51.269    app     info:    [server-manager] Downloaded 1.13 GiB/4.85 GiB at 928.64 kiB/s
2025-11-10 14:08:52.327    app     info:    [server-manager] Downloaded 1.13 GiB/4.85 GiB at 941.99 kiB/s
2025-11-10 14:08:53.376    app     info:    [server-manager] Downloaded 1.13 GiB/4.85 GiB at 864.06 kiB/s
2025-11-10 14:08:54.397    app     info:    [server-manager] Downloaded 1.13 GiB/4.85 GiB at 920.63 kiB/s
2025-11-10 14:08:55.432    app     info:    [server-manager] Downloaded 1.13 GiB/4.85 GiB at 1,003.80 kiB/s
2025-11-10 14:08:56.454    app     info:    [server-manager] Downloaded 1.13 GiB/4.85 GiB at 990.33 kiB/s
2025-11-10 14:08:57.474    app     info:    [server-manager] Downloaded 1.13 GiB/4.85 GiB at 972.55 kiB/s
2025-11-10 14:08:58.486    app     info:    [server-manager] Downloaded 1.13 GiB/4.85 GiB at 317.46 kiB/s
2025-11-10 14:08:59.516    app     info:    [server-manager] Downloaded 1.13 GiB/4.85 GiB at 890.60 kiB/s
2025-11-10 14:09:00.527    app     info:    [server-manager] Downloaded 1.13 GiB/4.85 GiB at 616.64 kiB/s
2025-11-10 14:09:01.610    app     info:    [server-manager] Downloaded 1.14 GiB/4.85 GiB at 960.60 kiB/s
2025-11-10 14:09:02.676    app     info:    [server-manager] Downloaded 1.14 GiB/4.85 GiB at 879.10 kiB/s
2025-11-10 14:09:03.692    app     info:    [server-manager] Downloaded 1.14 GiB/4.85 GiB at 479.04 kiB/s
2025-11-10 14:09:04.725    app     info:    [server-manager] Downloaded 1.14 GiB/4.85 GiB at 868.22 kiB/s
2025-11-10 14:09:05.739    app     info:    [server-manager] Downloaded 1.14 GiB/4.85 GiB at 823.76 kiB/s
2025-11-10 14:09:06.792    app     info:    [server-manager] Downloaded 1.14 GiB/4.85 GiB at 847.81 kiB/s
2025-11-10 14:09:07.828    app     info:    [server-manager] Downloaded 1.14 GiB/4.85 GiB at 442.69 kiB/s
2025-11-10 14:09:08.874    app     info:    [server-manager] Downloaded 1.14 GiB/4.85 GiB at 538.32 kiB/s
2025-11-10 14:09:09.939    app     info:    [server-manager] Downloaded 1.14 GiB/4.85 GiB at 725.84 kiB/s
2025-11-10 14:09:10.965    app     info:    [server-manager] Downloaded 1.14 GiB/4.85 GiB at 541.83 kiB/s
2025-11-10 14:09:11.998    app     info:    [server-manager] Downloaded 1.14 GiB/4.85 GiB at 500.92 kiB/s
2025-11-10 14:09:13.046    app     info:    [server-manager] Downloaded 1.14 GiB/4.85 GiB at 455.41 kiB/s
2025-11-10 14:09:14.139    app     info:    [server-manager] Downloaded 1.14 GiB/4.85 GiB at 374.77 kiB/s
2025-11-10 14:09:15.165    app     info:    [server-manager] Downloaded 1.14 GiB/4.85 GiB at 255.49 kiB/s
2025-11-10 14:09:16.180    app     info:    [server-manager] Downloaded 1.15 GiB/4.85 GiB at 501.96 kiB/s
2025-11-10 14:09:17.216    app     info:    [server-manager] Downloaded 1.15 GiB/4.85 GiB at 553.62 kiB/s
2025-11-10 14:09:18.235    app     info:    [server-manager] Downloaded 1.15 GiB/4.85 GiB at 809.01 kiB/s
2025-11-10 14:09:19.286    app     info:    [server-manager] Downloaded 1.15 GiB/4.85 GiB at 607.21 kiB/s
2025-11-10 14:09:20.300    app     info:    [server-manager] Downloaded 1.15 GiB/4.85 GiB at 653.70 kiB/s
2025-11-10 14:09:21.341    app     info:    [server-manager] Downloaded 1.15 GiB/4.85 GiB at 672.00 kiB/s
2025-11-10 14:09:22.434    app     info:    [server-manager] Downloaded 1.15 GiB/4.85 GiB at 310.68 kiB/s
2025-11-10 14:09:23.537    app     info:    [server-manager] Downloaded 1.15 GiB/4.85 GiB at 371.37 kiB/s
2025-11-10 14:09:24.587    app     info:    [server-manager] Downloaded 1.15 GiB/4.85 GiB at 222.22 kiB/s
2025-11-10 14:09:25.637    app     info:    [server-manager] Downloaded 1.15 GiB/4.85 GiB at 204.75 kiB/s
2025-11-10 14:09:26.717    app     info:    [server-manager] Downloaded 1.15 GiB/4.85 GiB at 271.19 kiB/s
2025-11-10 14:09:27.802    app     info:    [server-manager] Downloaded 1.15 GiB/4.85 GiB at 358.21 kiB/s
2025-11-10 14:09:28.867    app     info:    [server-manager] Downloaded 1.15 GiB/4.85 GiB at 343.15 kiB/s
2025-11-10 14:09:29.961    app     info:    [server-manager] Downloaded 1.15 GiB/4.85 GiB at 473.04 kiB/s
2025-11-10 14:09:31.002    app     info:    [server-manager] Downloaded 1.15 GiB/4.85 GiB at 437.99 kiB/s
2025-11-10 14:09:32.084    app     info:    [server-manager] Downloaded 1.15 GiB/4.85 GiB at 442.91 kiB/s
2025-11-10 14:09:33.136    app     info:    [server-manager] Downloaded 1.15 GiB/4.85 GiB at 284.58 kiB/s
2025-11-10 14:09:34.170    app     info:    [server-manager] Downloaded 1.15 GiB/4.85 GiB at 335.24 kiB/s
2025-11-10 14:09:35.204    app     info:    [server-manager] Downloaded 1.15 GiB/4.85 GiB at 428.30 kiB/s
2025-11-10 14:09:36.278    app     info:    [server-manager] Downloaded 1.15 GiB/4.85 GiB at 335.73 kiB/s
2025-11-10 14:09:37.334    app     info:    [server-manager] Downloaded 1.15 GiB/4.85 GiB at 372.82 kiB/s
2025-11-10 14:09:38.434    app     info:    [server-manager] Downloaded 1.15 GiB/4.85 GiB at 276.39 kiB/s
2025-11-10 14:09:39.492    app     info:    [server-manager] Downloaded 1.15 GiB/4.85 GiB at 344.70 kiB/s
2025-11-10 14:09:40.599    app     info:    [server-manager] Downloaded 1.16 GiB/4.85 GiB at 495.16 kiB/s
2025-11-10 14:09:41.647    app     info:    [server-manager] Downloaded 1.16 GiB/4.85 GiB at 822.86 kiB/s
2025-11-10 14:09:42.684    app     info:    [server-manager] Downloaded 1.16 GiB/4.85 GiB at 907.06 kiB/s
2025-11-10 14:09:43.721    app     info:    [server-manager] Downloaded 1.16 GiB/4.85 GiB at 1.27 MiB/s
2025-11-10 14:09:44.743    app     info:    [server-manager] Downloaded 1.16 GiB/4.85 GiB at 1,011.49 kiB/s
2025-11-10 14:09:45.776    app     info:    [server-manager] Downloaded 1.16 GiB/4.85 GiB at 1.24 MiB/s
2025-11-10 14:09:46.789    app     info:    [server-manager] Downloaded 1.16 GiB/4.85 GiB at 784.31 kiB/s
2025-11-10 14:09:47.800    app     info:    [server-manager] Downloaded 1.16 GiB/4.85 GiB at 1.02 MiB/s
2025-11-10 14:09:48.804    app     info:    [server-manager] Downloaded 1.16 GiB/4.85 GiB at 1.30 MiB/s
2025-11-10 14:09:49.809    app     info:    [server-manager] Downloaded 1.16 GiB/4.85 GiB at 723.96 kiB/s
2025-11-10 14:09:50.836    app     info:    [server-manager] Downloaded 1.16 GiB/4.85 GiB at 822.13 kiB/s
2025-11-10 14:09:51.865    app     info:    [server-manager] Downloaded 1.16 GiB/4.85 GiB at 800.00 kiB/s
2025-11-10 14:09:52.924    app     info:    [server-manager] Downloaded 1.16 GiB/4.85 GiB at 838.83 kiB/s
2025-11-10 14:09:53.935    app     info:    [server-manager] Downloaded 1.17 GiB/4.85 GiB at 792.08 kiB/s
2025-11-10 14:09:54.957    app     info:    [server-manager] Downloaded 1.17 GiB/4.85 GiB at 885.38 kiB/s
2025-11-10 14:09:55.984    app     info:    [server-manager] Downloaded 1.17 GiB/4.85 GiB at 442.69 kiB/s
2025-11-10 14:09:57.018    app     info:    [server-manager] Downloaded 1.17 GiB/4.85 GiB at 939.74 kiB/s
2025-11-10 14:09:58.075    app     info:    [server-manager] Downloaded 1.17 GiB/4.85 GiB at 799.54 kiB/s
2025-11-10 14:09:59.097    app     info:    [server-manager] Downloaded 1.17 GiB/4.85 GiB at 1.43 MiB/s
2025-11-10 14:10:00.112    app     info:    [server-manager] Downloaded 1.17 GiB/4.85 GiB at 939.33 kiB/s
2025-11-10 14:10:01.154    app     info:    [server-manager] Downloaded 1.17 GiB/4.85 GiB at 848.72 kiB/s
2025-11-10 14:10:02.181    app     info:    [server-manager] Downloaded 1.17 GiB/4.85 GiB at 512.00 kiB/s
2025-11-10 14:10:03.269    app     info:    [server-manager] Downloaded 1.17 GiB/4.85 GiB at 583.49 kiB/s
2025-11-10 14:10:04.299    app     info:    [server-manager] Downloaded 1.17 GiB/4.85 GiB at 384.00 kiB/s
2025-11-10 14:10:05.364    app     info:    [server-manager] Downloaded 1.18 GiB/4.85 GiB at 1.30 MiB/s
2025-11-10 14:10:06.374    app     info:    [server-manager] Downloaded 1.18 GiB/4.85 GiB at 982.18 kiB/s
2025-11-10 14:10:07.403    app     info:    [server-manager] Downloaded 1.18 GiB/4.85 GiB at 1.27 MiB/s
2025-11-10 14:10:08.423    app     info:    [server-manager] Downloaded 1.18 GiB/4.85 GiB at 1.26 MiB/s
2025-11-10 14:10:09.464    app     info:    [server-manager] Downloaded 1.18 GiB/4.85 GiB at 950.19 kiB/s
2025-11-10 14:10:10.469    app     info:    [server-manager] Downloaded 1.18 GiB/4.85 GiB at 894.21 kiB/s
2025-11-10 14:10:11.499    app     info:    [server-manager] Downloaded 1.18 GiB/4.85 GiB at 1.05 MiB/s
2025-11-10 14:10:12.532    app     info:    [server-manager] Downloaded 1.18 GiB/4.85 GiB at 478.09 kiB/s
2025-11-10 14:10:13.565    app     info:    [server-manager] Downloaded 1.18 GiB/4.85 GiB at 755.91 kiB/s
2025-11-10 14:10:14.608    app     info:    [server-manager] Downloaded 1.18 GiB/4.85 GiB at 773.69 kiB/s
2025-11-10 14:10:15.628    app     info:    [server-manager] Downloaded 1.18 GiB/4.85 GiB at 872.74 kiB/s
2025-11-10 14:10:16.649    app     info:    [server-manager] Downloaded 1.18 GiB/4.85 GiB at 825.40 kiB/s
2025-11-10 14:10:17.687    app     info:    [server-manager] Downloaded 1.19 GiB/4.85 GiB at 910.82 kiB/s
2025-11-10 14:10:18.720    app     info:    [server-manager] Downloaded 1.19 GiB/4.85 GiB at 852.07 kiB/s
2025-11-10 14:10:19.754    app     info:    [server-manager] Downloaded 1.19 GiB/4.85 GiB at 815.69 kiB/s
2025-11-10 14:10:20.801    app     info:    [server-manager] Downloaded 1.19 GiB/4.85 GiB at 447.35 kiB/s
2025-11-10 14:10:21.805    app     info:    [server-manager] Downloaded 1.19 GiB/4.85 GiB at 770.69 kiB/s
2025-11-10 14:10:22.833    app     info:    [server-manager] Downloaded 1.19 GiB/4.85 GiB at 760.52 kiB/s
2025-11-10 14:10:23.869    app     info:    [server-manager] Downloaded 1.19 GiB/4.85 GiB at 742.75 kiB/s
2025-11-10 14:10:24.892    app     info:    [server-manager] Downloaded 1.19 GiB/4.85 GiB at 647.40 kiB/s
2025-11-10 14:10:25.924    app     info:    [server-manager] Downloaded 1.19 GiB/4.85 GiB at 224.00 kiB/s
2025-11-10 14:10:26.956    app     info:    [server-manager] Downloaded 1.19 GiB/4.85 GiB at 782.78 kiB/s
2025-11-10 14:10:27.964    app     info:    [server-manager] Downloaded 1.19 GiB/4.85 GiB at 840.19 kiB/s
2025-11-10 14:10:29.009    app     info:    [server-manager] Downloaded 1.19 GiB/4.85 GiB at 732.60 kiB/s
2025-11-10 14:10:30.030    app     info:    [server-manager] Downloaded 1.19 GiB/4.85 GiB at 809.20 kiB/s
2025-11-10 14:10:31.084    app     info:    [server-manager] Downloaded 1.20 GiB/4.85 GiB at 895.75 kiB/s
2025-11-10 14:10:32.148    app     info:    [server-manager] Downloaded 1.20 GiB/4.85 GiB at 607.00 kiB/s
2025-11-10 14:10:33.217    app     info:    [server-manager] Downloaded 1.20 GiB/4.85 GiB at 694.34 kiB/s
2025-11-10 14:10:34.301    app     info:    [server-manager] Downloaded 1.20 GiB/4.85 GiB at 753.11 kiB/s
2025-11-10 14:10:35.328    app     info:    [server-manager] Downloaded 1.20 GiB/4.85 GiB at 768.00 kiB/s
2025-11-10 14:10:36.361    app     info:    [server-manager] Downloaded 1.20 GiB/4.85 GiB at 873.82 kiB/s
2025-11-10 14:10:37.389    app     info:    [server-manager] Downloaded 1.20 GiB/4.85 GiB at 748.54 kiB/s
2025-11-10 14:10:38.438    app     info:    [server-manager] Downloaded 1.20 GiB/4.85 GiB at 592.59 kiB/s
2025-11-10 14:10:39.472    app     info:    [server-manager] Downloaded 1.20 GiB/4.85 GiB at 784.31 kiB/s
2025-11-10 14:10:40.493    app     info:    [server-manager] Downloaded 1.20 GiB/4.85 GiB at 500.98 kiB/s
2025-11-10 14:10:41.541    app     info:    [server-manager] Downloaded 1.20 GiB/4.85 GiB at 755.91 kiB/s
2025-11-10 14:10:42.563    app     info:    [server-manager] Downloaded 1.20 GiB/4.85 GiB at 760.40 kiB/s
2025-11-10 14:10:43.599    app     info:    [server-manager] Downloaded 1.20 GiB/4.85 GiB at 810.92 kiB/s
2025-11-10 14:10:44.619    app     info:    [server-manager] Downloaded 1.21 GiB/4.85 GiB at 658.82 kiB/s
2025-11-10 14:10:45.675    app     info:    [server-manager] Downloaded 1.21 GiB/4.85 GiB at 801.54 kiB/s
2025-11-10 14:10:46.685    app     info:    [server-manager] Downloaded 1.21 GiB/4.85 GiB at 727.27 kiB/s
2025-11-10 14:10:47.715    app     info:    [server-manager] Downloaded 1.21 GiB/4.85 GiB at 837.25 kiB/s
2025-11-10 14:10:48.750    app     info:    [server-manager] Downloaded 1.21 GiB/4.85 GiB at 853.75 kiB/s
2025-11-10 14:10:49.777    app     info:    [server-manager] Downloaded 1.21 GiB/4.85 GiB at 480.00 kiB/s
2025-11-10 14:10:50.780    app     info:    [server-manager] Downloaded 1.21 GiB/4.85 GiB at 832.00 kiB/s
2025-11-10 14:10:51.833    app     info:    [server-manager] Downloaded 1.21 GiB/4.85 GiB at 753.30 kiB/s
2025-11-10 14:10:52.907    app     info:    [server-manager] Downloaded 1.21 GiB/4.85 GiB at 846.88 kiB/s
2025-11-10 14:10:53.959    app     info:    [server-manager] Downloaded 1.21 GiB/4.85 GiB at 611.85 kiB/s
2025-11-10 14:10:54.965    app     info:    [server-manager] Downloaded 1.21 GiB/4.85 GiB at 869.90 kiB/s
2025-11-10 14:10:56.002    app     info:    [server-manager] Downloaded 1.21 GiB/4.85 GiB at 832.37 kiB/s
2025-11-10 14:10:57.024    app     info:    [server-manager] Downloaded 1.21 GiB/4.85 GiB at 772.88 kiB/s
2025-11-10 14:10:58.050    app     info:    [server-manager] Downloaded 1.22 GiB/4.85 GiB at 860.56 kiB/s
2025-11-10 14:10:59.083    app     info:    [server-manager] Downloaded 1.22 GiB/4.85 GiB at 828.69 kiB/s
2025-11-10 14:11:00.125    app     info:    [server-manager] Downloaded 1.22 GiB/4.85 GiB at 774.67 kiB/s
2025-11-10 14:11:01.150    app     info:    [server-manager] Downloaded 1.22 GiB/4.85 GiB at 829.17 kiB/s
2025-11-10 14:11:02.165    app     info:    [server-manager] Downloaded 1.22 GiB/4.85 GiB at 414.34 kiB/s
2025-11-10 14:11:03.210    app     info:    [server-manager] Downloaded 1.22 GiB/4.85 GiB at 1.09 MiB/s
2025-11-10 14:11:04.235    app     info:    [server-manager] Downloaded 1.22 GiB/4.85 GiB at 825.40 kiB/s
2025-11-10 14:11:05.326    app     info:    [server-manager] Downloaded 1.22 GiB/4.85 GiB at 757.53 kiB/s
2025-11-10 14:11:06.335    app     info:    [server-manager] Downloaded 1.22 GiB/4.85 GiB at 757.40 kiB/s
2025-11-10 14:11:07.360    app     info:    [server-manager] Downloaded 1.22 GiB/4.85 GiB at 735.63 kiB/s
2025-11-10 14:11:08.392    app     info:    [server-manager] Downloaded 1.22 GiB/4.85 GiB at 662.90 kiB/s
2025-11-10 14:11:09.436    app     info:    [server-manager] Downloaded 1.22 GiB/4.85 GiB at 751.88 kiB/s
2025-11-10 14:11:10.465    app     info:    [server-manager] Downloaded 1.22 GiB/4.85 GiB at 474.31 kiB/s
2025-11-10 14:11:11.487    app     info:    [server-manager] Downloaded 1.23 GiB/4.85 GiB at 512.00 kiB/s
2025-11-10 14:11:12.509    app     info:    [server-manager] Downloaded 1.23 GiB/4.85 GiB at 944.88 kiB/s
2025-11-10 14:11:13.526    app     info:    [server-manager] Downloaded 1.23 GiB/4.85 GiB at 815.69 kiB/s
2025-11-10 14:11:14.567    app     info:    [server-manager] Downloaded 1.23 GiB/4.85 GiB at 935.67 kiB/s
2025-11-10 14:11:15.585    app     info:    [server-manager] Downloaded 1.23 GiB/4.85 GiB at 1.03 MiB/s
2025-11-10 14:11:16.626    app     info:    [server-manager] Downloaded 1.23 GiB/4.85 GiB at 834.26 kiB/s
2025-11-10 14:11:17.657    app     info:    [server-manager] Downloaded 1.23 GiB/4.85 GiB at 1.01 MiB/s
2025-11-10 14:11:18.677    app     info:    [server-manager] Downloaded 1.23 GiB/4.85 GiB at 512.00 kiB/s
2025-11-10 14:11:19.717    app     info:    [server-manager] Downloaded 1.23 GiB/4.85 GiB at 1,015.87 kiB/s
2025-11-10 14:11:20.735    app     info:    [server-manager] Downloaded 1.23 GiB/4.85 GiB at 715.95 kiB/s
2025-11-10 14:11:21.772    app     info:    [server-manager] Downloaded 1.23 GiB/4.85 GiB at 888.89 kiB/s
2025-11-10 14:11:22.777    app     info:    [server-manager] Downloaded 1.23 GiB/4.85 GiB at 956.18 kiB/s
2025-11-10 14:11:23.867    app     info:    [server-manager] Downloaded 1.24 GiB/4.85 GiB at 1.35 MiB/s
2025-11-10 14:11:24.891    app     info:    [server-manager] Downloaded 1.24 GiB/4.85 GiB at 895.75 kiB/s
2025-11-10 14:11:25.895    app     info:    [server-manager] Downloaded 1.24 GiB/4.85 GiB at 415.17 kiB/s
2025-11-10 14:11:26.934    app     info:    [server-manager] Downloaded 1.24 GiB/4.85 GiB at 955.86 kiB/s
2025-11-10 14:11:27.955    app     info:    [server-manager] Downloaded 1.24 GiB/4.85 GiB at 944.00 kiB/s
2025-11-10 14:11:28.994    app     info:    [server-manager] Downloaded 1.24 GiB/4.85 GiB at 901.19 kiB/s
2025-11-10 14:11:30.012    app     info:    [server-manager] Downloaded 1.24 GiB/4.85 GiB at 926.64 kiB/s
2025-11-10 14:11:31.032    app     info:    [server-manager] Downloaded 1.24 GiB/4.85 GiB at 1.40 MiB/s
2025-11-10 14:11:32.062    app     info:    [server-manager] Downloaded 1.24 GiB/4.85 GiB at 963.11 kiB/s
2025-11-10 14:11:33.067    app     info:    [server-manager] Downloaded 1.24 GiB/4.85 GiB at 445.33 kiB/s
2025-11-10 14:11:34.142    app     info:    [server-manager] Downloaded 1.24 GiB/4.85 GiB at 582.38 kiB/s
2025-11-10 14:11:35.156    app     info:    [server-manager] Downloaded 1.24 GiB/4.85 GiB at 606.60 kiB/s
2025-11-10 14:11:36.155    app     info:    [server-manager] Downloaded 1.25 GiB/4.85 GiB at 872.18 kiB/s
2025-11-10 14:11:37.200    app     info:    [server-manager] Downloaded 1.25 GiB/4.85 GiB at 911.59 kiB/s
2025-11-10 14:11:38.250    app     info:    [server-manager] Downloaded 1.25 GiB/4.85 GiB at 688.34 kiB/s
2025-11-10 14:11:39.301    app     info:    [server-manager] Downloaded 1.25 GiB/4.85 GiB at 707.69 kiB/s
2025-11-10 14:11:40.363    app     info:    [server-manager] Downloaded 1.25 GiB/4.85 GiB at 699.58 kiB/s
2025-11-10 14:11:41.368    app     info:    [server-manager] Downloaded 1.25 GiB/4.85 GiB at 256.00 kiB/s
2025-11-10 14:11:42.458    app     info:    [server-manager] Downloaded 1.25 GiB/4.85 GiB at 636.68 kiB/s
2025-11-10 14:11:43.492    app     info:    [server-manager] Downloaded 1.25 GiB/4.85 GiB at 758.89 kiB/s
2025-11-10 14:11:44.535    app     info:    [server-manager] Downloaded 1.25 GiB/4.85 GiB at 659.18 kiB/s
2025-11-10 14:11:45.574    app     info:    [server-manager] Downloaded 1.25 GiB/4.85 GiB at 637.68 kiB/s
2025-11-10 14:11:46.689    app     info:    [server-manager] Downloaded 1.25 GiB/4.85 GiB at 725.83 kiB/s
2025-11-10 14:11:47.778    app     info:    [server-manager] Downloaded 1.25 GiB/4.85 GiB at 571.43 kiB/s
2025-11-10 14:11:48.808    app     info:    [server-manager] Downloaded 1.25 GiB/4.85 GiB at 553.85 kiB/s
2025-11-10 14:11:49.866    app     info:    [server-manager] Downloaded 1.25 GiB/4.85 GiB at 530.21 kiB/s
2025-11-10 14:11:50.893    app     info:    [server-manager] Downloaded 1.25 GiB/4.85 GiB at 665.35 kiB/s
2025-11-10 14:11:51.944    app     info:    [server-manager] Downloaded 1.26 GiB/4.85 GiB at 590.41 kiB/s
2025-11-10 14:11:53.021    app     info:    [server-manager] Downloaded 1.26 GiB/4.85 GiB at 704.27 kiB/s
2025-11-10 14:11:54.118    app     info:    [server-manager] Downloaded 1.26 GiB/4.85 GiB at 648.65 kiB/s
2025-11-10 14:11:55.173    app     info:    [server-manager] Downloaded 1.26 GiB/4.85 GiB at 602.64 kiB/s
2025-11-10 14:11:56.196    app     info:    [server-manager] Downloaded 1.26 GiB/4.85 GiB at 758.81 kiB/s
2025-11-10 14:11:57.253    app     info:    [server-manager] Downloaded 1.26 GiB/4.85 GiB at 770.71 kiB/s
2025-11-10 14:11:58.279    app     info:    [server-manager] Downloaded 1.26 GiB/4.85 GiB at 1.06 MiB/s
2025-11-10 14:11:59.310    app     info:    [server-manager] Downloaded 1.26 GiB/4.85 GiB at 680.85 kiB/s
2025-11-10 14:12:00.363    app     info:    [server-manager] Downloaded 1.26 GiB/4.85 GiB at 548.74 kiB/s
2025-11-10 14:12:01.435    app     info:    [server-manager] Downloaded 1.26 GiB/4.85 GiB at 666.67 kiB/s
2025-11-10 14:12:02.435    app     info:    [server-manager] Downloaded 1.26 GiB/4.85 GiB at 281.25 kiB/s
2025-11-10 14:12:03.474    app     info:    [server-manager] Downloaded 1.26 GiB/4.85 GiB at 671.76 kiB/s
2025-11-10 14:12:04.513    app     info:    [server-manager] Downloaded 1.26 GiB/4.85 GiB at 1.01 MiB/s
2025-11-10 14:12:05.531    app     info:    [server-manager] Downloaded 1.26 GiB/4.85 GiB at 735.63 kiB/s
2025-11-10 14:12:06.598    app     info:    [server-manager] Downloaded 1.26 GiB/4.85 GiB at 662.90 kiB/s
2025-11-10 14:12:07.618    app     info:    [server-manager] Downloaded 1.27 GiB/4.85 GiB at 476.19 kiB/s
2025-11-10 14:12:08.636    app     info:    [server-manager] Downloaded 1.27 GiB/4.85 GiB at 622.43 kiB/s
2025-11-10 14:12:09.686    app     info:    [server-manager] Downloaded 1.27 GiB/4.85 GiB at 256.00 kiB/s
2025-11-10 14:12:10.711    app     info:    [server-manager] Downloaded 1.27 GiB/4.85 GiB at 653.70 kiB/s
2025-11-10 14:12:11.736    app     info:    [server-manager] Downloaded 1.27 GiB/4.85 GiB at 707.69 kiB/s
2025-11-10 14:12:12.775    app     info:    [server-manager] Downloaded 1.27 GiB/4.85 GiB at 664.03 kiB/s
2025-11-10 14:12:13.844    app     info:    [server-manager] Downloaded 1.27 GiB/4.85 GiB at 760.51 kiB/s
2025-11-10 14:12:14.926    app     info:    [server-manager] Downloaded 1.27 GiB/4.85 GiB at 670.48 kiB/s
2025-11-10 14:12:15.966    app     info:    [server-manager] Downloaded 1.27 GiB/4.85 GiB at 648.25 kiB/s
2025-11-10 14:12:17.035    app     info:    [server-manager] Downloaded 1.27 GiB/4.85 GiB at 552.73 kiB/s
2025-11-10 14:12:18.062    app     info:    [server-manager] Downloaded 1.27 GiB/4.85 GiB at 570.46 kiB/s
2025-11-10 14:12:19.182    app     info:    [server-manager] Downloaded 1.27 GiB/4.85 GiB at 670.66 kiB/s
2025-11-10 14:12:20.207    app     info:    [server-manager] Downloaded 1.27 GiB/4.85 GiB at 658.30 kiB/s
2025-11-10 14:12:21.271    app     info:    [server-manager] Downloaded 1.27 GiB/4.85 GiB at 633.96 kiB/s
2025-11-10 14:12:22.293    app     info:    [server-manager] Downloaded 1.27 GiB/4.85 GiB at 622.57 kiB/s
2025-11-10 14:12:23.340    app     info:    [server-manager] Downloaded 1.27 GiB/4.85 GiB at 518.92 kiB/s
2025-11-10 14:12:24.403    app     info:    [server-manager] Downloaded 1.28 GiB/4.85 GiB at 581.26 kiB/s
2025-11-10 14:12:25.433    app     info:    [server-manager] Downloaded 1.28 GiB/4.85 GiB at 569.17 kiB/s
2025-11-10 14:12:26.521    app     info:    [server-manager] Downloaded 1.28 GiB/4.85 GiB at 381.60 kiB/s
2025-11-10 14:12:27.577    app     info:    [server-manager] Downloaded 1.28 GiB/4.85 GiB at 679.54 kiB/s
2025-11-10 14:12:28.590    app     info:    [server-manager] Downloaded 1.28 GiB/4.85 GiB at 608.00 kiB/s
2025-11-10 14:12:29.604    app     info:    [server-manager] Downloaded 1.28 GiB/4.85 GiB at 924.30 kiB/s
2025-11-10 14:12:30.618    app     info:    [server-manager] Downloaded 1.28 GiB/4.85 GiB at 660.12 kiB/s
2025-11-10 14:12:31.649    app     info:    [server-manager] Downloaded 1.28 GiB/4.85 GiB at 812.03 kiB/s
2025-11-10 14:12:32.711    app     info:    [server-manager] Downloaded 1.28 GiB/4.85 GiB at 853.75 kiB/s
2025-11-10 14:12:33.748    app     info:    [server-manager] Downloaded 1.28 GiB/4.85 GiB at 775.19 kiB/s
2025-11-10 14:12:34.775    app     info:    [server-manager] Downloaded 1.28 GiB/4.85 GiB at 687.02 kiB/s
2025-11-10 14:12:35.805    app     info:    [server-manager] Downloaded 1.28 GiB/4.85 GiB at 768.00 kiB/s
2025-11-10 14:12:36.806    app     info:    [server-manager] Downloaded 1.28 GiB/4.85 GiB at 826.57 kiB/s
2025-11-10 14:12:37.873    app     info:    [server-manager] Downloaded 1.28 GiB/4.85 GiB at 883.63 kiB/s
2025-11-10 14:12:38.877    app     info:    [server-manager] Downloaded 1.28 GiB/4.85 GiB at 761.90 kiB/s
2025-11-10 14:12:39.926    app     info:    [server-manager] Downloaded 1.29 GiB/4.85 GiB at 728.55 kiB/s
2025-11-10 14:12:41.032    app     info:    [server-manager] Downloaded 1.29 GiB/4.85 GiB at 917.00 kiB/s
2025-11-10 14:12:42.091    app     info:    [server-manager] Downloaded 1.29 GiB/4.85 GiB at 718.09 kiB/s
2025-11-10 14:12:43.114    app     info:    [server-manager] Downloaded 1.29 GiB/4.85 GiB at 837.21 kiB/s
2025-11-10 14:12:44.151    app     info:    [server-manager] Downloaded 1.29 GiB/4.85 GiB at 1.19 MiB/s
2025-11-10 14:12:45.158    app     info:    [server-manager] Downloaded 1.29 GiB/4.85 GiB at 704.98 kiB/s
2025-11-10 14:12:46.191    app     info:    [server-manager] Downloaded 1.29 GiB/4.85 GiB at 887.13 kiB/s
2025-11-10 14:12:47.240    app     info:    [server-manager] Downloaded 1.29 GiB/4.85 GiB at 917.35 kiB/s
2025-11-10 14:12:48.269    app     info:    [server-manager] Downloaded 1.29 GiB/4.85 GiB at 903.95 kiB/s
2025-11-10 14:12:49.299    app     info:    [server-manager] Downloaded 1.29 GiB/4.85 GiB at 1.03 MiB/s
2025-11-10 14:12:50.299    app     info:    [server-manager] Downloaded 1.29 GiB/4.85 GiB at 672.00 kiB/s
2025-11-10 14:12:51.300    app     info:    [server-manager] Downloaded 1.29 GiB/4.85 GiB at 946.75 kiB/s
2025-11-10 14:12:52.329    app     info:    [server-manager] Downloaded 1.30 GiB/4.85 GiB at 880.16 kiB/s
2025-11-10 14:12:53.357    app     info:    [server-manager] Downloaded 1.30 GiB/4.85 GiB at 885.38 kiB/s
2025-11-10 14:12:54.367    app     info:    [server-manager] Downloaded 1.30 GiB/4.85 GiB at 860.56 kiB/s
2025-11-10 14:12:55.427    app     info:    [server-manager] Downloaded 1.30 GiB/4.85 GiB at 950.19 kiB/s
2025-11-10 14:12:56.458    app     info:    [server-manager] Downloaded 1.30 GiB/4.85 GiB at 1.01 MiB/s
2025-11-10 14:12:57.474    app     info:    [server-manager] Downloaded 1.30 GiB/4.85 GiB at 787.88 kiB/s
2025-11-10 14:12:58.505    app     info:    [server-manager] Downloaded 1.30 GiB/4.85 GiB at 761.17 kiB/s
2025-11-10 14:12:59.552    app     info:    [server-manager] Downloaded 1.30 GiB/4.85 GiB at 1,002.55 kiB/s
2025-11-10 14:13:00.567    app     info:    [server-manager] Downloaded 1.30 GiB/4.85 GiB at 474.31 kiB/s
2025-11-10 14:13:01.583    app     info:    [server-manager] Downloaded 1.30 GiB/4.85 GiB at 1,013.86 kiB/s
2025-11-10 14:13:02.648    app     info:    [server-manager] Downloaded 1.30 GiB/4.85 GiB at 953.85 kiB/s
2025-11-10 14:13:03.675    app     info:    [server-manager] Downloaded 1.31 GiB/4.85 GiB at 1.25 MiB/s
2025-11-10 14:13:04.682    app     info:    [server-manager] Downloaded 1.31 GiB/4.85 GiB at 541.83 kiB/s
2025-11-10 14:13:05.720    app     info:    [server-manager] Downloaded 1.31 GiB/4.85 GiB at 935.85 kiB/s
2025-11-10 14:13:06.812    app     info:    [server-manager] Downloaded 1.31 GiB/4.85 GiB at 931.46 kiB/s
2025-11-10 14:13:07.863    app     info:    [server-manager] Downloaded 1.31 GiB/4.85 GiB at 871.60 kiB/s
2025-11-10 14:13:08.865    app     info:    [server-manager] Downloaded 1.31 GiB/4.85 GiB at 928.84 kiB/s
2025-11-10 14:13:09.925    app     info:    [server-manager] Downloaded 1.31 GiB/4.85 GiB at 907.37 kiB/s
2025-11-10 14:13:10.929    app     info:    [server-manager] Downloaded 1.31 GiB/4.85 GiB at 1.02 MiB/s
2025-11-10 14:13:11.977    app     info:    [server-manager] Downloaded 1.31 GiB/4.85 GiB at 897.49 kiB/s
2025-11-10 14:13:12.995    app     info:    [server-manager] Downloaded 1.31 GiB/4.85 GiB at 950.50 kiB/s
2025-11-10 14:13:14.019    app     info:    [server-manager] Downloaded 1.31 GiB/4.85 GiB at 852.07 kiB/s
2025-11-10 14:13:15.034    app     info:    [server-manager] Downloaded 1.32 GiB/4.85 GiB at 922.47 kiB/s
2025-11-10 14:13:16.054    app     info:    [server-manager] Downloaded 1.32 GiB/4.85 GiB at 1,009.86 kiB/s
2025-11-10 14:13:17.117    app     info:    [server-manager] Downloaded 1.32 GiB/4.85 GiB at 897.49 kiB/s
2025-11-10 14:13:18.177    app     info:    [server-manager] Downloaded 1.32 GiB/4.85 GiB at 937.50 kiB/s
2025-11-10 14:13:19.220    app     info:    [server-manager] Downloaded 1.32 GiB/4.85 GiB at 992.48 kiB/s
2025-11-10 14:13:20.306    app     info:    [server-manager] Downloaded 1.32 GiB/4.85 GiB at 835.47 kiB/s
2025-11-10 14:13:21.317    app     info:    [server-manager] Downloaded 1.32 GiB/4.85 GiB at 814.09 kiB/s
2025-11-10 14:13:22.342    app     info:    [server-manager] Downloaded 1.32 GiB/4.85 GiB at 1.30 MiB/s
2025-11-10 14:13:23.384    app     info:    [server-manager] Downloaded 1.32 GiB/4.85 GiB at 1.36 MiB/s
2025-11-10 14:13:24.399    app     info:    [server-manager] Downloaded 1.32 GiB/4.85 GiB at 921.31 kiB/s
2025-11-10 14:13:25.426    app     info:    [server-manager] Downloaded 1.32 GiB/4.85 GiB at 383.23 kiB/s
2025-11-10 14:13:26.457    app     info:    [server-manager] Downloaded 1.33 GiB/4.85 GiB at 1.38 MiB/s
2025-11-10 14:13:27.457    app     info:    [server-manager] Downloaded 1.33 GiB/4.85 GiB at 510.98 kiB/s
2025-11-10 14:13:28.465    app     info:    [server-manager] Downloaded 1.33 GiB/4.85 GiB at 847.06 kiB/s
2025-11-10 14:13:29.491    app     info:    [server-manager] Downloaded 1.33 GiB/4.85 GiB at 926.15 kiB/s
2025-11-10 14:13:30.556    app     info:    [server-manager] Downloaded 1.33 GiB/4.85 GiB at 959.38 kiB/s
2025-11-10 14:13:31.594    app     info:    [server-manager] Downloaded 1.33 GiB/4.85 GiB at 945.74 kiB/s
2025-11-10 14:13:32.612    app     info:    [server-manager] Downloaded 1.33 GiB/4.85 GiB at 855.45 kiB/s
2025-11-10 14:13:33.621    app     info:    [server-manager] Downloaded 1.33 GiB/4.85 GiB at 766.47 kiB/s
2025-11-10 14:13:34.647    app     info:    [server-manager] Downloaded 1.33 GiB/4.85 GiB at 1.16 MiB/s
2025-11-10 14:13:35.668    app     info:    [server-manager] Downloaded 1.33 GiB/4.85 GiB at 1.08 MiB/s
2025-11-10 14:13:36.683    app     info:    [server-manager] Downloaded 1.33 GiB/4.85 GiB at 465.44 kiB/s
2025-11-10 14:13:37.707    app     info:    [server-manager] Downloaded 1.33 GiB/4.85 GiB at 782.78 kiB/s
2025-11-10 14:13:38.719    app     info:    [server-manager] Downloaded 1.34 GiB/4.85 GiB at 793.89 kiB/s
2025-11-10 14:13:39.751    app     info:    [server-manager] Downloaded 1.34 GiB/4.85 GiB at 892.31 kiB/s
2025-11-10 14:13:40.803    app     info:    [server-manager] Downloaded 1.34 GiB/4.85 GiB at 937.13 kiB/s
2025-11-10 14:13:41.829    app     info:    [server-manager] Downloaded 1.34 GiB/4.85 GiB at 897.15 kiB/s
2025-11-10 14:13:42.835    app     info:    [server-manager] Downloaded 1.34 GiB/4.85 GiB at 935.67 kiB/s
2025-11-10 14:13:43.892    app     info:    [server-manager] Downloaded 1.34 GiB/4.85 GiB at 922.47 kiB/s
2025-11-10 14:13:44.907    app     info:    [server-manager] Downloaded 1.34 GiB/4.85 GiB at 952.38 kiB/s
2025-11-10 14:13:45.986    app     info:    [server-manager] Downloaded 1.34 GiB/4.85 GiB at 618.63 kiB/s
2025-11-10 14:13:47.089    app     info:    [server-manager] Downloaded 1.34 GiB/4.85 GiB at 507.94 kiB/s
2025-11-10 14:13:48.175    app     info:    [server-manager] Downloaded 1.34 GiB/4.85 GiB at 530.80 kiB/s
2025-11-10 14:13:49.210    app     info:    [server-manager] Downloaded 1.34 GiB/4.85 GiB at 646.75 kiB/s
2025-11-10 14:13:50.290    app     info:    [server-manager] Downloaded 1.34 GiB/4.85 GiB at 407.20 kiB/s
2025-11-10 14:13:51.343    app     info:    [server-manager] Downloaded 1.34 GiB/4.85 GiB at 501.94 kiB/s
2025-11-10 14:13:52.419    app     info:    [server-manager] Downloaded 1.34 GiB/4.85 GiB at 698.41 kiB/s
2025-11-10 14:13:53.430    app     info:    [server-manager] Downloaded 1.34 GiB/4.85 GiB at 593.75 kiB/s
2025-11-10 14:13:54.474    app     info:    [server-manager] Downloaded 1.35 GiB/4.85 GiB at 715.56 kiB/s
2025-11-10 14:13:55.499    app     info:    [server-manager] Downloaded 1.35 GiB/4.85 GiB at 349.90 kiB/s
2025-11-10 14:13:56.549    app     info:    [server-manager] Downloaded 1.35 GiB/4.85 GiB at 976.78 kiB/s
2025-11-10 14:13:57.564    app     info:    [server-manager] Downloaded 1.35 GiB/4.85 GiB at 990.02 kiB/s
2025-11-10 14:13:58.591    app     info:    [server-manager] Downloaded 1.35 GiB/4.85 GiB at 898.63 kiB/s
2025-11-10 14:13:59.635    app     info:    [server-manager] Downloaded 1.35 GiB/4.85 GiB at 984.86 kiB/s
2025-11-10 14:14:00.683    app     info:    [server-manager] Downloaded 1.35 GiB/4.85 GiB at 924.30 kiB/s
2025-11-10 14:14:01.714    app     info:    [server-manager] Downloaded 1.35 GiB/4.85 GiB at 347.14 kiB/s
2025-11-10 14:14:02.749    app     info:    [server-manager] Downloaded 1.35 GiB/4.85 GiB at 973.38 kiB/s
2025-11-10 14:14:03.814    app     info:    [server-manager] Downloaded 1.35 GiB/4.85 GiB at 1.29 MiB/s
2025-11-10 14:14:04.831    app     info:    [server-manager] Downloaded 1.35 GiB/4.85 GiB at 1.06 MiB/s
2025-11-10 14:14:05.862    app     info:    [server-manager] Downloaded 1.36 GiB/4.85 GiB at 886.65 kiB/s
2025-11-10 14:14:06.866    app     info:    [server-manager] Downloaded 1.36 GiB/4.85 GiB at 832.00 kiB/s
2025-11-10 14:14:07.893    app     info:    [server-manager] Downloaded 1.36 GiB/4.85 GiB at 1.23 MiB/s
2025-11-10 14:14:08.897    app     info:    [server-manager] Downloaded 1.36 GiB/4.85 GiB at 980.24 kiB/s
2025-11-10 14:14:09.912    app     info:    [server-manager] Downloaded 1.36 GiB/4.85 GiB at 1.29 MiB/s
2025-11-10 14:14:10.924    app     info:    [server-manager] Downloaded 1.36 GiB/4.85 GiB at 960.00 kiB/s
2025-11-10 14:14:11.950    app     info:    [server-manager] Downloaded 1.36 GiB/4.85 GiB at 928.00 kiB/s
2025-11-10 14:14:12.966    app     info:    [server-manager] Downloaded 1.36 GiB/4.85 GiB at 915.29 kiB/s
2025-11-10 14:14:13.990    app     info:    [server-manager] Downloaded 1.36 GiB/4.85 GiB at 988.42 kiB/s
2025-11-10 14:14:15.015    app     info:    [server-manager] Downloaded 1.36 GiB/4.85 GiB at 837.38 kiB/s
2025-11-10 14:14:16.065    app     info:    [server-manager] Downloaded 1.36 GiB/4.85 GiB at 835.37 kiB/s
2025-11-10 14:14:17.085    app     info:    [server-manager] Downloaded 1.36 GiB/4.85 GiB at 1.41 MiB/s
2025-11-10 14:14:18.099    app     info:    [server-manager] Downloaded 1.37 GiB/4.85 GiB at 956.18 kiB/s
2025-11-10 14:14:19.143    app     info:    [server-manager] Downloaded 1.37 GiB/4.85 GiB at 988.42 kiB/s
2025-11-10 14:14:20.158    app     info:    [server-manager] Downloaded 1.37 GiB/4.85 GiB at 869.90 kiB/s
2025-11-10 14:14:21.190    app     info:    [server-manager] Downloaded 1.37 GiB/4.85 GiB at 1,010.45 kiB/s
2025-11-10 14:14:22.214    app     info:    [server-manager] Downloaded 1.37 GiB/4.85 GiB at 719.34 kiB/s
2025-11-10 14:14:23.273    app     info:    [server-manager] Downloaded 1.37 GiB/4.85 GiB at 944.88 kiB/s
2025-11-10 14:14:24.332    app     info:    [server-manager] Downloaded 1.37 GiB/4.85 GiB at 480.00 kiB/s
2025-11-10 14:14:25.341    app     info:    [server-manager] Downloaded 1.37 GiB/4.85 GiB at 1,019.92 kiB/s
2025-11-10 14:14:26.426    app     info:    [server-manager] Downloaded 1.37 GiB/4.85 GiB at 1.34 MiB/s
2025-11-10 14:14:27.430    app     info:    [server-manager] Downloaded 1.37 GiB/4.85 GiB at 1,012.79 kiB/s
2025-11-10 14:14:28.468    app     info:    [server-manager] Downloaded 1.37 GiB/4.85 GiB at 915.19 kiB/s
2025-11-10 14:14:29.518    app     info:    [server-manager] Downloaded 1.38 GiB/4.85 GiB at 789.37 kiB/s
2025-11-10 14:14:30.552    app     info:    [server-manager] Downloaded 1.38 GiB/4.85 GiB at 723.16 kiB/s
2025-11-10 14:14:31.582    app     info:    [server-manager] Downloaded 1.38 GiB/4.85 GiB at 957.53 kiB/s
2025-11-10 14:14:32.606    app     info:    [server-manager] Downloaded 1.38 GiB/4.85 GiB at 924.19 kiB/s
2025-11-10 14:14:33.683    app     info:    [server-manager] Downloaded 1.38 GiB/4.85 GiB at 790.87 kiB/s
2025-11-10 14:14:34.711    app     info:    [server-manager] Downloaded 1.38 GiB/4.85 GiB at 1.02 MiB/s
2025-11-10 14:14:35.732    app     info:    [server-manager] Downloaded 1.38 GiB/4.85 GiB at 941.18 kiB/s
2025-11-10 14:14:36.777    app     info:    [server-manager] Downloaded 1.38 GiB/4.85 GiB at 840.53 kiB/s
2025-11-10 14:14:37.814    app     info:    [server-manager] Downloaded 1.38 GiB/4.85 GiB at 988.42 kiB/s
2025-11-10 14:14:38.820    app     info:    [server-manager] Downloaded 1.38 GiB/4.85 GiB at 1.01 MiB/s
2025-11-10 14:14:39.841    app     info:    [server-manager] Downloaded 1.38 GiB/4.85 GiB at 1,017.89 kiB/s
2025-11-10 14:14:40.864    app     info:    [server-manager] Downloaded 1.39 GiB/4.85 GiB at 1.35 MiB/s
2025-11-10 14:14:41.867    app     info:    [server-manager] Downloaded 1.39 GiB/4.85 GiB at 973.78 kiB/s
2025-11-10 14:14:42.908    app     info:    [server-manager] Downloaded 1.39 GiB/4.85 GiB at 826.77 kiB/s
2025-11-10 14:14:43.943    app     info:    [server-manager] Downloaded 1.39 GiB/4.85 GiB at 926.05 kiB/s
2025-11-10 14:14:44.972    app     info:    [server-manager] Downloaded 1.39 GiB/4.85 GiB at 934.62 kiB/s
2025-11-10 14:14:46.011    app     info:    [server-manager] Downloaded 1.39 GiB/4.85 GiB at 926.64 kiB/s
2025-11-10 14:14:47.040    app     info:    [server-manager] Downloaded 1.39 GiB/4.85 GiB at 924.67 kiB/s
2025-11-10 14:14:48.084    app     info:    [server-manager] Downloaded 1.39 GiB/4.85 GiB at 953.85 kiB/s
2025-11-10 14:14:49.089    app     info:    [server-manager] Downloaded 1.39 GiB/4.85 GiB at 946.75 kiB/s
2025-11-10 14:14:50.117    app     info:    [server-manager] Downloaded 1.39 GiB/4.85 GiB at 731.43 kiB/s
2025-11-10 14:14:51.134    app     info:    [server-manager] Downloaded 1.39 GiB/4.85 GiB at 912.55 kiB/s
2025-11-10 14:14:52.152    app     info:    [server-manager] Downloaded 1.40 GiB/4.85 GiB at 918.81 kiB/s
2025-11-10 14:14:53.158    app     info:    [server-manager] Downloaded 1.40 GiB/4.85 GiB at 1.35 MiB/s
2025-11-10 14:14:54.189    app     info:    [server-manager] Downloaded 1.40 GiB/4.85 GiB at 928.43 kiB/s
2025-11-10 14:14:55.210    app     info:    [server-manager] Downloaded 1.40 GiB/4.85 GiB at 855.45 kiB/s
2025-11-10 14:14:56.220    app     info:    [server-manager] Downloaded 1.40 GiB/4.85 GiB at 876.71 kiB/s
2025-11-10 14:14:57.244    app     info:    [server-manager] Downloaded 1.40 GiB/4.85 GiB at 383.23 kiB/s
2025-11-10 14:14:58.270    app     info:    [server-manager] Downloaded 1.40 GiB/4.85 GiB at 1.33 MiB/s
2025-11-10 14:14:59.274    app     info:    [server-manager] Downloaded 1.40 GiB/4.85 GiB at 900.97 kiB/s
2025-11-10 14:15:00.309    app     info:    [server-manager] Downloaded 1.40 GiB/4.85 GiB at 1,018.08 kiB/s
2025-11-10 14:15:01.358    app     info:    [server-manager] Downloaded 1.40 GiB/4.85 GiB at 873.05 kiB/s
2025-11-10 14:15:02.370    app     info:    [server-manager] Downloaded 1.40 GiB/4.85 GiB at 927.09 kiB/s
2025-11-10 14:15:03.390    app     info:    [server-manager] Downloaded 1.41 GiB/4.85 GiB at 923.08 kiB/s
2025-11-10 14:15:04.401    app     info:    [server-manager] Downloaded 1.41 GiB/4.85 GiB at 988.05 kiB/s
2025-11-10 14:15:05.412    app     info:    [server-manager] Downloaded 1.41 GiB/4.85 GiB at 1.01 MiB/s
2025-11-10 14:15:06.435    app     info:    [server-manager] Downloaded 1.41 GiB/4.85 GiB at 900.97 kiB/s
2025-11-10 14:15:07.465    app     info:    [server-manager] Downloaded 1.41 GiB/4.85 GiB at 943.03 kiB/s
2025-11-10 14:15:08.491    app     info:    [server-manager] Downloaded 1.41 GiB/4.85 GiB at 804.64 kiB/s
2025-11-10 14:15:09.524    app     info:    [server-manager] Downloaded 1.41 GiB/4.85 GiB at 1.41 MiB/s
2025-11-10 14:15:10.536    app     info:    [server-manager] Downloaded 1.41 GiB/4.85 GiB at 970.65 kiB/s
2025-11-10 14:15:11.554    app     info:    [server-manager] Downloaded 1.41 GiB/4.85 GiB at 727.27 kiB/s
2025-11-10 14:15:12.602    app     info:    [server-manager] Downloaded 1.41 GiB/4.85 GiB at 1.01 MiB/s
2025-11-10 14:15:13.656    app     info:    [server-manager] Downloaded 1.41 GiB/4.85 GiB at 897.49 kiB/s
2025-11-10 14:15:14.694    app     info:    [server-manager] Downloaded 1.41 GiB/4.85 GiB at 1.36 MiB/s
2025-11-10 14:15:15.699    app     info:    [server-manager] Downloaded 1.42 GiB/4.85 GiB at 1,009.65 kiB/s
2025-11-10 14:15:16.740    app     info:    [server-manager] Downloaded 1.42 GiB/4.85 GiB at 1.35 MiB/s
2025-11-10 14:15:17.747    app     info:    [server-manager] Downloaded 1.42 GiB/4.85 GiB at 1.07 MiB/s
2025-11-10 14:15:18.779    app     info:    [server-manager] Downloaded 1.42 GiB/4.85 GiB at 917.78 kiB/s
2025-11-10 14:15:19.803    app     info:    [server-manager] Downloaded 1.42 GiB/4.85 GiB at 920.63 kiB/s
2025-11-10 14:15:20.837    app     info:    [server-manager] Downloaded 1.42 GiB/4.85 GiB at 917.88 kiB/s
2025-11-10 14:15:21.915    app     info:    [server-manager] Downloaded 1.42 GiB/4.85 GiB at 1.05 MiB/s
2025-11-10 14:15:22.944    app     info:    [server-manager] Downloaded 1.42 GiB/4.85 GiB at 803.09 kiB/s
2025-11-10 14:15:23.994    app     info:    [server-manager] Downloaded 1.42 GiB/4.85 GiB at 894.21 kiB/s
2025-11-10 14:15:25.016    app     info:    [server-manager] Downloaded 1.42 GiB/4.85 GiB at 809.34 kiB/s
2025-11-10 14:15:26.035    app     info:    [server-manager] Downloaded 1.42 GiB/4.85 GiB at 1.03 MiB/s
2025-11-10 14:15:27.084    app     info:    [server-manager] Downloaded 1.43 GiB/4.85 GiB at 1.47 MiB/s
2025-11-10 14:15:28.084    app     info:    [server-manager] Downloaded 1.43 GiB/4.85 GiB at 892.43 kiB/s
2025-11-10 14:15:29.121    app     info:    [server-manager] Downloaded 1.43 GiB/4.85 GiB at 894.21 kiB/s
2025-11-10 14:15:30.147    app     info:    [server-manager] Downloaded 1.43 GiB/4.85 GiB at 842.94 kiB/s
2025-11-10 14:15:31.154    app     info:    [server-manager] Downloaded 1.43 GiB/4.85 GiB at 869.90 kiB/s
2025-11-10 14:15:32.182    app     info:    [server-manager] Downloaded 1.43 GiB/4.85 GiB at 781.95 kiB/s
2025-11-10 14:15:33.250    app     info:    [server-manager] Downloaded 1.43 GiB/4.85 GiB at 902.26 kiB/s
2025-11-10 14:15:34.271    app     info:    [server-manager] Downloaded 1.43 GiB/4.85 GiB at 850.39 kiB/s
2025-11-10 14:15:35.310    app     info:    [server-manager] Downloaded 1.43 GiB/4.85 GiB at 906.25 kiB/s
2025-11-10 14:15:36.341    app     info:    [server-manager] Downloaded 1.43 GiB/4.85 GiB at 415.17 kiB/s
2025-11-10 14:15:37.364    app     info:    [server-manager] Downloaded 1.43 GiB/4.85 GiB at 1.03 MiB/s
2025-11-10 14:15:38.394    app     info:    [server-manager] Downloaded 1.44 GiB/4.85 GiB at 855.45 kiB/s
2025-11-10 14:15:39.467    app     info:    [server-manager] Downloaded 1.44 GiB/4.85 GiB at 837.21 kiB/s
2025-11-10 14:15:40.483    app     info:    [server-manager] Downloaded 1.44 GiB/4.85 GiB at 899.95 kiB/s
2025-11-10 14:15:41.490    app     info:    [server-manager] Downloaded 1.44 GiB/4.85 GiB at 510.98 kiB/s
2025-11-10 14:15:42.514    app     info:    [server-manager] Downloaded 1.44 GiB/4.85 GiB at 923.08 kiB/s
2025-11-10 14:15:43.556    app     info:    [server-manager] Downloaded 1.44 GiB/4.85 GiB at 995.86 kiB/s
2025-11-10 14:15:44.583    app     info:    [server-manager] Downloaded 1.44 GiB/4.85 GiB at 441.83 kiB/s
2025-11-10 14:15:45.591    app     info:    [server-manager] Downloaded 1.44 GiB/4.85 GiB at 603.17 kiB/s
2025-11-10 14:15:46.658    app     info:    [server-manager] Downloaded 1.44 GiB/4.85 GiB at 796.81 kiB/s
2025-11-10 14:15:47.677    app     info:    [server-manager] Downloaded 1.44 GiB/4.85 GiB at 603.77 kiB/s
2025-11-10 14:15:48.685    app     info:    [server-manager] Downloaded 1.44 GiB/4.85 GiB at 190.48 kiB/s
2025-11-10 14:15:49.748    app     info:    [server-manager] Downloaded 1.44 GiB/4.85 GiB at 560.89 kiB/s
2025-11-10 14:15:50.809    app     info:    [server-manager] Downloaded 1.44 GiB/4.85 GiB at 541.83 kiB/s
2025-11-10 14:15:51.870    app     info:    [server-manager] Downloaded 1.44 GiB/4.85 GiB at 537.60 kiB/s
2025-11-10 14:15:52.911    app     info:    [server-manager] Downloaded 1.45 GiB/4.85 GiB at 919.97 kiB/s
2025-11-10 14:15:53.940    app     info:    [server-manager] Downloaded 1.45 GiB/4.85 GiB at 643.60 kiB/s
2025-11-10 14:15:55.006    app     info:    [server-manager] Downloaded 1.45 GiB/4.85 GiB at 636.36 kiB/s
2025-11-10 14:15:56.026    app     info:    [server-manager] Downloaded 1.45 GiB/4.85 GiB at 830.77 kiB/s
2025-11-10 14:15:57.083    app     info:    [server-manager] Downloaded 1.45 GiB/4.85 GiB at 807.62 kiB/s
2025-11-10 14:15:58.123    app     info:    [server-manager] Downloaded 1.45 GiB/4.85 GiB at 981.41 kiB/s
2025-11-10 14:15:59.176    app     info:    [server-manager] Downloaded 1.45 GiB/4.85 GiB at 920.63 kiB/s
2025-11-10 14:16:00.189    app     info:    [server-manager] Downloaded 1.45 GiB/4.85 GiB at 761.90 kiB/s
2025-11-10 14:16:01.225    app     info:    [server-manager] Downloaded 1.45 GiB/4.85 GiB at 638.00 kiB/s
2025-11-10 14:16:02.274    app     info:    [server-manager] Downloaded 1.45 GiB/4.85 GiB at 833.03 kiB/s
2025-11-10 14:16:03.348    app     info:    [server-manager] Downloaded 1.45 GiB/4.85 GiB at 732.61 kiB/s
2025-11-10 14:16:04.409    app     info:    [server-manager] Downloaded 1.45 GiB/4.85 GiB at 761.90 kiB/s
2025-11-10 14:16:05.458    app     info:    [server-manager] Downloaded 1.45 GiB/4.85 GiB at 837.21 kiB/s
2025-11-10 14:16:06.463    app     info:    [server-manager] Downloaded 1.46 GiB/4.85 GiB at 848.72 kiB/s
2025-11-10 14:16:07.496    app     info:    [server-manager] Downloaded 1.46 GiB/4.85 GiB at 1,006.32 kiB/s
2025-11-10 14:16:08.520    app     info:    [server-manager] Downloaded 1.46 GiB/4.85 GiB at 984.62 kiB/s
2025-11-10 14:16:09.557    app     info:    [server-manager] Downloaded 1.46 GiB/4.85 GiB at 602.64 kiB/s
2025-11-10 14:16:10.597    app     info:    [server-manager] Downloaded 1.46 GiB/4.85 GiB at 382.47 kiB/s
2025-11-10 14:16:11.618    app     info:    [server-manager] Downloaded 1.46 GiB/4.85 GiB at 744.79 kiB/s
2025-11-10 14:16:12.675    app     info:    [server-manager] Downloaded 1.46 GiB/4.85 GiB at 872.18 kiB/s
2025-11-10 14:16:13.724    app     info:    [server-manager] Downloaded 1.46 GiB/4.85 GiB at 834.26 kiB/s
2025-11-10 14:16:14.764    app     info:    [server-manager] Downloaded 1.46 GiB/4.85 GiB at 948.62 kiB/s
2025-11-10 14:16:15.772    app     info:    [server-manager] Downloaded 1.46 GiB/4.85 GiB at 448.00 kiB/s
2025-11-10 14:16:16.785    app     info:    [server-manager] Downloaded 1.46 GiB/4.85 GiB at 676.92 kiB/s
2025-11-10 14:16:17.807    app     info:    [server-manager] Downloaded 1.46 GiB/4.85 GiB at 953.40 kiB/s
2025-11-10 14:16:18.841    app     info:    [server-manager] Downloaded 1.47 GiB/4.85 GiB at 956.18 kiB/s
2025-11-10 14:16:19.847    app     info:    [server-manager] Downloaded 1.47 GiB/4.85 GiB at 412.70 kiB/s
2025-11-10 14:16:20.867    app     info:    [server-manager] Downloaded 1.47 GiB/4.85 GiB at 315.13 kiB/s
2025-11-10 14:16:21.882    app     info:    [server-manager] Downloaded 1.47 GiB/4.85 GiB at 555.76 kiB/s
2025-11-10 14:16:22.967    app     info:    [server-manager] Downloaded 1.47 GiB/4.85 GiB at 822.98 kiB/s
2025-11-10 14:16:23.993    app     info:    [server-manager] Downloaded 1.47 GiB/4.85 GiB at 416.00 kiB/s
2025-11-10 14:16:24.995    app     info:    [server-manager] Downloaded 1.47 GiB/4.85 GiB at 847.06 kiB/s
2025-11-10 14:16:26.040    app     info:    [server-manager] Downloaded 1.47 GiB/4.85 GiB at 932.04 kiB/s
2025-11-10 14:16:27.090    app     info:    [server-manager] Downloaded 1.47 GiB/4.85 GiB at 1.32 MiB/s
2025-11-10 14:16:28.132    app     info:    [server-manager] Downloaded 1.47 GiB/4.85 GiB at 852.07 kiB/s
2025-11-10 14:16:29.138    app     info:    [server-manager] Downloaded 1.47 GiB/4.85 GiB at 670.48 kiB/s
2025-11-10 14:16:30.160    app     info:    [server-manager] Downloaded 1.47 GiB/4.85 GiB at 838.83 kiB/s
2025-11-10 14:16:31.205    app     info:    [server-manager] Downloaded 1.48 GiB/4.85 GiB at 970.65 kiB/s
2025-11-10 14:16:32.223    app     info:    [server-manager] Downloaded 1.48 GiB/4.85 GiB at 890.66 kiB/s
2025-11-10 14:16:33.272    app     info:    [server-manager] Downloaded 1.48 GiB/4.85 GiB at 352.00 kiB/s
2025-11-10 14:16:34.296    app     info:    [server-manager] Downloaded 1.48 GiB/4.85 GiB at 733.07 kiB/s
2025-11-10 14:16:35.337    app     info:    [server-manager] Downloaded 1.48 GiB/4.85 GiB at 988.76 kiB/s
2025-11-10 14:16:36.370    app     info:    [server-manager] Downloaded 1.48 GiB/4.85 GiB at 775.19 kiB/s
2025-11-10 14:16:37.381    app     info:    [server-manager] Downloaded 1.48 GiB/4.85 GiB at 415.17 kiB/s
2025-11-10 14:16:38.385    app     info:    [server-manager] Downloaded 1.48 GiB/4.85 GiB at 833.98 kiB/s
2025-11-10 14:16:39.400    app     info:    [server-manager] Downloaded 1.48 GiB/4.85 GiB at 1,015.87 kiB/s
2025-11-10 14:16:40.418    app     info:    [server-manager] Downloaded 1.48 GiB/4.85 GiB at 923.66 kiB/s
2025-11-10 14:16:41.492    app     info:    [server-manager] Downloaded 1.48 GiB/4.85 GiB at 873.29 kiB/s
2025-11-10 14:16:42.510    app     info:    [server-manager] Downloaded 1.48 GiB/4.85 GiB at 690.43 kiB/s
2025-11-10 14:16:43.614    app     info:    [server-manager] Downloaded 1.49 GiB/4.85 GiB at 871.14 kiB/s
2025-11-10 14:16:44.667    app     info:    [server-manager] Downloaded 1.49 GiB/4.85 GiB at 778.21 kiB/s
2025-11-10 14:16:45.710    app     info:    [server-manager] Downloaded 1.49 GiB/4.85 GiB at 753.30 kiB/s
2025-11-10 14:16:46.742    app     info:    [server-manager] Downloaded 1.49 GiB/4.85 GiB at 1.43 MiB/s
2025-11-10 14:16:47.772    app     info:    [server-manager] Downloaded 1.49 GiB/4.85 GiB at 537.31 kiB/s
2025-11-10 14:16:48.804    app     info:    [server-manager] Downloaded 1.49 GiB/4.85 GiB at 480.00 kiB/s
2025-11-10 14:16:49.844    app     info:    [server-manager] Downloaded 1.49 GiB/4.85 GiB at 606.20 kiB/s
2025-11-10 14:16:50.885    app     info:    [server-manager] Downloaded 1.49 GiB/4.85 GiB at 783.36 kiB/s
2025-11-10 14:16:51.896    app     info:    [server-manager] Downloaded 1.49 GiB/4.85 GiB at 666.67 kiB/s
2025-11-10 14:16:53.059    app     info:    [server-manager] Downloaded 1.49 GiB/4.85 GiB at 679.98 kiB/s
2025-11-10 14:16:54.089    app     info:    [server-manager] Downloaded 1.49 GiB/4.85 GiB at 126.98 kiB/s
2025-11-10 14:16:55.105    app     info:    [server-manager] Downloaded 1.49 GiB/4.85 GiB at 822.86 kiB/s
2025-11-10 14:16:56.124    app     info:    [server-manager] Downloaded 1.49 GiB/4.85 GiB at 350.60 kiB/s
2025-11-10 14:16:57.146    app     info:    [server-manager] Downloaded 1.49 GiB/4.85 GiB at 549.62 kiB/s
2025-11-10 14:16:58.170    app     info:    [server-manager] Downloaded 1.50 GiB/4.85 GiB at 754.72 kiB/s
2025-11-10 14:16:59.240    app     info:    [server-manager] Downloaded 1.50 GiB/4.85 GiB at 787.64 kiB/s
2025-11-10 14:17:00.244    app     info:    [server-manager] Downloaded 1.50 GiB/4.85 GiB at 478.09 kiB/s
2025-11-10 14:17:01.276    app     info:    [server-manager] Downloaded 1.50 GiB/4.85 GiB at 384.00 kiB/s
2025-11-10 14:17:02.279    app     info:    [server-manager] Downloaded 1.50 GiB/4.85 GiB at 885.76 kiB/s
2025-11-10 14:17:03.341    app     info:    [server-manager] Downloaded 1.50 GiB/4.85 GiB at 557.06 kiB/s
2025-11-10 14:17:04.380    app     info:    [server-manager] Downloaded 1.50 GiB/4.85 GiB at 773.69 kiB/s
2025-11-10 14:17:05.419    app     info:    [server-manager] Downloaded 1.50 GiB/4.85 GiB at 796.81 kiB/s
2025-11-10 14:17:06.494    app     info:    [server-manager] Downloaded 1.50 GiB/4.85 GiB at 785.45 kiB/s
2025-11-10 14:17:07.535    app     info:    [server-manager] Downloaded 1.50 GiB/4.85 GiB at 861.28 kiB/s
2025-11-10 14:17:08.586    app     info:    [server-manager] Downloaded 1.50 GiB/4.85 GiB at 558.27 kiB/s
2025-11-10 14:17:09.626    app     info:    [server-manager] Downloaded 1.50 GiB/4.85 GiB at 896.00 kiB/s
2025-11-10 14:17:10.641    app     info:    [server-manager] Downloaded 1.50 GiB/4.85 GiB at 702.29 kiB/s
2025-11-10 14:17:11.666    app     info:    [server-manager] Downloaded 1.51 GiB/4.85 GiB at 709.06 kiB/s
2025-11-10 14:17:12.716    app     info:    [server-manager] Downloaded 1.51 GiB/4.85 GiB at 903.95 kiB/s
2025-11-10 14:17:13.726    app     info:    [server-manager] Downloaded 1.51 GiB/4.85 GiB at 908.02 kiB/s
2025-11-10 14:17:14.774    app     info:    [server-manager] Downloaded 1.51 GiB/4.85 GiB at 725.84 kiB/s
2025-11-10 14:17:15.805    app     info:    [server-manager] Downloaded 1.51 GiB/4.85 GiB at 576.00 kiB/s
2025-11-10 14:17:16.824    app     info:    [server-manager] Downloaded 1.51 GiB/4.85 GiB at 949.64 kiB/s
2025-11-10 14:17:17.896    app     info:    [server-manager] Downloaded 1.51 GiB/4.85 GiB at 532.29 kiB/s
2025-11-10 14:17:18.901    app     info:    [server-manager] Downloaded 1.51 GiB/4.85 GiB at 969.60 kiB/s
2025-11-10 14:17:19.934    app     info:    [server-manager] Downloaded 1.51 GiB/4.85 GiB at 384.00 kiB/s
2025-11-10 14:17:20.941    app     info:    [server-manager] Downloaded 1.51 GiB/4.85 GiB at 479.04 kiB/s
2025-11-10 14:17:21.965    app     info:    [server-manager] Downloaded 1.51 GiB/4.85 GiB at 834.96 kiB/s
2025-11-10 14:17:22.981    app     info:    [server-manager] Downloaded 1.51 GiB/4.85 GiB at 932.04 kiB/s
2025-11-10 14:17:24.036    app     info:    [server-manager] Downloaded 1.52 GiB/4.85 GiB at 598.82 kiB/s
2025-11-10 14:17:25.107    app     info:    [server-manager] Downloaded 1.52 GiB/4.85 GiB at 497.09 kiB/s
2025-11-10 14:17:26.126    app     info:    [server-manager] Downloaded 1.52 GiB/4.85 GiB at 564.71 kiB/s
2025-11-10 14:17:27.221    app     info:    [server-manager] Downloaded 1.52 GiB/4.85 GiB at 462.09 kiB/s
2025-11-10 14:17:28.287    app     info:    [server-manager] Downloaded 1.52 GiB/4.85 GiB at 380.95 kiB/s
2025-11-10 14:17:29.409    app     info:    [server-manager] Downloaded 1.52 GiB/4.85 GiB at 861.54 kiB/s
2025-11-10 14:17:30.445    app     info:    [server-manager] Downloaded 1.52 GiB/4.85 GiB at 974.46 kiB/s
2025-11-10 14:17:31.497    app     info:    [server-manager] Downloaded 1.52 GiB/4.85 GiB at 773.69 kiB/s
2025-11-10 14:17:32.527    app     info:    [server-manager] Downloaded 1.52 GiB/4.85 GiB at 905.66 kiB/s
2025-11-10 14:17:33.600    app     info:    [server-manager] Downloaded 1.52 GiB/4.85 GiB at 962.95 kiB/s
2025-11-10 14:17:34.680    app     info:    [server-manager] Downloaded 1.52 GiB/4.85 GiB at 836.98 kiB/s
2025-11-10 14:17:35.733    app     info:    [server-manager] Downloaded 1.52 GiB/4.85 GiB at 1.33 MiB/s
2025-11-10 14:17:36.748    app     info:    [server-manager] Downloaded 1.52 GiB/4.85 GiB at 914.29 kiB/s
2025-11-10 14:17:37.801    app     info:    [server-manager] Downloaded 1.53 GiB/4.85 GiB at 864.86 kiB/s
2025-11-10 14:17:38.834    app     info:    [server-manager] Downloaded 1.53 GiB/4.85 GiB at 1.16 MiB/s
2025-11-10 14:17:39.848    app     info:    [server-manager] Downloaded 1.53 GiB/4.85 GiB at 894.03 kiB/s
2025-11-10 14:17:40.887    app     info:    [server-manager] Downloaded 1.53 GiB/4.85 GiB at 985.07 kiB/s
2025-11-10 14:17:41.906    app     info:    [server-manager] Downloaded 1.53 GiB/4.85 GiB at 885.38 kiB/s
2025-11-10 14:17:42.930    app     info:    [server-manager] Downloaded 1.53 GiB/4.85 GiB at 946.75 kiB/s
2025-11-10 14:17:43.941    app     info:    [server-manager] Downloaded 1.53 GiB/4.85 GiB at 946.75 kiB/s
2025-11-10 14:17:44.967    app     info:    [server-manager] Downloaded 1.53 GiB/4.85 GiB at 953.85 kiB/s
2025-11-10 14:17:46.003    app     info:    [server-manager] Downloaded 1.53 GiB/4.85 GiB at 875.00 kiB/s
2025-11-10 14:17:47.049    app     info:    [server-manager] Downloaded 1.53 GiB/4.85 GiB at 1.34 MiB/s
2025-11-10 14:17:48.053    app     info:    [server-manager] Downloaded 1.53 GiB/4.85 GiB at 757.40 kiB/s
2025-11-10 14:17:49.084    app     info:    [server-manager] Downloaded 1.53 GiB/4.85 GiB at 1.30 MiB/s
2025-11-10 14:17:50.088    app     info:    [server-manager] Downloaded 1.54 GiB/4.85 GiB at 796.81 kiB/s
2025-11-10 14:17:51.116    app     info:    [server-manager] Downloaded 1.54 GiB/4.85 GiB at 1.34 MiB/s
2025-11-10 14:17:52.131    app     info:    [server-manager] Downloaded 1.54 GiB/4.85 GiB at 416.00 kiB/s
2025-11-10 14:17:53.184    app     info:    [server-manager] Downloaded 1.54 GiB/4.85 GiB at 832.71 kiB/s
2025-11-10 14:17:54.210    app     info:    [server-manager] Downloaded 1.54 GiB/4.85 GiB at 878.79 kiB/s
2025-11-10 14:17:55.274    app     info:    [server-manager] Downloaded 1.54 GiB/4.85 GiB at 923.08 kiB/s
2025-11-10 14:17:56.290    app     info:    [server-manager] Downloaded 1.54 GiB/4.85 GiB at 850.09 kiB/s
2025-11-10 14:17:57.316    app     info:    [server-manager] Downloaded 1.54 GiB/4.85 GiB at 876.61 kiB/s
2025-11-10 14:17:58.355    app     info:    [server-manager] Downloaded 1.54 GiB/4.85 GiB at 855.45 kiB/s
2025-11-10 14:17:59.380    app     info:    [server-manager] Downloaded 1.54 GiB/4.85 GiB at 720.45 kiB/s
2025-11-10 14:18:00.434    app     info:    [server-manager] Downloaded 1.54 GiB/4.85 GiB at 753.14 kiB/s
2025-11-10 14:18:01.461    app     info:    [server-manager] Downloaded 1.54 GiB/4.85 GiB at 752.70 kiB/s
2025-11-10 14:18:02.504    app     info:    [server-manager] Downloaded 1.55 GiB/4.85 GiB at 1.03 MiB/s
2025-11-10 14:18:03.524    app     info:    [server-manager] Downloaded 1.55 GiB/4.85 GiB at 946.75 kiB/s
2025-11-10 14:18:04.585    app     info:    [server-manager] Downloaded 1.55 GiB/4.85 GiB at 724.41 kiB/s
2025-11-10 14:18:05.605    app     info:    [server-manager] Downloaded 1.55 GiB/4.85 GiB at 1.44 MiB/s
2025-11-10 14:18:06.616    app     info:    [server-manager] Downloaded 1.55 GiB/4.85 GiB at 970.65 kiB/s
2025-11-10 14:18:07.654    app     info:    [server-manager] Downloaded 1.55 GiB/4.85 GiB at 933.85 kiB/s
2025-11-10 14:18:08.683    app     info:    [server-manager] Downloaded 1.55 GiB/4.85 GiB at 773.69 kiB/s
2025-11-10 14:18:09.738    app     info:    [server-manager] Downloaded 1.55 GiB/4.85 GiB at 970.65 kiB/s
2025-11-10 14:18:10.755    app     info:    [server-manager] Downloaded 1.55 GiB/4.85 GiB at 1.40 MiB/s
2025-11-10 14:18:11.774    app     info:    [server-manager] Downloaded 1.55 GiB/4.85 GiB at 960.80 kiB/s
2025-11-10 14:18:12.814    app     info:    [server-manager] Downloaded 1.55 GiB/4.85 GiB at 961.75 kiB/s
2025-11-10 14:18:13.874    app     info:    [server-manager] Downloaded 1.56 GiB/4.85 GiB at 776.70 kiB/s
2025-11-10 14:18:14.883    app     info:    [server-manager] Downloaded 1.56 GiB/4.85 GiB at 980.84 kiB/s
2025-11-10 14:18:15.901    app     info:    [server-manager] Downloaded 1.56 GiB/4.85 GiB at 935.85 kiB/s
2025-11-10 14:18:16.970    app     info:    [server-manager] Downloaded 1.56 GiB/4.85 GiB at 966.86 kiB/s
2025-11-10 14:18:18.008    app     info:    [server-manager] Downloaded 1.56 GiB/4.85 GiB at 954.27 kiB/s
2025-11-10 14:18:19.014    app     info:    [server-manager] Downloaded 1.56 GiB/4.85 GiB at 832.37 kiB/s
2025-11-10 14:18:20.035    app     info:    [server-manager] Downloaded 1.56 GiB/4.85 GiB at 524.08 kiB/s
2025-11-10 14:18:21.057    app     info:    [server-manager] Downloaded 1.56 GiB/4.85 GiB at 744.19 kiB/s
2025-11-10 14:18:22.092    app     info:    [server-manager] Downloaded 1.56 GiB/4.85 GiB at 798.40 kiB/s
2025-11-10 14:18:23.117    app     info:    [server-manager] Downloaded 1.56 GiB/4.85 GiB at 817.52 kiB/s
2025-11-10 14:18:24.252    app     info:    [server-manager] Downloaded 1.56 GiB/4.85 GiB at 372.71 kiB/s
2025-11-10 14:18:25.303    app     info:    [server-manager] Downloaded 1.56 GiB/4.85 GiB at 805.97 kiB/s
2025-11-10 14:18:26.343    app     info:    [server-manager] Downloaded 1.56 GiB/4.85 GiB at 620.16 kiB/s
2025-11-10 14:18:27.366    app     info:    [server-manager] Downloaded 1.56 GiB/4.85 GiB at 188.98 kiB/s
2025-11-10 14:18:28.397    app     info:    [server-manager] Downloaded 1.57 GiB/4.85 GiB at 641.22 kiB/s
2025-11-10 14:18:29.430    app     info:    [server-manager] Downloaded 1.57 GiB/4.85 GiB at 946.56 kiB/s
2025-11-10 14:18:30.453    app     info:    [server-manager] Downloaded 1.57 GiB/4.85 GiB at 1.30 MiB/s
2025-11-10 14:18:31.467    app     info:    [server-manager] Downloaded 1.57 GiB/4.85 GiB at 754.42 kiB/s
2025-11-10 14:18:32.540    app     info:    [server-manager] Downloaded 1.57 GiB/4.85 GiB at 278.53 kiB/s
2025-11-10 14:18:33.575    app     info:    [server-manager] Downloaded 1.57 GiB/4.85 GiB at 492.43 kiB/s
2025-11-10 14:18:34.684    app     info:    [server-manager] Downloaded 1.57 GiB/4.85 GiB at 779.73 kiB/s
2025-11-10 14:18:35.720    app     info:    [server-manager] Downloaded 1.57 GiB/4.85 GiB at 599.61 kiB/s
2025-11-10 14:18:36.727    app     info:    [server-manager] Downloaded 1.57 GiB/4.85 GiB at 702.59 kiB/s
2025-11-10 14:18:37.746    app     info:    [server-manager] Downloaded 1.57 GiB/4.85 GiB at 833.98 kiB/s
2025-11-10 14:18:38.798    app     info:    [server-manager] Downloaded 1.57 GiB/4.85 GiB at 654.97 kiB/s
2025-11-10 14:18:39.828    app     info:    [server-manager] Downloaded 1.57 GiB/4.85 GiB at 890.60 kiB/s
2025-11-10 14:18:40.870    app     info:    [server-manager] Downloaded 1.57 GiB/4.85 GiB at 783.43 kiB/s
2025-11-10 14:18:41.907    app     info:    [server-manager] Downloaded 1.57 GiB/4.85 GiB at 850.09 kiB/s
2025-11-10 14:18:42.958    app     info:    [server-manager] Downloaded 1.58 GiB/4.85 GiB at 988.42 kiB/s
2025-11-10 14:18:44.023    app     info:    [server-manager] Downloaded 1.58 GiB/4.85 GiB at 996.23 kiB/s
2025-11-10 14:18:45.056    app     info:    [server-manager] Downloaded 1.58 GiB/4.85 GiB at 915.36 kiB/s
2025-11-10 14:18:46.105    app     info:    [server-manager] Downloaded 1.58 GiB/4.85 GiB at 902.45 kiB/s
2025-11-10 14:18:47.146    app     info:    [server-manager] Downloaded 1.58 GiB/4.85 GiB at 1.03 MiB/s
2025-11-10 14:18:48.180    app     info:    [server-manager] Downloaded 1.58 GiB/4.85 GiB at 1.24 MiB/s
2025-11-10 14:18:49.182    app     info:    [server-manager] Downloaded 1.58 GiB/4.85 GiB at 411.07 kiB/s
2025-11-10 14:18:50.208    app     info:    [server-manager] Downloaded 1.58 GiB/4.85 GiB at 877.13 kiB/s
2025-11-10 14:18:51.241    app     info:    [server-manager] Downloaded 1.58 GiB/4.85 GiB at 1.21 MiB/s
2025-11-10 14:18:52.249    app     info:    [server-manager] Downloaded 1.58 GiB/4.85 GiB at 416.00 kiB/s
2025-11-10 14:18:53.259    app     info:    [server-manager] Downloaded 1.58 GiB/4.85 GiB at 887.13 kiB/s
2025-11-10 14:18:54.337    app     info:    [server-manager] Downloaded 1.59 GiB/4.85 GiB at 850.63 kiB/s
2025-11-10 14:18:55.359    app     info:    [server-manager] Downloaded 1.59 GiB/4.85 GiB at 858.24 kiB/s
2025-11-10 14:18:56.388    app     info:    [server-manager] Downloaded 1.59 GiB/4.85 GiB at 834.31 kiB/s
2025-11-10 14:18:57.406    app     info:    [server-manager] Downloaded 1.59 GiB/4.85 GiB at 915.89 kiB/s
2025-11-10 14:18:58.434    app     info:    [server-manager] Downloaded 1.59 GiB/4.85 GiB at 679.54 kiB/s
2025-11-10 14:18:59.498    app     info:    [server-manager] Downloaded 1.59 GiB/4.85 GiB at 674.33 kiB/s
2025-11-10 14:19:00.535    app     info:    [server-manager] Downloaded 1.59 GiB/4.85 GiB at 837.21 kiB/s
2025-11-10 14:19:01.580    app     info:    [server-manager] Downloaded 1.59 GiB/4.85 GiB at 1.30 MiB/s
2025-11-10 14:19:02.602    app     info:    [server-manager] Downloaded 1.59 GiB/4.85 GiB at 678.03 kiB/s
2025-11-10 14:19:03.644    app     info:    [server-manager] Downloaded 1.59 GiB/4.85 GiB at 440.08 kiB/s
2025-11-10 14:19:04.663    app     info:    [server-manager] Downloaded 1.59 GiB/4.85 GiB at 888.75 kiB/s
2025-11-10 14:19:05.687    app     info:    [server-manager] Downloaded 1.59 GiB/4.85 GiB at 510.32 kiB/s
2025-11-10 14:19:06.722    app     info:    [server-manager] Downloaded 1.59 GiB/4.85 GiB at 1.05 MiB/s
2025-11-10 14:19:07.742    app     info:    [server-manager] Downloaded 1.60 GiB/4.85 GiB at 858.85 kiB/s
2025-11-10 14:19:08.751    app     info:    [server-manager] Downloaded 1.60 GiB/4.85 GiB at 883.63 kiB/s
2025-11-10 14:19:09.776    app     info:    [server-manager] Downloaded 1.60 GiB/4.85 GiB at 796.81 kiB/s
2025-11-10 14:19:10.787    app     info:    [server-manager] Downloaded 1.60 GiB/4.85 GiB at 1.21 MiB/s
2025-11-10 14:19:11.804    app     info:    [server-manager] Downloaded 1.60 GiB/4.85 GiB at 913.39 kiB/s
2025-11-10 14:19:12.826    app     info:    [server-manager] Downloaded 1.60 GiB/4.85 GiB at 1.01 MiB/s
2025-11-10 14:19:13.850    app     info:    [server-manager] Downloaded 1.60 GiB/4.85 GiB at 903.95 kiB/s
2025-11-10 14:19:14.877    app     info:    [server-manager] Downloaded 1.60 GiB/4.85 GiB at 964.98 kiB/s
2025-11-10 14:19:15.935    app     info:    [server-manager] Downloaded 1.60 GiB/4.85 GiB at 1.31 MiB/s
2025-11-10 14:19:16.940    app     info:    [server-manager] Downloaded 1.60 GiB/4.85 GiB at 958.08 kiB/s
2025-11-10 14:19:17.942    app     info:    [server-manager] Downloaded 1.60 GiB/4.85 GiB at 442.69 kiB/s
2025-11-10 14:19:18.968    app     info:    [server-manager] Downloaded 1.61 GiB/4.85 GiB at 761.90 kiB/s
2025-11-10 14:19:20.015    app     info:    [server-manager] Downloaded 1.61 GiB/4.85 GiB at 888.89 kiB/s
2025-11-10 14:19:21.066    app     info:    [server-manager] Downloaded 1.61 GiB/4.85 GiB at 820.51 kiB/s
2025-11-10 14:19:22.110    app     info:    [server-manager] Downloaded 1.61 GiB/4.85 GiB at 813.35 kiB/s
2025-11-10 14:19:23.129    app     info:    [server-manager] Downloaded 1.61 GiB/4.85 GiB at 804.64 kiB/s
2025-11-10 14:19:24.167    app     info:    [server-manager] Downloaded 1.61 GiB/4.85 GiB at 682.17 kiB/s
2025-11-10 14:19:25.184    app     info:    [server-manager] Downloaded 1.61 GiB/4.85 GiB at 318.09 kiB/s
2025-11-10 14:19:26.216    app     info:    [server-manager] Downloaded 1.61 GiB/4.85 GiB at 988.42 kiB/s
2025-11-10 14:19:27.255    app     info:    [server-manager] Downloaded 1.61 GiB/4.85 GiB at 854.85 kiB/s
2025-11-10 14:19:28.263    app     info:    [server-manager] Downloaded 1.61 GiB/4.85 GiB at 812.50 kiB/s
2025-11-10 14:19:29.306    app     info:    [server-manager] Downloaded 1.61 GiB/4.85 GiB at 932.04 kiB/s
2025-11-10 14:19:30.324    app     info:    [server-manager] Downloaded 1.61 GiB/4.85 GiB at 797.59 kiB/s
2025-11-10 14:19:31.338    app     info:    [server-manager] Downloaded 1.62 GiB/4.85 GiB at 1.25 MiB/s
2025-11-10 14:19:32.347    app     info:    [server-manager] Downloaded 1.62 GiB/4.85 GiB at 894.03 kiB/s
2025-11-10 14:19:33.381    app     info:    [server-manager] Downloaded 1.62 GiB/4.85 GiB at 1.19 MiB/s
2025-11-10 14:19:34.390    app     info:    [server-manager] Downloaded 1.62 GiB/4.85 GiB at 1.20 MiB/s
2025-11-10 14:19:35.433    app     info:    [server-manager] Downloaded 1.62 GiB/4.85 GiB at 662.90 kiB/s
2025-11-10 14:19:36.470    app     info:    [server-manager] Downloaded 1.62 GiB/4.85 GiB at 713.18 kiB/s
2025-11-10 14:19:37.511    app     info:    [server-manager] Downloaded 1.62 GiB/4.85 GiB at 807.48 kiB/s
2025-11-10 14:19:38.577    app     info:    [server-manager] Downloaded 1.62 GiB/4.85 GiB at 338.40 kiB/s
2025-11-10 14:19:39.627    app     info:    [server-manager] Downloaded 1.62 GiB/4.85 GiB at 731.43 kiB/s
2025-11-10 14:19:40.663    app     info:    [server-manager] Downloaded 1.62 GiB/4.85 GiB at 640.00 kiB/s
2025-11-10 14:19:41.690    app     info:    [server-manager] Downloaded 1.62 GiB/4.85 GiB at 512.24 kiB/s
2025-11-10 14:19:42.749    app     info:    [server-manager] Downloaded 1.62 GiB/4.85 GiB at 713.18 kiB/s
2025-11-10 14:19:43.776    app     info:    [server-manager] Downloaded 1.62 GiB/4.85 GiB at 755.91 kiB/s
2025-11-10 14:19:44.781    app     info:    [server-manager] Downloaded 1.62 GiB/4.85 GiB at 769.85 kiB/s
2025-11-10 14:19:45.814    app     info:    [server-manager] Downloaded 1.63 GiB/4.85 GiB at 895.75 kiB/s
2025-11-10 14:19:46.842    app     info:    [server-manager] Downloaded 1.63 GiB/4.85 GiB at 530.21 kiB/s
2025-11-10 14:19:47.875    app     info:    [server-manager] Downloaded 1.63 GiB/4.85 GiB at 583.18 kiB/s
2025-11-10 14:19:48.929    app     info:    [server-manager] Downloaded 1.63 GiB/4.85 GiB at 1.29 MiB/s
2025-11-10 14:19:49.944    app     info:    [server-manager] Downloaded 1.63 GiB/4.85 GiB at 875.00 kiB/s
2025-11-10 14:19:50.987    app     info:    [server-manager] Downloaded 1.63 GiB/4.85 GiB at 862.28 kiB/s
2025-11-10 14:19:51.999    app     info:    [server-manager] Downloaded 1.63 GiB/4.85 GiB at 697.59 kiB/s
2025-11-10 14:19:53.046    app     info:    [server-manager] Downloaded 1.63 GiB/4.85 GiB at 278.85 kiB/s
2025-11-10 14:19:54.116    app     info:    [server-manager] Downloaded 1.63 GiB/4.85 GiB at 569.40 kiB/s
2025-11-10 14:19:55.140    app     info:    [server-manager] Downloaded 1.63 GiB/4.85 GiB at 858.85 kiB/s
2025-11-10 14:19:56.184    app     info:    [server-manager] Downloaded 1.63 GiB/4.85 GiB at 958.08 kiB/s
2025-11-10 14:19:57.185    app     info:    [server-manager] Downloaded 1.63 GiB/4.85 GiB at 509.96 kiB/s
2025-11-10 14:19:58.243    app     info:    [server-manager] Downloaded 1.63 GiB/4.85 GiB at 759.01 kiB/s
2025-11-10 14:19:59.259    app     info:    [server-manager] Downloaded 1.63 GiB/4.85 GiB at 675.62 kiB/s
2025-11-10 14:20:00.286    app     info:    [server-manager] Downloaded 1.64 GiB/4.85 GiB at 783.62 kiB/s
2025-11-10 14:20:01.340    app     info:    [server-manager] Downloaded 1.64 GiB/4.85 GiB at 767.75 kiB/s
2025-11-10 14:20:02.360    app     info:    [server-manager] Downloaded 1.64 GiB/4.85 GiB at 655.90 kiB/s
2025-11-10 14:20:03.376    app     info:    [server-manager] Downloaded 1.64 GiB/4.85 GiB at 732.21 kiB/s
2025-11-10 14:20:04.388    app     info:    [server-manager] Downloaded 1.64 GiB/4.85 GiB at 881.89 kiB/s
2025-11-10 14:20:05.406    app     info:    [server-manager] Downloaded 1.64 GiB/4.85 GiB at 928.00 kiB/s
2025-11-10 14:20:06.406    app     info:    [server-manager] Downloaded 1.64 GiB/4.85 GiB at 926.15 kiB/s
2025-11-10 14:20:07.457    app     info:    [server-manager] Downloaded 1.64 GiB/4.85 GiB at 615.38 kiB/s
2025-11-10 14:20:08.472    app     info:    [server-manager] Downloaded 1.64 GiB/4.85 GiB at 534.38 kiB/s
2025-11-10 14:20:09.486    app     info:    [server-manager] Downloaded 1.64 GiB/4.85 GiB at 917.00 kiB/s
2025-11-10 14:20:10.535    app     info:    [server-manager] Downloaded 1.64 GiB/4.85 GiB at 1.30 MiB/s
2025-11-10 14:20:11.546    app     info:    [server-manager] Downloaded 1.64 GiB/4.85 GiB at 404.04 kiB/s
2025-11-10 14:20:12.670    app     info:    [server-manager] Downloaded 1.64 GiB/4.85 GiB at 888.89 kiB/s
2025-11-10 14:20:13.696    app     info:    [server-manager] Downloaded 1.65 GiB/4.85 GiB at 827.04 kiB/s
2025-11-10 14:20:14.730    app     info:    [server-manager] Downloaded 1.65 GiB/4.85 GiB at 798.40 kiB/s
2025-11-10 14:20:15.790    app     info:    [server-manager] Downloaded 1.65 GiB/4.85 GiB at 812.50 kiB/s
2025-11-10 14:20:16.826    app     info:    [server-manager] Downloaded 1.65 GiB/4.85 GiB at 1.36 MiB/s
2025-11-10 14:20:17.871    app     info:    [server-manager] Downloaded 1.65 GiB/4.85 GiB at 942.91 kiB/s
2025-11-10 14:20:18.958    app     info:    [server-manager] Downloaded 1.65 GiB/4.85 GiB at 885.50 kiB/s
2025-11-10 14:20:19.991    app     info:    [server-manager] Downloaded 1.65 GiB/4.85 GiB at 931.11 kiB/s
2025-11-10 14:20:21.014    app     info:    [server-manager] Downloaded 1.65 GiB/4.85 GiB at 713.01 kiB/s
2025-11-10 14:20:22.084    app     info:    [server-manager] Downloaded 1.65 GiB/4.85 GiB at 868.22 kiB/s
2025-11-10 14:20:23.106    app     info:    [server-manager] Downloaded 1.65 GiB/4.85 GiB at 840.47 kiB/s
2025-11-10 14:20:24.121    app     info:    [server-manager] Downloaded 1.65 GiB/4.85 GiB at 506.15 kiB/s
2025-11-10 14:20:25.211    app     info:    [server-manager] Downloaded 1.65 GiB/4.85 GiB at 505.93 kiB/s
2025-11-10 14:20:26.237    app     info:    [server-manager] Downloaded 1.65 GiB/4.85 GiB at 689.14 kiB/s
2025-11-10 14:20:27.454    app     info:    [server-manager] Downloaded 1.66 GiB/4.85 GiB at 787.88 kiB/s
2025-11-10 14:20:28.493    app     info:    [server-manager] Downloaded 1.66 GiB/4.85 GiB at 896.54 kiB/s
2025-11-10 14:20:29.498    app     info:    [server-manager] Downloaded 1.66 GiB/4.85 GiB at 395.44 kiB/s
2025-11-10 14:20:30.577    app     info:    [server-manager] Downloaded 1.66 GiB/4.85 GiB at 812.50 kiB/s
2025-11-10 14:20:31.611    app     info:    [server-manager] Downloaded 1.66 GiB/4.85 GiB at 923.08 kiB/s
2025-11-10 14:20:32.666    app     info:    [server-manager] Downloaded 1.66 GiB/4.85 GiB at 735.63 kiB/s
2025-11-10 14:20:33.712    app     info:    [server-manager] Downloaded 1.66 GiB/4.85 GiB at 795.41 kiB/s
2025-11-10 14:20:34.747    app     info:    [server-manager] Downloaded 1.66 GiB/4.85 GiB at 780.48 kiB/s
2025-11-10 14:20:35.761    app     info:    [server-manager] Downloaded 1.66 GiB/4.85 GiB at 848.48 kiB/s
2025-11-10 14:20:36.813    app     info:    [server-manager] Downloaded 1.66 GiB/4.85 GiB at 877.28 kiB/s
2025-11-10 14:20:37.825    app     info:    [server-manager] Downloaded 1.66 GiB/4.85 GiB at 836.65 kiB/s
2025-11-10 14:20:38.860    app     info:    [server-manager] Downloaded 1.66 GiB/4.85 GiB at 846.88 kiB/s
2025-11-10 14:20:39.880    app     info:    [server-manager] Downloaded 1.66 GiB/4.85 GiB at 835.82 kiB/s
2025-11-10 14:20:40.941    app     info:    [server-manager] Downloaded 1.67 GiB/4.85 GiB at 632.77 kiB/s
2025-11-10 14:20:41.995    app     info:    [server-manager] Downloaded 1.67 GiB/4.85 GiB at 1.09 MiB/s
2025-11-10 14:20:43.031    app     info:    [server-manager] Downloaded 1.67 GiB/4.85 GiB at 649.90 kiB/s
2025-11-10 14:20:44.066    app     info:    [server-manager] Downloaded 1.67 GiB/4.85 GiB at 793.46 kiB/s
2025-11-10 14:20:45.107    app     info:    [server-manager] Downloaded 1.67 GiB/4.85 GiB at 783.43 kiB/s
2025-11-10 14:20:46.156    app     info:    [server-manager] Downloaded 1.67 GiB/4.85 GiB at 691.73 kiB/s
2025-11-10 14:20:47.197    app     info:    [server-manager] Downloaded 1.67 GiB/4.85 GiB at 822.86 kiB/s
2025-11-10 14:20:48.275    app     info:    [server-manager] Downloaded 1.67 GiB/4.85 GiB at 1.25 MiB/s
2025-11-10 14:20:49.280    app     info:    [server-manager] Downloaded 1.67 GiB/4.85 GiB at 952.38 kiB/s
2025-11-10 14:20:50.315    app     info:    [server-manager] Downloaded 1.67 GiB/4.85 GiB at 757.58 kiB/s
2025-11-10 14:20:51.397    app     info:    [server-manager] Downloaded 1.67 GiB/4.85 GiB at 932.33 kiB/s
2025-11-10 14:20:52.428    app     info:    [server-manager] Downloaded 1.67 GiB/4.85 GiB at 1.06 MiB/s
2025-11-10 14:20:53.475    app     info:    [server-manager] Downloaded 1.67 GiB/4.85 GiB at 662.92 kiB/s
2025-11-10 14:20:54.508    app     info:    [server-manager] Downloaded 1.68 GiB/4.85 GiB at 286.28 kiB/s
2025-11-10 14:20:55.533    app     info:    [server-manager] Downloaded 1.68 GiB/4.85 GiB at 512.00 kiB/s
2025-11-10 14:20:56.541    app     info:    [server-manager] Downloaded 1.68 GiB/4.85 GiB at 866.54 kiB/s
2025-11-10 14:20:57.591    app     info:    [server-manager] Downloaded 1.68 GiB/4.85 GiB at 888.89 kiB/s
2025-11-10 14:20:58.618    app     info:    [server-manager] Downloaded 1.68 GiB/4.85 GiB at 932.56 kiB/s
2025-11-10 14:20:59.631    app     info:    [server-manager] Downloaded 1.68 GiB/4.85 GiB at 827.04 kiB/s
2025-11-10 14:21:00.656    app     info:    [server-manager] Downloaded 1.68 GiB/4.85 GiB at 902.26 kiB/s
2025-11-10 14:21:01.721    app     info:    [server-manager] Downloaded 1.68 GiB/4.85 GiB at 1.01 MiB/s
2025-11-10 14:21:02.753    app     info:    [server-manager] Downloaded 1.68 GiB/4.85 GiB at 792.56 kiB/s
2025-11-10 14:21:03.784    app     info:    [server-manager] Downloaded 1.68 GiB/4.85 GiB at 675.23 kiB/s
2025-11-10 14:21:04.847    app     info:    [server-manager] Downloaded 1.68 GiB/4.85 GiB at 192.00 kiB/s
2025-11-10 14:21:05.859    app     info:    [server-manager] Downloaded 1.68 GiB/4.85 GiB at 830.34 kiB/s
2025-11-10 14:21:06.922    app     info:    [server-manager] Downloaded 1.69 GiB/4.85 GiB at 737.05 kiB/s
2025-11-10 14:21:07.967    app     info:    [server-manager] Downloaded 1.69 GiB/4.85 GiB at 845.40 kiB/s
2025-11-10 14:21:08.996    app     info:    [server-manager] Downloaded 1.69 GiB/4.85 GiB at 820.51 kiB/s
2025-11-10 14:21:10.008    app     info:    [server-manager] Downloaded 1.69 GiB/4.85 GiB at 926.64 kiB/s
2025-11-10 14:21:11.043    app     info:    [server-manager] Downloaded 1.69 GiB/4.85 GiB at 946.24 kiB/s
2025-11-10 14:21:12.128    app     info:    [server-manager] Downloaded 1.69 GiB/4.85 GiB at 544.00 kiB/s
2025-11-10 14:21:13.139    app     info:    [server-manager] Downloaded 1.69 GiB/4.85 GiB at 893.67 kiB/s
2025-11-10 14:21:14.162    app     info:    [server-manager] Downloaded 1.69 GiB/4.85 GiB at 902.26 kiB/s
2025-11-10 14:21:15.206    app     info:    [server-manager] Downloaded 1.69 GiB/4.85 GiB at 558.14 kiB/s
2025-11-10 14:21:16.226    app     info:    [server-manager] Downloaded 1.69 GiB/4.85 GiB at 860.56 kiB/s
2025-11-10 14:21:17.273    app     info:    [server-manager] Downloaded 1.69 GiB/4.85 GiB at 959.74 kiB/s
2025-11-10 14:21:18.298    app     info:    [server-manager] Downloaded 1.69 GiB/4.85 GiB at 972.38 kiB/s
2025-11-10 14:21:19.374    app     info:    [server-manager] Downloaded 1.70 GiB/4.85 GiB at 900.97 kiB/s
2025-11-10 14:21:20.436    app     info:    [server-manager] Downloaded 1.70 GiB/4.85 GiB at 816.03 kiB/s
2025-11-10 14:21:21.548    app     info:    [server-manager] Downloaded 1.70 GiB/4.85 GiB at 775.53 kiB/s
2025-11-10 14:21:22.579    app     info:    [server-manager] Downloaded 1.70 GiB/4.85 GiB at 948.37 kiB/s
2025-11-10 14:21:23.631    app     info:    [server-manager] Downloaded 1.70 GiB/4.85 GiB at 845.40 kiB/s
2025-11-10 14:21:24.661    app     info:    [server-manager] Downloaded 1.70 GiB/4.85 GiB at 923.08 kiB/s
2025-11-10 14:21:25.697    app     info:    [server-manager] Downloaded 1.70 GiB/4.85 GiB at 785.45 kiB/s
2025-11-10 14:21:26.750    app     info:    [server-manager] Downloaded 1.70 GiB/4.85 GiB at 860.56 kiB/s
2025-11-10 14:21:27.758    app     info:    [server-manager] Downloaded 1.70 GiB/4.85 GiB at 941.48 kiB/s
2025-11-10 14:21:28.810    app     info:    [server-manager] Downloaded 1.70 GiB/4.85 GiB at 867.29 kiB/s
2025-11-10 14:21:29.859    app     info:    [server-manager] Downloaded 1.70 GiB/4.85 GiB at 816.90 kiB/s
2025-11-10 14:21:30.904    app     info:    [server-manager] Downloaded 1.71 GiB/4.85 GiB at 921.88 kiB/s
2025-11-10 14:21:31.935    app     info:    [server-manager] Downloaded 1.71 GiB/4.85 GiB at 1,015.87 kiB/s
2025-11-10 14:21:32.978    app     info:    [server-manager] Downloaded 1.71 GiB/4.85 GiB at 890.68 kiB/s
2025-11-10 14:21:34.040    app     info:    [server-manager] Downloaded 1.71 GiB/4.85 GiB at 898.88 kiB/s
2025-11-10 14:21:35.075    app     info:    [server-manager] Downloaded 1.71 GiB/4.85 GiB at 948.62 kiB/s
2025-11-10 14:21:36.091    app     info:    [server-manager] Downloaded 1.71 GiB/4.85 GiB at 864.00 kiB/s
2025-11-10 14:21:37.103    app     info:    [server-manager] Downloaded 1.71 GiB/4.85 GiB at 914.29 kiB/s
2025-11-10 14:21:38.136    app     info:    [server-manager] Downloaded 1.71 GiB/4.85 GiB at 470.59 kiB/s
2025-11-10 14:21:39.156    app     info:    [server-manager] Downloaded 1.71 GiB/4.85 GiB at 416.00 kiB/s
2025-11-10 14:21:40.173    app     info:    [server-manager] Downloaded 1.71 GiB/4.85 GiB at 996.11 kiB/s
2025-11-10 14:21:41.213    app     info:    [server-manager] Downloaded 1.71 GiB/4.85 GiB at 846.69 kiB/s
2025-11-10 14:21:42.219    app     info:    [server-manager] Downloaded 1.71 GiB/4.85 GiB at 1.32 MiB/s
2025-11-10 14:21:43.246    app     info:    [server-manager] Downloaded 1.72 GiB/4.85 GiB at 812.50 kiB/s
2025-11-10 14:21:44.265    app     info:    [server-manager] Downloaded 1.72 GiB/4.85 GiB at 894.03 kiB/s
2025-11-10 14:21:45.309    app     info:    [server-manager] Downloaded 1.72 GiB/4.85 GiB at 998.05 kiB/s
2025-11-10 14:21:46.373    app     info:    [server-manager] Downloaded 1.72 GiB/4.85 GiB at 928.00 kiB/s
2025-11-10 14:21:47.415    app     info:    [server-manager] Downloaded 1.72 GiB/4.85 GiB at 939.33 kiB/s
2025-11-10 14:21:48.438    app     info:    [server-manager] Downloaded 1.72 GiB/4.85 GiB at 480.00 kiB/s
2025-11-10 14:21:49.455    app     info:    [server-manager] Downloaded 1.72 GiB/4.85 GiB at 982.18 kiB/s
2025-11-10 14:21:50.473    app     info:    [server-manager] Downloaded 1.72 GiB/4.85 GiB at 988.05 kiB/s
2025-11-10 14:21:51.605    app     info:    [server-manager] Downloaded 1.72 GiB/4.85 GiB at 797.25 kiB/s
2025-11-10 14:21:52.632    app     info:    [server-manager] Downloaded 1.72 GiB/4.85 GiB at 924.30 kiB/s
2025-11-10 14:21:53.668    app     info:    [server-manager] Downloaded 1.72 GiB/4.85 GiB at 1.01 MiB/s
2025-11-10 14:21:54.690    app     info:    [server-manager] Downloaded 1.73 GiB/4.85 GiB at 1,005.75 kiB/s
2025-11-10 14:21:55.771    app     info:    [server-manager] Downloaded 1.73 GiB/4.85 GiB at 867.99 kiB/s
2025-11-10 14:21:56.846    app     info:    [server-manager] Downloaded 1.73 GiB/4.85 GiB at 921.31 kiB/s
2025-11-10 14:21:57.908    app     info:    [server-manager] Downloaded 1.73 GiB/4.85 GiB at 719.10 kiB/s
2025-11-10 14:21:59.004    app     info:    [server-manager] Downloaded 1.73 GiB/4.85 GiB at 922.47 kiB/s
2025-11-10 14:22:00.081    app     info:    [server-manager] Downloaded 1.73 GiB/4.85 GiB at 1.38 MiB/s
2025-11-10 14:22:01.093    app     info:    [server-manager] Downloaded 1.73 GiB/4.85 GiB at 763.30 kiB/s
2025-11-10 14:22:02.156    app     info:    [server-manager] Downloaded 1.73 GiB/4.85 GiB at 846.56 kiB/s
2025-11-10 14:22:03.249    app     info:    [server-manager] Downloaded 1.73 GiB/4.85 GiB at 1.28 MiB/s
2025-11-10 14:22:04.281    app     info:    [server-manager] Downloaded 1.73 GiB/4.85 GiB at 744.06 kiB/s
2025-11-10 14:22:05.289    app     info:    [server-manager] Downloaded 1.73 GiB/4.85 GiB at 817.29 kiB/s
2025-11-10 14:22:06.311    app     info:    [server-manager] Downloaded 1.74 GiB/4.85 GiB at 1.02 MiB/s
2025-11-10 14:22:07.351    app     info:    [server-manager] Downloaded 1.74 GiB/4.85 GiB at 978.31 kiB/s
2025-11-10 14:22:08.382    app     info:    [server-manager] Downloaded 1.74 GiB/4.85 GiB at 815.11 kiB/s
2025-11-10 14:22:09.431    app     info:    [server-manager] Downloaded 1.74 GiB/4.85 GiB at 623.78 kiB/s
2025-11-10 14:22:10.453    app     info:    [server-manager] Downloaded 1.74 GiB/4.85 GiB at 697.03 kiB/s
2025-11-10 14:22:11.528    app     info:    [server-manager] Downloaded 1.74 GiB/4.85 GiB at 603.17 kiB/s
2025-11-10 14:22:12.562    app     info:    [server-manager] Downloaded 1.74 GiB/4.85 GiB at 1.20 MiB/s
2025-11-10 14:22:13.590    app     info:    [server-manager] Downloaded 1.74 GiB/4.85 GiB at 636.18 kiB/s
2025-11-10 14:22:14.602    app     info:    [server-manager] Downloaded 1.74 GiB/4.85 GiB at 832.37 kiB/s
2025-11-10 14:22:15.635    app     info:    [server-manager] Downloaded 1.74 GiB/4.85 GiB at 862.28 kiB/s
2025-11-10 14:22:16.664    app     info:    [server-manager] Downloaded 1.74 GiB/4.85 GiB at 892.19 kiB/s
2025-11-10 14:22:17.693    app     info:    [server-manager] Downloaded 1.74 GiB/4.85 GiB at 950.19 kiB/s
2025-11-10 14:22:18.720    app     info:    [server-manager] Downloaded 1.75 GiB/4.85 GiB at 896.00 kiB/s
2025-11-10 14:22:19.729    app     info:    [server-manager] Downloaded 1.75 GiB/4.85 GiB at 842.11 kiB/s
2025-11-10 14:22:20.826    app     info:    [server-manager] Downloaded 1.75 GiB/4.85 GiB at 864.86 kiB/s
2025-11-10 14:22:21.867    app     info:    [server-manager] Downloaded 1.75 GiB/4.85 GiB at 953.01 kiB/s
2025-11-10 14:22:22.911    app     info:    [server-manager] Downloaded 1.75 GiB/4.85 GiB at 928.00 kiB/s
2025-11-10 14:22:23.933    app     info:    [server-manager] Downloaded 1.75 GiB/4.85 GiB at 964.22 kiB/s
2025-11-10 14:22:24.945    app     info:    [server-manager] Downloaded 1.75 GiB/4.85 GiB at 879.46 kiB/s
2025-11-10 14:22:25.967    app     info:    [server-manager] Downloaded 1.75 GiB/4.85 GiB at 1.01 MiB/s
2025-11-10 14:22:27.011    app     info:    [server-manager] Downloaded 1.75 GiB/4.85 GiB at 1,011.49 kiB/s
2025-11-10 14:22:28.052    app     info:    [server-manager] Downloaded 1.75 GiB/4.85 GiB at 890.60 kiB/s
2025-11-10 14:22:29.097    app     info:    [server-manager] Downloaded 1.75 GiB/4.85 GiB at 928.43 kiB/s
2025-11-10 14:22:30.120    app     info:    [server-manager] Downloaded 1.75 GiB/4.85 GiB at 855.45 kiB/s
2025-11-10 14:22:31.155    app     info:    [server-manager] Downloaded 1.76 GiB/4.85 GiB at 937.99 kiB/s
2025-11-10 14:22:32.186    app     info:    [server-manager] Downloaded 1.76 GiB/4.85 GiB at 1.02 MiB/s
2025-11-10 14:22:33.221    app     info:    [server-manager] Downloaded 1.76 GiB/4.85 GiB at 349.90 kiB/s
2025-11-10 14:22:34.258    app     info:    [server-manager] Downloaded 1.76 GiB/4.85 GiB at 1,007.87 kiB/s
2025-11-10 14:22:35.318    app     info:    [server-manager] Downloaded 1.76 GiB/4.85 GiB at 964.22 kiB/s
2025-11-10 14:22:36.342    app     info:    [server-manager] Downloaded 1.76 GiB/4.85 GiB at 926.15 kiB/s
2025-11-10 14:22:37.352    app     info:    [server-manager] Downloaded 1.76 GiB/4.85 GiB at 854.96 kiB/s
2025-11-10 14:22:38.403    app     info:    [server-manager] Downloaded 1.76 GiB/4.85 GiB at 795.23 kiB/s
2025-11-10 14:22:39.424    app     info:    [server-manager] Downloaded 1.76 GiB/4.85 GiB at 701.24 kiB/s
2025-11-10 14:22:40.443    app     info:    [server-manager] Downloaded 1.76 GiB/4.85 GiB at 972.11 kiB/s
2025-11-10 14:22:41.454    app     info:    [server-manager] Downloaded 1.76 GiB/4.85 GiB at 931.90 kiB/s
2025-11-10 14:22:42.526    app     info:    [server-manager] Downloaded 1.77 GiB/4.85 GiB at 822.13 kiB/s
2025-11-10 14:22:43.566    app     info:    [server-manager] Downloaded 1.77 GiB/4.85 GiB at 1.33 MiB/s
2025-11-10 14:22:44.589    app     info:    [server-manager] Downloaded 1.77 GiB/4.85 GiB at 939.39 kiB/s
2025-11-10 14:22:45.620    app     info:    [server-manager] Downloaded 1.77 GiB/4.85 GiB at 1.03 MiB/s
2025-11-10 14:22:46.628    app     info:    [server-manager] Downloaded 1.77 GiB/4.85 GiB at 982.18 kiB/s
2025-11-10 14:22:47.657    app     info:    [server-manager] Downloaded 1.77 GiB/4.85 GiB at 921.31 kiB/s
2025-11-10 14:22:48.696    app     info:    [server-manager] Downloaded 1.77 GiB/4.85 GiB at 984.13 kiB/s
2025-11-10 14:22:49.744    app     info:    [server-manager] Downloaded 1.77 GiB/4.85 GiB at 957.53 kiB/s
2025-11-10 14:22:50.792    app     info:    [server-manager] Downloaded 1.77 GiB/4.85 GiB at 930.23 kiB/s
2025-11-10 14:22:51.810    app     info:    [server-manager] Downloaded 1.77 GiB/4.85 GiB at 898.88 kiB/s
2025-11-10 14:22:52.847    app     info:    [server-manager] Downloaded 1.77 GiB/4.85 GiB at 913.80 kiB/s
2025-11-10 14:22:53.874    app     info:    [server-manager] Downloaded 1.78 GiB/4.85 GiB at 820.51 kiB/s
2025-11-10 14:22:54.904    app     info:    [server-manager] Downloaded 1.78 GiB/4.85 GiB at 684.82 kiB/s
2025-11-10 14:22:55.945    app     info:    [server-manager] Downloaded 1.78 GiB/4.85 GiB at 965.91 kiB/s
2025-11-10 14:22:57.001    app     info:    [server-manager] Downloaded 1.78 GiB/4.85 GiB at 1.01 MiB/s
2025-11-10 14:22:58.030    app     info:    [server-manager] Downloaded 1.78 GiB/4.85 GiB at 864.00 kiB/s
2025-11-10 14:22:59.043    app     info:    [server-manager] Downloaded 1.78 GiB/4.85 GiB at 958.08 kiB/s
2025-11-10 14:23:00.059    app     info:    [server-manager] Downloaded 1.78 GiB/4.85 GiB at 1.08 MiB/s
2025-11-10 14:23:01.072    app     info:    [server-manager] Downloaded 1.78 GiB/4.85 GiB at 888.89 kiB/s
2025-11-10 14:23:02.073    app     info:    [server-manager] Downloaded 1.78 GiB/4.85 GiB at 920.63 kiB/s
2025-11-10 14:23:03.130    app     info:    [server-manager] Downloaded 1.78 GiB/4.85 GiB at 975.24 kiB/s
2025-11-10 14:23:04.139    app     info:    [server-manager] Downloaded 1.78 GiB/4.85 GiB at 1.24 MiB/s
2025-11-10 14:23:05.168    app     info:    [server-manager] Downloaded 1.78 GiB/4.85 GiB at 987.13 kiB/s
2025-11-10 14:23:06.168    app     info:    [server-manager] Downloaded 1.79 GiB/4.85 GiB at 380.95 kiB/s
2025-11-10 14:23:07.178    app     info:    [server-manager] Downloaded 1.79 GiB/4.85 GiB at 939.78 kiB/s
2025-11-10 14:23:08.197    app     info:    [server-manager] Downloaded 1.79 GiB/4.85 GiB at 945.00 kiB/s
2025-11-10 14:23:09.215    app     info:    [server-manager] Downloaded 1.79 GiB/4.85 GiB at 1.37 MiB/s
2025-11-10 14:23:10.226    app     info:    [server-manager] Downloaded 1.79 GiB/4.85 GiB at 894.51 kiB/s
2025-11-10 14:23:11.279    app     info:    [server-manager] Downloaded 1.79 GiB/4.85 GiB at 821.29 kiB/s
2025-11-10 14:23:12.288    app     info:    [server-manager] Downloaded 1.79 GiB/4.85 GiB at 445.33 kiB/s
2025-11-10 14:23:13.311    app     info:    [server-manager] Downloaded 1.79 GiB/4.85 GiB at 913.39 kiB/s
2025-11-10 14:23:14.345    app     info:    [server-manager] Downloaded 1.79 GiB/4.85 GiB at 691.55 kiB/s
2025-11-10 14:23:15.406    app     info:    [server-manager] Downloaded 1.79 GiB/4.85 GiB at 856.60 kiB/s
2025-11-10 14:23:16.439    app     info:    [server-manager] Downloaded 1.79 GiB/4.85 GiB at 895.75 kiB/s
2025-11-10 14:23:17.466    app     info:    [server-manager] Downloaded 1.80 GiB/4.85 GiB at 948.71 kiB/s
2025-11-10 14:23:18.482    app     info:    [server-manager] Downloaded 1.80 GiB/4.85 GiB at 785.66 kiB/s
2025-11-10 14:23:19.530    app     info:    [server-manager] Downloaded 1.80 GiB/4.85 GiB at 949.95 kiB/s
2025-11-10 14:23:20.537    app     info:    [server-manager] Downloaded 1.80 GiB/4.85 GiB at 695.65 kiB/s
2025-11-10 14:23:21.629    app     info:    [server-manager] Downloaded 1.80 GiB/4.85 GiB at 1.25 MiB/s
2025-11-10 14:23:22.648    app     info:    [server-manager] Downloaded 1.80 GiB/4.85 GiB at 343.08 kiB/s
2025-11-10 14:23:23.657    app     info:    [server-manager] Downloaded 1.80 GiB/4.85 GiB at 952.38 kiB/s
2025-11-10 14:23:24.692    app     info:    [server-manager] Downloaded 1.80 GiB/4.85 GiB at 1.23 MiB/s
2025-11-10 14:23:25.715    app     info:    [server-manager] Downloaded 1.80 GiB/4.85 GiB at 892.61 kiB/s
2025-11-10 14:23:26.720    app     info:    [server-manager] Downloaded 1.80 GiB/4.85 GiB at 961.24 kiB/s
2025-11-10 14:23:27.752    app     info:    [server-manager] Downloaded 1.80 GiB/4.85 GiB at 939.33 kiB/s
2025-11-10 14:23:28.787    app     info:    [server-manager] Downloaded 1.81 GiB/4.85 GiB at 827.59 kiB/s
2025-11-10 14:23:29.811    app     info:    [server-manager] Downloaded 1.81 GiB/4.85 GiB at 830.34 kiB/s
2025-11-10 14:23:30.846    app     info:    [server-manager] Downloaded 1.81 GiB/4.85 GiB at 964.98 kiB/s
2025-11-10 14:23:31.872    app     info:    [server-manager] Downloaded 1.81 GiB/4.85 GiB at 939.33 kiB/s
2025-11-10 14:23:32.906    app     info:    [server-manager] Downloaded 1.81 GiB/4.85 GiB at 948.37 kiB/s
2025-11-10 14:23:33.944    app     info:    [server-manager] Downloaded 1.81 GiB/4.85 GiB at 935.54 kiB/s
2025-11-10 14:23:34.999    app     info:    [server-manager] Downloaded 1.81 GiB/4.85 GiB at 862.01 kiB/s
2025-11-10 14:23:36.009    app     info:    [server-manager] Downloaded 1.81 GiB/4.85 GiB at 855.97 kiB/s
2025-11-10 14:23:37.031    app     info:    [server-manager] Downloaded 1.81 GiB/4.85 GiB at 922.47 kiB/s
2025-11-10 14:23:38.075    app     info:    [server-manager] Downloaded 1.81 GiB/4.85 GiB at 1,001.96 kiB/s
2025-11-10 14:23:39.101    app     info:    [server-manager] Downloaded 1.81 GiB/4.85 GiB at 864.86 kiB/s
2025-11-10 14:23:40.121    app     info:    [server-manager] Downloaded 1.82 GiB/4.85 GiB at 832.37 kiB/s
2025-11-10 14:23:41.148    app     info:    [server-manager] Downloaded 1.82 GiB/4.85 GiB at 972.80 kiB/s
2025-11-10 14:23:42.210    app     info:    [server-manager] Downloaded 1.82 GiB/4.85 GiB at 757.58 kiB/s
2025-11-10 14:23:43.249    app     info:    [server-manager] Downloaded 1.82 GiB/4.85 GiB at 935.85 kiB/s
2025-11-10 14:23:44.278    app     info:    [server-manager] Downloaded 1.82 GiB/4.85 GiB at 1,005.89 kiB/s
2025-11-10 14:23:45.285    app     info:    [server-manager] Downloaded 1.82 GiB/4.85 GiB at 906.25 kiB/s
2025-11-10 14:23:46.322    app     info:    [server-manager] Downloaded 1.82 GiB/4.85 GiB at 1.05 MiB/s
2025-11-10 14:23:47.387    app     info:    [server-manager] Downloaded 1.82 GiB/4.85 GiB at 928.43 kiB/s
2025-11-10 14:23:48.420    app     info:    [server-manager] Downloaded 1.82 GiB/4.85 GiB at 970.65 kiB/s
2025-11-10 14:23:49.439    app     info:    [server-manager] Downloaded 1.82 GiB/4.85 GiB at 304.10 kiB/s
2025-11-10 14:23:50.449    app     info:    [server-manager] Downloaded 1.82 GiB/4.85 GiB at 882.32 kiB/s
2025-11-10 14:23:51.490    app     info:    [server-manager] Downloaded 1.82 GiB/4.85 GiB at 942.08 kiB/s
2025-11-10 14:23:52.509    app     info:    [server-manager] Downloaded 1.83 GiB/4.85 GiB at 930.23 kiB/s
2025-11-10 14:23:53.537    app     info:    [server-manager] Downloaded 1.83 GiB/4.85 GiB at 958.08 kiB/s
2025-11-10 14:23:54.594    app     info:    [server-manager] Downloaded 1.83 GiB/4.85 GiB at 887.13 kiB/s
2025-11-10 14:23:55.630    app     info:    [server-manager] Downloaded 1.83 GiB/4.85 GiB at 924.30 kiB/s
2025-11-10 14:23:56.660    app     info:    [server-manager] Downloaded 1.83 GiB/4.85 GiB at 841.44 kiB/s
2025-11-10 14:23:57.706    app     info:    [server-manager] Downloaded 1.83 GiB/4.85 GiB at 923.08 kiB/s
2025-11-10 14:23:58.738    app     info:    [server-manager] Downloaded 1.83 GiB/4.85 GiB at 914.29 kiB/s
2025-11-10 14:23:59.756    app     info:    [server-manager] Downloaded 1.83 GiB/4.85 GiB at 956.18 kiB/s
2025-11-10 14:24:00.787    app     info:    [server-manager] Downloaded 1.83 GiB/4.85 GiB at 505.93 kiB/s
2025-11-10 14:24:01.839    app     info:    [server-manager] Downloaded 1.83 GiB/4.85 GiB at 916.82 kiB/s
2025-11-10 14:24:02.862    app     info:    [server-manager] Downloaded 1.83 GiB/4.85 GiB at 728.65 kiB/s
2025-11-10 14:24:03.915    app     info:    [server-manager] Downloaded 1.84 GiB/4.85 GiB at 842.27 kiB/s
2025-11-10 14:24:04.968    app     info:    [server-manager] Downloaded 1.84 GiB/4.85 GiB at 984.13 kiB/s
2025-11-10 14:24:05.986    app     info:    [server-manager] Downloaded 1.84 GiB/4.85 GiB at 894.03 kiB/s
2025-11-10 14:24:07.020    app     info:    [server-manager] Downloaded 1.84 GiB/4.85 GiB at 904.48 kiB/s
2025-11-10 14:24:08.091    app     info:    [server-manager] Downloaded 1.84 GiB/4.85 GiB at 978.30 kiB/s
2025-11-10 14:24:09.126    app     info:    [server-manager] Downloaded 1.84 GiB/4.85 GiB at 980.24 kiB/s
2025-11-10 14:24:10.184    app     info:    [server-manager] Downloaded 1.84 GiB/4.85 GiB at 801.54 kiB/s
2025-11-10 14:24:11.195    app     info:    [server-manager] Downloaded 1.84 GiB/4.85 GiB at 857.14 kiB/s
2025-11-10 14:24:12.227    app     info:    [server-manager] Downloaded 1.84 GiB/4.85 GiB at 863.88 kiB/s
2025-11-10 14:24:13.232    app     info:    [server-manager] Downloaded 1.84 GiB/4.85 GiB at 961.24 kiB/s
2025-11-10 14:24:14.260    app     info:    [server-manager] Downloaded 1.84 GiB/4.85 GiB at 1,013.86 kiB/s
2025-11-10 14:24:15.278    app     info:    [server-manager] Downloaded 1.85 GiB/4.85 GiB at 1.40 MiB/s
2025-11-10 14:24:16.288    app     info:    [server-manager] Downloaded 1.85 GiB/4.85 GiB at 908.02 kiB/s
2025-11-10 14:24:17.317    app     info:    [server-manager] Downloaded 1.85 GiB/4.85 GiB at 1,009.86 kiB/s
2025-11-10 14:24:18.343    app     info:    [server-manager] Downloaded 1.85 GiB/4.85 GiB at 937.50 kiB/s
2025-11-10 14:24:19.353    app     info:    [server-manager] Downloaded 1.85 GiB/4.85 GiB at 977.10 kiB/s
2025-11-10 14:24:20.388    app     info:    [server-manager] Downloaded 1.85 GiB/4.85 GiB at 969.70 kiB/s
2025-11-10 14:24:21.413    app     info:    [server-manager] Downloaded 1.85 GiB/4.85 GiB at 350.60 kiB/s
2025-11-10 14:24:22.437    app     info:    [server-manager] Downloaded 1.85 GiB/4.85 GiB at 544.00 kiB/s
2025-11-10 14:24:23.436    app     info:    [server-manager] Downloaded 1.85 GiB/4.85 GiB at 1,002.74 kiB/s
2025-11-10 14:24:24.442    app     info:    [server-manager] Downloaded 1.85 GiB/4.85 GiB at 830.77 kiB/s
2025-11-10 14:24:25.472    app     info:    [server-manager] Downloaded 1.85 GiB/4.85 GiB at 1.01 MiB/s
2025-11-10 14:24:26.513    app     info:    [server-manager] Downloaded 1.86 GiB/4.85 GiB at 919.40 kiB/s
2025-11-10 14:24:27.536    app     info:    [server-manager] Downloaded 1.86 GiB/4.85 GiB at 507.94 kiB/s
2025-11-10 14:24:28.592    app     info:    [server-manager] Downloaded 1.86 GiB/4.85 GiB at 946.75 kiB/s
2025-11-10 14:24:29.613    app     info:    [server-manager] Downloaded 1.86 GiB/4.85 GiB at 941.18 kiB/s
2025-11-10 14:24:30.647    app     info:    [server-manager] Downloaded 1.86 GiB/4.85 GiB at 971.54 kiB/s
2025-11-10 14:24:31.668    app     info:    [server-manager] Downloaded 1.86 GiB/4.85 GiB at 632.41 kiB/s
2025-11-10 14:24:32.693    app     info:    [server-manager] Downloaded 1.86 GiB/4.85 GiB at 877.13 kiB/s
2025-11-10 14:24:33.783    app     info:    [server-manager] Downloaded 1.86 GiB/4.85 GiB at 930.58 kiB/s
2025-11-10 14:24:34.791    app     info:    [server-manager] Downloaded 1.86 GiB/4.85 GiB at 981.65 kiB/s
2025-11-10 14:24:35.845    app     info:    [server-manager] Downloaded 1.86 GiB/4.85 GiB at 978.97 kiB/s
2025-11-10 14:24:36.856    app     info:    [server-manager] Downloaded 1.86 GiB/4.85 GiB at 885.50 kiB/s
2025-11-10 14:24:37.897    app     info:    [server-manager] Downloaded 1.87 GiB/4.85 GiB at 377.21 kiB/s
2025-11-10 14:24:38.910    app     info:    [server-manager] Downloaded 1.87 GiB/4.85 GiB at 383.23 kiB/s
2025-11-10 14:24:39.938    app     info:    [server-manager] Downloaded 1.87 GiB/4.85 GiB at 950.50 kiB/s
2025-11-10 14:24:40.974    app     info:    [server-manager] Downloaded 1.87 GiB/4.85 GiB at 1,001.96 kiB/s
2025-11-10 14:24:42.007    app     info:    [server-manager] Downloaded 1.87 GiB/4.85 GiB at 864.06 kiB/s
2025-11-10 14:24:43.062    app     info:    [server-manager] Downloaded 1.87 GiB/4.85 GiB at 1,021.28 kiB/s
2025-11-10 14:24:44.094    app     info:    [server-manager] Downloaded 1.87 GiB/4.85 GiB at 1,023.26 kiB/s
2025-11-10 14:24:45.126    app     info:    [server-manager] Downloaded 1.87 GiB/4.85 GiB at 1.21 MiB/s
2025-11-10 14:24:46.125    app     info:    [server-manager] Downloaded 1.87 GiB/4.85 GiB at 813.30 kiB/s
2025-11-10 14:24:47.158    app     info:    [server-manager] Downloaded 1.87 GiB/4.85 GiB at 1.30 MiB/s
2025-11-10 14:24:48.157    app     info:    [server-manager] Downloaded 1.87 GiB/4.85 GiB at 536.49 kiB/s
2025-11-10 14:24:49.196    app     info:    [server-manager] Downloaded 1.87 GiB/4.85 GiB at 892.66 kiB/s
2025-11-10 14:24:50.224    app     info:    [server-manager] Downloaded 1.88 GiB/4.85 GiB at 946.75 kiB/s
2025-11-10 14:24:51.264    app     info:    [server-manager] Downloaded 1.88 GiB/4.85 GiB at 858.85 kiB/s
2025-11-10 14:24:52.288    app     info:    [server-manager] Downloaded 1.88 GiB/4.85 GiB at 787.88 kiB/s
2025-11-10 14:24:53.318    app     info:    [server-manager] Downloaded 1.88 GiB/4.85 GiB at 911.59 kiB/s
2025-11-10 14:24:54.354    app     info:    [server-manager] Downloaded 1.88 GiB/4.85 GiB at 825.40 kiB/s
2025-11-10 14:24:55.390    app     info:    [server-manager] Downloaded 1.88 GiB/4.85 GiB at 939.33 kiB/s
2025-11-10 14:24:56.418    app     info:    [server-manager] Downloaded 1.88 GiB/4.85 GiB at 911.59 kiB/s
2025-11-10 14:24:57.445    app     info:    [server-manager] Downloaded 1.88 GiB/4.85 GiB at 506.93 kiB/s
2025-11-10 14:24:58.472    app     info:    [server-manager] Downloaded 1.88 GiB/4.85 GiB at 907.24 kiB/s
2025-11-10 14:24:59.522    app     info:    [server-manager] Downloaded 1.88 GiB/4.85 GiB at 599.25 kiB/s
2025-11-10 14:25:00.563    app     info:    [server-manager] Downloaded 1.88 GiB/4.85 GiB at 978.30 kiB/s
2025-11-10 14:25:01.606    app     info:    [server-manager] Downloaded 1.89 GiB/4.85 GiB at 921.31 kiB/s
2025-11-10 14:25:02.657    app     info:    [server-manager] Downloaded 1.89 GiB/4.85 GiB at 947.76 kiB/s
2025-11-10 14:25:03.698    app     info:    [server-manager] Downloaded 1.89 GiB/4.85 GiB at 938.46 kiB/s
2025-11-10 14:25:04.755    app     info:    [server-manager] Downloaded 1.89 GiB/4.85 GiB at 1.40 MiB/s
2025-11-10 14:25:05.762    app     info:    [server-manager] Downloaded 1.89 GiB/4.85 GiB at 944.76 kiB/s
2025-11-10 14:25:06.786    app     info:    [server-manager] Downloaded 1.89 GiB/4.85 GiB at 544.00 kiB/s
2025-11-10 14:25:07.825    app     info:    [server-manager] Downloaded 1.89 GiB/4.85 GiB at 949.91 kiB/s
2025-11-10 14:25:08.875    app     info:    [server-manager] Downloaded 1.89 GiB/4.85 GiB at 832.00 kiB/s
2025-11-10 14:25:09.883    app     info:    [server-manager] Downloaded 1.89 GiB/4.85 GiB at 718.75 kiB/s
2025-11-10 14:25:10.939    app     info:    [server-manager] Downloaded 1.89 GiB/4.85 GiB at 1,019.92 kiB/s
2025-11-10 14:25:12.003    app     info:    [server-manager] Downloaded 1.89 GiB/4.85 GiB at 792.60 kiB/s
2025-11-10 14:25:13.009    app     info:    [server-manager] Downloaded 1.90 GiB/4.85 GiB at 972.70 kiB/s
2025-11-10 14:25:14.031    app     info:    [server-manager] Downloaded 1.90 GiB/4.85 GiB at 684.82 kiB/s
2025-11-10 14:25:15.041    app     info:    [server-manager] Downloaded 1.90 GiB/4.85 GiB at 931.65 kiB/s
2025-11-10 14:25:16.050    app     info:    [server-manager] Downloaded 1.90 GiB/4.85 GiB at 415.17 kiB/s
2025-11-10 14:25:17.078    app     info:    [server-manager] Downloaded 1.90 GiB/4.85 GiB at 887.48 kiB/s
2025-11-10 14:25:18.101    app     info:    [server-manager] Downloaded 1.90 GiB/4.85 GiB at 875.00 kiB/s
2025-11-10 14:25:19.136    app     info:    [server-manager] Downloaded 1.90 GiB/4.85 GiB at 1,011.49 kiB/s
2025-11-10 14:25:20.189    app     info:    [server-manager] Downloaded 1.90 GiB/4.85 GiB at 738.23 kiB/s
2025-11-10 14:25:21.197    app     info:    [server-manager] Downloaded 1.90 GiB/4.85 GiB at 446.22 kiB/s
2025-11-10 14:25:22.218    app     info:    [server-manager] Downloaded 1.90 GiB/4.85 GiB at 864.00 kiB/s
2025-11-10 14:25:23.226    app     info:    [server-manager] Downloaded 1.90 GiB/4.85 GiB at 902.72 kiB/s
2025-11-10 14:25:24.264    app     info:    [server-manager] Downloaded 1.90 GiB/4.85 GiB at 927.10 kiB/s
2025-11-10 14:25:25.311    app     info:    [server-manager] Downloaded 1.91 GiB/4.85 GiB at 683.50 kiB/s
2025-11-10 14:25:26.318    app     info:    [server-manager] Downloaded 1.91 GiB/4.85 GiB at 375.73 kiB/s
2025-11-10 14:25:27.344    app     info:    [server-manager] Downloaded 1.91 GiB/4.85 GiB at 892.31 kiB/s
2025-11-10 14:25:28.355    app     info:    [server-manager] Downloaded 1.91 GiB/4.85 GiB at 941.18 kiB/s
2025-11-10 14:25:29.376    app     info:    [server-manager] Downloaded 1.91 GiB/4.85 GiB at 1.22 MiB/s
2025-11-10 14:25:30.388    app     info:    [server-manager] Downloaded 1.91 GiB/4.85 GiB at 886.41 kiB/s
2025-11-10 14:25:31.407    app     info:    [server-manager] Downloaded 1.91 GiB/4.85 GiB at 920.63 kiB/s
2025-11-10 14:25:32.436    app     info:    [server-manager] Downloaded 1.91 GiB/4.85 GiB at 861.54 kiB/s
2025-11-10 14:25:33.452    app     info:    [server-manager] Downloaded 1.91 GiB/4.85 GiB at 376.47 kiB/s
2025-11-10 14:25:34.472    app     info:    [server-manager] Downloaded 1.91 GiB/4.85 GiB at 734.53 kiB/s
2025-11-10 14:25:35.506    app     info:    [server-manager] Downloaded 1.91 GiB/4.85 GiB at 863.20 kiB/s
2025-11-10 14:25:36.510    app     info:    [server-manager] Downloaded 1.91 GiB/4.85 GiB at 972.55 kiB/s
2025-11-10 14:25:37.538    app     info:    [server-manager] Downloaded 1.92 GiB/4.85 GiB at 1.43 MiB/s
2025-11-10 14:25:38.551    app     info:    [server-manager] Downloaded 1.92 GiB/4.85 GiB at 778.21 kiB/s
2025-11-10 14:25:39.573    app     info:    [server-manager] Downloaded 1.92 GiB/4.85 GiB at 896.85 kiB/s
2025-11-10 14:25:40.602    app     info:    [server-manager] Downloaded 1.92 GiB/4.85 GiB at 947.59 kiB/s
2025-11-10 14:25:41.638    app     info:    [server-manager] Downloaded 1.92 GiB/4.85 GiB at 924.86 kiB/s
2025-11-10 14:25:42.668    app     info:    [server-manager] Downloaded 1.92 GiB/4.85 GiB at 845.89 kiB/s
2025-11-10 14:25:43.690    app     info:    [server-manager] Downloaded 1.92 GiB/4.85 GiB at 926.15 kiB/s
2025-11-10 14:25:44.718    app     info:    [server-manager] Downloaded 1.92 GiB/4.85 GiB at 853.33 kiB/s
2025-11-10 14:25:45.755    app     info:    [server-manager] Downloaded 1.92 GiB/4.85 GiB at 958.08 kiB/s
2025-11-10 14:25:46.780    app     info:    [server-manager] Downloaded 1.92 GiB/4.85 GiB at 448.00 kiB/s
2025-11-10 14:25:47.789    app     info:    [server-manager] Downloaded 1.92 GiB/4.85 GiB at 754.42 kiB/s
2025-11-10 14:25:48.846    app     info:    [server-manager] Downloaded 1.93 GiB/4.85 GiB at 892.31 kiB/s
2025-11-10 14:25:49.846    app     info:    [server-manager] Downloaded 1.93 GiB/4.85 GiB at 862.28 kiB/s
2025-11-10 14:25:50.877    app     info:    [server-manager] Downloaded 1.93 GiB/4.85 GiB at 802.58 kiB/s
2025-11-10 14:25:51.906    app     info:    [server-manager] Downloaded 1.93 GiB/4.85 GiB at 1.36 MiB/s
2025-11-10 14:25:52.927    app     info:    [server-manager] Downloaded 1.93 GiB/4.85 GiB at 788.05 kiB/s
2025-11-10 14:25:53.946    app     info:    [server-manager] Downloaded 1.93 GiB/4.85 GiB at 962.03 kiB/s
2025-11-10 14:25:54.971    app     info:    [server-manager] Downloaded 1.93 GiB/4.85 GiB at 984.13 kiB/s
2025-11-10 14:25:55.980    app     info:    [server-manager] Downloaded 1.93 GiB/4.85 GiB at 444.44 kiB/s
2025-11-10 14:25:57.000    app     info:    [server-manager] Downloaded 1.93 GiB/4.85 GiB at 1.30 MiB/s
2025-11-10 14:25:58.011    app     info:    [server-manager] Downloaded 1.93 GiB/4.85 GiB at 877.96 kiB/s
2025-11-10 14:25:59.038    app     info:    [server-manager] Downloaded 1.93 GiB/4.85 GiB at 894.31 kiB/s
2025-11-10 14:26:00.075    app     info:    [server-manager] Downloaded 1.93 GiB/4.85 GiB at 843.32 kiB/s
2025-11-10 14:26:01.104    app     info:    [server-manager] Downloaded 1.94 GiB/4.85 GiB at 980.38 kiB/s
2025-11-10 14:26:02.141    app     info:    [server-manager] Downloaded 1.94 GiB/4.85 GiB at 706.07 kiB/s
2025-11-10 14:26:03.160    app     info:    [server-manager] Downloaded 1.94 GiB/4.85 GiB at 1.26 MiB/s
2025-11-10 14:26:04.186    app     info:    [server-manager] Downloaded 1.94 GiB/4.85 GiB at 480.00 kiB/s
2025-11-10 14:26:05.191    app     info:    [server-manager] Downloaded 1.94 GiB/4.85 GiB at 793.65 kiB/s
2025-11-10 14:26:06.233    app     info:    [server-manager] Downloaded 1.94 GiB/4.85 GiB at 761.90 kiB/s
2025-11-10 14:26:07.250    app     info:    [server-manager] Downloaded 1.94 GiB/4.85 GiB at 964.98 kiB/s
2025-11-10 14:26:08.269    app     info:    [server-manager] Downloaded 1.94 GiB/4.85 GiB at 869.90 kiB/s
2025-11-10 14:26:09.315    app     info:    [server-manager] Downloaded 1.94 GiB/4.85 GiB at 1.03 MiB/s
2025-11-10 14:26:10.358    app     info:    [server-manager] Downloaded 1.94 GiB/4.85 GiB at 720.65 kiB/s
2025-11-10 14:26:11.378    app     info:    [server-manager] Downloaded 1.94 GiB/4.85 GiB at 850.09 kiB/s
2025-11-10 14:26:12.416    app     info:    [server-manager] Downloaded 1.94 GiB/4.85 GiB at 954.27 kiB/s
2025-11-10 14:26:13.439    app     info:    [server-manager] Downloaded 1.95 GiB/4.85 GiB at 930.82 kiB/s
2025-11-10 14:26:14.490    app     info:    [server-manager] Downloaded 1.95 GiB/4.85 GiB at 861.54 kiB/s
2025-11-10 14:26:15.526    app     info:    [server-manager] Downloaded 1.95 GiB/4.85 GiB at 1.21 MiB/s
2025-11-10 14:26:16.559    app     info:    [server-manager] Downloaded 1.95 GiB/4.85 GiB at 921.31 kiB/s
2025-11-10 14:26:17.593    app     info:    [server-manager] Downloaded 1.95 GiB/4.85 GiB at 843.75 kiB/s
2025-11-10 14:26:18.606    app     info:    [server-manager] Downloaded 1.95 GiB/4.85 GiB at 544.00 kiB/s
2025-11-10 14:26:19.631    app     info:    [server-manager] Downloaded 1.95 GiB/4.85 GiB at 1,023.26 kiB/s
2025-11-10 14:26:20.699    app     info:    [server-manager] Downloaded 1.95 GiB/4.85 GiB at 868.91 kiB/s
2025-11-10 14:26:21.724    app     info:    [server-manager] Downloaded 1.95 GiB/4.85 GiB at 842.11 kiB/s
2025-11-10 14:26:22.753    app     info:    [server-manager] Downloaded 1.95 GiB/4.85 GiB at 717.35 kiB/s
2025-11-10 14:26:23.794    app     info:    [server-manager] Downloaded 1.95 GiB/4.85 GiB at 1.12 MiB/s
2025-11-10 14:26:24.812    app     info:    [server-manager] Downloaded 1.96 GiB/4.85 GiB at 1.00 MiB/s
2025-11-10 14:26:25.820    app     info:    [server-manager] Downloaded 1.96 GiB/4.85 GiB at 443.56 kiB/s
2025-11-10 14:26:26.845    app     info:    [server-manager] Downloaded 1.96 GiB/4.85 GiB at 446.22 kiB/s
2025-11-10 14:26:27.856    app     info:    [server-manager] Downloaded 1.96 GiB/4.85 GiB at 474.31 kiB/s
2025-11-10 14:26:28.885    app     info:    [server-manager] Downloaded 1.96 GiB/4.85 GiB at 512.00 kiB/s
2025-11-10 14:26:29.896    app     info:    [server-manager] Downloaded 1.96 GiB/4.85 GiB at 451.98 kiB/s
2025-11-10 14:26:30.948    app     info:    [server-manager] Downloaded 1.96 GiB/4.85 GiB at 551.04 kiB/s
2025-11-10 14:26:31.983    app     info:    [server-manager] Downloaded 1.96 GiB/4.85 GiB at 907.61 kiB/s
2025-11-10 14:26:33.038    app     info:    [server-manager] Downloaded 1.96 GiB/4.85 GiB at 822.86 kiB/s
2025-11-10 14:26:34.108    app     info:    [server-manager] Downloaded 1.96 GiB/4.85 GiB at 713.75 kiB/s
2025-11-10 14:26:35.229    app     info:    [server-manager] Downloaded 1.96 GiB/4.85 GiB at 916.50 kiB/s
2025-11-10 14:26:36.284    app     info:    [server-manager] Downloaded 1.96 GiB/4.85 GiB at 916.03 kiB/s
2025-11-10 14:26:37.332    app     info:    [server-manager] Downloaded 1.97 GiB/4.85 GiB at 528.16 kiB/s
2025-11-10 14:26:38.344    app     info:    [server-manager] Downloaded 1.97 GiB/4.85 GiB at 827.04 kiB/s
2025-11-10 14:26:39.352    app     info:    [server-manager] Downloaded 1.97 GiB/4.85 GiB at 778.00 kiB/s
2025-11-10 14:26:40.382    app     info:    [server-manager] Downloaded 1.97 GiB/4.85 GiB at 894.03 kiB/s
2025-11-10 14:26:41.419    app     info:    [server-manager] Downloaded 1.97 GiB/4.85 GiB at 934.09 kiB/s
2025-11-10 14:26:42.477    app     info:    [server-manager] Downloaded 1.97 GiB/4.85 GiB at 866.54 kiB/s
2025-11-10 14:26:43.527    app     info:    [server-manager] Downloaded 1.97 GiB/4.85 GiB at 977.10 kiB/s
2025-11-10 14:26:44.566    app     info:    [server-manager] Downloaded 1.97 GiB/4.85 GiB at 956.18 kiB/s
2025-11-10 14:26:45.570    app     info:    [server-manager] Downloaded 1.97 GiB/4.85 GiB at 316.21 kiB/s
2025-11-10 14:26:46.593    app     info:    [server-manager] Downloaded 1.97 GiB/4.85 GiB at 926.15 kiB/s
2025-11-10 14:26:47.602    app     info:    [server-manager] Downloaded 1.97 GiB/4.85 GiB at 883.63 kiB/s
2025-11-10 14:26:48.626    app     info:    [server-manager] Downloaded 1.97 GiB/4.85 GiB at 1.04 MiB/s
2025-11-10 14:26:49.687    app     info:    [server-manager] Downloaded 1.98 GiB/4.85 GiB at 910.18 kiB/s
2025-11-10 14:26:50.718    app     info:    [server-manager] Downloaded 1.98 GiB/4.85 GiB at 804.64 kiB/s
2025-11-10 14:26:51.754    app     info:    [server-manager] Downloaded 1.98 GiB/4.85 GiB at 738.46 kiB/s
2025-11-10 14:26:52.804    app     info:    [server-manager] Downloaded 1.98 GiB/4.85 GiB at 1.00 MiB/s
2025-11-10 14:26:53.827    app     info:    [server-manager] Downloaded 1.98 GiB/4.85 GiB at 780.49 kiB/s
2025-11-10 14:26:54.906    app     info:    [server-manager] Downloaded 1.98 GiB/4.85 GiB at 928.43 kiB/s
2025-11-10 14:26:55.940    app     info:    [server-manager] Downloaded 1.98 GiB/4.85 GiB at 559.55 kiB/s
2025-11-10 14:26:56.984    app     info:    [server-manager] Downloaded 1.98 GiB/4.85 GiB at 893.85 kiB/s
2025-11-10 14:26:58.008    app     info:    [server-manager] Downloaded 1.98 GiB/4.85 GiB at 764.94 kiB/s
2025-11-10 14:26:59.035    app     info:    [server-manager] Downloaded 1.98 GiB/4.85 GiB at 939.39 kiB/s
2025-11-10 14:27:00.072    app     info:    [server-manager] Downloaded 1.98 GiB/4.85 GiB at 992.25 kiB/s
2025-11-10 14:27:01.089    app     info:    [server-manager] Downloaded 1.98 GiB/4.85 GiB at 350.60 kiB/s
2025-11-10 14:27:02.114    app     info:    [server-manager] Downloaded 1.99 GiB/4.85 GiB at 870.80 kiB/s
2025-11-10 14:27:03.119    app     info:    [server-manager] Downloaded 1.99 GiB/4.85 GiB at 887.19 kiB/s
2025-11-10 14:27:04.146    app     info:    [server-manager] Downloaded 1.99 GiB/4.85 GiB at 654.97 kiB/s
2025-11-10 14:27:05.183    app     info:    [server-manager] Downloaded 1.99 GiB/4.85 GiB at 537.55 kiB/s
2025-11-10 14:27:06.225    app     info:    [server-manager] Downloaded 1.99 GiB/4.85 GiB at 888.99 kiB/s
2025-11-10 14:27:07.240    app     info:    [server-manager] Downloaded 1.99 GiB/4.85 GiB at 640.00 kiB/s
2025-11-10 14:27:08.324    app     info:    [server-manager] Downloaded 1.99 GiB/4.85 GiB at 852.94 kiB/s
2025-11-10 14:27:09.357    app     info:    [server-manager] Downloaded 1.99 GiB/4.85 GiB at 1.32 MiB/s
2025-11-10 14:27:10.394    app     info:    [server-manager] Downloaded 1.99 GiB/4.85 GiB at 1.35 MiB/s
2025-11-10 14:27:11.407    app     info:    [server-manager] Downloaded 1.99 GiB/4.85 GiB at 541.83 kiB/s
2025-11-10 14:27:12.418    app     info:    [server-manager] Downloaded 1.99 GiB/4.85 GiB at 1.20 MiB/s
2025-11-10 14:27:13.443    app     info:    [server-manager] Downloaded 1.99 GiB/4.85 GiB at 858.85 kiB/s
2025-11-10 14:27:14.516    app     info:    [server-manager] Downloaded 2.00 GiB/4.85 GiB at 814.09 kiB/s
2025-11-10 14:27:15.529    app     info:    [server-manager] Downloaded 2.00 GiB/4.85 GiB at 857.14 kiB/s
2025-11-10 14:27:16.567    app     info:    [server-manager] Downloaded 2.00 GiB/4.85 GiB at 971.98 kiB/s
2025-11-10 14:27:17.634    app     info:    [server-manager] Downloaded 2.00 GiB/4.85 GiB at 882.13 kiB/s
2025-11-10 14:27:18.650    app     info:    [server-manager] Downloaded 2.00 GiB/4.85 GiB at 827.59 kiB/s
2025-11-10 14:27:19.679    app     info:    [server-manager] Downloaded 2.00 GiB/4.85 GiB at 894.21 kiB/s
2025-11-10 14:27:20.689    app     info:    [server-manager] Downloaded 2.00 GiB/4.85 GiB at 751.47 kiB/s
2025-11-10 14:27:21.707    app     info:    [server-manager] Downloaded 2.00 GiB/4.85 GiB at 793.53 kiB/s
2025-11-10 14:27:22.725    app     info:    [server-manager] Downloaded 2.00 GiB/4.85 GiB at 939.45 kiB/s
2025-11-10 14:27:23.794    app     info:    [server-manager] Downloaded 2.00 GiB/4.85 GiB at 799.28 kiB/s
2025-11-10 14:27:24.884    app     info:    [server-manager] Downloaded 2.00 GiB/4.85 GiB at 950.50 kiB/s
2025-11-10 14:27:25.891    app     info:    [server-manager] Downloaded 2.01 GiB/4.85 GiB at 892.43 kiB/s
2025-11-10 14:27:26.928    app     info:    [server-manager] Downloaded 2.01 GiB/4.85 GiB at 937.62 kiB/s
2025-11-10 14:27:27.943    app     info:    [server-manager] Downloaded 2.01 GiB/4.85 GiB at 937.50 kiB/s
2025-11-10 14:27:28.953    app     info:    [server-manager] Downloaded 2.01 GiB/4.85 GiB at 922.47 kiB/s
2025-11-10 14:27:30.000    app     info:    [server-manager] Downloaded 2.01 GiB/4.85 GiB at 943.19 kiB/s
2025-11-10 14:27:31.008    app     info:    [server-manager] Downloaded 2.01 GiB/4.85 GiB at 990.02 kiB/s
2025-11-10 14:27:32.045    app     info:    [server-manager] Downloaded 2.01 GiB/4.85 GiB at 937.50 kiB/s
2025-11-10 14:27:33.067    app     info:    [server-manager] Downloaded 2.01 GiB/4.85 GiB at 818.90 kiB/s
2025-11-10 14:27:34.099    app     info:    [server-manager] Downloaded 2.01 GiB/4.85 GiB at 782.88 kiB/s
2025-11-10 14:27:35.135    app     info:    [server-manager] Downloaded 2.01 GiB/4.85 GiB at 933.76 kiB/s
2025-11-10 14:27:36.157    app     info:    [server-manager] Downloaded 2.01 GiB/4.85 GiB at 887.13 kiB/s
2025-11-10 14:27:37.166    app     info:    [server-manager] Downloaded 2.02 GiB/4.85 GiB at 918.81 kiB/s
2025-11-10 14:27:38.197    app     info:    [server-manager] Downloaded 2.02 GiB/4.85 GiB at 894.03 kiB/s
2025-11-10 14:27:39.233    app     info:    [server-manager] Downloaded 2.02 GiB/4.85 GiB at 989.91 kiB/s
2025-11-10 14:27:40.269    app     info:    [server-manager] Downloaded 2.02 GiB/4.85 GiB at 754.42 kiB/s
2025-11-10 14:27:41.341    app     info:    [server-manager] Downloaded 2.02 GiB/4.85 GiB at 843.75 kiB/s
2025-11-10 14:27:42.382    app     info:    [server-manager] Downloaded 2.02 GiB/4.85 GiB at 414.34 kiB/s
2025-11-10 14:27:43.406    app     info:    [server-manager] Downloaded 2.02 GiB/4.85 GiB at 846.72 kiB/s
2025-11-10 14:27:44.444    app     info:    [server-manager] Downloaded 2.02 GiB/4.85 GiB at 1.05 MiB/s
2025-11-10 14:27:45.487    app     info:    [server-manager] Downloaded 2.02 GiB/4.85 GiB at 504.93 kiB/s
2025-11-10 14:27:46.491    app     info:    [server-manager] Downloaded 2.02 GiB/4.85 GiB at 933.76 kiB/s
2025-11-10 14:27:47.510    app     info:    [server-manager] Downloaded 2.02 GiB/4.85 GiB at 864.06 kiB/s
2025-11-10 14:27:48.584    app     info:    [server-manager] Downloaded 2.02 GiB/4.85 GiB at 881.08 kiB/s
2025-11-10 14:27:49.611    app     info:    [server-manager] Downloaded 2.03 GiB/4.85 GiB at 937.93 kiB/s
2025-11-10 14:27:50.622    app     info:    [server-manager] Downloaded 2.03 GiB/4.85 GiB at 1.03 MiB/s
2025-11-10 14:27:51.630    app     info:    [server-manager] Downloaded 2.03 GiB/4.85 GiB at 941.18 kiB/s
2025-11-10 14:27:52.686    app     info:    [server-manager] Downloaded 2.03 GiB/4.85 GiB at 952.02 kiB/s
2025-11-10 14:27:53.759    app     info:    [server-manager] Downloaded 2.03 GiB/4.85 GiB at 872.21 kiB/s
2025-11-10 14:27:54.785    app     info:    [server-manager] Downloaded 2.03 GiB/4.85 GiB at 698.41 kiB/s
2025-11-10 14:27:55.793    app     info:    [server-manager] Downloaded 2.03 GiB/4.85 GiB at 376.47 kiB/s
2025-11-10 14:27:56.822    app     info:    [server-manager] Downloaded 2.03 GiB/4.85 GiB at 1.30 MiB/s
2025-11-10 14:27:57.852    app     info:    [server-manager] Downloaded 2.03 GiB/4.85 GiB at 474.31 kiB/s
2025-11-10 14:27:58.884    app     info:    [server-manager] Downloaded 2.03 GiB/4.85 GiB at 733.57 kiB/s
2025-11-10 14:27:59.920    app     info:    [server-manager] Downloaded 2.03 GiB/4.85 GiB at 887.13 kiB/s
2025-11-10 14:28:00.948    app     info:    [server-manager] Downloaded 2.04 GiB/4.85 GiB at 1,013.04 kiB/s
2025-11-10 14:28:02.008    app     info:    [server-manager] Downloaded 2.04 GiB/4.85 GiB at 990.02 kiB/s
2025-11-10 14:28:03.033    app     info:    [server-manager] Downloaded 2.04 GiB/4.85 GiB at 920.63 kiB/s
2025-11-10 14:28:04.063    app     info:    [server-manager] Downloaded 2.04 GiB/4.85 GiB at 935.85 kiB/s
2025-11-10 14:28:05.118    app     info:    [server-manager] Downloaded 2.04 GiB/4.85 GiB at 937.50 kiB/s
2025-11-10 14:28:06.140    app     info:    [server-manager] Downloaded 2.04 GiB/4.85 GiB at 895.75 kiB/s
2025-11-10 14:28:07.168    app     info:    [server-manager] Downloaded 2.04 GiB/4.85 GiB at 812.50 kiB/s
2025-11-10 14:28:08.208    app     info:    [server-manager] Downloaded 2.04 GiB/4.85 GiB at 850.09 kiB/s
2025-11-10 14:28:09.255    app     info:    [server-manager] Downloaded 2.04 GiB/4.85 GiB at 512.00 kiB/s
2025-11-10 14:28:10.276    app     info:    [server-manager] Downloaded 2.04 GiB/4.85 GiB at 909.41 kiB/s
2025-11-10 14:28:11.355    app     info:    [server-manager] Downloaded 2.04 GiB/4.85 GiB at 567.35 kiB/s
2025-11-10 14:28:12.365    app     info:    [server-manager] Downloaded 2.04 GiB/4.85 GiB at 858.76 kiB/s
2025-11-10 14:28:13.413    app     info:    [server-manager] Downloaded 2.05 GiB/4.85 GiB at 917.29 kiB/s
2025-11-10 14:28:14.446    app     info:    [server-manager] Downloaded 2.05 GiB/4.85 GiB at 920.63 kiB/s
2025-11-10 14:28:15.471    app     info:    [server-manager] Downloaded 2.05 GiB/4.85 GiB at 542.91 kiB/s
2025-11-10 14:28:16.491    app     info:    [server-manager] Downloaded 2.05 GiB/4.85 GiB at 863.20 kiB/s
2025-11-10 14:28:17.515    app     info:    [server-manager] Downloaded 2.05 GiB/4.85 GiB at 906.25 kiB/s
2025-11-10 14:28:18.567    app     info:    [server-manager] Downloaded 2.05 GiB/4.85 GiB at 870.09 kiB/s
2025-11-10 14:28:19.601    app     info:    [server-manager] Downloaded 2.05 GiB/4.85 GiB at 1,017.89 kiB/s
2025-11-10 14:28:20.668    app     info:    [server-manager] Downloaded 2.05 GiB/4.85 GiB at 992.00 kiB/s
2025-11-10 14:28:21.679    app     info:    [server-manager] Downloaded 2.05 GiB/4.85 GiB at 885.38 kiB/s
2025-11-10 14:28:22.695    app     info:    [server-manager] Downloaded 2.05 GiB/4.85 GiB at 652.65 kiB/s
2025-11-10 14:28:23.754    app     info:    [server-manager] Downloaded 2.05 GiB/4.85 GiB at 1.19 MiB/s
2025-11-10 14:28:24.758    app     info:    [server-manager] Downloaded 2.05 GiB/4.85 GiB at 416.00 kiB/s
2025-11-10 14:28:25.787    app     info:    [server-manager] Downloaded 2.06 GiB/4.85 GiB at 782.78 kiB/s
2025-11-10 14:28:26.791    app     info:    [server-manager] Downloaded 2.06 GiB/4.85 GiB at 894.21 kiB/s
2025-11-10 14:28:27.797    app     info:    [server-manager] Downloaded 2.06 GiB/4.85 GiB at 820.78 kiB/s
2025-11-10 14:28:28.855    app     info:    [server-manager] Downloaded 2.06 GiB/4.85 GiB at 939.19 kiB/s
2025-11-10 14:28:29.885    app     info:    [server-manager] Downloaded 2.06 GiB/4.85 GiB at 687.85 kiB/s
2025-11-10 14:28:30.905    app     info:    [server-manager] Downloaded 2.06 GiB/4.85 GiB at 654.97 kiB/s
2025-11-10 14:28:31.914    app     info:    [server-manager] Downloaded 2.06 GiB/4.85 GiB at 858.85 kiB/s
2025-11-10 14:28:32.943    app     info:    [server-manager] Downloaded 2.06 GiB/4.85 GiB at 671.76 kiB/s
2025-11-10 14:28:33.951    app     info:    [server-manager] Downloaded 2.06 GiB/4.85 GiB at 978.30 kiB/s
2025-11-10 14:28:34.959    app     info:    [server-manager] Downloaded 2.06 GiB/4.85 GiB at 975.24 kiB/s
2025-11-10 14:28:36.009    app     info:    [server-manager] Downloaded 2.06 GiB/4.85 GiB at 895.75 kiB/s
2025-11-10 14:28:37.036    app     info:    [server-manager] Downloaded 2.06 GiB/4.85 GiB at 544.00 kiB/s
2025-11-10 14:28:38.089    app     info:    [server-manager] Downloaded 2.07 GiB/4.85 GiB at 1.03 MiB/s
2025-11-10 14:28:39.097    app     info:    [server-manager] Downloaded 2.07 GiB/4.85 GiB at 680.85 kiB/s
2025-11-10 14:28:40.149    app     info:    [server-manager] Downloaded 2.07 GiB/4.85 GiB at 1,023.26 kiB/s
2025-11-10 14:28:41.198    app     info:    [server-manager] Downloaded 2.07 GiB/4.85 GiB at 888.89 kiB/s
2025-11-10 14:28:42.223    app     info:    [server-manager] Downloaded 2.07 GiB/4.85 GiB at 859.26 kiB/s
2025-11-10 14:28:43.267    app     info:    [server-manager] Downloaded 2.07 GiB/4.85 GiB at 529.18 kiB/s
2025-11-10 14:28:44.320    app     info:    [server-manager] Downloaded 2.07 GiB/4.85 GiB at 899.83 kiB/s
2025-11-10 14:28:45.346    app     info:    [server-manager] Downloaded 2.07 GiB/4.85 GiB at 906.25 kiB/s
2025-11-10 14:28:46.349    app     info:    [server-manager] Downloaded 2.07 GiB/4.85 GiB at 888.89 kiB/s
2025-11-10 14:28:47.357    app     info:    [server-manager] Downloaded 2.07 GiB/4.85 GiB at 500.98 kiB/s
2025-11-10 14:28:48.412    app     info:    [server-manager] Downloaded 2.07 GiB/4.85 GiB at 1.03 MiB/s
2025-11-10 14:28:49.413    app     info:    [server-manager] Downloaded 2.08 GiB/4.85 GiB at 1,009.25 kiB/s
2025-11-10 14:28:50.427    app     info:    [server-manager] Downloaded 2.08 GiB/4.85 GiB at 749.88 kiB/s
2025-11-10 14:28:51.467    app     info:    [server-manager] Downloaded 2.08 GiB/4.85 GiB at 1.33 MiB/s
2025-11-10 14:28:52.492    app     info:    [server-manager] Downloaded 2.08 GiB/4.85 GiB at 955.22 kiB/s
2025-11-10 14:28:53.535    app     info:    [server-manager] Downloaded 2.08 GiB/4.85 GiB at 795.23 kiB/s
2025-11-10 14:28:54.571    app     info:    [server-manager] Downloaded 2.08 GiB/4.85 GiB at 413.52 kiB/s
2025-11-10 14:28:55.595    app     info:    [server-manager] Downloaded 2.08 GiB/4.85 GiB at 864.00 kiB/s
2025-11-10 14:28:56.629    app     info:    [server-manager] Downloaded 2.08 GiB/4.85 GiB at 861.72 kiB/s
2025-11-10 14:28:57.680    app     info:    [server-manager] Downloaded 2.08 GiB/4.85 GiB at 833.98 kiB/s
2025-11-10 14:28:58.703    app     info:    [server-manager] Downloaded 2.08 GiB/4.85 GiB at 1.27 MiB/s
2025-11-10 14:28:59.720    app     info:    [server-manager] Downloaded 2.08 GiB/4.85 GiB at 1,021.96 kiB/s
2025-11-10 14:29:00.726    app     info:    [server-manager] Downloaded 2.08 GiB/4.85 GiB at 1.26 MiB/s
2025-11-10 14:29:01.742    app     info:    [server-manager] Downloaded 2.09 GiB/4.85 GiB at 897.49 kiB/s
2025-11-10 14:29:02.787    app     info:    [server-manager] Downloaded 2.09 GiB/4.85 GiB at 990.02 kiB/s
2025-11-10 14:29:03.849    app     info:    [server-manager] Downloaded 2.09 GiB/4.85 GiB at 827.04 kiB/s
2025-11-10 14:29:04.884    app     info:    [server-manager] Downloaded 2.09 GiB/4.85 GiB at 346.46 kiB/s
2025-11-10 14:29:05.921    app     info:    [server-manager] Downloaded 2.09 GiB/4.85 GiB at 1.05 MiB/s
2025-11-10 14:29:06.959    app     info:    [server-manager] Downloaded 2.09 GiB/4.85 GiB at 252.96 kiB/s
2025-11-10 14:29:07.996    app     info:    [server-manager] Downloaded 2.09 GiB/4.85 GiB at 780.41 kiB/s
2025-11-10 14:29:09.126    app     info:    [server-manager] Downloaded 2.09 GiB/4.85 GiB at 405.06 kiB/s
2025-11-10 14:29:10.169    app     info:    [server-manager] Downloaded 2.09 GiB/4.85 GiB at 523.08 kiB/s
2025-11-10 14:29:11.259    app     info:    [server-manager] Downloaded 2.09 GiB/4.85 GiB at 339.77 kiB/s
2025-11-10 14:29:12.317    app     info:    [server-manager] Downloaded 2.09 GiB/4.85 GiB at 345.78 kiB/s
2025-11-10 14:29:13.420    app     info:    [server-manager] Downloaded 2.09 GiB/4.85 GiB at 490.42 kiB/s
2025-11-10 14:29:14.455    app     info:    [server-manager] Downloaded 2.09 GiB/4.85 GiB at 641.22 kiB/s
2025-11-10 14:29:15.517    app     info:    [server-manager] Downloaded 2.09 GiB/4.85 GiB at 444.44 kiB/s
2025-11-10 14:29:16.539    app     info:    [server-manager] Downloaded 2.09 GiB/4.85 GiB at 540.76 kiB/s
2025-11-10 14:29:17.568    app     info:    [server-manager] Downloaded 2.09 GiB/4.85 GiB at 551.72 kiB/s
2025-11-10 14:29:18.615    app     info:    [server-manager] Downloaded 2.10 GiB/4.85 GiB at 507.46 kiB/s
2025-11-10 14:29:19.674    app     info:    [server-manager] Downloaded 2.10 GiB/4.85 GiB at 635.16 kiB/s
2025-11-10 14:29:20.698    app     info:    [server-manager] Downloaded 2.10 GiB/4.85 GiB at 643.68 kiB/s
2025-11-10 14:29:21.752    app     info:    [server-manager] Downloaded 2.10 GiB/4.85 GiB at 618.96 kiB/s
2025-11-10 14:29:22.794    app     info:    [server-manager] Downloaded 2.10 GiB/4.85 GiB at 576.00 kiB/s
2025-11-10 14:29:23.849    app     info:    [server-manager] Downloaded 2.10 GiB/4.85 GiB at 750.47 kiB/s
2025-11-10 14:29:24.914    app     info:    [server-manager] Downloaded 2.10 GiB/4.85 GiB at 506.93 kiB/s
2025-11-10 14:29:26.002    app     info:    [server-manager] Downloaded 2.10 GiB/4.85 GiB at 572.50 kiB/s
2025-11-10 14:29:27.027    app     info:    [server-manager] Downloaded 2.10 GiB/4.85 GiB at 604.37 kiB/s
2025-11-10 14:29:28.065    app     info:    [server-manager] Downloaded 2.10 GiB/4.85 GiB at 762.33 kiB/s
2025-11-10 14:29:29.080    app     info:    [server-manager] Downloaded 2.10 GiB/4.85 GiB at 565.82 kiB/s
2025-11-10 14:29:30.101    app     info:    [server-manager] Downloaded 2.10 GiB/4.85 GiB at 992.90 kiB/s
2025-11-10 14:29:31.113    app     info:    [server-manager] Downloaded 2.10 GiB/4.85 GiB at 554.91 kiB/s
2025-11-10 14:29:32.140    app     info:    [server-manager] Downloaded 2.10 GiB/4.85 GiB at 717.47 kiB/s
2025-11-10 14:29:33.225    app     info:    [server-manager] Downloaded 2.10 GiB/4.85 GiB at 573.48 kiB/s
2025-11-10 14:29:34.288    app     info:    [server-manager] Downloaded 2.10 GiB/4.85 GiB at 660.12 kiB/s
2025-11-10 14:29:35.310    app     info:    [server-manager] Downloaded 2.11 GiB/4.85 GiB at 684.82 kiB/s
2025-11-10 14:29:36.333    app     info:    [server-manager] Downloaded 2.11 GiB/4.85 GiB at 636.36 kiB/s
2025-11-10 14:29:37.388    app     info:    [server-manager] Downloaded 2.11 GiB/4.85 GiB at 348.51 kiB/s
2025-11-10 14:29:38.417    app     info:    [server-manager] Downloaded 2.11 GiB/4.85 GiB at 559.44 kiB/s
2025-11-10 14:29:39.502    app     info:    [server-manager] Downloaded 2.11 GiB/4.85 GiB at 648.65 kiB/s
2025-11-10 14:29:40.519    app     info:    [server-manager] Downloaded 2.11 GiB/4.85 GiB at 631.16 kiB/s
2025-11-10 14:29:41.537    app     info:    [server-manager] Downloaded 2.11 GiB/4.85 GiB at 698.41 kiB/s
2025-11-10 14:29:42.556    app     info:    [server-manager] Downloaded 2.11 GiB/4.85 GiB at 820.51 kiB/s
2025-11-10 14:29:43.577    app     info:    [server-manager] Downloaded 2.11 GiB/4.85 GiB at 779.95 kiB/s
2025-11-10 14:29:44.609    app     info:    [server-manager] Downloaded 2.11 GiB/4.85 GiB at 1.29 MiB/s
2025-11-10 14:29:45.629    app     info:    [server-manager] Downloaded 2.11 GiB/4.85 GiB at 1.08 MiB/s
2025-11-10 14:29:46.666    app     info:    [server-manager] Downloaded 2.11 GiB/4.85 GiB at 497.26 kiB/s
2025-11-10 14:29:47.702    app     info:    [server-manager] Downloaded 2.11 GiB/4.85 GiB at 748.54 kiB/s
2025-11-10 14:29:48.751    app     info:    [server-manager] Downloaded 2.11 GiB/4.85 GiB at 649.90 kiB/s
2025-11-10 14:29:49.804    app     info:    [server-manager] Downloaded 2.11 GiB/4.85 GiB at 763.42 kiB/s
2025-11-10 14:29:50.828    app     info:    [server-manager] Downloaded 2.12 GiB/4.85 GiB at 542.91 kiB/s
2025-11-10 14:29:51.851    app     info:    [server-manager] Downloaded 2.12 GiB/4.85 GiB at 250.62 kiB/s
2025-11-10 14:29:52.903    app     info:    [server-manager] Downloaded 2.12 GiB/4.85 GiB at 1.12 MiB/s
2025-11-10 14:29:53.933    app     info:    [server-manager] Downloaded 2.12 GiB/4.85 GiB at 1.12 MiB/s
2025-11-10 14:29:54.959    app     info:    [server-manager] Downloaded 2.12 GiB/4.85 GiB at 770.71 kiB/s
2025-11-10 14:29:55.980    app     info:    [server-manager] Downloaded 2.12 GiB/4.85 GiB at 900.12 kiB/s
2025-11-10 14:29:57.035    app     info:    [server-manager] Downloaded 2.12 GiB/4.85 GiB at 870.09 kiB/s
2025-11-10 14:29:58.043    app     info:    [server-manager] Downloaded 2.12 GiB/4.85 GiB at 915.06 kiB/s
2025-11-10 14:29:59.070    app     info:    [server-manager] Downloaded 2.12 GiB/4.85 GiB at 896.00 kiB/s
2025-11-10 14:30:00.097    app     info:    [server-manager] Downloaded 2.12 GiB/4.85 GiB at 800.00 kiB/s
2025-11-10 14:30:01.109    app     info:    [server-manager] Downloaded 2.12 GiB/4.85 GiB at 758.89 kiB/s
2025-11-10 14:30:02.129    app     info:    [server-manager] Downloaded 2.12 GiB/4.85 GiB at 885.44 kiB/s
2025-11-10 14:30:03.144    app     info:    [server-manager] Downloaded 2.13 GiB/4.85 GiB at 890.60 kiB/s
2025-11-10 14:30:04.189    app     info:    [server-manager] Downloaded 2.13 GiB/4.85 GiB at 1.22 MiB/s
2025-11-10 14:30:05.195    app     info:    [server-manager] Downloaded 2.13 GiB/4.85 GiB at 1.40 MiB/s
2025-11-10 14:30:06.206    app     info:    [server-manager] Downloaded 2.13 GiB/4.85 GiB at 952.02 kiB/s
2025-11-10 14:30:07.247    app     info:    [server-manager] Downloaded 2.13 GiB/4.85 GiB at 1,023.26 kiB/s
2025-11-10 14:30:08.257    app     info:    [server-manager] Downloaded 2.13 GiB/4.85 GiB at 806.20 kiB/s
2025-11-10 14:30:09.288    app     info:    [server-manager] Downloaded 2.13 GiB/4.85 GiB at 754.72 kiB/s
2025-11-10 14:30:10.325    app     info:    [server-manager] Downloaded 2.13 GiB/4.85 GiB at 988.05 kiB/s
2025-11-10 14:30:11.360    app     info:    [server-manager] Downloaded 2.13 GiB/4.85 GiB at 885.38 kiB/s
2025-11-10 14:30:12.390    app     info:    [server-manager] Downloaded 2.13 GiB/4.85 GiB at 1.29 MiB/s
2025-11-10 14:30:13.409    app     info:    [server-manager] Downloaded 2.13 GiB/4.85 GiB at 994.35 kiB/s
2025-11-10 14:30:14.481    app     info:    [server-manager] Downloaded 2.13 GiB/4.85 GiB at 781.95 kiB/s
2025-11-10 14:30:15.509    app     info:    [server-manager] Downloaded 2.14 GiB/4.85 GiB at 764.82 kiB/s
2025-11-10 14:30:16.535    app     info:    [server-manager] Downloaded 2.14 GiB/4.85 GiB at 953.58 kiB/s
2025-11-10 14:30:17.564    app     info:    [server-manager] Downloaded 2.14 GiB/4.85 GiB at 955.68 kiB/s
2025-11-10 14:30:18.606    app     info:    [server-manager] Downloaded 2.14 GiB/4.85 GiB at 834.26 kiB/s
2025-11-10 14:30:19.633    app     info:    [server-manager] Downloaded 2.14 GiB/4.85 GiB at 969.70 kiB/s
2025-11-10 14:30:20.660    app     info:    [server-manager] Downloaded 2.14 GiB/4.85 GiB at 892.31 kiB/s
2025-11-10 14:30:21.690    app     info:    [server-manager] Downloaded 2.14 GiB/4.85 GiB at 829.17 kiB/s
2025-11-10 14:30:22.763    app     info:    [server-manager] Downloaded 2.14 GiB/4.85 GiB at 900.56 kiB/s
2025-11-10 14:30:23.798    app     info:    [server-manager] Downloaded 2.14 GiB/4.85 GiB at 873.17 kiB/s
2025-11-10 14:30:24.824    app     info:    [server-manager] Downloaded 2.14 GiB/4.85 GiB at 837.21 kiB/s
2025-11-10 14:30:25.851    app     info:    [server-manager] Downloaded 2.14 GiB/4.85 GiB at 1.03 MiB/s
2025-11-10 14:30:26.886    app     info:    [server-manager] Downloaded 2.15 GiB/4.85 GiB at 961.32 kiB/s
2025-11-10 14:30:27.924    app     info:    [server-manager] Downloaded 2.15 GiB/4.85 GiB at 986.51 kiB/s
2025-11-10 14:30:28.937    app     info:    [server-manager] Downloaded 2.15 GiB/4.85 GiB at 384.00 kiB/s
2025-11-10 14:30:29.972    app     info:    [server-manager] Downloaded 2.15 GiB/4.85 GiB at 750.47 kiB/s
2025-11-10 14:30:31.006    app     info:    [server-manager] Downloaded 2.15 GiB/4.85 GiB at 887.13 kiB/s
2025-11-10 14:30:32.011    app     info:    [server-manager] Downloaded 2.15 GiB/4.85 GiB at 817.29 kiB/s
2025-11-10 14:30:33.035    app     info:    [server-manager] Downloaded 2.15 GiB/4.85 GiB at 781.25 kiB/s
2025-11-10 14:30:34.065    app     info:    [server-manager] Downloaded 2.15 GiB/4.85 GiB at 875.72 kiB/s
2025-11-10 14:30:35.072    app     info:    [server-manager] Downloaded 2.15 GiB/4.85 GiB at 350.60 kiB/s
2025-11-10 14:30:36.087    app     info:    [server-manager] Downloaded 2.15 GiB/4.85 GiB at 869.18 kiB/s
2025-11-10 14:30:37.100    app     info:    [server-manager] Downloaded 2.15 GiB/4.85 GiB at 1.03 MiB/s
2025-11-10 14:30:38.129    app     info:    [server-manager] Downloaded 2.16 GiB/4.85 GiB at 982.18 kiB/s
2025-11-10 14:30:39.147    app     info:    [server-manager] Downloaded 2.16 GiB/4.85 GiB at 426.04 kiB/s
2025-11-10 14:30:40.163    app     info:    [server-manager] Downloaded 2.16 GiB/4.85 GiB at 895.87 kiB/s
2025-11-10 14:30:41.174    app     info:    [server-manager] Downloaded 2.16 GiB/4.85 GiB at 953.01 kiB/s
2025-11-10 14:30:42.223    app     info:    [server-manager] Downloaded 2.16 GiB/4.85 GiB at 857.14 kiB/s
2025-11-10 14:30:43.260    app     info:    [server-manager] Downloaded 2.16 GiB/4.85 GiB at 784.03 kiB/s
2025-11-10 14:30:44.285    app     info:    [server-manager] Downloaded 2.16 GiB/4.85 GiB at 857.14 kiB/s
2025-11-10 14:30:45.300    app     info:    [server-manager] Downloaded 2.16 GiB/4.85 GiB at 890.66 kiB/s
2025-11-10 14:30:46.325    app     info:    [server-manager] Downloaded 2.16 GiB/4.85 GiB at 1.36 MiB/s
2025-11-10 14:30:47.348    app     info:    [server-manager] Downloaded 2.16 GiB/4.85 GiB at 1.40 MiB/s
2025-11-10 14:30:48.349    app     info:    [server-manager] Downloaded 2.16 GiB/4.85 GiB at 576.00 kiB/s
2025-11-10 14:30:49.359    app     info:    [server-manager] Downloaded 2.16 GiB/4.85 GiB at 899.22 kiB/s
2025-11-10 14:30:50.385    app     info:    [server-manager] Downloaded 2.17 GiB/4.85 GiB at 815.69 kiB/s
2025-11-10 14:30:51.410    app     info:    [server-manager] Downloaded 2.17 GiB/4.85 GiB at 862.28 kiB/s
2025-11-10 14:30:52.414    app     info:    [server-manager] Downloaded 2.17 GiB/4.85 GiB at 474.31 kiB/s
2025-11-10 14:30:53.438    app     info:    [server-manager] Downloaded 2.17 GiB/4.85 GiB at 711.80 kiB/s
2025-11-10 14:30:54.461    app     info:    [server-manager] Downloaded 2.17 GiB/4.85 GiB at 894.03 kiB/s
2025-11-10 14:30:55.478    app     info:    [server-manager] Downloaded 2.17 GiB/4.85 GiB at 928.43 kiB/s
2025-11-10 14:30:56.507    app     info:    [server-manager] Downloaded 2.17 GiB/4.85 GiB at 1.02 MiB/s
2025-11-10 14:30:57.537    app     info:    [server-manager] Downloaded 2.17 GiB/4.85 GiB at 930.58 kiB/s
2025-11-10 14:30:58.573    app     info:    [server-manager] Downloaded 2.17 GiB/4.85 GiB at 822.86 kiB/s
2025-11-10 14:30:59.595    app     info:    [server-manager] Downloaded 2.17 GiB/4.85 GiB at 509.96 kiB/s
2025-11-10 14:31:00.626    app     info:    [server-manager] Downloaded 2.17 GiB/4.85 GiB at 1,017.89 kiB/s
2025-11-10 14:31:01.660    app     info:    [server-manager] Downloaded 2.18 GiB/4.85 GiB at 920.63 kiB/s
2025-11-10 14:31:02.665    app     info:    [server-manager] Downloaded 2.18 GiB/4.85 GiB at 894.12 kiB/s
2025-11-10 14:31:03.687    app     info:    [server-manager] Downloaded 2.18 GiB/4.85 GiB at 648.65 kiB/s
2025-11-10 14:31:04.719    app     info:    [server-manager] Downloaded 2.18 GiB/4.85 GiB at 890.60 kiB/s
2025-11-10 14:31:05.771    app     info:    [server-manager] Downloaded 2.18 GiB/4.85 GiB at 824.43 kiB/s
2025-11-10 14:31:06.798    app     info:    [server-manager] Downloaded 2.18 GiB/4.85 GiB at 503.94 kiB/s
2025-11-10 14:31:07.836    app     info:    [server-manager] Downloaded 2.18 GiB/4.85 GiB at 909.09 kiB/s
2025-11-10 14:31:08.853    app     info:    [server-manager] Downloaded 2.18 GiB/4.85 GiB at 826.00 kiB/s
2025-11-10 14:31:09.887    app     info:    [server-manager] Downloaded 2.18 GiB/4.85 GiB at 1.25 MiB/s
2025-11-10 14:31:10.920    app     info:    [server-manager] Downloaded 2.18 GiB/4.85 GiB at 713.18 kiB/s
2025-11-10 14:31:11.939    app     info:    [server-manager] Downloaded 2.18 GiB/4.85 GiB at 1.42 MiB/s
2025-11-10 14:31:12.945    app     info:    [server-manager] Downloaded 2.19 GiB/4.85 GiB at 1.38 MiB/s
2025-11-10 14:31:13.963    app     info:    [server-manager] Downloaded 2.19 GiB/4.85 GiB at 1.06 MiB/s
2025-11-10 14:31:15.005    app     info:    [server-manager] Downloaded 2.19 GiB/4.85 GiB at 505.93 kiB/s
2025-11-10 14:31:16.043    app     info:    [server-manager] Downloaded 2.19 GiB/4.85 GiB at 954.27 kiB/s
2025-11-10 14:31:17.068    app     info:    [server-manager] Downloaded 2.19 GiB/4.85 GiB at 917.44 kiB/s
2025-11-10 14:31:18.089    app     info:    [server-manager] Downloaded 2.19 GiB/4.85 GiB at 939.33 kiB/s
2025-11-10 14:31:19.101    app     info:    [server-manager] Downloaded 2.19 GiB/4.85 GiB at 472.44 kiB/s
2025-11-10 14:31:20.158    app     info:    [server-manager] Downloaded 2.19 GiB/4.85 GiB at 921.31 kiB/s
2025-11-10 14:31:21.184    app     info:    [server-manager] Downloaded 2.19 GiB/4.85 GiB at 1,013.86 kiB/s
2025-11-10 14:31:22.223    app     info:    [server-manager] Downloaded 2.19 GiB/4.85 GiB at 868.91 kiB/s
2025-11-10 14:31:23.253    app     info:    [server-manager] Downloaded 2.19 GiB/4.85 GiB at 547.43 kiB/s
2025-11-10 14:31:24.299    app     info:    [server-manager] Downloaded 2.19 GiB/4.85 GiB at 869.84 kiB/s
2025-11-10 14:31:25.319    app     info:    [server-manager] Downloaded 2.20 GiB/4.85 GiB at 640.00 kiB/s
2025-11-10 14:31:26.354    app     info:    [server-manager] Downloaded 2.20 GiB/4.85 GiB at 962.87 kiB/s
2025-11-10 14:31:27.420    app     info:    [server-manager] Downloaded 2.20 GiB/4.85 GiB at 924.72 kiB/s
2025-11-10 14:31:28.515    app     info:    [server-manager] Downloaded 2.20 GiB/4.85 GiB at 890.43 kiB/s
2025-11-10 14:31:29.515    app     info:    [server-manager] Downloaded 2.20 GiB/4.85 GiB at 1,017.89 kiB/s
2025-11-10 14:31:30.562    app     info:    [server-manager] Downloaded 2.20 GiB/4.85 GiB at 959.38 kiB/s
2025-11-10 14:31:31.570    app     info:    [server-manager] Downloaded 2.20 GiB/4.85 GiB at 127.74 kiB/s
2025-11-10 14:31:32.613    app     info:    [server-manager] Downloaded 2.20 GiB/4.85 GiB at 840.53 kiB/s
2025-11-10 14:31:33.636    app     info:    [server-manager] Downloaded 2.20 GiB/4.85 GiB at 1.35 MiB/s
2025-11-10 14:31:34.657    app     info:    [server-manager] Downloaded 2.20 GiB/4.85 GiB at 1.37 MiB/s
2025-11-10 14:31:35.673    app     info:    [server-manager] Downloaded 2.20 GiB/4.85 GiB at 917.00 kiB/s
2025-11-10 14:31:36.712    app     info:    [server-manager] Downloaded 2.21 GiB/4.85 GiB at 953.85 kiB/s
2025-11-10 14:31:37.737    app     info:    [server-manager] Downloaded 2.21 GiB/4.85 GiB at 564.01 kiB/s
2025-11-10 14:31:38.809    app     info:    [server-manager] Downloaded 2.21 GiB/4.85 GiB at 673.17 kiB/s
2025-11-10 14:31:39.858    app     info:    [server-manager] Downloaded 2.21 GiB/4.85 GiB at 840.64 kiB/s
2025-11-10 14:31:40.880    app     info:    [server-manager] Downloaded 2.21 GiB/4.85 GiB at 512.00 kiB/s
2025-11-10 14:31:41.911    app     info:    [server-manager] Downloaded 2.21 GiB/4.85 GiB at 919.54 kiB/s
2025-11-10 14:31:42.946    app     info:    [server-manager] Downloaded 2.21 GiB/4.85 GiB at 721.57 kiB/s
2025-11-10 14:31:43.988    app     info:    [server-manager] Downloaded 2.21 GiB/4.85 GiB at 800.00 kiB/s
2025-11-10 14:31:45.037    app     info:    [server-manager] Downloaded 2.21 GiB/4.85 GiB at 875.47 kiB/s
2025-11-10 14:31:46.069    app     info:    [server-manager] Downloaded 2.21 GiB/4.85 GiB at 352.00 kiB/s
2025-11-10 14:31:47.072    app     info:    [server-manager] Downloaded 2.21 GiB/4.85 GiB at 762.87 kiB/s
2025-11-10 14:31:48.143    app     info:    [server-manager] Downloaded 2.21 GiB/4.85 GiB at 725.84 kiB/s
2025-11-10 14:31:49.162    app     info:    [server-manager] Downloaded 2.21 GiB/4.85 GiB at 539.68 kiB/s
2025-11-10 14:31:50.235    app     info:    [server-manager] Downloaded 2.22 GiB/4.85 GiB at 669.20 kiB/s
2025-11-10 14:31:51.271    app     info:    [server-manager] Downloaded 2.22 GiB/4.85 GiB at 700.95 kiB/s
2025-11-10 14:31:52.312    app     info:    [server-manager] Downloaded 2.22 GiB/4.85 GiB at 906.25 kiB/s
2025-11-10 14:31:53.325    app     info:    [server-manager] Downloaded 2.22 GiB/4.85 GiB at 507.94 kiB/s
2025-11-10 14:31:54.357    app     info:    [server-manager] Downloaded 2.22 GiB/4.85 GiB at 380.20 kiB/s
2025-11-10 14:31:55.386    app     info:    [server-manager] Downloaded 2.22 GiB/4.85 GiB at 662.72 kiB/s
2025-11-10 14:31:56.387    app     info:    [server-manager] Downloaded 2.22 GiB/4.85 GiB at 627.45 kiB/s
2025-11-10 14:31:57.407    app     info:    [server-manager] Downloaded 2.22 GiB/4.85 GiB at 748.54 kiB/s
2025-11-10 14:31:58.417    app     info:    [server-manager] Downloaded 2.22 GiB/4.85 GiB at 688.85 kiB/s
2025-11-10 14:31:59.474    app     info:    [server-manager] Downloaded 2.22 GiB/4.85 GiB at 465.12 kiB/s
2025-11-10 14:32:00.570    app     info:    [server-manager] Downloaded 2.22 GiB/4.85 GiB at 632.77 kiB/s
2025-11-10 14:32:01.571    app     info:    [server-manager] Downloaded 2.22 GiB/4.85 GiB at 877.84 kiB/s
2025-11-10 14:32:02.605    app     info:    [server-manager] Downloaded 2.22 GiB/4.85 GiB at 577.71 kiB/s
2025-11-10 14:32:03.641    app     info:    [server-manager] Downloaded 2.22 GiB/4.85 GiB at 788.32 kiB/s
2025-11-10 14:32:04.671    app     info:    [server-manager] Downloaded 2.22 GiB/4.85 GiB at 827.04 kiB/s
2025-11-10 14:32:05.699    app     info:    [server-manager] Downloaded 2.23 GiB/4.85 GiB at 744.55 kiB/s
2025-11-10 14:32:06.709    app     info:    [server-manager] Downloaded 2.23 GiB/4.85 GiB at 866.54 kiB/s
2025-11-10 14:32:07.776    app     info:    [server-manager] Downloaded 2.23 GiB/4.85 GiB at 773.69 kiB/s
2025-11-10 14:32:08.886    app     info:    [server-manager] Downloaded 2.23 GiB/4.85 GiB at 700.28 kiB/s
2025-11-10 14:32:09.938    app     info:    [server-manager] Downloaded 2.23 GiB/4.85 GiB at 990.33 kiB/s
2025-11-10 14:32:10.971    app     info:    [server-manager] Downloaded 2.23 GiB/4.85 GiB at 1.21 MiB/s
2025-11-10 14:32:11.979    app     info:    [server-manager] Downloaded 2.23 GiB/4.85 GiB at 851.23 kiB/s
2025-11-10 14:32:13.070    app     info:    [server-manager] Downloaded 2.23 GiB/4.85 GiB at 725.84 kiB/s
2025-11-10 14:32:14.080    app     info:    [server-manager] Downloaded 2.23 GiB/4.85 GiB at 795.23 kiB/s
2025-11-10 14:32:15.095    app     info:    [server-manager] Downloaded 2.23 GiB/4.85 GiB at 841.40 kiB/s
2025-11-10 14:32:16.131    app     info:    [server-manager] Downloaded 2.23 GiB/4.85 GiB at 870.80 kiB/s
2025-11-10 14:32:17.164    app     info:    [server-manager] Downloaded 2.23 GiB/4.85 GiB at 773.69 kiB/s
2025-11-10 14:32:18.189    app     info:    [server-manager] Downloaded 2.24 GiB/4.85 GiB at 896.00 kiB/s
2025-11-10 14:32:19.253    app     info:    [server-manager] Downloaded 2.24 GiB/4.85 GiB at 1,003.75 kiB/s
2025-11-10 14:32:20.281    app     info:    [server-manager] Downloaded 2.24 GiB/4.85 GiB at 857.04 kiB/s
2025-11-10 14:32:21.299    app     info:    [server-manager] Downloaded 2.24 GiB/4.85 GiB at 1.25 MiB/s
2025-11-10 14:32:22.316    app     info:    [server-manager] Downloaded 2.24 GiB/4.85 GiB at 1.32 MiB/s
2025-11-10 14:32:23.381    app     info:    [server-manager] Downloaded 2.24 GiB/4.85 GiB at 754.42 kiB/s
2025-11-10 14:32:24.407    app     info:    [server-manager] Downloaded 2.24 GiB/4.85 GiB at 954.27 kiB/s
2025-11-10 14:32:25.412    app     info:    [server-manager] Downloaded 2.24 GiB/4.85 GiB at 1.27 MiB/s
2025-11-10 14:32:26.416    app     info:    [server-manager] Downloaded 2.24 GiB/4.85 GiB at 896.93 kiB/s
2025-11-10 14:32:27.477    app     info:    [server-manager] Downloaded 2.24 GiB/4.85 GiB at 956.18 kiB/s
2025-11-10 14:32:28.505    app     info:    [server-manager] Downloaded 2.24 GiB/4.85 GiB at 881.89 kiB/s
2025-11-10 14:32:29.536    app     info:    [server-manager] Downloaded 2.25 GiB/4.85 GiB at 1.00 MiB/s
2025-11-10 14:32:30.596    app     info:    [server-manager] Downloaded 2.25 GiB/4.85 GiB at 1.37 MiB/s
2025-11-10 14:32:31.606    app     info:    [server-manager] Downloaded 2.25 GiB/4.85 GiB at 896.00 kiB/s
2025-11-10 14:32:32.611    app     info:    [server-manager] Downloaded 2.25 GiB/4.85 GiB at 554.74 kiB/s
2025-11-10 14:32:33.720    app     info:    [server-manager] Downloaded 2.25 GiB/4.85 GiB at 401.54 kiB/s
2025-11-10 14:32:34.751    app     info:    [server-manager] Downloaded 2.25 GiB/4.85 GiB at 669.32 kiB/s
2025-11-10 14:32:35.771    app     info:    [server-manager] Downloaded 2.25 GiB/4.85 GiB at 480.30 kiB/s
2025-11-10 14:32:36.818    app     info:    [server-manager] Downloaded 2.25 GiB/4.85 GiB at 1.36 MiB/s
2025-11-10 14:32:37.828    app     info:    [server-manager] Downloaded 2.25 GiB/4.85 GiB at 984.62 kiB/s
2025-11-10 14:32:38.854    app     info:    [server-manager] Downloaded 2.25 GiB/4.85 GiB at 711.34 kiB/s
2025-11-10 14:32:39.910    app     info:    [server-manager] Downloaded 2.25 GiB/4.85 GiB at 524.08 kiB/s
2025-11-10 14:32:40.943    app     info:    [server-manager] Downloaded 2.25 GiB/4.85 GiB at 284.02 kiB/s
2025-11-10 14:32:42.006    app     info:    [server-manager] Downloaded 2.25 GiB/4.85 GiB at 748.54 kiB/s
2025-11-10 14:32:43.043    app     info:    [server-manager] Downloaded 2.25 GiB/4.85 GiB at 615.65 kiB/s
2025-11-10 14:32:44.081    app     info:    [server-manager] Downloaded 2.25 GiB/4.85 GiB at 626.87 kiB/s
2025-11-10 14:32:45.129    app     info:    [server-manager] Downloaded 2.25 GiB/4.85 GiB at 792.38 kiB/s
2025-11-10 14:32:46.145    app     info:    [server-manager] Downloaded 2.26 GiB/4.85 GiB at 618.96 kiB/s
2025-11-10 14:32:47.174    app     info:    [server-manager] Downloaded 2.26 GiB/4.85 GiB at 656.25 kiB/s
2025-11-10 14:32:48.209    app     info:    [server-manager] Downloaded 2.26 GiB/4.85 GiB at 816.64 kiB/s
2025-11-10 14:32:49.250    app     info:    [server-manager] Downloaded 2.26 GiB/4.85 GiB at 691.25 kiB/s
2025-11-10 14:32:50.301    app     info:    [server-manager] Downloaded 2.26 GiB/4.85 GiB at 641.17 kiB/s
2025-11-10 14:32:51.398    app     info:    [server-manager] Downloaded 2.26 GiB/4.85 GiB at 608.70 kiB/s
2025-11-10 14:32:52.519    app     info:    [server-manager] Downloaded 2.26 GiB/4.85 GiB at 520.08 kiB/s
2025-11-10 14:32:53.551    app     info:    [server-manager] Downloaded 2.26 GiB/4.85 GiB at 253.97 kiB/s
2025-11-10 14:32:54.614    app     info:    [server-manager] Downloaded 2.26 GiB/4.85 GiB at 271.19 kiB/s
2025-11-10 14:32:55.758    app     info:    [server-manager] Downloaded 2.26 GiB/4.85 GiB at 160.00 kiB/s
2025-11-10 14:32:56.827    app     info:    [server-manager] Downloaded 2.26 GiB/4.85 GiB at 339.22 kiB/s
2025-11-10 14:32:57.895    app     info:    [server-manager] Downloaded 2.26 GiB/4.85 GiB at 364.27 kiB/s
2025-11-10 14:32:58.988    app     info:    [server-manager] Downloaded 2.26 GiB/4.85 GiB at 233.15 kiB/s
2025-11-10 14:33:00.086    app     info:    [server-manager] Downloaded 2.26 GiB/4.85 GiB at 580.15 kiB/s
2025-11-10 14:33:01.136    app     info:    [server-manager] Downloaded 2.26 GiB/4.85 GiB at 434.11 kiB/s
2025-11-10 14:33:02.177    app     info:    [server-manager] Downloaded 2.26 GiB/4.85 GiB at 305.34 kiB/s
2025-11-10 14:33:03.206    app     info:    [server-manager] Downloaded 2.26 GiB/4.85 GiB at 95.62 kiB/s
2025-11-10 14:33:04.240    app     info:    [server-manager] Downloaded 2.26 GiB/4.85 GiB at 504.64 kiB/s
2025-11-10 14:33:05.291    app     info:    [server-manager] Downloaded 2.26 GiB/4.85 GiB at 340.43 kiB/s
2025-11-10 14:33:06.309    app     info:    [server-manager] Downloaded 2.26 GiB/4.85 GiB at 447.11 kiB/s
2025-11-10 14:33:07.319    app     info:    [server-manager] Downloaded 2.26 GiB/4.85 GiB at 374.41 kiB/s
2025-11-10 14:33:08.469    app     info:    [server-manager] Downloaded 2.26 GiB/4.85 GiB at 474.07 kiB/s
2025-11-10 14:33:09.502    app     info:    [server-manager] Downloaded 2.27 GiB/4.85 GiB at 823.76 kiB/s
2025-11-10 14:33:10.510    app     info:    [server-manager] Downloaded 2.27 GiB/4.85 GiB at 880.16 kiB/s
2025-11-10 14:33:11.538    app     info:    [server-manager] Downloaded 2.27 GiB/4.85 GiB at 852.07 kiB/s
2025-11-10 14:33:12.586    app     info:    [server-manager] Downloaded 2.27 GiB/4.85 GiB at 809.34 kiB/s
2025-11-10 14:33:13.632    app     info:    [server-manager] Downloaded 2.27 GiB/4.85 GiB at 661.65 kiB/s
2025-11-10 14:33:14.639    app     info:    [server-manager] Downloaded 2.27 GiB/4.85 GiB at 818.90 kiB/s
2025-11-10 14:33:15.662    app     info:    [server-manager] Downloaded 2.27 GiB/4.85 GiB at 661.42 kiB/s
2025-11-10 14:33:16.689    app     info:    [server-manager] Downloaded 2.27 GiB/4.85 GiB at 742.75 kiB/s
2025-11-10 14:33:17.708    app     info:    [server-manager] Downloaded 2.27 GiB/4.85 GiB at 642.45 kiB/s
2025-11-10 14:33:18.742    app     info:    [server-manager] Downloaded 2.27 GiB/4.85 GiB at 621.07 kiB/s
2025-11-10 14:33:19.785    app     info:    [server-manager] Downloaded 2.27 GiB/4.85 GiB at 769.23 kiB/s
2025-11-10 14:33:20.808    app     info:    [server-manager] Downloaded 2.27 GiB/4.85 GiB at 916.03 kiB/s
2025-11-10 14:33:21.824    app     info:    [server-manager] Downloaded 2.27 GiB/4.85 GiB at 571.43 kiB/s
2025-11-10 14:33:22.854    app     info:    [server-manager] Downloaded 2.27 GiB/4.85 GiB at 822.13 kiB/s
2025-11-10 14:33:23.903    app     info:    [server-manager] Downloaded 2.28 GiB/4.85 GiB at 507.61 kiB/s
2025-11-10 14:33:24.942    app     info:    [server-manager] Downloaded 2.28 GiB/4.85 GiB at 653.70 kiB/s
2025-11-10 14:33:25.951    app     info:    [server-manager] Downloaded 2.28 GiB/4.85 GiB at 544.44 kiB/s
2025-11-10 14:33:27.072    app     info:    [server-manager] Downloaded 2.28 GiB/4.85 GiB at 604.37 kiB/s
2025-11-10 14:33:28.120    app     info:    [server-manager] Downloaded 2.28 GiB/4.85 GiB at 552.02 kiB/s
2025-11-10 14:33:29.164    app     info:    [server-manager] Downloaded 2.28 GiB/4.85 GiB at 730.04 kiB/s
2025-11-10 14:33:30.199    app     info:    [server-manager] Downloaded 2.28 GiB/4.85 GiB at 655.18 kiB/s
2025-11-10 14:33:31.269    app     info:    [server-manager] Downloaded 2.28 GiB/4.85 GiB at 588.01 kiB/s
2025-11-10 14:33:32.300    app     info:    [server-manager] Downloaded 2.28 GiB/4.85 GiB at 633.19 kiB/s
2025-11-10 14:33:33.319    app     info:    [server-manager] Downloaded 2.28 GiB/4.85 GiB at 666.67 kiB/s
2025-11-10 14:33:34.352    app     info:    [server-manager] Downloaded 2.28 GiB/4.85 GiB at 687.85 kiB/s
2025-11-10 14:33:35.419    app     info:    [server-manager] Downloaded 2.28 GiB/4.85 GiB at 977.44 kiB/s
2025-11-10 14:33:36.453    app     info:    [server-manager] Downloaded 2.28 GiB/4.85 GiB at 702.59 kiB/s
2025-11-10 14:33:37.471    app     info:    [server-manager] Downloaded 2.28 GiB/4.85 GiB at 287.43 kiB/s
2025-11-10 14:33:38.476    app     info:    [server-manager] Downloaded 2.28 GiB/4.85 GiB at 466.93 kiB/s
2025-11-10 14:33:39.515    app     info:    [server-manager] Downloaded 2.29 GiB/4.85 GiB at 1,021.96 kiB/s
2025-11-10 14:33:40.520    app     info:    [server-manager] Downloaded 2.29 GiB/4.85 GiB at 589.15 kiB/s
2025-11-10 14:33:41.541    app     info:    [server-manager] Downloaded 2.29 GiB/4.85 GiB at 588.01 kiB/s
2025-11-10 14:33:42.576    app     info:    [server-manager] Downloaded 2.29 GiB/4.85 GiB at 720.45 kiB/s
2025-11-10 14:33:43.616    app     info:    [server-manager] Downloaded 2.29 GiB/4.85 GiB at 349.22 kiB/s
2025-11-10 14:33:44.680    app     info:    [server-manager] Downloaded 2.29 GiB/4.85 GiB at 853.75 kiB/s
2025-11-10 14:33:45.686    app     info:    [server-manager] Downloaded 2.29 GiB/4.85 GiB at 1,011.49 kiB/s
2025-11-10 14:33:46.696    app     info:    [server-manager] Downloaded 2.29 GiB/4.85 GiB at 476.19 kiB/s
2025-11-10 14:33:47.773    app     info:    [server-manager] Downloaded 2.29 GiB/4.85 GiB at 550.72 kiB/s
2025-11-10 14:33:48.848    app     info:    [server-manager] Downloaded 2.29 GiB/4.85 GiB at 318.09 kiB/s
2025-11-10 14:33:49.870    app     info:    [server-manager] Downloaded 2.29 GiB/4.85 GiB at 585.74 kiB/s
2025-11-10 14:33:50.923    app     info:    [server-manager] Downloaded 2.29 GiB/4.85 GiB at 318.73 kiB/s
2025-11-10 14:33:51.974    app     info:    [server-manager] Downloaded 2.29 GiB/4.85 GiB at 430.54 kiB/s
2025-11-10 14:33:53.037    app     info:    [server-manager] Downloaded 2.29 GiB/4.85 GiB at 553.85 kiB/s
2025-11-10 14:33:54.072    app     info:    [server-manager] Downloaded 2.29 GiB/4.85 GiB at 310.08 kiB/s
2025-11-10 14:33:55.134    app     info:    [server-manager] Downloaded 2.29 GiB/4.85 GiB at 360.23 kiB/s
2025-11-10 14:33:56.204    app     info:    [server-manager] Downloaded 2.29 GiB/4.85 GiB at 263.25 kiB/s
2025-11-10 14:33:57.316    app     info:    [server-manager] Downloaded 2.29 GiB/4.85 GiB at 549.62 kiB/s
2025-11-10 14:33:58.320    app     info:    [server-manager] Downloaded 2.29 GiB/4.85 GiB at 407.84 kiB/s
2025-11-10 14:33:59.420    app     info:    [server-manager] Downloaded 2.29 GiB/4.85 GiB at 214.56 kiB/s
2025-11-10 14:34:00.446    app     info:    [server-manager] Downloaded 2.29 GiB/4.85 GiB at 451.98 kiB/s
2025-11-10 14:34:01.514    app     info:    [server-manager] Downloaded 2.30 GiB/4.85 GiB at 378.70 kiB/s
2025-11-10 14:34:02.519    app     info:    [server-manager] Downloaded 2.30 GiB/4.85 GiB at 495.05 kiB/s
2025-11-10 14:34:03.571    app     info:    [server-manager] Downloaded 2.30 GiB/4.85 GiB at 598.28 kiB/s
2025-11-10 14:34:04.612    app     info:    [server-manager] Downloaded 2.30 GiB/4.85 GiB at 702.01 kiB/s
2025-11-10 14:34:05.688    app     info:    [server-manager] Downloaded 2.30 GiB/4.85 GiB at 783.43 kiB/s
2025-11-10 14:34:06.763    app     info:    [server-manager] Downloaded 2.30 GiB/4.85 GiB at 1.02 MiB/s
2025-11-10 14:34:07.795    app     info:    [server-manager] Downloaded 2.30 GiB/4.85 GiB at 664.15 kiB/s
2025-11-10 14:34:08.833    app     info:    [server-manager] Downloaded 2.30 GiB/4.85 GiB at 640.00 kiB/s
2025-11-10 14:34:09.878    app     info:    [server-manager] Downloaded 2.30 GiB/4.85 GiB at 742.75 kiB/s
2025-11-10 14:34:10.896    app     info:    [server-manager] Downloaded 2.30 GiB/4.85 GiB at 1.06 MiB/s
2025-11-10 14:34:11.932    app     info:    [server-manager] Downloaded 2.30 GiB/4.85 GiB at 825.10 kiB/s
2025-11-10 14:34:12.950    app     info:    [server-manager] Downloaded 2.30 GiB/4.85 GiB at 711.80 kiB/s
2025-11-10 14:34:13.986    app     info:    [server-manager] Downloaded 2.30 GiB/4.85 GiB at 858.24 kiB/s
2025-11-10 14:34:15.024    app     info:    [server-manager] Downloaded 2.31 GiB/4.85 GiB at 933.85 kiB/s
2025-11-10 14:34:16.044    app     info:    [server-manager] Downloaded 2.31 GiB/4.85 GiB at 994.35 kiB/s
2025-11-10 14:34:17.110    app     info:    [server-manager] Downloaded 2.31 GiB/4.85 GiB at 980.95 kiB/s
2025-11-10 14:34:18.135    app     info:    [server-manager] Downloaded 2.31 GiB/4.85 GiB at 816.00 kiB/s
2025-11-10 14:34:19.146    app     info:    [server-manager] Downloaded 2.31 GiB/4.85 GiB at 1.35 MiB/s
2025-11-10 14:34:20.185    app     info:    [server-manager] Downloaded 2.31 GiB/4.85 GiB at 759.01 kiB/s
2025-11-10 14:34:21.227    app     info:    [server-manager] Downloaded 2.31 GiB/4.85 GiB at 960.14 kiB/s
2025-11-10 14:34:22.253    app     info:    [server-manager] Downloaded 2.31 GiB/4.85 GiB at 988.61 kiB/s
2025-11-10 14:34:23.265    app     info:    [server-manager] Downloaded 2.31 GiB/4.85 GiB at 920.63 kiB/s
2025-11-10 14:34:24.298    app     info:    [server-manager] Downloaded 2.31 GiB/4.85 GiB at 894.03 kiB/s
2025-11-10 14:34:25.347    app     info:    [server-manager] Downloaded 2.31 GiB/4.85 GiB at 512.00 kiB/s
2025-11-10 14:34:26.358    app     info:    [server-manager] Downloaded 2.31 GiB/4.85 GiB at 1.00 MiB/s
2025-11-10 14:34:27.410    app     info:    [server-manager] Downloaded 2.32 GiB/4.85 GiB at 963.11 kiB/s
2025-11-10 14:34:28.440    app     info:    [server-manager] Downloaded 2.32 GiB/4.85 GiB at 932.32 kiB/s
2025-11-10 14:34:29.471    app     info:    [server-manager] Downloaded 2.32 GiB/4.85 GiB at 902.72 kiB/s
2025-11-10 14:34:30.488    app     info:    [server-manager] Downloaded 2.32 GiB/4.85 GiB at 1.31 MiB/s
2025-11-10 14:34:31.505    app     info:    [server-manager] Downloaded 2.32 GiB/4.85 GiB at 1.38 MiB/s
2025-11-10 14:34:32.506    app     info:    [server-manager] Downloaded 2.32 GiB/4.85 GiB at 928.00 kiB/s
2025-11-10 14:34:33.524    app     info:    [server-manager] Downloaded 2.32 GiB/4.85 GiB at 790.51 kiB/s
2025-11-10 14:34:34.558    app     info:    [server-manager] Downloaded 2.32 GiB/4.85 GiB at 971.28 kiB/s
2025-11-10 14:34:35.587    app     info:    [server-manager] Downloaded 2.32 GiB/4.85 GiB at 1.28 MiB/s
2025-11-10 14:34:36.609    app     info:    [server-manager] Downloaded 2.32 GiB/4.85 GiB at 1.00 MiB/s
2025-11-10 14:34:37.639    app     info:    [server-manager] Downloaded 2.32 GiB/4.85 GiB at 836.30 kiB/s
2025-11-10 14:34:38.671    app     info:    [server-manager] Downloaded 2.33 GiB/4.85 GiB at 925.28 kiB/s
2025-11-10 14:34:39.690    app     info:    [server-manager] Downloaded 2.33 GiB/4.85 GiB at 958.08 kiB/s
2025-11-10 14:34:40.738    app     info:    [server-manager] Downloaded 2.33 GiB/4.85 GiB at 756.03 kiB/s
2025-11-10 14:34:41.785    app     info:    [server-manager] Downloaded 2.33 GiB/4.85 GiB at 917.00 kiB/s
2025-11-10 14:34:42.816    app     info:    [server-manager] Downloaded 2.33 GiB/4.85 GiB at 714.56 kiB/s
2025-11-10 14:34:43.828    app     info:    [server-manager] Downloaded 2.33 GiB/4.85 GiB at 932.33 kiB/s
2025-11-10 14:34:44.890    app     info:    [server-manager] Downloaded 2.33 GiB/4.85 GiB at 808.99 kiB/s
2025-11-10 14:34:45.917    app     info:    [server-manager] Downloaded 2.33 GiB/4.85 GiB at 968.75 kiB/s
2025-11-10 14:34:46.978    app     info:    [server-manager] Downloaded 2.33 GiB/4.85 GiB at 890.74 kiB/s
2025-11-10 14:34:48.072    app     info:    [server-manager] Downloaded 2.33 GiB/4.85 GiB at 964.22 kiB/s
2025-11-10 14:34:49.077    app     info:    [server-manager] Downloaded 2.33 GiB/4.85 GiB at 415.17 kiB/s
2025-11-10 14:34:50.097    app     info:    [server-manager] Downloaded 2.34 GiB/4.85 GiB at 992.00 kiB/s
2025-11-10 14:34:51.159    app     info:    [server-manager] Downloaded 2.34 GiB/4.85 GiB at 885.38 kiB/s
2025-11-10 14:34:52.170    app     info:    [server-manager] Downloaded 2.34 GiB/4.85 GiB at 975.83 kiB/s
2025-11-10 14:34:53.196    app     info:    [server-manager] Downloaded 2.34 GiB/4.85 GiB at 859.88 kiB/s
2025-11-10 14:34:54.261    app     info:    [server-manager] Downloaded 2.34 GiB/4.85 GiB at 978.30 kiB/s
2025-11-10 14:34:55.286    app     info:    [server-manager] Downloaded 2.34 GiB/4.85 GiB at 1.22 MiB/s
2025-11-10 14:34:56.293    app     info:    [server-manager] Downloaded 2.34 GiB/4.85 GiB at 318.73 kiB/s
2025-11-10 14:34:57.321    app     info:    [server-manager] Downloaded 2.34 GiB/4.85 GiB at 756.14 kiB/s
2025-11-10 14:34:58.362    app     info:    [server-manager] Downloaded 2.34 GiB/4.85 GiB at 826.28 kiB/s
2025-11-10 14:34:59.400    app     info:    [server-manager] Downloaded 2.34 GiB/4.85 GiB at 933.85 kiB/s
2025-11-10 14:35:00.445    app     info:    [server-manager] Downloaded 2.34 GiB/4.85 GiB at 909.09 kiB/s
2025-11-10 14:35:01.453    app     info:    [server-manager] Downloaded 2.34 GiB/4.85 GiB at 651.16 kiB/s
2025-11-10 14:35:02.485    app     info:    [server-manager] Downloaded 2.35 GiB/4.85 GiB at 920.86 kiB/s
2025-11-10 14:35:03.548    app     info:    [server-manager] Downloaded 2.35 GiB/4.85 GiB at 894.21 kiB/s
2025-11-10 14:35:04.576    app     info:    [server-manager] Downloaded 2.35 GiB/4.85 GiB at 923.65 kiB/s
2025-11-10 14:35:05.642    app     info:    [server-manager] Downloaded 2.35 GiB/4.85 GiB at 835.31 kiB/s
2025-11-10 14:35:06.664    app     info:    [server-manager] Downloaded 2.35 GiB/4.85 GiB at 896.00 kiB/s
2025-11-10 14:35:07.699    app     info:    [server-manager] Downloaded 2.35 GiB/4.85 GiB at 416.00 kiB/s
2025-11-10 14:35:08.725    app     info:    [server-manager] Downloaded 2.35 GiB/4.85 GiB at 842.05 kiB/s
2025-11-10 14:35:09.753    app     info:    [server-manager] Downloaded 2.35 GiB/4.85 GiB at 771.03 kiB/s
2025-11-10 14:35:10.817    app     info:    [server-manager] Downloaded 2.35 GiB/4.85 GiB at 737.04 kiB/s
2025-11-10 14:35:11.847    app     info:    [server-manager] Downloaded 2.35 GiB/4.85 GiB at 841.82 kiB/s
2025-11-10 14:35:12.853    app     info:    [server-manager] Downloaded 2.35 GiB/4.85 GiB at 890.66 kiB/s
2025-11-10 14:35:13.879    app     info:    [server-manager] Downloaded 2.36 GiB/4.85 GiB at 1.36 MiB/s
2025-11-10 14:35:14.885    app     info:    [server-manager] Downloaded 2.36 GiB/4.85 GiB at 1.05 MiB/s
2025-11-10 14:35:15.912    app     info:    [server-manager] Downloaded 2.36 GiB/4.85 GiB at 918.81 kiB/s
2025-11-10 14:35:16.943    app     info:    [server-manager] Downloaded 2.36 GiB/4.85 GiB at 938.81 kiB/s
2025-11-10 14:35:17.978    app     info:    [server-manager] Downloaded 2.36 GiB/4.85 GiB at 990.33 kiB/s
2025-11-10 14:35:19.010    app     info:    [server-manager] Downloaded 2.36 GiB/4.85 GiB at 885.38 kiB/s
2025-11-10 14:35:20.041    app     info:    [server-manager] Downloaded 2.36 GiB/4.85 GiB at 966.34 kiB/s
2025-11-10 14:35:21.066    app     info:    [server-manager] Downloaded 2.36 GiB/4.85 GiB at 910.18 kiB/s
2025-11-10 14:35:22.096    app     info:    [server-manager] Downloaded 2.36 GiB/4.85 GiB at 586.87 kiB/s
2025-11-10 14:35:23.141    app     info:    [server-manager] Downloaded 2.36 GiB/4.85 GiB at 833.29 kiB/s
2025-11-10 14:35:24.189    app     info:    [server-manager] Downloaded 2.36 GiB/4.85 GiB at 871.62 kiB/s
2025-11-10 14:35:25.214    app     info:    [server-manager] Downloaded 2.36 GiB/4.85 GiB at 1.36 MiB/s
2025-11-10 14:35:26.242    app     info:    [server-manager] Downloaded 2.37 GiB/4.85 GiB at 837.21 kiB/s
2025-11-10 14:35:27.259    app     info:    [server-manager] Downloaded 2.37 GiB/4.85 GiB at 447.11 kiB/s
2025-11-10 14:35:28.286    app     info:    [server-manager] Downloaded 2.37 GiB/4.85 GiB at 950.19 kiB/s
2025-11-10 14:35:29.355    app     info:    [server-manager] Downloaded 2.37 GiB/4.85 GiB at 908.42 kiB/s
2025-11-10 14:35:30.394    app     info:    [server-manager] Downloaded 2.37 GiB/4.85 GiB at 866.54 kiB/s
2025-11-10 14:35:31.401    app     info:    [server-manager] Downloaded 2.37 GiB/4.85 GiB at 825.34 kiB/s
2025-11-10 14:35:32.417    app     info:    [server-manager] Downloaded 2.37 GiB/4.85 GiB at 1.25 MiB/s
2025-11-10 14:35:33.443    app     info:    [server-manager] Downloaded 2.37 GiB/4.85 GiB at 382.47 kiB/s
2025-11-10 14:35:34.464    app     info:    [server-manager] Downloaded 2.37 GiB/4.85 GiB at 887.13 kiB/s
2025-11-10 14:35:35.466    app     info:    [server-manager] Downloaded 2.37 GiB/4.85 GiB at 914.47 kiB/s
2025-11-10 14:35:36.507    app     info:    [server-manager] Downloaded 2.37 GiB/4.85 GiB at 881.20 kiB/s
2025-11-10 14:35:37.538    app     info:    [server-manager] Downloaded 2.38 GiB/4.85 GiB at 781.25 kiB/s
2025-11-10 14:35:38.565    app     info:    [server-manager] Downloaded 2.38 GiB/4.85 GiB at 793.69 kiB/s
2025-11-10 14:35:39.591    app     info:    [server-manager] Downloaded 2.38 GiB/4.85 GiB at 992.36 kiB/s
2025-11-10 14:35:40.605    app     info:    [server-manager] Downloaded 2.38 GiB/4.85 GiB at 448.00 kiB/s
2025-11-10 14:35:41.609    app     info:    [server-manager] Downloaded 2.38 GiB/4.85 GiB at 952.41 kiB/s
2025-11-10 14:35:42.664    app     info:    [server-manager] Downloaded 2.38 GiB/4.85 GiB at 1,017.34 kiB/s
2025-11-10 14:35:43.669    app     info:    [server-manager] Downloaded 2.38 GiB/4.85 GiB at 727.27 kiB/s
2025-11-10 14:35:44.701    app     info:    [server-manager] Downloaded 2.38 GiB/4.85 GiB at 898.88 kiB/s
2025-11-10 14:35:45.758    app     info:    [server-manager] Downloaded 2.38 GiB/4.85 GiB at 541.83 kiB/s
2025-11-10 14:35:46.764    app     info:    [server-manager] Downloaded 2.38 GiB/4.85 GiB at 964.98 kiB/s
2025-11-10 14:35:47.842    app     info:    [server-manager] Downloaded 2.38 GiB/4.85 GiB at 1.43 MiB/s
2025-11-10 14:35:48.859    app     info:    [server-manager] Downloaded 2.39 GiB/4.85 GiB at 917.00 kiB/s
2025-11-10 14:35:49.880    app     info:    [server-manager] Downloaded 2.39 GiB/4.85 GiB at 790.51 kiB/s
2025-11-10 14:35:50.900    app     info:    [server-manager] Downloaded 2.39 GiB/4.85 GiB at 1.05 MiB/s
2025-11-10 14:35:51.912    app     info:    [server-manager] Downloaded 2.39 GiB/4.85 GiB at 896.00 kiB/s
2025-11-10 14:35:52.913    app     info:    [server-manager] Downloaded 2.39 GiB/4.85 GiB at 926.64 kiB/s
2025-11-10 14:35:53.946    app     info:    [server-manager] Downloaded 2.39 GiB/4.85 GiB at 959.38 kiB/s
2025-11-10 14:35:54.991    app     info:    [server-manager] Downloaded 2.39 GiB/4.85 GiB at 1.03 MiB/s
2025-11-10 14:35:56.007    app     info:    [server-manager] Downloaded 2.39 GiB/4.85 GiB at 896.00 kiB/s
2025-11-10 14:35:57.015    app     info:    [server-manager] Downloaded 2.39 GiB/4.85 GiB at 793.89 kiB/s
2025-11-10 14:35:58.040    app     info:    [server-manager] Downloaded 2.39 GiB/4.85 GiB at 379.45 kiB/s
2025-11-10 14:35:59.052    app     info:    [server-manager] Downloaded 2.39 GiB/4.85 GiB at 917.00 kiB/s
2025-11-10 14:36:00.080    app     info:    [server-manager] Downloaded 2.39 GiB/4.85 GiB at 919.54 kiB/s
2025-11-10 14:36:01.146    app     info:    [server-manager] Downloaded 2.40 GiB/4.85 GiB at 847.29 kiB/s
2025-11-10 14:36:02.213    app     info:    [server-manager] Downloaded 2.40 GiB/4.85 GiB at 1.29 MiB/s
2025-11-10 14:36:03.229    app     info:    [server-manager] Downloaded 2.40 GiB/4.85 GiB at 353.40 kiB/s
2025-11-10 14:36:04.245    app     info:    [server-manager] Downloaded 2.40 GiB/4.85 GiB at 679.90 kiB/s
2025-11-10 14:36:05.326    app     info:    [server-manager] Downloaded 2.40 GiB/4.85 GiB at 815.69 kiB/s
2025-11-10 14:36:06.352    app     info:    [server-manager] Downloaded 2.40 GiB/4.85 GiB at 638.78 kiB/s
2025-11-10 14:36:07.431    app     info:    [server-manager] Downloaded 2.40 GiB/4.85 GiB at 752.26 kiB/s
2025-11-10 14:36:08.479    app     info:    [server-manager] Downloaded 2.40 GiB/4.85 GiB at 849.96 kiB/s
2025-11-10 14:36:09.490    app     info:    [server-manager] Downloaded 2.40 GiB/4.85 GiB at 772.20 kiB/s
2025-11-10 14:36:10.529    app     info:    [server-manager] Downloaded 2.40 GiB/4.85 GiB at 502.95 kiB/s
2025-11-10 14:36:11.578    app     info:    [server-manager] Downloaded 2.40 GiB/4.85 GiB at 718.75 kiB/s
2025-11-10 14:36:12.605    app     info:    [server-manager] Downloaded 2.40 GiB/4.85 GiB at 644.69 kiB/s
2025-11-10 14:36:13.667    app     info:    [server-manager] Downloaded 2.41 GiB/4.85 GiB at 825.40 kiB/s
2025-11-10 14:36:14.674    app     info:    [server-manager] Downloaded 2.41 GiB/4.85 GiB at 758.89 kiB/s
2025-11-10 14:36:15.691    app     info:    [server-manager] Downloaded 2.41 GiB/4.85 GiB at 835.59 kiB/s
2025-11-10 14:36:16.715    app     info:    [server-manager] Downloaded 2.41 GiB/4.85 GiB at 1.22 MiB/s
2025-11-10 14:36:17.722    app     info:    [server-manager] Downloaded 2.41 GiB/4.85 GiB at 896.00 kiB/s
2025-11-10 14:36:18.763    app     info:    [server-manager] Downloaded 2.41 GiB/4.85 GiB at 591.39 kiB/s
2025-11-10 14:36:19.768    app     info:    [server-manager] Downloaded 2.41 GiB/4.85 GiB at 403.75 kiB/s
2025-11-10 14:36:20.797    app     info:    [server-manager] Downloaded 2.41 GiB/4.85 GiB at 1.06 MiB/s
2025-11-10 14:36:21.850    app     info:    [server-manager] Downloaded 2.41 GiB/4.85 GiB at 384.00 kiB/s
2025-11-10 14:36:22.871    app     info:    [server-manager] Downloaded 2.41 GiB/4.85 GiB at 863.20 kiB/s
2025-11-10 14:36:23.888    app     info:    [server-manager] Downloaded 2.41 GiB/4.85 GiB at 912.55 kiB/s
2025-11-10 14:36:24.976    app     info:    [server-manager] Downloaded 2.41 GiB/4.85 GiB at 860.56 kiB/s
2025-11-10 14:36:26.014    app     info:    [server-manager] Downloaded 2.41 GiB/4.85 GiB at 820.51 kiB/s
2025-11-10 14:36:27.058    app     info:    [server-manager] Downloaded 2.42 GiB/4.85 GiB at 810.22 kiB/s
2025-11-10 14:36:28.091    app     info:    [server-manager] Downloaded 2.42 GiB/4.85 GiB at 841.62 kiB/s
2025-11-10 14:36:29.112    app     info:    [server-manager] Downloaded 2.42 GiB/4.85 GiB at 774.67 kiB/s
2025-11-10 14:36:30.161    app     info:    [server-manager] Downloaded 2.42 GiB/4.85 GiB at 758.89 kiB/s
2025-11-10 14:36:31.166    app     info:    [server-manager] Downloaded 2.42 GiB/4.85 GiB at 747.66 kiB/s
2025-11-10 14:36:32.256    app     info:    [server-manager] Downloaded 2.42 GiB/4.85 GiB at 939.39 kiB/s
2025-11-10 14:36:33.293    app     info:    [server-manager] Downloaded 2.42 GiB/4.85 GiB at 864.00 kiB/s
2025-11-10 14:36:34.317    app     info:    [server-manager] Downloaded 2.42 GiB/4.85 GiB at 820.51 kiB/s
2025-11-10 14:36:35.340    app     info:    [server-manager] Downloaded 2.42 GiB/4.85 GiB at 734.98 kiB/s
2025-11-10 14:36:36.424    app     info:    [server-manager] Downloaded 2.42 GiB/4.85 GiB at 416.00 kiB/s
2025-11-10 14:36:37.441    app     info:    [server-manager] Downloaded 2.42 GiB/4.85 GiB at 809.77 kiB/s
2025-11-10 14:36:38.511    app     info:    [server-manager] Downloaded 2.42 GiB/4.85 GiB at 700.95 kiB/s
2025-11-10 14:36:39.518    app     info:    [server-manager] Downloaded 2.43 GiB/4.85 GiB at 934.62 kiB/s
2025-11-10 14:36:40.551    app     info:    [server-manager] Downloaded 2.43 GiB/4.85 GiB at 842.11 kiB/s
2025-11-10 14:36:41.601    app     info:    [server-manager] Downloaded 2.43 GiB/4.85 GiB at 957.44 kiB/s
2025-11-10 14:36:42.615    app     info:    [server-manager] Downloaded 2.43 GiB/4.85 GiB at 914.29 kiB/s
2025-11-10 14:36:43.668    app     info:    [server-manager] Downloaded 2.43 GiB/4.85 GiB at 1.27 MiB/s
2025-11-10 14:36:44.685    app     info:    [server-manager] Downloaded 2.43 GiB/4.85 GiB at 928.00 kiB/s
2025-11-10 14:36:45.705    app     info:    [server-manager] Downloaded 2.43 GiB/4.85 GiB at 945.42 kiB/s
2025-11-10 14:36:46.721    app     info:    [server-manager] Downloaded 2.43 GiB/4.85 GiB at 835.59 kiB/s
2025-11-10 14:36:47.759    app     info:    [server-manager] Downloaded 2.43 GiB/4.85 GiB at 911.59 kiB/s
2025-11-10 14:36:48.787    app     info:    [server-manager] Downloaded 2.43 GiB/4.85 GiB at 512.00 kiB/s
2025-11-10 14:36:49.812    app     info:    [server-manager] Downloaded 2.43 GiB/4.85 GiB at 1.03 MiB/s
2025-11-10 14:36:50.817    app     info:    [server-manager] Downloaded 2.44 GiB/4.85 GiB at 918.81 kiB/s
2025-11-10 14:36:51.827    app     info:    [server-manager] Downloaded 2.44 GiB/4.85 GiB at 1.35 MiB/s
2025-11-10 14:36:52.850    app     info:    [server-manager] Downloaded 2.44 GiB/4.85 GiB at 952.38 kiB/s
2025-11-10 14:36:53.906    app     info:    [server-manager] Downloaded 2.44 GiB/4.85 GiB at 649.45 kiB/s
2025-11-10 14:36:54.943    app     info:    [server-manager] Downloaded 2.44 GiB/4.85 GiB at 875.00 kiB/s
2025-11-10 14:36:55.965    app     info:    [server-manager] Downloaded 2.44 GiB/4.85 GiB at 868.22 kiB/s
2025-11-10 14:36:56.985    app     info:    [server-manager] Downloaded 2.44 GiB/4.85 GiB at 944.88 kiB/s
2025-11-10 14:36:58.021    app     info:    [server-manager] Downloaded 2.44 GiB/4.85 GiB at 869.90 kiB/s
2025-11-10 14:36:59.045    app     info:    [server-manager] Downloaded 2.44 GiB/4.85 GiB at 956.52 kiB/s
2025-11-10 14:37:00.088    app     info:    [server-manager] Downloaded 2.44 GiB/4.85 GiB at 816.79 kiB/s
2025-11-10 14:37:01.135    app     info:    [server-manager] Downloaded 2.44 GiB/4.85 GiB at 415.17 kiB/s
2025-11-10 14:37:02.139    app     info:    [server-manager] Downloaded 2.44 GiB/4.85 GiB at 883.63 kiB/s
2025-11-10 14:37:03.175    app     info:    [server-manager] Downloaded 2.45 GiB/4.85 GiB at 883.23 kiB/s
2025-11-10 14:37:04.204    app     info:    [server-manager] Downloaded 2.45 GiB/4.85 GiB at 957.53 kiB/s
2025-11-10 14:37:05.260    app     info:    [server-manager] Downloaded 2.45 GiB/4.85 GiB at 895.75 kiB/s
2025-11-10 14:37:06.268    app     info:    [server-manager] Downloaded 2.45 GiB/4.85 GiB at 909.61 kiB/s
2025-11-10 14:37:07.291    app     info:    [server-manager] Downloaded 2.45 GiB/4.85 GiB at 990.02 kiB/s
2025-11-10 14:37:08.312    app     info:    [server-manager] Downloaded 2.45 GiB/4.85 GiB at 854.96 kiB/s
2025-11-10 14:37:09.345    app     info:    [server-manager] Downloaded 2.45 GiB/4.85 GiB at 924.95 kiB/s
2025-11-10 14:37:10.377    app     info:    [server-manager] Downloaded 2.45 GiB/4.85 GiB at 912.55 kiB/s
2025-11-10 14:37:11.399    app     info:    [server-manager] Downloaded 2.45 GiB/4.85 GiB at 879.70 kiB/s
2025-11-10 14:37:12.457    app     info:    [server-manager] Downloaded 2.45 GiB/4.85 GiB at 1.34 MiB/s
2025-11-10 14:37:13.464    app     info:    [server-manager] Downloaded 2.45 GiB/4.85 GiB at 868.91 kiB/s
2025-11-10 14:37:14.516    app     info:    [server-manager] Downloaded 2.46 GiB/4.85 GiB at 571.43 kiB/s
2025-11-10 14:37:15.570    app     info:    [server-manager] Downloaded 2.46 GiB/4.85 GiB at 378.60 kiB/s
2025-11-10 14:37:16.582    app     info:    [server-manager] Downloaded 2.46 GiB/4.85 GiB at 877.13 kiB/s
2025-11-10 14:37:17.632    app     info:    [server-manager] Downloaded 2.46 GiB/4.85 GiB at 953.85 kiB/s
2025-11-10 14:37:18.667    app     info:    [server-manager] Downloaded 2.46 GiB/4.85 GiB at 996.11 kiB/s
2025-11-10 14:37:19.748    app     info:    [server-manager] Downloaded 2.46 GiB/4.85 GiB at 959.55 kiB/s
2025-11-10 14:37:20.771    app     info:    [server-manager] Downloaded 2.46 GiB/4.85 GiB at 948.62 kiB/s
2025-11-10 14:37:21.779    app     info:    [server-manager] Downloaded 2.46 GiB/4.85 GiB at 1.27 MiB/s
2025-11-10 14:37:22.801    app     info:    [server-manager] Downloaded 2.46 GiB/4.85 GiB at 958.08 kiB/s
2025-11-10 14:37:23.819    app     info:    [server-manager] Downloaded 2.46 GiB/4.85 GiB at 1.25 MiB/s
2025-11-10 14:37:24.818    app     info:    [server-manager] Downloaded 2.46 GiB/4.85 GiB at 986.08 kiB/s
2025-11-10 14:37:25.836    app     info:    [server-manager] Downloaded 2.46 GiB/4.85 GiB at 1.32 MiB/s
2025-11-10 14:37:26.853    app     info:    [server-manager] Downloaded 2.47 GiB/4.85 GiB at 384.00 kiB/s
2025-11-10 14:37:27.888    app     info:    [server-manager] Downloaded 2.47 GiB/4.85 GiB at 1.16 MiB/s
2025-11-10 14:37:28.914    app     info:    [server-manager] Downloaded 2.47 GiB/4.85 GiB at 1,003.80 kiB/s
2025-11-10 14:37:29.924    app     info:    [server-manager] Downloaded 2.47 GiB/4.85 GiB at 942.75 kiB/s
2025-11-10 14:37:30.944    app     info:    [server-manager] Downloaded 2.47 GiB/4.85 GiB at 890.66 kiB/s
2025-11-10 14:37:31.976    app     info:    [server-manager] Downloaded 2.47 GiB/4.85 GiB at 823.76 kiB/s
2025-11-10 14:37:33.030    app     info:    [server-manager] Downloaded 2.47 GiB/4.85 GiB at 1.25 MiB/s
2025-11-10 14:37:34.044    app     info:    [server-manager] Downloaded 2.47 GiB/4.85 GiB at 907.91 kiB/s
2025-11-10 14:37:35.071    app     info:    [server-manager] Downloaded 2.47 GiB/4.85 GiB at 863.64 kiB/s
2025-11-10 14:37:36.103    app     info:    [server-manager] Downloaded 2.47 GiB/4.85 GiB at 968.75 kiB/s
2025-11-10 14:37:37.134    app     info:    [server-manager] Downloaded 2.47 GiB/4.85 GiB at 1.41 MiB/s
2025-11-10 14:37:38.147    app     info:    [server-manager] Downloaded 2.48 GiB/4.85 GiB at 407.86 kiB/s
2025-11-10 14:37:39.163    app     info:    [server-manager] Downloaded 2.48 GiB/4.85 GiB at 890.66 kiB/s
2025-11-10 14:37:40.185    app     info:    [server-manager] Downloaded 2.48 GiB/4.85 GiB at 848.62 kiB/s
2025-11-10 14:37:41.199    app     info:    [server-manager] Downloaded 2.48 GiB/4.85 GiB at 832.00 kiB/s
2025-11-10 14:37:42.203    app     info:    [server-manager] Downloaded 2.48 GiB/4.85 GiB at 788.95 kiB/s
2025-11-10 14:37:43.288    app     info:    [server-manager] Downloaded 2.48 GiB/4.85 GiB at 863.21 kiB/s
2025-11-10 14:37:44.307    app     info:    [server-manager] Downloaded 2.48 GiB/4.85 GiB at 448.00 kiB/s
2025-11-10 14:37:45.320    app     info:    [server-manager] Downloaded 2.48 GiB/4.85 GiB at 928.00 kiB/s
2025-11-10 14:37:46.325    app     info:    [server-manager] Downloaded 2.48 GiB/4.85 GiB at 954.27 kiB/s
2025-11-10 14:37:47.326    app     info:    [server-manager] Downloaded 2.48 GiB/4.85 GiB at 858.85 kiB/s
2025-11-10 14:37:48.366    app     info:    [server-manager] Downloaded 2.48 GiB/4.85 GiB at 907.37 kiB/s
2025-11-10 14:37:49.387    app     info:    [server-manager] Downloaded 2.48 GiB/4.85 GiB at 744.19 kiB/s
2025-11-10 14:37:50.392    app     info:    [server-manager] Downloaded 2.49 GiB/4.85 GiB at 896.00 kiB/s
2025-11-10 14:37:51.418    app     info:    [server-manager] Downloaded 2.49 GiB/4.85 GiB at 1.01 MiB/s
2025-11-10 14:37:52.457    app     info:    [server-manager] Downloaded 2.49 GiB/4.85 GiB at 911.59 kiB/s
2025-11-10 14:37:53.476    app     info:    [server-manager] Downloaded 2.49 GiB/4.85 GiB at 958.08 kiB/s
2025-11-10 14:37:54.480    app     info:    [server-manager] Downloaded 2.49 GiB/4.85 GiB at 855.45 kiB/s
2025-11-10 14:37:55.509    app     info:    [server-manager] Downloaded 2.49 GiB/4.85 GiB at 1.00 MiB/s
2025-11-10 14:37:56.544    app     info:    [server-manager] Downloaded 2.49 GiB/4.85 GiB at 992.00 kiB/s
2025-11-10 14:37:57.551    app     info:    [server-manager] Downloaded 2.49 GiB/4.85 GiB at 1,005.07 kiB/s
2025-11-10 14:37:58.585    app     info:    [server-manager] Downloaded 2.49 GiB/4.85 GiB at 878.29 kiB/s
2025-11-10 14:37:59.635    app     info:    [server-manager] Downloaded 2.49 GiB/4.85 GiB at 1,009.56 kiB/s
2025-11-10 14:38:00.656    app     info:    [server-manager] Downloaded 2.49 GiB/4.85 GiB at 1.42 MiB/s
2025-11-10 14:38:01.664    app     info:    [server-manager] Downloaded 2.50 GiB/4.85 GiB at 1.31 MiB/s
2025-11-10 14:38:02.667    app     info:    [server-manager] Downloaded 2.50 GiB/4.85 GiB at 1.33 MiB/s
2025-11-10 14:38:03.700    app     info:    [server-manager] Downloaded 2.50 GiB/4.85 GiB at 594.91 kiB/s
2025-11-10 14:38:04.772    app     info:    [server-manager] Downloaded 2.50 GiB/4.85 GiB at 932.33 kiB/s
2025-11-10 14:38:05.793    app     info:    [server-manager] Downloaded 2.50 GiB/4.85 GiB at 924.30 kiB/s
2025-11-10 14:38:06.794    app     info:    [server-manager] Downloaded 2.50 GiB/4.85 GiB at 983.38 kiB/s
2025-11-10 14:38:07.833    app     info:    [server-manager] Downloaded 2.50 GiB/4.85 GiB at 961.29 kiB/s
2025-11-10 14:38:08.869    app     info:    [server-manager] Downloaded 2.50 GiB/4.85 GiB at 982.18 kiB/s
2025-11-10 14:38:09.925    app     info:    [server-manager] Downloaded 2.50 GiB/4.85 GiB at 923.08 kiB/s
2025-11-10 14:38:10.955    app     info:    [server-manager] Downloaded 2.50 GiB/4.85 GiB at 996.59 kiB/s
2025-11-10 14:38:12.007    app     info:    [server-manager] Downloaded 2.50 GiB/4.85 GiB at 982.18 kiB/s
2025-11-10 14:38:13.076    app     info:    [server-manager] Downloaded 2.51 GiB/4.85 GiB at 956.52 kiB/s
2025-11-10 14:38:14.116    app     info:    [server-manager] Downloaded 2.51 GiB/4.85 GiB at 843.01 kiB/s
2025-11-10 14:38:15.180    app     info:    [server-manager] Downloaded 2.51 GiB/4.85 GiB at 992.00 kiB/s
2025-11-10 14:38:16.214    app     info:    [server-manager] Downloaded 2.51 GiB/4.85 GiB at 939.33 kiB/s
2025-11-10 14:38:17.277    app     info:    [server-manager] Downloaded 2.51 GiB/4.85 GiB at 808.99 kiB/s
2025-11-10 14:38:18.293    app     info:    [server-manager] Downloaded 2.51 GiB/4.85 GiB at 410.26 kiB/s
2025-11-10 14:38:19.304    app     info:    [server-manager] Downloaded 2.51 GiB/4.85 GiB at 858.85 kiB/s
2025-11-10 14:38:20.319    app     info:    [server-manager] Downloaded 2.51 GiB/4.85 GiB at 318.73 kiB/s
2025-11-10 14:38:21.339    app     info:    [server-manager] Downloaded 2.51 GiB/4.85 GiB at 1.24 MiB/s
2025-11-10 14:38:22.357    app     info:    [server-manager] Downloaded 2.51 GiB/4.85 GiB at 759.01 kiB/s
2025-11-10 14:38:23.386    app     info:    [server-manager] Downloaded 2.51 GiB/4.85 GiB at 913.39 kiB/s
2025-11-10 14:38:24.396    app     info:    [server-manager] Downloaded 2.52 GiB/4.85 GiB at 957.53 kiB/s
2025-11-10 14:38:25.498    app     info:    [server-manager] Downloaded 2.52 GiB/4.85 GiB at 808.64 kiB/s
2025-11-10 14:38:26.507    app     info:    [server-manager] Downloaded 2.52 GiB/4.85 GiB at 445.33 kiB/s
2025-11-10 14:38:27.511    app     info:    [server-manager] Downloaded 2.52 GiB/4.85 GiB at 920.63 kiB/s
2025-11-10 14:38:28.520    app     info:    [server-manager] Downloaded 2.52 GiB/4.85 GiB at 1,015.87 kiB/s
2025-11-10 14:38:29.570    app     info:    [server-manager] Downloaded 2.52 GiB/4.85 GiB at 927.13 kiB/s
2025-11-10 14:38:30.593    app     info:    [server-manager] Downloaded 2.52 GiB/4.85 GiB at 864.86 kiB/s
2025-11-10 14:38:31.645    app     info:    [server-manager] Downloaded 2.52 GiB/4.85 GiB at 849.70 kiB/s
2025-11-10 14:38:32.666    app     info:    [server-manager] Downloaded 2.52 GiB/4.85 GiB at 923.65 kiB/s
2025-11-10 14:38:33.670    app     info:    [server-manager] Downloaded 2.52 GiB/4.85 GiB at 862.28 kiB/s
2025-11-10 14:38:34.695    app     info:    [server-manager] Downloaded 2.52 GiB/4.85 GiB at 927.48 kiB/s
2025-11-10 14:38:35.730    app     info:    [server-manager] Downloaded 2.52 GiB/4.85 GiB at 816.64 kiB/s
2025-11-10 14:38:36.735    app     info:    [server-manager] Downloaded 2.53 GiB/4.85 GiB at 1.01 MiB/s
2025-11-10 14:38:37.743    app     info:    [server-manager] Downloaded 2.53 GiB/4.85 GiB at 864.86 kiB/s
2025-11-10 14:38:38.765    app     info:    [server-manager] Downloaded 2.53 GiB/4.85 GiB at 1.17 MiB/s
2025-11-10 14:38:39.823    app     info:    [server-manager] Downloaded 2.53 GiB/4.85 GiB at 986.08 kiB/s
2025-11-10 14:38:40.827    app     info:    [server-manager] Downloaded 2.53 GiB/4.85 GiB at 846.31 kiB/s
2025-11-10 14:38:41.912    app     info:    [server-manager] Downloaded 2.53 GiB/4.85 GiB at 672.90 kiB/s
2025-11-10 14:38:42.952    app     info:    [server-manager] Downloaded 2.53 GiB/4.85 GiB at 922.47 kiB/s
2025-11-10 14:38:43.995    app     info:    [server-manager] Downloaded 2.53 GiB/4.85 GiB at 872.18 kiB/s
2025-11-10 14:38:45.045    app     info:    [server-manager] Downloaded 2.53 GiB/4.85 GiB at 810.92 kiB/s
2025-11-10 14:38:46.049    app     info:    [server-manager] Downloaded 2.53 GiB/4.85 GiB at 782.78 kiB/s
2025-11-10 14:38:47.070    app     info:    [server-manager] Downloaded 2.53 GiB/4.85 GiB at 869.36 kiB/s
2025-11-10 14:38:48.110    app     info:    [server-manager] Downloaded 2.53 GiB/4.85 GiB at 818.90 kiB/s
2025-11-10 14:38:49.174    app     info:    [server-manager] Downloaded 2.54 GiB/4.85 GiB at 1.13 MiB/s
2025-11-10 14:38:50.197    app     info:    [server-manager] Downloaded 2.54 GiB/4.85 GiB at 383.23 kiB/s
2025-11-10 14:38:51.230    app     info:    [server-manager] Downloaded 2.54 GiB/4.85 GiB at 1.15 MiB/s
2025-11-10 14:38:52.237    app     info:    [server-manager] Downloaded 2.54 GiB/4.85 GiB at 722.99 kiB/s
2025-11-10 14:38:53.273    app     info:    [server-manager] Downloaded 2.54 GiB/4.85 GiB at 887.13 kiB/s
2025-11-10 14:38:54.303    app     info:    [server-manager] Downloaded 2.54 GiB/4.85 GiB at 905.66 kiB/s
2025-11-10 14:38:55.401    app     info:    [server-manager] Downloaded 2.54 GiB/4.85 GiB at 917.00 kiB/s
2025-11-10 14:38:56.436    app     info:    [server-manager] Downloaded 2.54 GiB/4.85 GiB at 887.13 kiB/s
2025-11-10 14:38:57.455    app     info:    [server-manager] Downloaded 2.54 GiB/4.85 GiB at 718.75 kiB/s
2025-11-10 14:38:58.485    app     info:    [server-manager] Downloaded 2.54 GiB/4.85 GiB at 801.54 kiB/s
2025-11-10 14:38:59.519    app     info:    [server-manager] Downloaded 2.54 GiB/4.85 GiB at 494.55 kiB/s
2025-11-10 14:39:00.576    app     info:    [server-manager] Downloaded 2.54 GiB/4.85 GiB at 835.85 kiB/s
2025-11-10 14:39:01.603    app     info:    [server-manager] Downloaded 2.55 GiB/4.85 GiB at 1,002.00 kiB/s
2025-11-10 14:39:02.640    app     info:    [server-manager] Downloaded 2.55 GiB/4.85 GiB at 857.14 kiB/s
2025-11-10 14:39:03.678    app     info:    [server-manager] Downloaded 2.55 GiB/4.85 GiB at 738.46 kiB/s
2025-11-10 14:39:04.701    app     info:    [server-manager] Downloaded 2.55 GiB/4.85 GiB at 818.90 kiB/s
2025-11-10 14:39:05.732    app     info:    [server-manager] Downloaded 2.55 GiB/4.85 GiB at 959.38 kiB/s
2025-11-10 14:39:06.744    app     info:    [server-manager] Downloaded 2.55 GiB/4.85 GiB at 991.57 kiB/s
2025-11-10 14:39:07.786    app     info:    [server-manager] Downloaded 2.55 GiB/4.85 GiB at 837.21 kiB/s
2025-11-10 14:39:08.829    app     info:    [server-manager] Downloaded 2.55 GiB/4.85 GiB at 1.40 MiB/s
2025-11-10 14:39:09.840    app     info:    [server-manager] Downloaded 2.55 GiB/4.85 GiB at 1.01 MiB/s
2025-11-10 14:39:10.855    app     info:    [server-manager] Downloaded 2.55 GiB/4.85 GiB at 888.89 kiB/s
2025-11-10 14:39:11.883    app     info:    [server-manager] Downloaded 2.55 GiB/4.85 GiB at 906.25 kiB/s
2025-11-10 14:39:12.919    app     info:    [server-manager] Downloaded 2.55 GiB/4.85 GiB at 894.21 kiB/s
2025-11-10 14:39:13.955    app     info:    [server-manager] Downloaded 2.56 GiB/4.85 GiB at 1.05 MiB/s
2025-11-10 14:39:14.979    app     info:    [server-manager] Downloaded 2.56 GiB/4.85 GiB at 542.91 kiB/s
2025-11-10 14:39:16.000    app     info:    [server-manager] Downloaded 2.56 GiB/4.85 GiB at 990.33 kiB/s
2025-11-10 14:39:17.011    app     info:    [server-manager] Downloaded 2.56 GiB/4.85 GiB at 1.33 MiB/s
2025-11-10 14:39:18.039    app     info:    [server-manager] Downloaded 2.56 GiB/4.85 GiB at 466.38 kiB/s
2025-11-10 14:39:19.044    app     info:    [server-manager] Downloaded 2.56 GiB/4.85 GiB at 1,007.87 kiB/s
2025-11-10 14:39:20.092    app     info:    [server-manager] Downloaded 2.56 GiB/4.85 GiB at 924.86 kiB/s
2025-11-10 14:39:21.105    app     info:    [server-manager] Downloaded 2.56 GiB/4.85 GiB at 507.94 kiB/s
2025-11-10 14:39:22.127    app     info:    [server-manager] Downloaded 2.56 GiB/4.85 GiB at 1,013.86 kiB/s
2025-11-10 14:39:23.161    app     info:    [server-manager] Downloaded 2.56 GiB/4.85 GiB at 1.26 MiB/s
2025-11-10 14:39:24.165    app     info:    [server-manager] Downloaded 2.56 GiB/4.85 GiB at 825.66 kiB/s
2025-11-10 14:39:25.168    app     info:    [server-manager] Downloaded 2.56 GiB/4.85 GiB at 725.84 kiB/s
2025-11-10 14:39:26.229    app     info:    [server-manager] Downloaded 2.57 GiB/4.85 GiB at 968.75 kiB/s
2025-11-10 14:39:27.256    app     info:    [server-manager] Downloaded 2.57 GiB/4.85 GiB at 982.18 kiB/s
2025-11-10 14:39:28.301    app     info:    [server-manager] Downloaded 2.57 GiB/4.85 GiB at 1.04 MiB/s
2025-11-10 14:39:29.310    app     info:    [server-manager] Downloaded 2.57 GiB/4.85 GiB at 851.52 kiB/s
2025-11-10 14:39:30.351    app     info:    [server-manager] Downloaded 2.57 GiB/4.85 GiB at 992.25 kiB/s
2025-11-10 14:39:31.385    app     info:    [server-manager] Downloaded 2.57 GiB/4.85 GiB at 926.58 kiB/s
2025-11-10 14:39:32.422    app     info:    [server-manager] Downloaded 2.57 GiB/4.85 GiB at 950.19 kiB/s
2025-11-10 14:39:33.445    app     info:    [server-manager] Downloaded 2.57 GiB/4.85 GiB at 970.65 kiB/s
2025-11-10 14:39:34.486    app     info:    [server-manager] Downloaded 2.57 GiB/4.85 GiB at 1.25 MiB/s
2025-11-10 14:39:35.501    app     info:    [server-manager] Downloaded 2.57 GiB/4.85 GiB at 440.08 kiB/s
2025-11-10 14:39:36.507    app     info:    [server-manager] Downloaded 2.57 GiB/4.85 GiB at 869.90 kiB/s
2025-11-10 14:39:37.535    app     info:    [server-manager] Downloaded 2.58 GiB/4.85 GiB at 1,022.31 kiB/s
2025-11-10 14:39:38.570    app     info:    [server-manager] Downloaded 2.58 GiB/4.85 GiB at 805.76 kiB/s
2025-11-10 14:39:39.591    app     info:    [server-manager] Downloaded 2.58 GiB/4.85 GiB at 1,015.87 kiB/s
2025-11-10 14:39:40.608    app     info:    [server-manager] Downloaded 2.58 GiB/4.85 GiB at 704.00 kiB/s
2025-11-10 14:39:41.659    app     info:    [server-manager] Downloaded 2.58 GiB/4.85 GiB at 779.73 kiB/s
2025-11-10 14:39:42.667    app     info:    [server-manager] Downloaded 2.58 GiB/4.85 GiB at 812.58 kiB/s
2025-11-10 14:39:43.708    app     info:    [server-manager] Downloaded 2.58 GiB/4.85 GiB at 866.33 kiB/s
2025-11-10 14:39:44.727    app     info:    [server-manager] Downloaded 2.58 GiB/4.85 GiB at 180.15 kiB/s
2025-11-10 14:39:45.881    app     info:    [server-manager] Downloaded 2.58 GiB/4.85 GiB at 269.16 kiB/s
2025-11-10 14:39:46.960    app     info:    [server-manager] Downloaded 2.58 GiB/4.85 GiB at 134.00 kiB/s
2025-11-10 14:39:48.011    app     info:    [server-manager] Downloaded 2.58 GiB/4.85 GiB at 80.00 kiB/s
2025-11-10 14:39:49.014    app     info:    [server-manager] Downloaded 2.58 GiB/4.85 GiB at 120.30 kiB/s
2025-11-10 14:39:50.110    app     info:    [server-manager] Downloaded 2.58 GiB/4.85 GiB at 206.03 kiB/s
2025-11-10 14:39:51.117    app     info:    [server-manager] Downloaded 2.58 GiB/4.85 GiB at 230.88 kiB/s
2025-11-10 14:39:52.221    app     info:    [server-manager] Downloaded 2.58 GiB/4.85 GiB at 472.44 kiB/s
2025-11-10 14:39:53.239    app     info:    [server-manager] Downloaded 2.58 GiB/4.85 GiB at 496.12 kiB/s
2025-11-10 14:39:54.268    app     info:    [server-manager] Downloaded 2.58 GiB/4.85 GiB at 593.75 kiB/s
2025-11-10 14:39:55.298    app     info:    [server-manager] Downloaded 2.58 GiB/4.85 GiB at 864.86 kiB/s
2025-11-10 14:39:56.363    app     info:    [server-manager] Downloaded 2.58 GiB/4.85 GiB at 732.60 kiB/s
2025-11-10 14:39:57.410    app     info:    [server-manager] Downloaded 2.59 GiB/4.85 GiB at 926.40 kiB/s
2025-11-10 14:39:58.447    app     info:    [server-manager] Downloaded 2.59 GiB/4.85 GiB at 648.65 kiB/s
2025-11-10 14:39:59.487    app     info:    [server-manager] Downloaded 2.59 GiB/4.85 GiB at 679.54 kiB/s
2025-11-10 14:40:00.495    app     info:    [server-manager] Downloaded 2.59 GiB/4.85 GiB at 518.10 kiB/s
2025-11-10 14:40:01.658    app     info:    [server-manager] Downloaded 2.59 GiB/4.85 GiB at 772.20 kiB/s
2025-11-10 14:40:02.694    app     info:    [server-manager] Downloaded 2.59 GiB/4.85 GiB at 845.40 kiB/s
2025-11-10 14:40:03.729    app     info:    [server-manager] Downloaded 2.59 GiB/4.85 GiB at 713.75 kiB/s
2025-11-10 14:40:04.769    app     info:    [server-manager] Downloaded 2.59 GiB/4.85 GiB at 638.72 kiB/s
2025-11-10 14:40:05.802    app     info:    [server-manager] Downloaded 2.59 GiB/4.85 GiB at 721.80 kiB/s
2025-11-10 14:40:06.853    app     info:    [server-manager] Downloaded 2.59 GiB/4.85 GiB at 764.94 kiB/s
2025-11-10 14:40:07.860    app     info:    [server-manager] Downloaded 2.59 GiB/4.85 GiB at 446.22 kiB/s
2025-11-10 14:40:08.885    app     info:    [server-manager] Downloaded 2.59 GiB/4.85 GiB at 862.28 kiB/s
2025-11-10 14:40:09.957    app     info:    [server-manager] Downloaded 2.59 GiB/4.85 GiB at 831.54 kiB/s
2025-11-10 14:40:10.979    app     info:    [server-manager] Downloaded 2.59 GiB/4.85 GiB at 848.72 kiB/s
2025-11-10 14:40:12.021    app     info:    [server-manager] Downloaded 2.60 GiB/4.85 GiB at 729.93 kiB/s
2025-11-10 14:40:13.054    app     info:    [server-manager] Downloaded 2.60 GiB/4.85 GiB at 897.49 kiB/s
2025-11-10 14:40:14.094    app     info:    [server-manager] Downloaded 2.60 GiB/4.85 GiB at 834.28 kiB/s
2025-11-10 14:40:15.137    app     info:    [server-manager] Downloaded 2.60 GiB/4.85 GiB at 928.75 kiB/s
2025-11-10 14:40:16.166    app     info:    [server-manager] Downloaded 2.60 GiB/4.85 GiB at 764.82 kiB/s
2025-11-10 14:40:17.191    app     info:    [server-manager] Downloaded 2.60 GiB/4.85 GiB at 885.38 kiB/s
2025-11-10 14:40:18.257    app     info:    [server-manager] Downloaded 2.60 GiB/4.85 GiB at 795.41 kiB/s
2025-11-10 14:40:19.329    app     info:    [server-manager] Downloaded 2.60 GiB/4.85 GiB at 795.41 kiB/s
2025-11-10 14:40:20.336    app     info:    [server-manager] Downloaded 2.60 GiB/4.85 GiB at 804.64 kiB/s
2025-11-10 14:40:21.406    app     info:    [server-manager] Downloaded 2.60 GiB/4.85 GiB at 782.78 kiB/s
2025-11-10 14:40:22.447    app     info:    [server-manager] Downloaded 2.60 GiB/4.85 GiB at 711.80 kiB/s
2025-11-10 14:40:23.475    app     info:    [server-manager] Downloaded 2.60 GiB/4.85 GiB at 617.76 kiB/s
2025-11-10 14:40:24.491    app     info:    [server-manager] Downloaded 2.60 GiB/4.85 GiB at 881.89 kiB/s
2025-11-10 14:40:25.573    app     info:    [server-manager] Downloaded 2.61 GiB/4.85 GiB at 866.43 kiB/s
2025-11-10 14:40:26.604    app     info:    [server-manager] Downloaded 2.61 GiB/4.85 GiB at 605.58 kiB/s
2025-11-10 14:40:27.607    app     info:    [server-manager] Downloaded 2.61 GiB/4.85 GiB at 788.95 kiB/s
2025-11-10 14:40:28.637    app     info:    [server-manager] Downloaded 2.61 GiB/4.85 GiB at 840.53 kiB/s
2025-11-10 14:40:29.704    app     info:    [server-manager] Downloaded 2.61 GiB/4.85 GiB at 443.56 kiB/s
2025-11-10 14:40:30.728    app     info:    [server-manager] Downloaded 2.61 GiB/4.85 GiB at 561.22 kiB/s
2025-11-10 14:40:31.761    app     info:    [server-manager] Downloaded 2.61 GiB/4.85 GiB at 320.00 kiB/s
2025-11-10 14:40:32.811    app     info:    [server-manager] Downloaded 2.61 GiB/4.85 GiB at 913.59 kiB/s
2025-11-10 14:40:33.866    app     info:    [server-manager] Downloaded 2.61 GiB/4.85 GiB at 475.25 kiB/s
2025-11-10 14:40:34.896    app     info:    [server-manager] Downloaded 2.61 GiB/4.85 GiB at 750.00 kiB/s
2025-11-10 14:40:35.951    app     info:    [server-manager] Downloaded 2.61 GiB/4.85 GiB at 810.51 kiB/s
2025-11-10 14:40:37.024    app     info:    [server-manager] Downloaded 2.61 GiB/4.85 GiB at 670.31 kiB/s
2025-11-10 14:40:38.069    app     info:    [server-manager] Downloaded 2.61 GiB/4.85 GiB at 709.06 kiB/s
2025-11-10 14:40:39.100    app     info:    [server-manager] Downloaded 2.62 GiB/4.85 GiB at 810.92 kiB/s
2025-11-10 14:40:40.113    app     info:    [server-manager] Downloaded 2.62 GiB/4.85 GiB at 1.05 MiB/s
2025-11-10 14:40:41.129    app     info:    [server-manager] Downloaded 2.62 GiB/4.85 GiB at 1,011.86 kiB/s
2025-11-10 14:40:42.145    app     info:    [server-manager] Downloaded 2.62 GiB/4.85 GiB at 948.37 kiB/s
2025-11-10 14:40:43.168    app     info:    [server-manager] Downloaded 2.62 GiB/4.85 GiB at 960.00 kiB/s
2025-11-10 14:40:44.222    app     info:    [server-manager] Downloaded 2.62 GiB/4.85 GiB at 750.00 kiB/s
2025-11-10 14:40:45.257    app     info:    [server-manager] Downloaded 2.62 GiB/4.85 GiB at 609.34 kiB/s
2025-11-10 14:40:46.293    app     info:    [server-manager] Downloaded 2.62 GiB/4.85 GiB at 551.72 kiB/s
2025-11-10 14:40:47.360    app     info:    [server-manager] Downloaded 2.62 GiB/4.85 GiB at 512.00 kiB/s
2025-11-10 14:40:48.398    app     info:    [server-manager] Downloaded 2.62 GiB/4.85 GiB at 1.03 MiB/s
2025-11-10 14:40:49.433    app     info:    [server-manager] Downloaded 2.62 GiB/4.85 GiB at 722.99 kiB/s
2025-11-10 14:40:50.452    app     info:    [server-manager] Downloaded 2.62 GiB/4.85 GiB at 915.19 kiB/s
2025-11-10 14:40:51.477    app     info:    [server-manager] Downloaded 2.62 GiB/4.85 GiB at 352.00 kiB/s
2025-11-10 14:40:52.520    app     info:    [server-manager] Downloaded 2.63 GiB/4.85 GiB at 731.61 kiB/s
2025-11-10 14:40:53.562    app     info:    [server-manager] Downloaded 2.63 GiB/4.85 GiB at 720.45 kiB/s
2025-11-10 14:40:54.612    app     info:    [server-manager] Downloaded 2.63 GiB/4.85 GiB at 1.29 MiB/s
2025-11-10 14:40:55.621    app     info:    [server-manager] Downloaded 2.63 GiB/4.85 GiB at 822.86 kiB/s
2025-11-10 14:40:56.678    app     info:    [server-manager] Downloaded 2.63 GiB/4.85 GiB at 926.15 kiB/s
2025-11-10 14:40:57.731    app     info:    [server-manager] Downloaded 2.63 GiB/4.85 GiB at 774.67 kiB/s
2025-11-10 14:40:58.754    app     info:    [server-manager] Downloaded 2.63 GiB/4.85 GiB at 620.16 kiB/s
2025-11-10 14:40:59.800    app     info:    [server-manager] Downloaded 2.63 GiB/4.85 GiB at 757.58 kiB/s
2025-11-10 14:41:00.807    app     info:    [server-manager] Downloaded 2.63 GiB/4.85 GiB at 411.88 kiB/s
2025-11-10 14:41:01.831    app     info:    [server-manager] Downloaded 2.63 GiB/4.85 GiB at 506.93 kiB/s
2025-11-10 14:41:02.856    app     info:    [server-manager] Downloaded 2.63 GiB/4.85 GiB at 829.17 kiB/s
2025-11-10 14:41:03.881    app     info:    [server-manager] Downloaded 2.63 GiB/4.85 GiB at 932.69 kiB/s
2025-11-10 14:41:04.922    app     info:    [server-manager] Downloaded 2.63 GiB/4.85 GiB at 868.91 kiB/s
2025-11-10 14:41:05.948    app     info:    [server-manager] Downloaded 2.64 GiB/4.85 GiB at 784.31 kiB/s
2025-11-10 14:41:06.957    app     info:    [server-manager] Downloaded 2.64 GiB/4.85 GiB at 885.38 kiB/s
2025-11-10 14:41:07.985    app     info:    [server-manager] Downloaded 2.64 GiB/4.85 GiB at 827.04 kiB/s
2025-11-10 14:41:08.991    app     info:    [server-manager] Downloaded 2.64 GiB/4.85 GiB at 599.61 kiB/s
2025-11-10 14:41:10.043    app     info:    [server-manager] Downloaded 2.64 GiB/4.85 GiB at 754.42 kiB/s
2025-11-10 14:41:11.102    app     info:    [server-manager] Downloaded 2.64 GiB/4.85 GiB at 668.16 kiB/s
2025-11-10 14:41:12.185    app     info:    [server-manager] Downloaded 2.64 GiB/4.85 GiB at 934.09 kiB/s
2025-11-10 14:41:13.211    app     info:    [server-manager] Downloaded 2.64 GiB/4.85 GiB at 793.89 kiB/s
2025-11-10 14:41:14.237    app     info:    [server-manager] Downloaded 2.64 GiB/4.85 GiB at 649.90 kiB/s
2025-11-10 14:41:15.266    app     info:    [server-manager] Downloaded 2.64 GiB/4.85 GiB at 849.23 kiB/s
2025-11-10 14:41:16.295    app     info:    [server-manager] Downloaded 2.64 GiB/4.85 GiB at 864.00 kiB/s
2025-11-10 14:41:17.299    app     info:    [server-manager] Downloaded 2.64 GiB/4.85 GiB at 953.85 kiB/s
2025-11-10 14:41:18.347    app     info:    [server-manager] Downloaded 2.65 GiB/4.85 GiB at 781.25 kiB/s
2025-11-10 14:41:19.389    app     info:    [server-manager] Downloaded 2.65 GiB/4.85 GiB at 689.14 kiB/s
2025-11-10 14:41:20.462    app     info:    [server-manager] Downloaded 2.65 GiB/4.85 GiB at 742.12 kiB/s
2025-11-10 14:41:21.485    app     info:    [server-manager] Downloaded 2.65 GiB/4.85 GiB at 627.86 kiB/s
2025-11-10 14:41:22.499    app     info:    [server-manager] Downloaded 2.65 GiB/4.85 GiB at 760.40 kiB/s
2025-11-10 14:41:23.506    app     info:    [server-manager] Downloaded 2.65 GiB/4.85 GiB at 775.19 kiB/s
2025-11-10 14:41:24.544    app     info:    [server-manager] Downloaded 2.65 GiB/4.85 GiB at 877.13 kiB/s
2025-11-10 14:41:25.612    app     info:    [server-manager] Downloaded 2.65 GiB/4.85 GiB at 672.00 kiB/s
2025-11-10 14:41:26.642    app     info:    [server-manager] Downloaded 2.65 GiB/4.85 GiB at 720.16 kiB/s
2025-11-10 14:41:27.687    app     info:    [server-manager] Downloaded 2.65 GiB/4.85 GiB at 694.34 kiB/s
2025-11-10 14:41:28.732    app     info:    [server-manager] Downloaded 2.65 GiB/4.85 GiB at 1.20 MiB/s
2025-11-10 14:41:29.750    app     info:    [server-manager] Downloaded 2.65 GiB/4.85 GiB at 558.14 kiB/s
2025-11-10 14:41:30.798    app     info:    [server-manager] Downloaded 2.65 GiB/4.85 GiB at 898.55 kiB/s
2025-11-10 14:41:31.863    app     info:    [server-manager] Downloaded 2.65 GiB/4.85 GiB at 974.91 kiB/s
2025-11-10 14:41:32.935    app     info:    [server-manager] Downloaded 2.66 GiB/4.85 GiB at 352.00 kiB/s
2025-11-10 14:41:33.952    app     info:    [server-manager] Downloaded 2.66 GiB/4.85 GiB at 955.68 kiB/s
2025-11-10 14:41:34.966    app     info:    [server-manager] Downloaded 2.66 GiB/4.85 GiB at 803.09 kiB/s
2025-11-10 14:41:35.981    app     info:    [server-manager] Downloaded 2.66 GiB/4.85 GiB at 698.41 kiB/s
2025-11-10 14:41:37.020    app     info:    [server-manager] Downloaded 2.66 GiB/4.85 GiB at 789.37 kiB/s
2025-11-10 14:41:38.091    app     info:    [server-manager] Downloaded 2.66 GiB/4.85 GiB at 693.00 kiB/s
2025-11-10 14:41:39.126    app     info:    [server-manager] Downloaded 2.66 GiB/4.85 GiB at 890.60 kiB/s
2025-11-10 14:41:40.205    app     info:    [server-manager] Downloaded 2.66 GiB/4.85 GiB at 674.52 kiB/s
2025-11-10 14:41:41.243    app     info:    [server-manager] Downloaded 2.66 GiB/4.85 GiB at 863.20 kiB/s
2025-11-10 14:41:42.305    app     info:    [server-manager] Downloaded 2.66 GiB/4.85 GiB at 861.54 kiB/s
2025-11-10 14:41:43.315    app     info:    [server-manager] Downloaded 2.66 GiB/4.85 GiB at 918.33 kiB/s
2025-11-10 14:41:44.364    app     info:    [server-manager] Downloaded 2.66 GiB/4.85 GiB at 1.31 MiB/s
2025-11-10 14:41:45.404    app     info:    [server-manager] Downloaded 2.67 GiB/4.85 GiB at 1.30 MiB/s
2025-11-10 14:41:46.432    app     info:    [server-manager] Downloaded 2.67 GiB/4.85 GiB at 818.90 kiB/s
2025-11-10 14:41:47.475    app     info:    [server-manager] Downloaded 2.67 GiB/4.85 GiB at 621.36 kiB/s
2025-11-10 14:41:48.483    app     info:    [server-manager] Downloaded 2.67 GiB/4.85 GiB at 994.17 kiB/s
2025-11-10 14:41:49.513    app     info:    [server-manager] Downloaded 2.67 GiB/4.85 GiB at 604.91 kiB/s
2025-11-10 14:41:50.531    app     info:    [server-manager] Downloaded 2.67 GiB/4.85 GiB at 649.90 kiB/s
2025-11-10 14:41:51.563    app     info:    [server-manager] Downloaded 2.67 GiB/4.85 GiB at 348.51 kiB/s
2025-11-10 14:41:52.572    app     info:    [server-manager] Downloaded 2.67 GiB/4.85 GiB at 288.00 kiB/s
2025-11-10 14:41:53.579    app     info:    [server-manager] Downloaded 2.67 GiB/4.85 GiB at 725.84 kiB/s
2025-11-10 14:41:54.611    app     info:    [server-manager] Downloaded 2.67 GiB/4.85 GiB at 512.00 kiB/s
2025-11-10 14:41:55.646    app     info:    [server-manager] Downloaded 2.67 GiB/4.85 GiB at 784.31 kiB/s
2025-11-10 14:41:56.736    app     info:    [server-manager] Downloaded 2.67 GiB/4.85 GiB at 767.53 kiB/s
2025-11-10 14:41:57.790    app     info:    [server-manager] Downloaded 2.67 GiB/4.85 GiB at 956.96 kiB/s
2025-11-10 14:41:58.824    app     info:    [server-manager] Downloaded 2.67 GiB/4.85 GiB at 1.29 MiB/s
2025-11-10 14:41:59.828    app     info:    [server-manager] Downloaded 2.68 GiB/4.85 GiB at 665.06 kiB/s
2025-11-10 14:42:00.885    app     info:    [server-manager] Downloaded 2.68 GiB/4.85 GiB at 379.45 kiB/s
2025-11-10 14:42:01.900    app     info:    [server-manager] Downloaded 2.68 GiB/4.85 GiB at 924.64 kiB/s
2025-11-10 14:42:02.947    app     info:    [server-manager] Downloaded 2.68 GiB/4.85 GiB at 797.80 kiB/s
2025-11-10 14:42:03.979    app     info:    [server-manager] Downloaded 2.68 GiB/4.85 GiB at 784.31 kiB/s
2025-11-10 14:42:04.987    app     info:    [server-manager] Downloaded 2.68 GiB/4.85 GiB at 346.46 kiB/s
2025-11-10 14:42:06.012    app     info:    [server-manager] Downloaded 2.68 GiB/4.85 GiB at 1.01 MiB/s
2025-11-10 14:42:07.050    app     info:    [server-manager] Downloaded 2.68 GiB/4.85 GiB at 1.54 MiB/s
2025-11-10 14:42:08.052    app     info:    [server-manager] Downloaded 2.68 GiB/4.85 GiB at 949.49 kiB/s
2025-11-10 14:42:09.089    app     info:    [server-manager] Downloaded 2.68 GiB/4.85 GiB at 1,023.26 kiB/s
2025-11-10 14:42:10.124    app     info:    [server-manager] Downloaded 2.68 GiB/4.85 GiB at 1.34 MiB/s
2025-11-10 14:42:11.143    app     info:    [server-manager] Downloaded 2.68 GiB/4.85 GiB at 856.60 kiB/s
2025-11-10 14:42:12.156    app     info:    [server-manager] Downloaded 2.69 GiB/4.85 GiB at 1,005.89 kiB/s
2025-11-10 14:42:13.178    app     info:    [server-manager] Downloaded 2.69 GiB/4.85 GiB at 903.60 kiB/s
2025-11-10 14:42:14.305    app     info:    [server-manager] Downloaded 2.69 GiB/4.85 GiB at 908.42 kiB/s
2025-11-10 14:42:15.356    app     info:    [server-manager] Downloaded 2.69 GiB/4.85 GiB at 1.27 MiB/s
2025-11-10 14:42:16.370    app     info:    [server-manager] Downloaded 2.69 GiB/4.85 GiB at 772.20 kiB/s
2025-11-10 14:42:17.426    app     info:    [server-manager] Downloaded 2.69 GiB/4.85 GiB at 837.21 kiB/s
2025-11-10 14:42:18.448    app     info:    [server-manager] Downloaded 2.69 GiB/4.85 GiB at 1.17 MiB/s
2025-11-10 14:42:19.471    app     info:    [server-manager] Downloaded 2.69 GiB/4.85 GiB at 961.80 kiB/s
2025-11-10 14:42:20.558    app     info:    [server-manager] Downloaded 2.69 GiB/4.85 GiB at 530.21 kiB/s
2025-11-10 14:42:21.593    app     info:    [server-manager] Downloaded 2.69 GiB/4.85 GiB at 788.32 kiB/s
2025-11-10 14:42:22.614    app     info:    [server-manager] Downloaded 2.69 GiB/4.85 GiB at 780.23 kiB/s
2025-11-10 14:42:23.664    app     info:    [server-manager] Downloaded 2.70 GiB/4.85 GiB at 468.75 kiB/s
2025-11-10 14:42:24.671    app     info:    [server-manager] Downloaded 2.70 GiB/4.85 GiB at 890.66 kiB/s
2025-11-10 14:42:25.725    app     info:    [server-manager] Downloaded 2.70 GiB/4.85 GiB at 977.79 kiB/s
2025-11-10 14:42:26.740    app     info:    [server-manager] Downloaded 2.70 GiB/4.85 GiB at 994.14 kiB/s
2025-11-10 14:42:27.783    app     info:    [server-manager] Downloaded 2.70 GiB/4.85 GiB at 885.94 kiB/s
2025-11-10 14:42:28.796    app     info:    [server-manager] Downloaded 2.70 GiB/4.85 GiB at 880.16 kiB/s
2025-11-10 14:42:29.833    app     info:    [server-manager] Downloaded 2.70 GiB/4.85 GiB at 800.00 kiB/s
2025-11-10 14:42:30.866    app     info:    [server-manager] Downloaded 2.70 GiB/4.85 GiB at 927.54 kiB/s
2025-11-10 14:42:31.917    app     info:    [server-manager] Downloaded 2.70 GiB/4.85 GiB at 878.43 kiB/s
2025-11-10 14:42:32.925    app     info:    [server-manager] Downloaded 2.70 GiB/4.85 GiB at 1.26 MiB/s
2025-11-10 14:42:33.950    app     info:    [server-manager] Downloaded 2.70 GiB/4.85 GiB at 959.38 kiB/s
2025-11-10 14:42:35.020    app     info:    [server-manager] Downloaded 2.70 GiB/4.85 GiB at 728.65 kiB/s
2025-11-10 14:42:36.104    app     info:    [server-manager] Downloaded 2.71 GiB/4.85 GiB at 824.43 kiB/s
2025-11-10 14:42:37.136    app     info:    [server-manager] Downloaded 2.71 GiB/4.85 GiB at 984.13 kiB/s
2025-11-10 14:42:38.179    app     info:    [server-manager] Downloaded 2.71 GiB/4.85 GiB at 945.68 kiB/s
2025-11-10 14:42:39.216    app     info:    [server-manager] Downloaded 2.71 GiB/4.85 GiB at 982.99 kiB/s
2025-11-10 14:42:40.263    app     info:    [server-manager] Downloaded 2.71 GiB/4.85 GiB at 888.89 kiB/s
2025-11-10 14:42:41.278    app     info:    [server-manager] Downloaded 2.71 GiB/4.85 GiB at 1.02 MiB/s
2025-11-10 14:42:42.310    app     info:    [server-manager] Downloaded 2.71 GiB/4.85 GiB at 960.00 kiB/s
2025-11-10 14:42:43.329    app     info:    [server-manager] Downloaded 2.71 GiB/4.85 GiB at 948.62 kiB/s
2025-11-10 14:42:44.368    app     info:    [server-manager] Downloaded 2.71 GiB/4.85 GiB at 907.37 kiB/s
2025-11-10 14:42:45.399    app     info:    [server-manager] Downloaded 2.71 GiB/4.85 GiB at 959.05 kiB/s
2025-11-10 14:42:46.420    app     info:    [server-manager] Downloaded 2.71 GiB/4.85 GiB at 1.34 MiB/s
2025-11-10 14:42:47.424    app     info:    [server-manager] Downloaded 2.72 GiB/4.85 GiB at 887.13 kiB/s
2025-11-10 14:42:48.581    app     info:    [server-manager] Downloaded 2.72 GiB/4.85 GiB at 412.12 kiB/s
2025-11-10 14:42:49.631    app     info:    [server-manager] Downloaded 2.72 GiB/4.85 GiB at 622.57 kiB/s
2025-11-10 14:42:50.645    app     info:    [server-manager] Downloaded 2.72 GiB/4.85 GiB at 504.93 kiB/s
2025-11-10 14:42:51.680    app     info:    [server-manager] Downloaded 2.72 GiB/4.85 GiB at 1.32 MiB/s
2025-11-10 14:42:52.686    app     info:    [server-manager] Downloaded 2.72 GiB/4.85 GiB at 707.69 kiB/s
2025-11-10 14:42:53.753    app     info:    [server-manager] Downloaded 2.72 GiB/4.85 GiB at 690.43 kiB/s
2025-11-10 14:42:54.795    app     info:    [server-manager] Downloaded 2.72 GiB/4.85 GiB at 775.19 kiB/s
2025-11-10 14:42:55.836    app     info:    [server-manager] Downloaded 2.72 GiB/4.85 GiB at 956.18 kiB/s
2025-11-10 14:42:56.851    app     info:    [server-manager] Downloaded 2.72 GiB/4.85 GiB at 913.39 kiB/s
2025-11-10 14:42:57.872    app     info:    [server-manager] Downloaded 2.72 GiB/4.85 GiB at 976.38 kiB/s
2025-11-10 14:42:58.940    app     info:    [server-manager] Downloaded 2.72 GiB/4.85 GiB at 956.52 kiB/s
2025-11-10 14:42:59.978    app     info:    [server-manager] Downloaded 2.72 GiB/4.85 GiB at 940.27 kiB/s
2025-11-10 14:43:00.989    app     info:    [server-manager] Downloaded 2.73 GiB/4.85 GiB at 966.86 kiB/s
2025-11-10 14:43:02.016    app     info:    [server-manager] Downloaded 2.73 GiB/4.85 GiB at 937.50 kiB/s
2025-11-10 14:43:03.045    app     info:    [server-manager] Downloaded 2.73 GiB/4.85 GiB at 989.73 kiB/s
2025-11-10 14:43:04.059    app     info:    [server-manager] Downloaded 2.73 GiB/4.85 GiB at 706.33 kiB/s
2025-11-10 14:43:05.145    app     info:    [server-manager] Downloaded 2.73 GiB/4.85 GiB at 827.09 kiB/s
2025-11-10 14:43:06.150    app     info:    [server-manager] Downloaded 2.73 GiB/4.85 GiB at 1,019.92 kiB/s
2025-11-10 14:43:07.170    app     info:    [server-manager] Downloaded 2.73 GiB/4.85 GiB at 894.03 kiB/s
2025-11-10 14:43:08.203    app     info:    [server-manager] Downloaded 2.73 GiB/4.85 GiB at 1.13 MiB/s
2025-11-10 14:43:09.205    app     info:    [server-manager] Downloaded 2.73 GiB/4.85 GiB at 1.45 MiB/s
2025-11-10 14:43:10.220    app     info:    [server-manager] Downloaded 2.73 GiB/4.85 GiB at 896.00 kiB/s
2025-11-10 14:43:11.263    app     info:    [server-manager] Downloaded 2.73 GiB/4.85 GiB at 904.48 kiB/s
2025-11-10 14:43:12.308    app     info:    [server-manager] Downloaded 2.74 GiB/4.85 GiB at 894.03 kiB/s
2025-11-10 14:43:13.334    app     info:    [server-manager] Downloaded 2.74 GiB/4.85 GiB at 928.00 kiB/s
2025-11-10 14:43:14.374    app     info:    [server-manager] Downloaded 2.74 GiB/4.85 GiB at 761.90 kiB/s
2025-11-10 14:43:15.389    app     info:    [server-manager] Downloaded 2.74 GiB/4.85 GiB at 448.00 kiB/s
2025-11-10 14:43:16.401    app     info:    [server-manager] Downloaded 2.74 GiB/4.85 GiB at 910.82 kiB/s
2025-11-10 14:43:17.440    app     info:    [server-manager] Downloaded 2.74 GiB/4.85 GiB at 882.13 kiB/s
2025-11-10 14:43:18.460    app     info:    [server-manager] Downloaded 2.74 GiB/4.85 GiB at 888.89 kiB/s
2025-11-10 14:43:19.544    app     info:    [server-manager] Downloaded 2.74 GiB/4.85 GiB at 827.59 kiB/s
2025-11-10 14:43:20.583    app     info:    [server-manager] Downloaded 2.74 GiB/4.85 GiB at 872.18 kiB/s
2025-11-10 14:43:21.646    app     info:    [server-manager] Downloaded 2.74 GiB/4.85 GiB at 927.86 kiB/s
2025-11-10 14:43:22.651    app     info:    [server-manager] Downloaded 2.74 GiB/4.85 GiB at 824.43 kiB/s
2025-11-10 14:43:23.680    app     info:    [server-manager] Downloaded 2.74 GiB/4.85 GiB at 861.54 kiB/s
2025-11-10 14:43:24.737    app     info:    [server-manager] Downloaded 2.75 GiB/4.85 GiB at 927.26 kiB/s
2025-11-10 14:43:25.761    app     info:    [server-manager] Downloaded 2.75 GiB/4.85 GiB at 913.39 kiB/s
2025-11-10 14:43:26.771    app     info:    [server-manager] Downloaded 2.75 GiB/4.85 GiB at 438.13 kiB/s
2025-11-10 14:43:27.783    app     info:    [server-manager] Downloaded 2.75 GiB/4.85 GiB at 857.14 kiB/s
2025-11-10 14:43:28.823    app     info:    [server-manager] Downloaded 2.75 GiB/4.85 GiB at 1.15 MiB/s
2025-11-10 14:43:29.867    app     info:    [server-manager] Downloaded 2.75 GiB/4.85 GiB at 415.17 kiB/s
2025-11-10 14:43:30.884    app     info:    [server-manager] Downloaded 2.75 GiB/4.85 GiB at 893.85 kiB/s
2025-11-10 14:43:31.920    app     info:    [server-manager] Downloaded 2.75 GiB/4.85 GiB at 859.31 kiB/s
2025-11-10 14:43:32.988    app     info:    [server-manager] Downloaded 2.75 GiB/4.85 GiB at 573.58 kiB/s
2025-11-10 14:43:33.999    app     info:    [server-manager] Downloaded 2.75 GiB/4.85 GiB at 845.40 kiB/s
2025-11-10 14:43:35.008    app     info:    [server-manager] Downloaded 2.75 GiB/4.85 GiB at 858.85 kiB/s
2025-11-10 14:43:36.015    app     info:    [server-manager] Downloaded 2.76 GiB/4.85 GiB at 1.42 MiB/s
2025-11-10 14:43:37.035    app     info:    [server-manager] Downloaded 2.76 GiB/4.85 GiB at 443.56 kiB/s
2025-11-10 14:43:38.042    app     info:    [server-manager] Downloaded 2.76 GiB/4.85 GiB at 930.23 kiB/s
2025-11-10 14:43:39.062    app     info:    [server-manager] Downloaded 2.76 GiB/4.85 GiB at 954.27 kiB/s
2025-11-10 14:43:40.083    app     info:    [server-manager] Downloaded 2.76 GiB/4.85 GiB at 1.05 MiB/s
2025-11-10 14:43:41.113    app     info:    [server-manager] Downloaded 2.76 GiB/4.85 GiB at 409.45 kiB/s
2025-11-10 14:43:42.121    app     info:    [server-manager] Downloaded 2.76 GiB/4.85 GiB at 919.16 kiB/s
2025-11-10 14:43:43.169    app     info:    [server-manager] Downloaded 2.76 GiB/4.85 GiB at 886.61 kiB/s
2025-11-10 14:43:44.231    app     info:    [server-manager] Downloaded 2.76 GiB/4.85 GiB at 894.76 kiB/s
2025-11-10 14:43:45.241    app     info:    [server-manager] Downloaded 2.76 GiB/4.85 GiB at 784.91 kiB/s
2025-11-10 14:43:46.276    app     info:    [server-manager] Downloaded 2.76 GiB/4.85 GiB at 877.13 kiB/s
2025-11-10 14:43:47.369    app     info:    [server-manager] Downloaded 2.76 GiB/4.85 GiB at 874.78 kiB/s
2025-11-10 14:43:48.410    app     info:    [server-manager] Downloaded 2.77 GiB/4.85 GiB at 950.99 kiB/s
2025-11-10 14:43:49.477    app     info:    [server-manager] Downloaded 2.77 GiB/4.85 GiB at 808.97 kiB/s
2025-11-10 14:43:50.548    app     info:    [server-manager] Downloaded 2.77 GiB/4.85 GiB at 961.06 kiB/s
2025-11-10 14:43:51.615    app     info:    [server-manager] Downloaded 2.77 GiB/4.85 GiB at 770.71 kiB/s
2025-11-10 14:43:52.644    app     info:    [server-manager] Downloaded 2.77 GiB/4.85 GiB at 877.63 kiB/s
2025-11-10 14:43:53.669    app     info:    [server-manager] Downloaded 2.77 GiB/4.85 GiB at 902.72 kiB/s
2025-11-10 14:43:54.678    app     info:    [server-manager] Downloaded 2.77 GiB/4.85 GiB at 917.00 kiB/s
2025-11-10 14:43:55.713    app     info:    [server-manager] Downloaded 2.77 GiB/4.85 GiB at 950.50 kiB/s
2025-11-10 14:43:56.746    app     info:    [server-manager] Downloaded 2.77 GiB/4.85 GiB at 937.50 kiB/s
2025-11-10 14:43:57.767    app     info:    [server-manager] Downloaded 2.77 GiB/4.85 GiB at 412.70 kiB/s
2025-11-10 14:43:58.801    app     info:    [server-manager] Downloaded 2.77 GiB/4.85 GiB at 926.15 kiB/s
2025-11-10 14:43:59.848    app     info:    [server-manager] Downloaded 2.78 GiB/4.85 GiB at 824.43 kiB/s
2025-11-10 14:44:00.875    app     info:    [server-manager] Downloaded 2.78 GiB/4.85 GiB at 894.21 kiB/s
2025-11-10 14:44:01.892    app     info:    [server-manager] Downloaded 2.78 GiB/4.85 GiB at 1.01 MiB/s
2025-11-10 14:44:02.940    app     info:    [server-manager] Downloaded 2.78 GiB/4.85 GiB at 1,006.83 kiB/s
2025-11-10 14:44:03.964    app     info:    [server-manager] Downloaded 2.78 GiB/4.85 GiB at 1,019.31 kiB/s
2025-11-10 14:44:04.995    app     info:    [server-manager] Downloaded 2.78 GiB/4.85 GiB at 833.72 kiB/s
2025-11-10 14:44:06.051    app     info:    [server-manager] Downloaded 2.78 GiB/4.85 GiB at 952.38 kiB/s
2025-11-10 14:44:07.056    app     info:    [server-manager] Downloaded 2.78 GiB/4.85 GiB at 1,003.92 kiB/s
2025-11-10 14:44:08.079    app     info:    [server-manager] Downloaded 2.78 GiB/4.85 GiB at 853.75 kiB/s
2025-11-10 14:44:09.145    app     info:    [server-manager] Downloaded 2.78 GiB/4.85 GiB at 1.28 MiB/s
2025-11-10 14:44:10.161    app     info:    [server-manager] Downloaded 2.78 GiB/4.85 GiB at 942.58 kiB/s
2025-11-10 14:44:11.199    app     info:    [server-manager] Downloaded 2.79 GiB/4.85 GiB at 837.74 kiB/s
2025-11-10 14:44:12.247    app     info:    [server-manager] Downloaded 2.79 GiB/4.85 GiB at 873.82 kiB/s
2025-11-10 14:44:13.264    app     info:    [server-manager] Downloaded 2.79 GiB/4.85 GiB at 1,019.92 kiB/s
2025-11-10 14:44:14.296    app     info:    [server-manager] Downloaded 2.79 GiB/4.85 GiB at 751.47 kiB/s
2025-11-10 14:44:15.368    app     info:    [server-manager] Downloaded 2.79 GiB/4.85 GiB at 873.82 kiB/s
2025-11-10 14:44:16.427    app     info:    [server-manager] Downloaded 2.79 GiB/4.85 GiB at 888.89 kiB/s
2025-11-10 14:44:17.453    app     info:    [server-manager] Downloaded 2.79 GiB/4.85 GiB at 1.33 MiB/s
2025-11-10 14:44:18.478    app     info:    [server-manager] Downloaded 2.79 GiB/4.85 GiB at 883.63 kiB/s
2025-11-10 14:44:19.514    app     info:    [server-manager] Downloaded 2.79 GiB/4.85 GiB at 850.48 kiB/s
2025-11-10 14:44:20.539    app     info:    [server-manager] Downloaded 2.79 GiB/4.85 GiB at 610.94 kiB/s
2025-11-10 14:44:21.633    app     info:    [server-manager] Downloaded 2.79 GiB/4.85 GiB at 913.49 kiB/s
2025-11-10 14:44:22.662    app     info:    [server-manager] Downloaded 2.79 GiB/4.85 GiB at 1.04 MiB/s
2025-11-10 14:44:23.677    app     info:    [server-manager] Downloaded 2.80 GiB/4.85 GiB at 478.09 kiB/s
2025-11-10 14:44:24.716    app     info:    [server-manager] Downloaded 2.80 GiB/4.85 GiB at 916.82 kiB/s
2025-11-10 14:44:25.767    app     info:    [server-manager] Downloaded 2.80 GiB/4.85 GiB at 1.41 MiB/s
2025-11-10 14:44:26.799    app     info:    [server-manager] Downloaded 2.80 GiB/4.85 GiB at 955.12 kiB/s
2025-11-10 14:44:27.842    app     info:    [server-manager] Downloaded 2.80 GiB/4.85 GiB at 507.94 kiB/s
2025-11-10 14:44:28.888    app     info:    [server-manager] Downloaded 2.80 GiB/4.85 GiB at 1.06 MiB/s
2025-11-10 14:44:29.893    app     info:    [server-manager] Downloaded 2.80 GiB/4.85 GiB at 1.18 MiB/s
2025-11-10 14:44:30.913    app     info:    [server-manager] Downloaded 2.80 GiB/4.85 GiB at 957.53 kiB/s
2025-11-10 14:44:31.966    app     info:    [server-manager] Downloaded 2.80 GiB/4.85 GiB at 979.68 kiB/s
2025-11-10 14:44:33.028    app     info:    [server-manager] Downloaded 2.80 GiB/4.85 GiB at 412.70 kiB/s
2025-11-10 14:44:34.078    app     info:    [server-manager] Downloaded 2.80 GiB/4.85 GiB at 856.60 kiB/s
2025-11-10 14:44:35.088    app     info:    [server-manager] Downloaded 2.81 GiB/4.85 GiB at 1.37 MiB/s
2025-11-10 14:44:36.109    app     info:    [server-manager] Downloaded 2.81 GiB/4.85 GiB at 866.54 kiB/s
2025-11-10 14:44:37.119    app     info:    [server-manager] Downloaded 2.81 GiB/4.85 GiB at 871.60 kiB/s
2025-11-10 14:44:38.145    app     info:    [server-manager] Downloaded 2.81 GiB/4.85 GiB at 540.76 kiB/s
2025-11-10 14:44:39.193    app     info:    [server-manager] Downloaded 2.81 GiB/4.85 GiB at 964.22 kiB/s
2025-11-10 14:44:40.233    app     info:    [server-manager] Downloaded 2.81 GiB/4.85 GiB at 927.54 kiB/s
2025-11-10 14:44:41.307    app     info:    [server-manager] Downloaded 2.81 GiB/4.85 GiB at 541.89 kiB/s
2025-11-10 14:44:42.377    app     info:    [server-manager] Downloaded 2.81 GiB/4.85 GiB at 787.35 kiB/s
2025-11-10 14:44:43.459    app     info:    [server-manager] Downloaded 2.81 GiB/4.85 GiB at 922.47 kiB/s
2025-11-10 14:44:44.549    app     info:    [server-manager] Downloaded 2.81 GiB/4.85 GiB at 874.32 kiB/s
2025-11-10 14:44:45.580    app     info:    [server-manager] Downloaded 2.81 GiB/4.85 GiB at 540.76 kiB/s
2025-11-10 14:44:46.634    app     info:    [server-manager] Downloaded 2.82 GiB/4.85 GiB at 901.82 kiB/s
2025-11-10 14:44:47.676    app     info:    [server-manager] Downloaded 2.82 GiB/4.85 GiB at 510.98 kiB/s
2025-11-10 14:44:48.701    app     info:    [server-manager] Downloaded 2.82 GiB/4.85 GiB at 713.01 kiB/s
2025-11-10 14:44:49.777    app     info:    [server-manager] Downloaded 2.82 GiB/4.85 GiB at 895.52 kiB/s
2025-11-10 14:44:50.797    app     info:    [server-manager] Downloaded 2.82 GiB/4.85 GiB at 945.69 kiB/s
2025-11-10 14:44:51.828    app     info:    [server-manager] Downloaded 2.82 GiB/4.85 GiB at 507.94 kiB/s
2025-11-10 14:44:52.860    app     info:    [server-manager] Downloaded 2.82 GiB/4.85 GiB at 784.91 kiB/s
2025-11-10 14:44:53.928    app     info:    [server-manager] Downloaded 2.82 GiB/4.85 GiB at 849.56 kiB/s
2025-11-10 14:44:54.955    app     info:    [server-manager] Downloaded 2.82 GiB/4.85 GiB at 964.66 kiB/s
2025-11-10 14:44:55.973    app     info:    [server-manager] Downloaded 2.82 GiB/4.85 GiB at 913.22 kiB/s
2025-11-10 14:44:56.996    app     info:    [server-manager] Downloaded 2.82 GiB/4.85 GiB at 553.73 kiB/s
2025-11-10 14:44:58.044    app     info:    [server-manager] Downloaded 2.82 GiB/4.85 GiB at 590.29 kiB/s
2025-11-10 14:44:59.083    app     info:    [server-manager] Downloaded 2.82 GiB/4.85 GiB at 768.39 kiB/s
2025-11-10 14:45:00.134    app     info:    [server-manager] Downloaded 2.83 GiB/4.85 GiB at 482.11 kiB/s
2025-11-10 14:45:01.189    app     info:    [server-manager] Downloaded 2.83 GiB/4.85 GiB at 586.87 kiB/s
2025-11-10 14:45:02.203    app     info:    [server-manager] Downloaded 2.83 GiB/4.85 GiB at 635.16 kiB/s
2025-11-10 14:45:03.262    app     info:    [server-manager] Downloaded 2.83 GiB/4.85 GiB at 373.69 kiB/s
2025-11-10 14:45:04.304    app     info:    [server-manager] Downloaded 2.83 GiB/4.85 GiB at 286.28 kiB/s
2025-11-10 14:45:05.318    app     info:    [server-manager] Downloaded 2.83 GiB/4.85 GiB at 761.90 kiB/s
2025-11-10 14:45:06.339    app     info:    [server-manager] Downloaded 2.83 GiB/4.85 GiB at 497.09 kiB/s
2025-11-10 14:45:07.387    app     info:    [server-manager] Downloaded 2.83 GiB/4.85 GiB at 434.95 kiB/s
2025-11-10 14:45:08.446    app     info:    [server-manager] Downloaded 2.83 GiB/4.85 GiB at 535.43 kiB/s
2025-11-10 14:45:09.481    app     info:    [server-manager] Downloaded 2.83 GiB/4.85 GiB at 701.20 kiB/s
2025-11-10 14:45:10.514    app     info:    [server-manager] Downloaded 2.83 GiB/4.85 GiB at 432.43 kiB/s
2025-11-10 14:45:11.529    app     info:    [server-manager] Downloaded 2.83 GiB/4.85 GiB at 590.29 kiB/s
2025-11-10 14:45:12.593    app     info:    [server-manager] Downloaded 2.83 GiB/4.85 GiB at 558.14 kiB/s
2025-11-10 14:45:13.636    app     info:    [server-manager] Downloaded 2.83 GiB/4.85 GiB at 896.93 kiB/s
2025-11-10 14:45:14.701    app     info:    [server-manager] Downloaded 2.83 GiB/4.85 GiB at 954.27 kiB/s
2025-11-10 14:45:15.758    app     info:    [server-manager] Downloaded 2.83 GiB/4.85 GiB at 749.06 kiB/s
2025-11-10 14:45:16.782    app     info:    [server-manager] Downloaded 2.83 GiB/4.85 GiB at 1,003.80 kiB/s
2025-11-10 14:45:17.826    app     info:    [server-manager] Downloaded 2.84 GiB/4.85 GiB at 968.94 kiB/s
2025-11-10 14:45:18.891    app     info:    [server-manager] Downloaded 2.84 GiB/4.85 GiB at 854.09 kiB/s
2025-11-10 14:45:19.899    app     info:    [server-manager] Downloaded 2.84 GiB/4.85 GiB at 443.56 kiB/s
2025-11-10 14:45:20.934    app     info:    [server-manager] Downloaded 2.84 GiB/4.85 GiB at 933.85 kiB/s
2025-11-10 14:45:21.962    app     info:    [server-manager] Downloaded 2.84 GiB/4.85 GiB at 801.54 kiB/s
2025-11-10 14:45:22.983    app     info:    [server-manager] Downloaded 2.84 GiB/4.85 GiB at 1.36 MiB/s
2025-11-10 14:45:24.036    app     info:    [server-manager] Downloaded 2.84 GiB/4.85 GiB at 840.47 kiB/s
2025-11-10 14:45:25.116    app     info:    [server-manager] Downloaded 2.84 GiB/4.85 GiB at 1.02 MiB/s
2025-11-10 14:45:26.173    app     info:    [server-manager] Downloaded 2.84 GiB/4.85 GiB at 810.51 kiB/s
2025-11-10 14:45:27.201    app     info:    [server-manager] Downloaded 2.84 GiB/4.85 GiB at 501.96 kiB/s
2025-11-10 14:45:28.237    app     info:    [server-manager] Downloaded 2.84 GiB/4.85 GiB at 864.00 kiB/s
2025-11-10 14:45:29.266    app     info:    [server-manager] Downloaded 2.85 GiB/4.85 GiB at 1.03 MiB/s
2025-11-10 14:45:30.298    app     info:    [server-manager] Downloaded 2.85 GiB/4.85 GiB at 961.75 kiB/s
2025-11-10 14:45:31.373    app     info:    [server-manager] Downloaded 2.85 GiB/4.85 GiB at 670.31 kiB/s
2025-11-10 14:45:32.407    app     info:    [server-manager] Downloaded 2.85 GiB/4.85 GiB at 734.27 kiB/s
2025-11-10 14:45:33.426    app     info:    [server-manager] Downloaded 2.85 GiB/4.85 GiB at 757.40 kiB/s
2025-11-10 14:45:34.501    app     info:    [server-manager] Downloaded 2.85 GiB/4.85 GiB at 701.03 kiB/s
2025-11-10 14:45:35.566    app     info:    [server-manager] Downloaded 2.85 GiB/4.85 GiB at 321.17 kiB/s
2025-11-10 14:45:36.683    app     info:    [server-manager] Downloaded 2.85 GiB/4.85 GiB at 669.09 kiB/s
2025-11-10 14:45:37.721    app     info:    [server-manager] Downloaded 2.85 GiB/4.85 GiB at 689.89 kiB/s
2025-11-10 14:45:38.741    app     info:    [server-manager] Downloaded 2.85 GiB/4.85 GiB at 641.22 kiB/s
2025-11-10 14:45:39.789    app     info:    [server-manager] Downloaded 2.85 GiB/4.85 GiB at 661.42 kiB/s
2025-11-10 14:45:40.807    app     info:    [server-manager] Downloaded 2.85 GiB/4.85 GiB at 730.10 kiB/s
2025-11-10 14:45:41.834    app     info:    [server-manager] Downloaded 2.85 GiB/4.85 GiB at 638.78 kiB/s
2025-11-10 14:45:42.892    app     info:    [server-manager] Downloaded 2.85 GiB/4.85 GiB at 444.44 kiB/s
2025-11-10 14:45:43.955    app     info:    [server-manager] Downloaded 2.85 GiB/4.85 GiB at 438.36 kiB/s
2025-11-10 14:45:44.978    app     info:    [server-manager] Downloaded 2.85 GiB/4.85 GiB at 368.52 kiB/s
2025-11-10 14:45:46.021    app     info:    [server-manager] Downloaded 2.86 GiB/4.85 GiB at 739.88 kiB/s
2025-11-10 14:45:47.047    app     info:    [server-manager] Downloaded 2.86 GiB/4.85 GiB at 468.16 kiB/s
2025-11-10 14:45:48.150    app     info:    [server-manager] Downloaded 2.86 GiB/4.85 GiB at 570.30 kiB/s
2025-11-10 14:45:49.235    app     info:    [server-manager] Downloaded 2.86 GiB/4.85 GiB at 845.40 kiB/s
2025-11-10 14:45:50.239    app     info:    [server-manager] Downloaded 2.86 GiB/4.85 GiB at 458.02 kiB/s
2025-11-10 14:45:51.320    app     info:    [server-manager] Downloaded 2.86 GiB/4.85 GiB at 690.39 kiB/s
2025-11-10 14:45:52.358    app     info:    [server-manager] Downloaded 2.86 GiB/4.85 GiB at 642.45 kiB/s
2025-11-10 14:45:53.372    app     info:    [server-manager] Downloaded 2.86 GiB/4.85 GiB at 512.00 kiB/s
2025-11-10 14:45:54.426    app     info:    [server-manager] Downloaded 2.86 GiB/4.85 GiB at 589.15 kiB/s
2025-11-10 14:45:55.458    app     info:    [server-manager] Downloaded 2.86 GiB/4.85 GiB at 715.56 kiB/s
2025-11-10 14:45:56.584    app     info:    [server-manager] Downloaded 2.86 GiB/4.85 GiB at 767.75 kiB/s
2025-11-10 14:45:57.650    app     info:    [server-manager] Downloaded 2.86 GiB/4.85 GiB at 623.78 kiB/s
2025-11-10 14:45:58.711    app     info:    [server-manager] Downloaded 2.86 GiB/4.85 GiB at 427.45 kiB/s
2025-11-10 14:45:59.769    app     info:    [server-manager] Downloaded 2.86 GiB/4.85 GiB at 373.54 kiB/s
2025-11-10 14:46:00.814    app     info:    [server-manager] Downloaded 2.86 GiB/4.85 GiB at 732.67 kiB/s
2025-11-10 14:46:01.834    app     info:    [server-manager] Downloaded 2.86 GiB/4.85 GiB at 796.93 kiB/s
2025-11-10 14:46:02.865    app     info:    [server-manager] Downloaded 2.86 GiB/4.85 GiB at 782.44 kiB/s
2025-11-10 14:46:03.897    app     info:    [server-manager] Downloaded 2.86 GiB/4.85 GiB at 448.00 kiB/s
2025-11-10 14:46:04.899    app     info:    [server-manager] Downloaded 2.87 GiB/4.85 GiB at 542.91 kiB/s
2025-11-10 14:46:05.927    app     info:    [server-manager] Downloaded 2.87 GiB/4.85 GiB at 500.00 kiB/s
2025-11-10 14:46:06.960    app     info:    [server-manager] Downloaded 2.87 GiB/4.85 GiB at 425.32 kiB/s
2025-11-10 14:46:07.973    app     info:    [server-manager] Downloaded 2.87 GiB/4.85 GiB at 685.29 kiB/s
2025-11-10 14:46:09.018    app     info:    [server-manager] Downloaded 2.87 GiB/4.85 GiB at 159.68 kiB/s
2025-11-10 14:46:10.029    app     info:    [server-manager] Downloaded 2.87 GiB/4.85 GiB at 699.80 kiB/s
2025-11-10 14:46:11.049    app     info:    [server-manager] Downloaded 2.87 GiB/4.85 GiB at 860.56 kiB/s
2025-11-10 14:46:12.089    app     info:    [server-manager] Downloaded 2.87 GiB/4.85 GiB at 961.75 kiB/s
2025-11-10 14:46:13.180    app     info:    [server-manager] Downloaded 2.87 GiB/4.85 GiB at 618.96 kiB/s
2025-11-10 14:46:14.220    app     info:    [server-manager] Downloaded 2.87 GiB/4.85 GiB at 881.89 kiB/s
2025-11-10 14:46:15.268    app     info:    [server-manager] Downloaded 2.87 GiB/4.85 GiB at 818.18 kiB/s
2025-11-10 14:46:16.269    app     info:    [server-manager] Downloaded 2.87 GiB/4.85 GiB at 926.15 kiB/s
2025-11-10 14:46:17.294    app     info:    [server-manager] Downloaded 2.87 GiB/4.85 GiB at 403.10 kiB/s
2025-11-10 14:46:18.325    app     info:    [server-manager] Downloaded 2.87 GiB/4.85 GiB at 856.10 kiB/s
2025-11-10 14:46:19.348    app     info:    [server-manager] Downloaded 2.88 GiB/4.85 GiB at 857.14 kiB/s
2025-11-10 14:46:20.372    app     info:    [server-manager] Downloaded 2.88 GiB/4.85 GiB at 685.26 kiB/s
2025-11-10 14:46:21.389    app     info:    [server-manager] Downloaded 2.88 GiB/4.85 GiB at 779.73 kiB/s
2025-11-10 14:46:22.438    app     info:    [server-manager] Downloaded 2.88 GiB/4.85 GiB at 670.68 kiB/s
2025-11-10 14:46:23.469    app     info:    [server-manager] Downloaded 2.88 GiB/4.85 GiB at 825.12 kiB/s
2025-11-10 14:46:24.523    app     info:    [server-manager] Downloaded 2.88 GiB/4.85 GiB at 864.06 kiB/s
2025-11-10 14:46:25.585    app     info:    [server-manager] Downloaded 2.88 GiB/4.85 GiB at 928.43 kiB/s
2025-11-10 14:46:26.606    app     info:    [server-manager] Downloaded 2.88 GiB/4.85 GiB at 951.56 kiB/s
2025-11-10 14:46:27.632    app     info:    [server-manager] Downloaded 2.88 GiB/4.85 GiB at 1.38 MiB/s
2025-11-10 14:46:28.637    app     info:    [server-manager] Downloaded 2.88 GiB/4.85 GiB at 807.59 kiB/s
2025-11-10 14:46:29.671    app     info:    [server-manager] Downloaded 2.88 GiB/4.85 GiB at 1.07 MiB/s
2025-11-10 14:46:30.675    app     info:    [server-manager] Downloaded 2.88 GiB/4.85 GiB at 316.21 kiB/s
2025-11-10 14:46:31.693    app     info:    [server-manager] Downloaded 2.89 GiB/4.85 GiB at 822.13 kiB/s
2025-11-10 14:46:32.712    app     info:    [server-manager] Downloaded 2.89 GiB/4.85 GiB at 977.10 kiB/s
2025-11-10 14:46:33.729    app     info:    [server-manager] Downloaded 2.89 GiB/4.85 GiB at 1,000.80 kiB/s
2025-11-10 14:46:34.796    app     info:    [server-manager] Downloaded 2.89 GiB/4.85 GiB at 614.23 kiB/s
2025-11-10 14:46:35.829    app     info:    [server-manager] Downloaded 2.89 GiB/4.85 GiB at 798.40 kiB/s
2025-11-10 14:46:36.827    app     info:    [server-manager] Downloaded 2.89 GiB/4.85 GiB at 1.03 MiB/s
2025-11-10 14:46:37.831    app     info:    [server-manager] Downloaded 2.89 GiB/4.85 GiB at 646.15 kiB/s
2025-11-10 14:46:38.917    app     info:    [server-manager] Downloaded 2.89 GiB/4.85 GiB at 1.38 MiB/s
2025-11-10 14:46:39.927    app     info:    [server-manager] Downloaded 2.89 GiB/4.85 GiB at 1.14 MiB/s
2025-11-10 14:46:40.944    app     info:    [server-manager] Downloaded 2.89 GiB/4.85 GiB at 831.22 kiB/s
2025-11-10 14:46:41.952    app     info:    [server-manager] Downloaded 2.89 GiB/4.85 GiB at 512.00 kiB/s
2025-11-10 14:46:42.986    app     info:    [server-manager] Downloaded 2.89 GiB/4.85 GiB at 393.94 kiB/s
2025-11-10 14:46:44.044    app     info:    [server-manager] Downloaded 2.89 GiB/4.85 GiB at 734.23 kiB/s
2025-11-10 14:46:45.066    app     info:    [server-manager] Downloaded 2.90 GiB/4.85 GiB at 733.07 kiB/s
2025-11-10 14:46:46.085    app     info:    [server-manager] Downloaded 2.90 GiB/4.85 GiB at 1.07 MiB/s
2025-11-10 14:46:47.116    app     info:    [server-manager] Downloaded 2.90 GiB/4.85 GiB at 191.62 kiB/s
2025-11-10 14:46:48.140    app     info:    [server-manager] Downloaded 2.90 GiB/4.85 GiB at 820.51 kiB/s
2025-11-10 14:46:49.157    app     info:    [server-manager] Downloaded 2.90 GiB/4.85 GiB at 757.40 kiB/s
2025-11-10 14:46:50.177    app     info:    [server-manager] Downloaded 2.90 GiB/4.85 GiB at 752.94 kiB/s
2025-11-10 14:46:51.206    app     info:    [server-manager] Downloaded 2.90 GiB/4.85 GiB at 793.89 kiB/s
2025-11-10 14:46:52.246    app     info:    [server-manager] Downloaded 2.90 GiB/4.85 GiB at 780.49 kiB/s
2025-11-10 14:46:53.328    app     info:    [server-manager] Downloaded 2.90 GiB/4.85 GiB at 541.35 kiB/s
2025-11-10 14:46:54.358    app     info:    [server-manager] Downloaded 2.90 GiB/4.85 GiB at 317.46 kiB/s
2025-11-10 14:46:55.385    app     info:    [server-manager] Downloaded 2.90 GiB/4.85 GiB at 761.61 kiB/s
2025-11-10 14:46:56.417    app     info:    [server-manager] Downloaded 2.90 GiB/4.85 GiB at 756.80 kiB/s
2025-11-10 14:46:57.432    app     info:    [server-manager] Downloaded 2.90 GiB/4.85 GiB at 807.77 kiB/s
2025-11-10 14:46:58.492    app     info:    [server-manager] Downloaded 2.91 GiB/4.85 GiB at 728.71 kiB/s
2025-11-10 14:46:59.547    app     info:    [server-manager] Downloaded 2.91 GiB/4.85 GiB at 557.80 kiB/s
2025-11-10 14:47:00.550    app     info:    [server-manager] Downloaded 2.91 GiB/4.85 GiB at 873.29 kiB/s
2025-11-10 14:47:01.587    app     info:    [server-manager] Downloaded 2.91 GiB/4.85 GiB at 718.63 kiB/s
2025-11-10 14:47:02.627    app     info:    [server-manager] Downloaded 2.91 GiB/4.85 GiB at 712.43 kiB/s
2025-11-10 14:47:03.717    app     info:    [server-manager] Downloaded 2.91 GiB/4.85 GiB at 851.71 kiB/s
2025-11-10 14:47:04.752    app     info:    [server-manager] Downloaded 2.91 GiB/4.85 GiB at 734.53 kiB/s
2025-11-10 14:47:05.798    app     info:    [server-manager] Downloaded 2.91 GiB/4.85 GiB at 1.02 MiB/s
2025-11-10 14:47:06.826    app     info:    [server-manager] Downloaded 2.91 GiB/4.85 GiB at 928.00 kiB/s
2025-11-10 14:47:07.888    app     info:    [server-manager] Downloaded 2.91 GiB/4.85 GiB at 1.25 MiB/s
2025-11-10 14:47:08.906    app     info:    [server-manager] Downloaded 2.91 GiB/4.85 GiB at 961.24 kiB/s
2025-11-10 14:47:09.939    app     info:    [server-manager] Downloaded 2.91 GiB/4.85 GiB at 192.00 kiB/s
2025-11-10 14:47:10.960    app     info:    [server-manager] Downloaded 2.91 GiB/4.85 GiB at 829.63 kiB/s
2025-11-10 14:47:12.019    app     info:    [server-manager] Downloaded 2.91 GiB/4.85 GiB at 798.46 kiB/s
2025-11-10 14:47:13.059    app     info:    [server-manager] Downloaded 2.92 GiB/4.85 GiB at 880.16 kiB/s
2025-11-10 14:47:14.078    app     info:    [server-manager] Downloaded 2.92 GiB/4.85 GiB at 950.50 kiB/s
2025-11-10 14:47:15.108    app     info:    [server-manager] Downloaded 2.92 GiB/4.85 GiB at 709.06 kiB/s
2025-11-10 14:47:16.144    app     info:    [server-manager] Downloaded 2.92 GiB/4.85 GiB at 742.75 kiB/s
2025-11-10 14:47:17.203    app     info:    [server-manager] Downloaded 2.92 GiB/4.85 GiB at 908.02 kiB/s
2025-11-10 14:47:18.254    app     info:    [server-manager] Downloaded 2.92 GiB/4.85 GiB at 847.93 kiB/s
2025-11-10 14:47:19.294    app     info:    [server-manager] Downloaded 2.92 GiB/4.85 GiB at 832.00 kiB/s
2025-11-10 14:47:20.336    app     info:    [server-manager] Downloaded 2.92 GiB/4.85 GiB at 551.07 kiB/s
2025-11-10 14:47:21.387    app     info:    [server-manager] Downloaded 2.92 GiB/4.85 GiB at 555.76 kiB/s
2025-11-10 14:47:22.440    app     info:    [server-manager] Downloaded 2.92 GiB/4.85 GiB at 498.05 kiB/s
2025-11-10 14:47:23.522    app     info:    [server-manager] Downloaded 2.92 GiB/4.85 GiB at 509.36 kiB/s
2025-11-10 14:47:24.557    app     info:    [server-manager] Downloaded 2.92 GiB/4.85 GiB at 413.28 kiB/s
2025-11-10 14:47:25.640    app     info:    [server-manager] Downloaded 2.92 GiB/4.85 GiB at 652.43 kiB/s
2025-11-10 14:47:26.684    app     info:    [server-manager] Downloaded 2.92 GiB/4.85 GiB at 649.90 kiB/s
2025-11-10 14:47:27.749    app     info:    [server-manager] Downloaded 2.92 GiB/4.85 GiB at 708.49 kiB/s
2025-11-10 14:47:28.832    app     info:    [server-manager] Downloaded 2.93 GiB/4.85 GiB at 539.68 kiB/s
2025-11-10 14:47:29.907    app     info:    [server-manager] Downloaded 2.93 GiB/4.85 GiB at 371.37 kiB/s
2025-11-10 14:47:30.910    app     info:    [server-manager] Downloaded 2.93 GiB/4.85 GiB at 636.18 kiB/s
2025-11-10 14:47:31.936    app     info:    [server-manager] Downloaded 2.93 GiB/4.85 GiB at 656.25 kiB/s
2025-11-10 14:47:32.957    app     info:    [server-manager] Downloaded 2.93 GiB/4.85 GiB at 727.27 kiB/s
2025-11-10 14:47:34.028    app     info:    [server-manager] Downloaded 2.93 GiB/4.85 GiB at 585.74 kiB/s
2025-11-10 14:47:35.076    app     info:    [server-manager] Downloaded 2.93 GiB/4.85 GiB at 452.83 kiB/s
2025-11-10 14:47:36.142    app     info:    [server-manager] Downloaded 2.93 GiB/4.85 GiB at 625.91 kiB/s
2025-11-10 14:47:37.188    app     info:    [server-manager] Downloaded 2.93 GiB/4.85 GiB at 646.15 kiB/s
2025-11-10 14:47:38.219    app     info:    [server-manager] Downloaded 2.93 GiB/4.85 GiB at 629.92 kiB/s
2025-11-10 14:47:39.244    app     info:    [server-manager] Downloaded 2.93 GiB/4.85 GiB at 800.00 kiB/s
2025-11-10 14:47:40.280    app     info:    [server-manager] Downloaded 2.93 GiB/4.85 GiB at 749.38 kiB/s
2025-11-10 14:47:41.325    app     info:    [server-manager] Downloaded 2.93 GiB/4.85 GiB at 885.61 kiB/s
2025-11-10 14:47:42.371    app     info:    [server-manager] Downloaded 2.93 GiB/4.85 GiB at 611.85 kiB/s
2025-11-10 14:47:43.412    app     info:    [server-manager] Downloaded 2.93 GiB/4.85 GiB at 883.63 kiB/s
2025-11-10 14:47:44.462    app     info:    [server-manager] Downloaded 2.94 GiB/4.85 GiB at 581.26 kiB/s
2025-11-10 14:47:45.486    app     info:    [server-manager] Downloaded 2.94 GiB/4.85 GiB at 434.95 kiB/s
2025-11-10 14:47:46.546    app     info:    [server-manager] Downloaded 2.94 GiB/4.85 GiB at 250.98 kiB/s
2025-11-10 14:47:47.582    app     info:    [server-manager] Downloaded 2.94 GiB/4.85 GiB at 128.00 kiB/s
2025-11-10 14:47:48.651    app     info:    [server-manager] Downloaded 2.94 GiB/4.85 GiB at 691.73 kiB/s
2025-11-10 14:47:49.658    app     info:    [server-manager] Downloaded 2.94 GiB/4.85 GiB at 684.82 kiB/s
2025-11-10 14:47:50.693    app     info:    [server-manager] Downloaded 2.94 GiB/4.85 GiB at 704.98 kiB/s
2025-11-10 14:47:51.743    app     info:    [server-manager] Downloaded 2.94 GiB/4.85 GiB at 704.00 kiB/s
2025-11-10 14:47:52.811    app     info:    [server-manager] Downloaded 2.94 GiB/4.85 GiB at 804.64 kiB/s
2025-11-10 14:47:53.859    app     info:    [server-manager] Downloaded 2.94 GiB/4.85 GiB at 718.13 kiB/s
2025-11-10 14:47:54.878    app     info:    [server-manager] Downloaded 2.94 GiB/4.85 GiB at 768.95 kiB/s
2025-11-10 14:47:55.929    app     info:    [server-manager] Downloaded 2.94 GiB/4.85 GiB at 596.08 kiB/s
2025-11-10 14:47:56.941    app     info:    [server-manager] Downloaded 2.94 GiB/4.85 GiB at 703.63 kiB/s
2025-11-10 14:47:57.963    app     info:    [server-manager] Downloaded 2.94 GiB/4.85 GiB at 659.18 kiB/s
2025-11-10 14:47:59.047    app     info:    [server-manager] Downloaded 2.94 GiB/4.85 GiB at 465.12 kiB/s
2025-11-10 14:48:00.076    app     info:    [server-manager] Downloaded 2.95 GiB/4.85 GiB at 753.91 kiB/s
2025-11-10 14:48:01.101    app     info:    [server-manager] Downloaded 2.95 GiB/4.85 GiB at 1.17 MiB/s
2025-11-10 14:48:02.123    app     info:    [server-manager] Downloaded 2.95 GiB/4.85 GiB at 862.28 kiB/s
2025-11-10 14:48:03.159    app     info:    [server-manager] Downloaded 2.95 GiB/4.85 GiB at 291.44 kiB/s
2025-11-10 14:48:04.242    app     info:    [server-manager] Downloaded 2.95 GiB/4.85 GiB at 399.23 kiB/s
2025-11-10 14:48:05.272    app     info:    [server-manager] Downloaded 2.95 GiB/4.85 GiB at 572.56 kiB/s
2025-11-10 14:48:06.280    app     info:    [server-manager] Downloaded 2.95 GiB/4.85 GiB at 494.79 kiB/s
2025-11-10 14:48:07.327    app     info:    [server-manager] Downloaded 2.95 GiB/4.85 GiB at 810.14 kiB/s
2025-11-10 14:48:08.341    app     info:    [server-manager] Downloaded 2.95 GiB/4.85 GiB at 345.10 kiB/s
2025-11-10 14:48:09.370    app     info:    [server-manager] Downloaded 2.95 GiB/4.85 GiB at 647.06 kiB/s
2025-11-10 14:48:10.429    app     info:    [server-manager] Downloaded 2.95 GiB/4.85 GiB at 612.02 kiB/s
2025-11-10 14:48:11.489    app     info:    [server-manager] Downloaded 2.95 GiB/4.85 GiB at 958.22 kiB/s
2025-11-10 14:48:12.493    app     info:    [server-manager] Downloaded 2.95 GiB/4.85 GiB at 190.85 kiB/s
2025-11-10 14:48:13.541    app     info:    [server-manager] Downloaded 2.95 GiB/4.85 GiB at 992.00 kiB/s
2025-11-10 14:48:14.553    app     info:    [server-manager] Downloaded 2.95 GiB/4.85 GiB at 714.56 kiB/s
2025-11-10 14:48:15.606    app     info:    [server-manager] Downloaded 2.96 GiB/4.85 GiB at 876.01 kiB/s
2025-11-10 14:48:16.658    app     info:    [server-manager] Downloaded 2.96 GiB/4.85 GiB at 680.23 kiB/s
2025-11-10 14:48:17.705    app     info:    [server-manager] Downloaded 2.96 GiB/4.85 GiB at 859.88 kiB/s
2025-11-10 14:48:18.741    app     info:    [server-manager] Downloaded 2.96 GiB/4.85 GiB at 735.29 kiB/s
2025-11-10 14:48:19.806    app     info:    [server-manager] Downloaded 2.96 GiB/4.85 GiB at 803.09 kiB/s
2025-11-10 14:48:20.839    app     info:    [server-manager] Downloaded 2.96 GiB/4.85 GiB at 769.20 kiB/s
2025-11-10 14:48:21.866    app     info:    [server-manager] Downloaded 2.96 GiB/4.85 GiB at 862.28 kiB/s
2025-11-10 14:48:22.908    app     info:    [server-manager] Downloaded 2.96 GiB/4.85 GiB at 699.80 kiB/s
2025-11-10 14:48:23.935    app     info:    [server-manager] Downloaded 2.96 GiB/4.85 GiB at 807.48 kiB/s
2025-11-10 14:48:25.012    app     info:    [server-manager] Downloaded 2.96 GiB/4.85 GiB at 721.62 kiB/s
2025-11-10 14:48:26.030    app     info:    [server-manager] Downloaded 2.96 GiB/4.85 GiB at 654.80 kiB/s
2025-11-10 14:48:27.123    app     info:    [server-manager] Downloaded 2.96 GiB/4.85 GiB at 514.18 kiB/s
2025-11-10 14:48:28.154    app     info:    [server-manager] Downloaded 2.96 GiB/4.85 GiB at 791.82 kiB/s
2025-11-10 14:48:29.208    app     info:    [server-manager] Downloaded 2.97 GiB/4.85 GiB at 950.19 kiB/s
2025-11-10 14:48:30.247    app     info:    [server-manager] Downloaded 2.97 GiB/4.85 GiB at 423.27 kiB/s
2025-11-10 14:48:31.267    app     info:    [server-manager] Downloaded 2.97 GiB/4.85 GiB at 714.75 kiB/s
2025-11-10 14:48:32.285    app     info:    [server-manager] Downloaded 2.97 GiB/4.85 GiB at 755.16 kiB/s
2025-11-10 14:48:33.333    app     info:    [server-manager] Downloaded 2.97 GiB/4.85 GiB at 558.14 kiB/s
2025-11-10 14:48:34.336    app     info:    [server-manager] Downloaded 2.97 GiB/4.85 GiB at 593.24 kiB/s
2025-11-10 14:48:35.391    app     info:    [server-manager] Downloaded 2.97 GiB/4.85 GiB at 828.69 kiB/s
2025-11-10 14:48:36.414    app     info:    [server-manager] Downloaded 2.97 GiB/4.85 GiB at 469.67 kiB/s
2025-11-10 14:48:37.432    app     info:    [server-manager] Downloaded 2.97 GiB/4.85 GiB at 606.79 kiB/s
2025-11-10 14:48:38.466    app     info:    [server-manager] Downloaded 2.97 GiB/4.85 GiB at 661.65 kiB/s
2025-11-10 14:48:39.483    app     info:    [server-manager] Downloaded 2.97 GiB/4.85 GiB at 604.37 kiB/s
2025-11-10 14:48:40.516    app     info:    [server-manager] Downloaded 2.97 GiB/4.85 GiB at 697.03 kiB/s
2025-11-10 14:48:41.536    app     info:    [server-manager] Downloaded 2.97 GiB/4.85 GiB at 591.44 kiB/s
2025-11-10 14:48:42.584    app     info:    [server-manager] Downloaded 2.97 GiB/4.85 GiB at 557.06 kiB/s
2025-11-10 14:48:43.651    app     info:    [server-manager] Downloaded 2.97 GiB/4.85 GiB at 541.83 kiB/s
2025-11-10 14:48:44.680    app     info:    [server-manager] Downloaded 2.97 GiB/4.85 GiB at 482.14 kiB/s
2025-11-10 14:48:45.767    app     info:    [server-manager] Downloaded 2.98 GiB/4.85 GiB at 591.55 kiB/s
2025-11-10 14:48:46.798    app     info:    [server-manager] Downloaded 2.98 GiB/4.85 GiB at 539.68 kiB/s
2025-11-10 14:48:47.807    app     info:    [server-manager] Downloaded 2.98 GiB/4.85 GiB at 666.67 kiB/s
2025-11-10 14:48:48.845    app     info:    [server-manager] Downloaded 2.98 GiB/4.85 GiB at 466.02 kiB/s
2025-11-10 14:48:49.917    app     info:    [server-manager] Downloaded 2.98 GiB/4.85 GiB at 432.43 kiB/s
2025-11-10 14:48:50.966    app     info:    [server-manager] Downloaded 2.98 GiB/4.85 GiB at 512.00 kiB/s
2025-11-10 14:48:52.035    app     info:    [server-manager] Downloaded 2.98 GiB/4.85 GiB at 315.58 kiB/s
2025-11-10 14:48:53.068    app     info:    [server-manager] Downloaded 2.98 GiB/4.85 GiB at 371.37 kiB/s
2025-11-10 14:48:54.118    app     info:    [server-manager] Downloaded 2.98 GiB/4.85 GiB at 442.28 kiB/s
2025-11-10 14:48:55.231    app     info:    [server-manager] Downloaded 2.98 GiB/4.85 GiB at 340.43 kiB/s
2025-11-10 14:48:56.282    app     info:    [server-manager] Downloaded 2.98 GiB/4.85 GiB at 690.43 kiB/s
2025-11-10 14:48:57.360    app     info:    [server-manager] Downloaded 2.98 GiB/4.85 GiB at 737.04 kiB/s
2025-11-10 14:48:58.415    app     info:    [server-manager] Downloaded 2.98 GiB/4.85 GiB at 574.85 kiB/s
2025-11-10 14:48:59.424    app     info:    [server-manager] Downloaded 2.98 GiB/4.85 GiB at 788.95 kiB/s
2025-11-10 14:49:00.468    app     info:    [server-manager] Downloaded 2.98 GiB/4.85 GiB at 748.20 kiB/s
2025-11-10 14:49:01.516    app     info:    [server-manager] Downloaded 2.98 GiB/4.85 GiB at 381.71 kiB/s
2025-11-10 14:49:02.543    app     info:    [server-manager] Downloaded 2.98 GiB/4.85 GiB at 688.85 kiB/s
2025-11-10 14:49:03.551    app     info:    [server-manager] Downloaded 2.98 GiB/4.85 GiB at 606.79 kiB/s
2025-11-10 14:49:04.580    app     info:    [server-manager] Downloaded 2.99 GiB/4.85 GiB at 992.25 kiB/s
2025-11-10 14:49:05.609    app     info:    [server-manager] Downloaded 2.99 GiB/4.85 GiB at 815.75 kiB/s
2025-11-10 14:49:06.642    app     info:    [server-manager] Downloaded 2.99 GiB/4.85 GiB at 1.40 MiB/s
2025-11-10 14:49:07.644    app     info:    [server-manager] Downloaded 2.99 GiB/4.85 GiB at 918.41 kiB/s
2025-11-10 14:49:08.674    app     info:    [server-manager] Downloaded 2.99 GiB/4.85 GiB at 926.15 kiB/s
2025-11-10 14:49:09.701    app     info:    [server-manager] Downloaded 2.99 GiB/4.85 GiB at 900.12 kiB/s
2025-11-10 14:49:10.720    app     info:    [server-manager] Downloaded 2.99 GiB/4.85 GiB at 1.32 MiB/s
2025-11-10 14:49:11.735    app     info:    [server-manager] Downloaded 2.99 GiB/4.85 GiB at 903.50 kiB/s
2025-11-10 14:49:12.735    app     info:    [server-manager] Downloaded 2.99 GiB/4.85 GiB at 1.36 MiB/s
2025-11-10 14:49:13.749    app     info:    [server-manager] Downloaded 2.99 GiB/4.85 GiB at 896.11 kiB/s
2025-11-10 14:49:14.775    app     info:    [server-manager] Downloaded 2.99 GiB/4.85 GiB at 972.04 kiB/s
2025-11-10 14:49:15.831    app     info:    [server-manager] Downloaded 3.00 GiB/4.85 GiB at 894.03 kiB/s
2025-11-10 14:49:16.832    app     info:    [server-manager] Downloaded 3.00 GiB/4.85 GiB at 1.06 MiB/s
2025-11-10 14:49:17.858    app     info:    [server-manager] Downloaded 3.00 GiB/4.85 GiB at 1.32 MiB/s
2025-11-10 14:49:18.865    app     info:    [server-manager] Downloaded 3.00 GiB/4.85 GiB at 1,011.98 kiB/s
2025-11-10 14:49:19.904    app     info:    [server-manager] Downloaded 3.00 GiB/4.85 GiB at 478.09 kiB/s
2025-11-10 14:49:20.924    app     info:    [server-manager] Downloaded 3.00 GiB/4.85 GiB at 1.00 MiB/s
2025-11-10 14:49:21.924    app     info:    [server-manager] Downloaded 3.00 GiB/4.85 GiB at 956.18 kiB/s
2025-11-10 14:49:22.961    app     info:    [server-manager] Downloaded 3.00 GiB/4.85 GiB at 679.54 kiB/s
2025-11-10 14:49:23.991    app     info:    [server-manager] Downloaded 3.00 GiB/4.85 GiB at 446.22 kiB/s
2025-11-10 14:49:25.048    app     info:    [server-manager] Downloaded 3.00 GiB/4.85 GiB at 896.61 kiB/s
2025-11-10 14:49:26.058    app     info:    [server-manager] Downloaded 3.00 GiB/4.85 GiB at 1,007.87 kiB/s
2025-11-10 14:49:27.091    app     info:    [server-manager] Downloaded 3.00 GiB/4.85 GiB at 1.32 MiB/s
2025-11-10 14:49:28.108    app     info:    [server-manager] Downloaded 3.01 GiB/4.85 GiB at 857.58 kiB/s
2025-11-10 14:49:29.186    app     info:    [server-manager] Downloaded 3.01 GiB/4.85 GiB at 318.09 kiB/s
2025-11-10 14:49:30.197    app     info:    [server-manager] Downloaded 3.01 GiB/4.85 GiB at 857.14 kiB/s
2025-11-10 14:49:31.218    app     info:    [server-manager] Downloaded 3.01 GiB/4.85 GiB at 847.35 kiB/s
2025-11-10 14:49:32.234    app     info:    [server-manager] Downloaded 3.01 GiB/4.85 GiB at 924.30 kiB/s
2025-11-10 14:49:33.275    app     info:    [server-manager] Downloaded 3.01 GiB/4.85 GiB at 858.85 kiB/s
2025-11-10 14:49:34.302    app     info:    [server-manager] Downloaded 3.01 GiB/4.85 GiB at 909.03 kiB/s
2025-11-10 14:49:35.319    app     info:    [server-manager] Downloaded 3.01 GiB/4.85 GiB at 887.19 kiB/s
2025-11-10 14:49:36.360    app     info:    [server-manager] Downloaded 3.01 GiB/4.85 GiB at 1.02 MiB/s
2025-11-10 14:49:37.366    app     info:    [server-manager] Downloaded 3.01 GiB/4.85 GiB at 1.29 MiB/s
2025-11-10 14:49:38.398    app     info:    [server-manager] Downloaded 3.01 GiB/4.85 GiB at 755.91 kiB/s
2025-11-10 14:49:39.431    app     info:    [server-manager] Downloaded 3.01 GiB/4.85 GiB at 857.79 kiB/s
2025-11-10 14:49:40.472    app     info:    [server-manager] Downloaded 3.02 GiB/4.85 GiB at 842.11 kiB/s
2025-11-10 14:49:41.506    app     info:    [server-manager] Downloaded 3.02 GiB/4.85 GiB at 663.06 kiB/s
2025-11-10 14:49:42.581    app     info:    [server-manager] Downloaded 3.02 GiB/4.85 GiB at 510.98 kiB/s
2025-11-10 14:49:43.610    app     info:    [server-manager] Downloaded 3.02 GiB/4.85 GiB at 862.12 kiB/s
2025-11-10 14:49:44.650    app     info:    [server-manager] Downloaded 3.02 GiB/4.85 GiB at 1.30 MiB/s
2025-11-10 14:49:45.656    app     info:    [server-manager] Downloaded 3.02 GiB/4.85 GiB at 802.97 kiB/s
2025-11-10 14:49:46.734    app     info:    [server-manager] Downloaded 3.02 GiB/4.85 GiB at 910.82 kiB/s
2025-11-10 14:49:47.775    app     info:    [server-manager] Downloaded 3.02 GiB/4.85 GiB at 354.10 kiB/s
2025-11-10 14:49:48.798    app     info:    [server-manager] Downloaded 3.02 GiB/4.85 GiB at 779.73 kiB/s
2025-11-10 14:49:49.828    app     info:    [server-manager] Downloaded 3.02 GiB/4.85 GiB at 793.65 kiB/s
2025-11-10 14:49:50.841    app     info:    [server-manager] Downloaded 3.02 GiB/4.85 GiB at 825.40 kiB/s
2025-11-10 14:49:51.860    app     info:    [server-manager] Downloaded 3.02 GiB/4.85 GiB at 687.85 kiB/s
2025-11-10 14:49:52.900    app     info:    [server-manager] Downloaded 3.03 GiB/4.85 GiB at 873.29 kiB/s
2025-11-10 14:49:53.908    app     info:    [server-manager] Downloaded 3.03 GiB/4.85 GiB at 707.69 kiB/s
2025-11-10 14:49:54.942    app     info:    [server-manager] Downloaded 3.03 GiB/4.85 GiB at 823.76 kiB/s
2025-11-10 14:49:56.019    app     info:    [server-manager] Downloaded 3.03 GiB/4.85 GiB at 1.07 MiB/s
2025-11-10 14:49:57.027    app     info:    [server-manager] Downloaded 3.03 GiB/4.85 GiB at 1.25 MiB/s
2025-11-10 14:49:58.054    app     info:    [server-manager] Downloaded 3.03 GiB/4.85 GiB at 818.90 kiB/s
2025-11-10 14:49:59.083    app     info:    [server-manager] Downloaded 3.03 GiB/4.85 GiB at 778.21 kiB/s
2025-11-10 14:50:00.109    app     info:    [server-manager] Downloaded 3.03 GiB/4.85 GiB at 1.18 MiB/s
2025-11-10 14:50:01.108    app     info:    [server-manager] Downloaded 3.03 GiB/4.85 GiB at 943.03 kiB/s
2025-11-10 14:50:02.140    app     info:    [server-manager] Downloaded 3.03 GiB/4.85 GiB at 1.20 MiB/s
2025-11-10 14:50:03.148    app     info:    [server-manager] Downloaded 3.03 GiB/4.85 GiB at 906.25 kiB/s
2025-11-10 14:50:04.174    app     info:    [server-manager] Downloaded 3.03 GiB/4.85 GiB at 654.97 kiB/s
2025-11-10 14:50:05.191    app     info:    [server-manager] Downloaded 3.04 GiB/4.85 GiB at 833.98 kiB/s
2025-11-10 14:50:06.202    app     info:    [server-manager] Downloaded 3.04 GiB/4.85 GiB at 480.00 kiB/s
2025-11-10 14:50:07.234    app     info:    [server-manager] Downloaded 3.04 GiB/4.85 GiB at 852.07 kiB/s
2025-11-10 14:50:08.266    app     info:    [server-manager] Downloaded 3.04 GiB/4.85 GiB at 990.33 kiB/s
2025-11-10 14:50:09.349    app     info:    [server-manager] Downloaded 3.04 GiB/4.85 GiB at 992.25 kiB/s
2025-11-10 14:50:10.378    app     info:    [server-manager] Downloaded 3.04 GiB/4.85 GiB at 944.76 kiB/s
2025-11-10 14:50:11.435    app     info:    [server-manager] Downloaded 3.04 GiB/4.85 GiB at 646.15 kiB/s
2025-11-10 14:50:12.466    app     info:    [server-manager] Downloaded 3.04 GiB/4.85 GiB at 912.55 kiB/s
2025-11-10 14:50:13.516    app     info:    [server-manager] Downloaded 3.04 GiB/4.85 GiB at 1.28 MiB/s
2025-11-10 14:50:14.517    app     info:    [server-manager] Downloaded 3.04 GiB/4.85 GiB at 848.72 kiB/s
2025-11-10 14:50:15.549    app     info:    [server-manager] Downloaded 3.04 GiB/4.85 GiB at 1.41 MiB/s
2025-11-10 14:50:16.549    app     info:    [server-manager] Downloaded 3.05 GiB/4.85 GiB at 960.00 kiB/s
2025-11-10 14:50:17.579    app     info:    [server-manager] Downloaded 3.05 GiB/4.85 GiB at 956.18 kiB/s
2025-11-10 14:50:18.641    app     info:    [server-manager] Downloaded 3.05 GiB/4.85 GiB at 1.26 MiB/s
2025-11-10 14:50:19.649    app     info:    [server-manager] Downloaded 3.05 GiB/4.85 GiB at 900.97 kiB/s
2025-11-10 14:50:20.674    app     info:    [server-manager] Downloaded 3.05 GiB/4.85 GiB at 862.28 kiB/s
2025-11-10 14:50:21.711    app     info:    [server-manager] Downloaded 3.05 GiB/4.85 GiB at 935.67 kiB/s
2025-11-10 14:50:22.733    app     info:    [server-manager] Downloaded 3.05 GiB/4.85 GiB at 928.00 kiB/s
2025-11-10 14:50:23.735    app     info:    [server-manager] Downloaded 3.05 GiB/4.85 GiB at 948.87 kiB/s
2025-11-10 14:50:24.774    app     info:    [server-manager] Downloaded 3.05 GiB/4.85 GiB at 904.48 kiB/s
2025-11-10 14:50:25.797    app     info:    [server-manager] Downloaded 3.05 GiB/4.85 GiB at 909.70 kiB/s
2025-11-10 14:50:26.830    app     info:    [server-manager] Downloaded 3.05 GiB/4.85 GiB at 896.00 kiB/s
2025-11-10 14:50:27.860    app     info:    [server-manager] Downloaded 3.05 GiB/4.85 GiB at 970.65 kiB/s
2025-11-10 14:50:28.891    app     info:    [server-manager] Downloaded 3.06 GiB/4.85 GiB at 966.86 kiB/s
2025-11-10 14:50:29.951    app     info:    [server-manager] Downloaded 3.06 GiB/4.85 GiB at 952.02 kiB/s
2025-11-10 14:50:30.962    app     info:    [server-manager] Downloaded 3.06 GiB/4.85 GiB at 883.02 kiB/s
2025-11-10 14:50:32.002    app     info:    [server-manager] Downloaded 3.06 GiB/4.85 GiB at 400.00 kiB/s
2025-11-10 14:50:33.033    app     info:    [server-manager] Downloaded 3.06 GiB/4.85 GiB at 902.26 kiB/s
2025-11-10 14:50:34.078    app     info:    [server-manager] Downloaded 3.06 GiB/4.85 GiB at 988.05 kiB/s
2025-11-10 14:50:35.105    app     info:    [server-manager] Downloaded 3.06 GiB/4.85 GiB at 910.82 kiB/s
2025-11-10 14:50:36.141    app     info:    [server-manager] Downloaded 3.06 GiB/4.85 GiB at 867.90 kiB/s
2025-11-10 14:50:37.173    app     info:    [server-manager] Downloaded 3.06 GiB/4.85 GiB at 926.15 kiB/s
2025-11-10 14:50:38.190    app     info:    [server-manager] Downloaded 3.06 GiB/4.85 GiB at 968.75 kiB/s
2025-11-10 14:50:39.208    app     info:    [server-manager] Downloaded 3.06 GiB/4.85 GiB at 661.65 kiB/s
2025-11-10 14:50:40.246    app     info:    [server-manager] Downloaded 3.06 GiB/4.85 GiB at 1.05 MiB/s
2025-11-10 14:50:41.284    app     info:    [server-manager] Downloaded 3.07 GiB/4.85 GiB at 448.00 kiB/s
2025-11-10 14:50:42.303    app     info:    [server-manager] Downloaded 3.07 GiB/4.85 GiB at 412.70 kiB/s
2025-11-10 14:50:43.338    app     info:    [server-manager] Downloaded 3.07 GiB/4.85 GiB at 533.88 kiB/s
2025-11-10 14:50:44.377    app     info:    [server-manager] Downloaded 3.07 GiB/4.85 GiB at 937.50 kiB/s
2025-11-10 14:50:45.394    app     info:    [server-manager] Downloaded 3.07 GiB/4.85 GiB at 894.21 kiB/s
2025-11-10 14:50:46.425    app     info:    [server-manager] Downloaded 3.07 GiB/4.85 GiB at 812.50 kiB/s
2025-11-10 14:50:47.445    app     info:    [server-manager] Downloaded 3.07 GiB/4.85 GiB at 1.07 MiB/s
2025-11-10 14:50:48.459    app     info:    [server-manager] Downloaded 3.07 GiB/4.85 GiB at 984.13 kiB/s
2025-11-10 14:50:49.489    app     info:    [server-manager] Downloaded 3.07 GiB/4.85 GiB at 888.89 kiB/s
2025-11-10 14:50:50.515    app     info:    [server-manager] Downloaded 3.07 GiB/4.85 GiB at 1.37 MiB/s
2025-11-10 14:50:51.525    app     info:    [server-manager] Downloaded 3.07 GiB/4.85 GiB at 1.14 MiB/s
2025-11-10 14:50:52.537    app     info:    [server-manager] Downloaded 3.08 GiB/4.85 GiB at 832.37 kiB/s
2025-11-10 14:50:53.600    app     info:    [server-manager] Downloaded 3.08 GiB/4.85 GiB at 694.34 kiB/s
2025-11-10 14:50:54.614    app     info:    [server-manager] Downloaded 3.08 GiB/4.85 GiB at 544.00 kiB/s
2025-11-10 14:50:55.643    app     info:    [server-manager] Downloaded 3.08 GiB/4.85 GiB at 1.10 MiB/s
2025-11-10 14:50:56.664    app     info:    [server-manager] Downloaded 3.08 GiB/4.85 GiB at 833.98 kiB/s
2025-11-10 14:50:57.728    app     info:    [server-manager] Downloaded 3.08 GiB/4.85 GiB at 892.31 kiB/s
2025-11-10 14:50:58.748    app     info:    [server-manager] Downloaded 3.08 GiB/4.85 GiB at 992.00 kiB/s
2025-11-10 14:50:59.770    app     info:    [server-manager] Downloaded 3.08 GiB/4.85 GiB at 926.64 kiB/s
2025-11-10 14:51:00.805    app     info:    [server-manager] Downloaded 3.08 GiB/4.85 GiB at 728.71 kiB/s
2025-11-10 14:51:01.856    app     info:    [server-manager] Downloaded 3.08 GiB/4.85 GiB at 750.47 kiB/s
2025-11-10 14:51:02.968    app     info:    [server-manager] Downloaded 3.08 GiB/4.85 GiB at 663.48 kiB/s
2025-11-10 14:51:04.038    app     info:    [server-manager] Downloaded 3.08 GiB/4.85 GiB at 632.77 kiB/s
2025-11-10 14:51:05.147    app     info:    [server-manager] Downloaded 3.08 GiB/4.85 GiB at 622.75 kiB/s
2025-11-10 14:51:06.182    app     info:    [server-manager] Downloaded 3.09 GiB/4.85 GiB at 808.99 kiB/s
2025-11-10 14:51:07.292    app     info:    [server-manager] Downloaded 3.09 GiB/4.85 GiB at 786.39 kiB/s
2025-11-10 14:51:08.363    app     info:    [server-manager] Downloaded 3.09 GiB/4.85 GiB at 287.43 kiB/s
2025-11-10 14:51:09.418    app     info:    [server-manager] Downloaded 3.09 GiB/4.85 GiB at 563.60 kiB/s
2025-11-10 14:51:10.488    app     info:    [server-manager] Downloaded 3.09 GiB/4.85 GiB at 603.77 kiB/s
2025-11-10 14:51:11.526    app     info:    [server-manager] Downloaded 3.09 GiB/4.85 GiB at 525.10 kiB/s
2025-11-10 14:51:12.542    app     info:    [server-manager] Downloaded 3.09 GiB/4.85 GiB at 692.91 kiB/s
2025-11-10 14:51:13.589    app     info:    [server-manager] Downloaded 3.09 GiB/4.85 GiB at 845.40 kiB/s
2025-11-10 14:51:14.598    app     info:    [server-manager] Downloaded 3.09 GiB/4.85 GiB at 347.83 kiB/s
2025-11-10 14:51:15.608    app     info:    [server-manager] Downloaded 3.09 GiB/4.85 GiB at 451.98 kiB/s
2025-11-10 14:51:16.689    app     info:    [server-manager] Downloaded 3.09 GiB/4.85 GiB at 699.80 kiB/s
2025-11-10 14:51:17.719    app     info:    [server-manager] Downloaded 3.09 GiB/4.85 GiB at 634.92 kiB/s
2025-11-10 14:51:18.740    app     info:    [server-manager] Downloaded 3.09 GiB/4.85 GiB at 510.98 kiB/s
2025-11-10 14:51:19.749    app     info:    [server-manager] Downloaded 3.10 GiB/4.85 GiB at 540.76 kiB/s
2025-11-10 14:51:20.788    app     info:    [server-manager] Downloaded 3.10 GiB/4.85 GiB at 855.45 kiB/s
2025-11-10 14:51:21.837    app     info:    [server-manager] Downloaded 3.10 GiB/4.85 GiB at 952.32 kiB/s
2025-11-10 14:51:22.892    app     info:    [server-manager] Downloaded 3.10 GiB/4.85 GiB at 384.00 kiB/s
2025-11-10 14:51:23.922    app     info:    [server-manager] Downloaded 3.10 GiB/4.85 GiB at 1.30 MiB/s
2025-11-10 14:51:24.961    app     info:    [server-manager] Downloaded 3.10 GiB/4.85 GiB at 887.19 kiB/s
2025-11-10 14:51:25.986    app     info:    [server-manager] Downloaded 3.10 GiB/4.85 GiB at 960.00 kiB/s
2025-11-10 14:51:27.006    app     info:    [server-manager] Downloaded 3.10 GiB/4.85 GiB at 1.32 MiB/s
2025-11-10 14:51:28.032    app     info:    [server-manager] Downloaded 3.10 GiB/4.85 GiB at 906.79 kiB/s
2025-11-10 14:51:29.079    app     info:    [server-manager] Downloaded 3.10 GiB/4.85 GiB at 822.86 kiB/s
2025-11-10 14:51:30.174    app     info:    [server-manager] Downloaded 3.10 GiB/4.85 GiB at 879.43 kiB/s
2025-11-10 14:51:31.213    app     info:    [server-manager] Downloaded 3.10 GiB/4.85 GiB at 932.04 kiB/s
2025-11-10 14:51:32.229    app     info:    [server-manager] Downloaded 3.11 GiB/4.85 GiB at 1.35 MiB/s
2025-11-10 14:51:33.247    app     info:    [server-manager] Downloaded 3.11 GiB/4.85 GiB at 980.24 kiB/s
2025-11-10 14:51:34.251    app     info:    [server-manager] Downloaded 3.11 GiB/4.85 GiB at 984.62 kiB/s
2025-11-10 14:51:35.321    app     info:    [server-manager] Downloaded 3.11 GiB/4.85 GiB at 1.03 MiB/s
2025-11-10 14:51:36.338    app     info:    [server-manager] Downloaded 3.11 GiB/4.85 GiB at 918.81 kiB/s
2025-11-10 14:51:37.366    app     info:    [server-manager] Downloaded 3.11 GiB/4.85 GiB at 773.57 kiB/s
2025-11-10 14:51:38.399    app     info:    [server-manager] Downloaded 3.11 GiB/4.85 GiB at 590.29 kiB/s
2025-11-10 14:51:39.427    app     info:    [server-manager] Downloaded 3.11 GiB/4.85 GiB at 586.87 kiB/s
2025-11-10 14:51:40.472    app     info:    [server-manager] Downloaded 3.11 GiB/4.85 GiB at 541.35 kiB/s
2025-11-10 14:51:41.494    app     info:    [server-manager] Downloaded 3.11 GiB/4.85 GiB at 773.23 kiB/s
2025-11-10 14:51:42.548    app     info:    [server-manager] Downloaded 3.11 GiB/4.85 GiB at 943.03 kiB/s
2025-11-10 14:51:43.579    app     info:    [server-manager] Downloaded 3.11 GiB/4.85 GiB at 928.00 kiB/s
2025-11-10 14:51:44.620    app     info:    [server-manager] Downloaded 3.12 GiB/4.85 GiB at 1.35 MiB/s
2025-11-10 14:51:45.649    app     info:    [server-manager] Downloaded 3.12 GiB/4.85 GiB at 986.08 kiB/s
2025-11-10 14:51:46.708    app     info:    [server-manager] Downloaded 3.12 GiB/4.85 GiB at 962.60 kiB/s
2025-11-10 14:51:47.719    app     info:    [server-manager] Downloaded 3.12 GiB/4.85 GiB at 993.87 kiB/s
2025-11-10 14:51:48.724    app     info:    [server-manager] Downloaded 3.12 GiB/4.85 GiB at 518.66 kiB/s
2025-11-10 14:51:49.774    app     info:    [server-manager] Downloaded 3.12 GiB/4.85 GiB at 734.98 kiB/s
2025-11-10 14:51:50.838    app     info:    [server-manager] Downloaded 3.12 GiB/4.85 GiB at 1.40 MiB/s
2025-11-10 14:51:51.874    app     info:    [server-manager] Downloaded 3.12 GiB/4.85 GiB at 674.25 kiB/s
2025-11-10 14:51:52.912    app     info:    [server-manager] Downloaded 3.12 GiB/4.85 GiB at 1.02 MiB/s
2025-11-10 14:51:54.009    app     info:    [server-manager] Downloaded 3.12 GiB/4.85 GiB at 958.04 kiB/s
2025-11-10 14:51:55.061    app     info:    [server-manager] Downloaded 3.12 GiB/4.85 GiB at 1.20 MiB/s
2025-11-10 14:51:56.080    app     info:    [server-manager] Downloaded 3.12 GiB/4.85 GiB at 508.95 kiB/s
2025-11-10 14:51:57.107    app     info:    [server-manager] Downloaded 3.13 GiB/4.85 GiB at 887.13 kiB/s
2025-11-10 14:51:58.110    app     info:    [server-manager] Downloaded 3.13 GiB/4.85 GiB at 919.81 kiB/s
2025-11-10 14:51:59.155    app     info:    [server-manager] Downloaded 3.13 GiB/4.85 GiB at 349.90 kiB/s
2025-11-10 14:52:00.198    app     info:    [server-manager] Downloaded 3.13 GiB/4.85 GiB at 930.23 kiB/s
2025-11-10 14:52:01.216    app     info:    [server-manager] Downloaded 3.13 GiB/4.85 GiB at 1.02 MiB/s
2025-11-10 14:52:02.260    app     info:    [server-manager] Downloaded 3.13 GiB/4.85 GiB at 1,005.71 kiB/s
2025-11-10 14:52:03.288    app     info:    [server-manager] Downloaded 3.13 GiB/4.85 GiB at 778.21 kiB/s
2025-11-10 14:52:04.385    app     info:    [server-manager] Downloaded 3.13 GiB/4.85 GiB at 570.36 kiB/s
2025-11-10 14:52:05.442    app     info:    [server-manager] Downloaded 3.13 GiB/4.85 GiB at 935.85 kiB/s
2025-11-10 14:52:06.515    app     info:    [server-manager] Downloaded 3.13 GiB/4.85 GiB at 985.07 kiB/s
2025-11-10 14:52:07.532    app     info:    [server-manager] Downloaded 3.13 GiB/4.85 GiB at 994.17 kiB/s
2025-11-10 14:52:08.584    app     info:    [server-manager] Downloaded 3.13 GiB/4.85 GiB at 691.73 kiB/s
2025-11-10 14:52:09.648    app     info:    [server-manager] Downloaded 3.14 GiB/4.85 GiB at 287.43 kiB/s
2025-11-10 14:52:10.678    app     info:    [server-manager] Downloaded 3.14 GiB/4.85 GiB at 913.32 kiB/s
2025-11-10 14:52:11.685    app     info:    [server-manager] Downloaded 3.14 GiB/4.85 GiB at 815.69 kiB/s
2025-11-10 14:52:12.732    app     info:    [server-manager] Downloaded 3.14 GiB/4.85 GiB at 901.75 kiB/s
2025-11-10 14:52:13.775    app     info:    [server-manager] Downloaded 3.14 GiB/4.85 GiB at 952.38 kiB/s
2025-11-10 14:52:14.808    app     info:    [server-manager] Downloaded 3.14 GiB/4.85 GiB at 928.43 kiB/s
2025-11-10 14:52:15.852    app     info:    [server-manager] Downloaded 3.14 GiB/4.85 GiB at 943.91 kiB/s
2025-11-10 14:52:16.894    app     info:    [server-manager] Downloaded 3.14 GiB/4.85 GiB at 902.26 kiB/s
2025-11-10 14:52:17.948    app     info:    [server-manager] Downloaded 3.14 GiB/4.85 GiB at 863.20 kiB/s
2025-11-10 14:52:18.999    app     info:    [server-manager] Downloaded 3.14 GiB/4.85 GiB at 1.36 MiB/s
2025-11-10 14:52:20.018    app     info:    [server-manager] Downloaded 3.14 GiB/4.85 GiB at 1,000.00 kiB/s
2025-11-10 14:52:21.073    app     info:    [server-manager] Downloaded 3.15 GiB/4.85 GiB at 847.06 kiB/s
2025-11-10 14:52:22.111    app     info:    [server-manager] Downloaded 3.15 GiB/4.85 GiB at 977.10 kiB/s
2025-11-10 14:52:23.125    app     info:    [server-manager] Downloaded 3.15 GiB/4.85 GiB at 998.05 kiB/s
2025-11-10 14:52:24.188    app     info:    [server-manager] Downloaded 3.15 GiB/4.85 GiB at 673.23 kiB/s
2025-11-10 14:52:25.224    app     info:    [server-manager] Downloaded 3.15 GiB/4.85 GiB at 1.03 MiB/s
2025-11-10 14:52:26.271    app     info:    [server-manager] Downloaded 3.15 GiB/4.85 GiB at 873.82 kiB/s
2025-11-10 14:52:27.320    app     info:    [server-manager] Downloaded 3.15 GiB/4.85 GiB at 935.32 kiB/s
2025-11-10 14:52:28.349    app     info:    [server-manager] Downloaded 3.15 GiB/4.85 GiB at 994.17 kiB/s
2025-11-10 14:52:29.369    app     info:    [server-manager] Downloaded 3.15 GiB/4.85 GiB at 943.03 kiB/s
2025-11-10 14:52:30.399    app     info:    [server-manager] Downloaded 3.15 GiB/4.85 GiB at 973.11 kiB/s
2025-11-10 14:52:31.437    app     info:    [server-manager] Downloaded 3.15 GiB/4.85 GiB at 415.17 kiB/s
2025-11-10 14:52:32.522    app     info:    [server-manager] Downloaded 3.15 GiB/4.85 GiB at 811.59 kiB/s
2025-11-10 14:52:33.583    app     info:    [server-manager] Downloaded 3.16 GiB/4.85 GiB at 542.91 kiB/s
2025-11-10 14:52:34.588    app     info:    [server-manager] Downloaded 3.16 GiB/4.85 GiB at 1,015.87 kiB/s
2025-11-10 14:52:35.679    app     info:    [server-manager] Downloaded 3.16 GiB/4.85 GiB at 743.79 kiB/s
2025-11-10 14:52:36.686    app     info:    [server-manager] Downloaded 3.16 GiB/4.85 GiB at 958.08 kiB/s
2025-11-10 14:52:37.739    app     info:    [server-manager] Downloaded 3.16 GiB/4.85 GiB at 990.02 kiB/s
2025-11-10 14:52:38.742    app     info:    [server-manager] Downloaded 3.16 GiB/4.85 GiB at 860.56 kiB/s
2025-11-10 14:52:39.746    app     info:    [server-manager] Downloaded 3.16 GiB/4.85 GiB at 843.75 kiB/s
2025-11-10 14:52:40.771    app     info:    [server-manager] Downloaded 3.16 GiB/4.85 GiB at 905.88 kiB/s
2025-11-10 14:52:41.783    app     info:    [server-manager] Downloaded 3.16 GiB/4.85 GiB at 863.20 kiB/s
2025-11-10 14:52:42.812    app     info:    [server-manager] Downloaded 3.16 GiB/4.85 GiB at 1.40 MiB/s
2025-11-10 14:52:43.830    app     info:    [server-manager] Downloaded 3.16 GiB/4.85 GiB at 653.70 kiB/s
2025-11-10 14:52:44.874    app     info:    [server-manager] Downloaded 3.16 GiB/4.85 GiB at 1.00 MiB/s
2025-11-10 14:52:45.893    app     info:    [server-manager] Downloaded 3.17 GiB/4.85 GiB at 917.00 kiB/s
2025-11-10 14:52:46.898    app     info:    [server-manager] Downloaded 3.17 GiB/4.85 GiB at 1.01 MiB/s
2025-11-10 14:52:47.926    app     info:    [server-manager] Downloaded 3.17 GiB/4.85 GiB at 881.89 kiB/s
2025-11-10 14:52:48.969    app     info:    [server-manager] Downloaded 3.17 GiB/4.85 GiB at 893.85 kiB/s
2025-11-10 14:52:50.002    app     info:    [server-manager] Downloaded 3.17 GiB/4.85 GiB at 848.72 kiB/s
2025-11-10 14:52:51.023    app     info:    [server-manager] Downloaded 3.17 GiB/4.85 GiB at 380.95 kiB/s
2025-11-10 14:52:52.030    app     info:    [server-manager] Downloaded 3.17 GiB/4.85 GiB at 909.80 kiB/s
2025-11-10 14:52:53.061    app     info:    [server-manager] Downloaded 3.17 GiB/4.85 GiB at 744.19 kiB/s
2025-11-10 14:52:54.110    app     info:    [server-manager] Downloaded 3.17 GiB/4.85 GiB at 885.38 kiB/s
2025-11-10 14:52:55.153    app     info:    [server-manager] Downloaded 3.17 GiB/4.85 GiB at 875.47 kiB/s
2025-11-10 14:52:56.200    app     info:    [server-manager] Downloaded 3.17 GiB/4.85 GiB at 825.29 kiB/s
2025-11-10 14:52:57.218    app     info:    [server-manager] Downloaded 3.18 GiB/4.85 GiB at 968.75 kiB/s
2025-11-10 14:52:58.272    app     info:    [server-manager] Downloaded 3.18 GiB/4.85 GiB at 810.51 kiB/s
2025-11-10 14:52:59.314    app     info:    [server-manager] Downloaded 3.18 GiB/4.85 GiB at 946.75 kiB/s
2025-11-10 14:53:00.365    app     info:    [server-manager] Downloaded 3.18 GiB/4.85 GiB at 352.00 kiB/s
2025-11-10 14:53:01.427    app     info:    [server-manager] Downloaded 3.18 GiB/4.85 GiB at 653.70 kiB/s
2025-11-10 14:53:02.490    app     info:    [server-manager] Downloaded 3.18 GiB/4.85 GiB at 540.34 kiB/s
2025-11-10 14:53:03.522    app     info:    [server-manager] Downloaded 3.18 GiB/4.85 GiB at 923.08 kiB/s
2025-11-10 14:53:04.536    app     info:    [server-manager] Downloaded 3.18 GiB/4.85 GiB at 936.51 kiB/s
2025-11-10 14:53:05.557    app     info:    [server-manager] Downloaded 3.18 GiB/4.85 GiB at 973.26 kiB/s
2025-11-10 14:53:06.613    app     info:    [server-manager] Downloaded 3.18 GiB/4.85 GiB at 900.97 kiB/s
2025-11-10 14:53:07.637    app     info:    [server-manager] Downloaded 3.18 GiB/4.85 GiB at 1,008.48 kiB/s
2025-11-10 14:53:08.674    app     info:    [server-manager] Downloaded 3.18 GiB/4.85 GiB at 861.54 kiB/s
2025-11-10 14:53:09.677    app     info:    [server-manager] Downloaded 3.19 GiB/4.85 GiB at 477.14 kiB/s
2025-11-10 14:53:10.750    app     info:    [server-manager] Downloaded 3.19 GiB/4.85 GiB at 960.60 kiB/s
2025-11-10 14:53:11.773    app     info:    [server-manager] Downloaded 3.19 GiB/4.85 GiB at 1.01 MiB/s
2025-11-10 14:53:12.790    app     info:    [server-manager] Downloaded 3.19 GiB/4.85 GiB at 937.50 kiB/s
2025-11-10 14:53:13.805    app     info:    [server-manager] Downloaded 3.19 GiB/4.85 GiB at 926.64 kiB/s
2025-11-10 14:53:14.861    app     info:    [server-manager] Downloaded 3.19 GiB/4.85 GiB at 771.28 kiB/s
2025-11-10 14:53:15.874    app     info:    [server-manager] Downloaded 3.19 GiB/4.85 GiB at 286.85 kiB/s
2025-11-10 14:53:16.931    app     info:    [server-manager] Downloaded 3.19 GiB/4.85 GiB at 800.00 kiB/s
2025-11-10 14:53:17.957    app     info:    [server-manager] Downloaded 3.19 GiB/4.85 GiB at 510.98 kiB/s
2025-11-10 14:53:18.988    app     info:    [server-manager] Downloaded 3.19 GiB/4.85 GiB at 1,009.86 kiB/s
2025-11-10 14:53:19.997    app     info:    [server-manager] Downloaded 3.19 GiB/4.85 GiB at 848.72 kiB/s
2025-11-10 14:53:21.023    app     info:    [server-manager] Downloaded 3.19 GiB/4.85 GiB at 190.48 kiB/s
2025-11-10 14:53:22.049    app     info:    [server-manager] Downloaded 3.20 GiB/4.85 GiB at 725.90 kiB/s
2025-11-10 14:53:23.081    app     info:    [server-manager] Downloaded 3.20 GiB/4.85 GiB at 883.93 kiB/s
2025-11-10 14:53:24.100    app     info:    [server-manager] Downloaded 3.20 GiB/4.85 GiB at 885.89 kiB/s
2025-11-10 14:53:25.151    app     info:    [server-manager] Downloaded 3.20 GiB/4.85 GiB at 1.02 MiB/s
2025-11-10 14:53:26.194    app     info:    [server-manager] Downloaded 3.20 GiB/4.85 GiB at 952.02 kiB/s
2025-11-10 14:53:27.212    app     info:    [server-manager] Downloaded 3.20 GiB/4.85 GiB at 1,001.90 kiB/s
2025-11-10 14:53:28.240    app     info:    [server-manager] Downloaded 3.20 GiB/4.85 GiB at 683.27 kiB/s
2025-11-10 14:53:29.323    app     info:    [server-manager] Downloaded 3.20 GiB/4.85 GiB at 860.56 kiB/s
2025-11-10 14:53:30.330    app     info:    [server-manager] Downloaded 3.20 GiB/4.85 GiB at 1.34 MiB/s
2025-11-10 14:53:31.339    app     info:    [server-manager] Downloaded 3.20 GiB/4.85 GiB at 943.03 kiB/s
2025-11-10 14:53:32.383    app     info:    [server-manager] Downloaded 3.20 GiB/4.85 GiB at 902.26 kiB/s
2025-11-10 14:53:33.416    app     info:    [server-manager] Downloaded 3.20 GiB/4.85 GiB at 921.31 kiB/s
2025-11-10 14:53:34.514    app     info:    [server-manager] Downloaded 3.21 GiB/4.85 GiB at 840.58 kiB/s
2025-11-10 14:53:35.532    app     info:    [server-manager] Downloaded 3.21 GiB/4.85 GiB at 930.58 kiB/s
2025-11-10 14:53:36.570    app     info:    [server-manager] Downloaded 3.21 GiB/4.85 GiB at 869.90 kiB/s
2025-11-10 14:53:37.597    app     info:    [server-manager] Downloaded 3.21 GiB/4.85 GiB at 994.17 kiB/s
2025-11-10 14:53:38.613    app     info:    [server-manager] Downloaded 3.21 GiB/4.85 GiB at 509.96 kiB/s
2025-11-10 14:53:39.639    app     info:    [server-manager] Downloaded 3.21 GiB/4.85 GiB at 759.01 kiB/s
2025-11-10 14:53:40.683    app     info:    [server-manager] Downloaded 3.21 GiB/4.85 GiB at 751.93 kiB/s
2025-11-10 14:53:41.711    app     info:    [server-manager] Downloaded 3.21 GiB/4.85 GiB at 610.69 kiB/s
2025-11-10 14:53:42.735    app     info:    [server-manager] Downloaded 3.21 GiB/4.85 GiB at 906.43 kiB/s
2025-11-10 14:53:43.751    app     info:    [server-manager] Downloaded 3.21 GiB/4.85 GiB at 996.11 kiB/s
2025-11-10 14:53:44.775    app     info:    [server-manager] Downloaded 3.21 GiB/4.85 GiB at 935.67 kiB/s
2025-11-10 14:53:45.801    app     info:    [server-manager] Downloaded 3.22 GiB/4.85 GiB at 982.18 kiB/s
2025-11-10 14:53:46.832    app     info:    [server-manager] Downloaded 3.22 GiB/4.85 GiB at 859.41 kiB/s
2025-11-10 14:53:47.835    app     info:    [server-manager] Downloaded 3.22 GiB/4.85 GiB at 988.66 kiB/s
2025-11-10 14:53:48.876    app     info:    [server-manager] Downloaded 3.22 GiB/4.85 GiB at 637.57 kiB/s
2025-11-10 14:53:49.931    app     info:    [server-manager] Downloaded 3.22 GiB/4.85 GiB at 1.02 MiB/s
2025-11-10 14:53:50.956    app     info:    [server-manager] Downloaded 3.22 GiB/4.85 GiB at 1.46 MiB/s
2025-11-10 14:53:51.964    app     info:    [server-manager] Downloaded 3.22 GiB/4.85 GiB at 1.02 MiB/s
2025-11-10 14:53:53.002    app     info:    [server-manager] Downloaded 3.22 GiB/4.85 GiB at 866.54 kiB/s
2025-11-10 14:53:54.022    app     info:    [server-manager] Downloaded 3.22 GiB/4.85 GiB at 704.98 kiB/s
2025-11-10 14:53:55.054    app     info:    [server-manager] Downloaded 3.22 GiB/4.85 GiB at 894.21 kiB/s
2025-11-10 14:53:56.082    app     info:    [server-manager] Downloaded 3.22 GiB/4.85 GiB at 1.02 MiB/s
2025-11-10 14:53:57.143    app     info:    [server-manager] Downloaded 3.22 GiB/4.85 GiB at 606.79 kiB/s
2025-11-10 14:53:58.150    app     info:    [server-manager] Downloaded 3.23 GiB/4.85 GiB at 974.46 kiB/s
2025-11-10 14:53:59.179    app     info:    [server-manager] Downloaded 3.23 GiB/4.85 GiB at 924.73 kiB/s
2025-11-10 14:54:00.208    app     info:    [server-manager] Downloaded 3.23 GiB/4.85 GiB at 948.15 kiB/s
2025-11-10 14:54:01.271    app     info:    [server-manager] Downloaded 3.23 GiB/4.85 GiB at 808.99 kiB/s
2025-11-10 14:54:02.331    app     info:    [server-manager] Downloaded 3.23 GiB/4.85 GiB at 941.61 kiB/s
2025-11-10 14:54:03.361    app     info:    [server-manager] Downloaded 3.23 GiB/4.85 GiB at 1.37 MiB/s
2025-11-10 14:54:04.365    app     info:    [server-manager] Downloaded 3.23 GiB/4.85 GiB at 903.95 kiB/s
2025-11-10 14:54:05.448    app     info:    [server-manager] Downloaded 3.23 GiB/4.85 GiB at 962.41 kiB/s
2025-11-10 14:54:06.491    app     info:    [server-manager] Downloaded 3.23 GiB/4.85 GiB at 991.89 kiB/s
2025-11-10 14:54:07.550    app     info:    [server-manager] Downloaded 3.23 GiB/4.85 GiB at 847.89 kiB/s
2025-11-10 14:54:08.572    app     info:    [server-manager] Downloaded 3.23 GiB/4.85 GiB at 760.40 kiB/s
2025-11-10 14:54:09.591    app     info:    [server-manager] Downloaded 3.24 GiB/4.85 GiB at 989.63 kiB/s
2025-11-10 14:54:10.614    app     info:    [server-manager] Downloaded 3.24 GiB/4.85 GiB at 789.50 kiB/s
2025-11-10 14:54:11.642    app     info:    [server-manager] Downloaded 3.24 GiB/4.85 GiB at 982.73 kiB/s
2025-11-10 14:54:12.713    app     info:    [server-manager] Downloaded 3.24 GiB/4.85 GiB at 788.73 kiB/s
2025-11-10 14:54:13.747    app     info:    [server-manager] Downloaded 3.24 GiB/4.85 GiB at 820.51 kiB/s
2025-11-10 14:54:14.755    app     info:    [server-manager] Downloaded 3.24 GiB/4.85 GiB at 479.40 kiB/s
2025-11-10 14:54:15.868    app     info:    [server-manager] Downloaded 3.24 GiB/4.85 GiB at 626.87 kiB/s
2025-11-10 14:54:16.898    app     info:    [server-manager] Downloaded 3.24 GiB/4.85 GiB at 754.72 kiB/s
2025-11-10 14:54:17.924    app     info:    [server-manager] Downloaded 3.24 GiB/4.85 GiB at 664.03 kiB/s
2025-11-10 14:54:18.940    app     info:    [server-manager] Downloaded 3.24 GiB/4.85 GiB at 763.36 kiB/s
2025-11-10 14:54:20.006    app     info:    [server-manager] Downloaded 3.24 GiB/4.85 GiB at 1.10 MiB/s
2025-11-10 14:54:21.050    app     info:    [server-manager] Downloaded 3.24 GiB/4.85 GiB at 1.26 MiB/s
2025-11-10 14:54:22.097    app     info:    [server-manager] Downloaded 3.24 GiB/4.85 GiB at 829.17 kiB/s
2025-11-10 14:54:23.118    app     info:    [server-manager] Downloaded 3.24 GiB/4.85 GiB at 596.08 kiB/s
2025-11-10 14:54:24.168    app     info:    [server-manager] Downloaded 3.25 GiB/4.85 GiB at 929.43 kiB/s
2025-11-10 14:54:25.201    app     info:    [server-manager] Downloaded 3.25 GiB/4.85 GiB at 250.00 kiB/s
2025-11-10 14:54:26.256    app     info:    [server-manager] Downloaded 3.25 GiB/4.85 GiB at 894.96 kiB/s
2025-11-10 14:54:27.308    app     info:    [server-manager] Downloaded 3.25 GiB/4.85 GiB at 600.79 kiB/s
2025-11-10 14:54:28.364    app     info:    [server-manager] Downloaded 3.25 GiB/4.85 GiB at 939.26 kiB/s
2025-11-10 14:54:29.398    app     info:    [server-manager] Downloaded 3.25 GiB/4.85 GiB at 438.38 kiB/s
2025-11-10 14:54:30.440    app     info:    [server-manager] Downloaded 3.25 GiB/4.85 GiB at 464.22 kiB/s
2025-11-10 14:54:31.463    app     info:    [server-manager] Downloaded 3.25 GiB/4.85 GiB at 861.54 kiB/s
2025-11-10 14:54:32.497    app     info:    [server-manager] Downloaded 3.25 GiB/4.85 GiB at 800.00 kiB/s
2025-11-10 14:54:33.521    app     info:    [server-manager] Downloaded 3.25 GiB/4.85 GiB at 527.01 kiB/s
2025-11-10 14:54:34.582    app     info:    [server-manager] Downloaded 3.25 GiB/4.85 GiB at 626.74 kiB/s
2025-11-10 14:54:35.615    app     info:    [server-manager] Downloaded 3.25 GiB/4.85 GiB at 775.19 kiB/s
2025-11-10 14:54:36.660    app     info:    [server-manager] Downloaded 3.25 GiB/4.85 GiB at 650.65 kiB/s
2025-11-10 14:54:37.687    app     info:    [server-manager] Downloaded 3.25 GiB/4.85 GiB at 796.81 kiB/s
2025-11-10 14:54:38.747    app     info:    [server-manager] Downloaded 3.26 GiB/4.85 GiB at 807.48 kiB/s
2025-11-10 14:54:39.769    app     info:    [server-manager] Downloaded 3.26 GiB/4.85 GiB at 924.30 kiB/s
2025-11-10 14:54:40.814    app     info:    [server-manager] Downloaded 3.26 GiB/4.85 GiB at 586.87 kiB/s
2025-11-10 14:54:41.839    app     info:    [server-manager] Downloaded 3.26 GiB/4.85 GiB at 660.12 kiB/s
2025-11-10 14:54:42.875    app     info:    [server-manager] Downloaded 3.26 GiB/4.85 GiB at 346.46 kiB/s
2025-11-10 14:54:43.897    app     info:    [server-manager] Downloaded 3.26 GiB/4.85 GiB at 433.27 kiB/s
2025-11-10 14:54:44.907    app     info:    [server-manager] Downloaded 3.26 GiB/4.85 GiB at 772.20 kiB/s
2025-11-10 14:54:45.941    app     info:    [server-manager] Downloaded 3.26 GiB/4.85 GiB at 593.04 kiB/s
2025-11-10 14:54:47.023    app     info:    [server-manager] Downloaded 3.26 GiB/4.85 GiB at 546.49 kiB/s
2025-11-10 14:54:48.103    app     info:    [server-manager] Downloaded 3.26 GiB/4.85 GiB at 871.43 kiB/s
2025-11-10 14:54:49.124    app     info:    [server-manager] Downloaded 3.26 GiB/4.85 GiB at 286.28 kiB/s
2025-11-10 14:54:50.132    app     info:    [server-manager] Downloaded 3.26 GiB/4.85 GiB at 812.68 kiB/s
2025-11-10 14:54:51.151    app     info:    [server-manager] Downloaded 3.26 GiB/4.85 GiB at 793.65 kiB/s
2025-11-10 14:54:52.176    app     info:    [server-manager] Downloaded 3.26 GiB/4.85 GiB at 778.63 kiB/s
2025-11-10 14:54:53.214    app     info:    [server-manager] Downloaded 3.26 GiB/4.85 GiB at 446.22 kiB/s
2025-11-10 14:54:54.231    app     info:    [server-manager] Downloaded 3.27 GiB/4.85 GiB at 817.67 kiB/s
2025-11-10 14:54:55.240    app     info:    [server-manager] Downloaded 3.27 GiB/4.85 GiB at 694.34 kiB/s
2025-11-10 14:54:56.290    app     info:    [server-manager] Downloaded 3.27 GiB/4.85 GiB at 840.13 kiB/s
2025-11-10 14:54:57.308    app     info:    [server-manager] Downloaded 3.27 GiB/4.85 GiB at 498.05 kiB/s
2025-11-10 14:54:58.400    app     info:    [server-manager] Downloaded 3.27 GiB/4.85 GiB at 538.32 kiB/s
2025-11-10 14:54:59.431    app     info:    [server-manager] Downloaded 3.27 GiB/4.85 GiB at 718.75 kiB/s
2025-11-10 14:55:00.465    app     info:    [server-manager] Downloaded 3.27 GiB/4.85 GiB at 582.38 kiB/s
2025-11-10 14:55:01.599    app     info:    [server-manager] Downloaded 3.27 GiB/4.85 GiB at 506.89 kiB/s
2025-11-10 14:55:02.621    app     info:    [server-manager] Downloaded 3.27 GiB/4.85 GiB at 749.75 kiB/s
2025-11-10 14:55:03.665    app     info:    [server-manager] Downloaded 3.27 GiB/4.85 GiB at 808.99 kiB/s
2025-11-10 14:55:04.708    app     info:    [server-manager] Downloaded 3.27 GiB/4.85 GiB at 892.31 kiB/s
2025-11-10 14:55:05.745    app     info:    [server-manager] Downloaded 3.27 GiB/4.85 GiB at 895.52 kiB/s
2025-11-10 14:55:06.779    app     info:    [server-manager] Downloaded 3.27 GiB/4.85 GiB at 926.15 kiB/s
2025-11-10 14:55:07.815    app     info:    [server-manager] Downloaded 3.27 GiB/4.85 GiB at 812.50 kiB/s
2025-11-10 14:55:08.840    app     info:    [server-manager] Downloaded 3.28 GiB/4.85 GiB at 910.82 kiB/s
2025-11-10 14:55:09.882    app     info:    [server-manager] Downloaded 3.28 GiB/4.85 GiB at 865.24 kiB/s
2025-11-10 14:55:10.927    app     info:    [server-manager] Downloaded 3.28 GiB/4.85 GiB at 1.17 MiB/s
2025-11-10 14:55:11.940    app     info:    [server-manager] Downloaded 3.28 GiB/4.85 GiB at 636.22 kiB/s
2025-11-10 14:55:12.975    app     info:    [server-manager] Downloaded 3.28 GiB/4.85 GiB at 883.63 kiB/s
2025-11-10 14:55:13.996    app     info:    [server-manager] Downloaded 3.28 GiB/4.85 GiB at 377.21 kiB/s
2025-11-10 14:55:15.025    app     info:    [server-manager] Downloaded 3.28 GiB/4.85 GiB at 415.17 kiB/s
2025-11-10 14:55:16.054    app     info:    [server-manager] Downloaded 3.28 GiB/4.85 GiB at 593.25 kiB/s
2025-11-10 14:55:17.062    app     info:    [server-manager] Downloaded 3.28 GiB/4.85 GiB at 1,011.86 kiB/s
2025-11-10 14:55:18.083    app     info:    [server-manager] Downloaded 3.28 GiB/4.85 GiB at 827.59 kiB/s
2025-11-10 14:55:19.151    app     info:    [server-manager] Downloaded 3.28 GiB/4.85 GiB at 1.29 MiB/s
2025-11-10 14:55:20.155    app     info:    [server-manager] Downloaded 3.28 GiB/4.85 GiB at 988.05 kiB/s
2025-11-10 14:55:21.181    app     info:    [server-manager] Downloaded 3.29 GiB/4.85 GiB at 890.66 kiB/s
2025-11-10 14:55:22.208    app     info:    [server-manager] Downloaded 3.29 GiB/4.85 GiB at 930.23 kiB/s
2025-11-10 14:55:23.231    app     info:    [server-manager] Downloaded 3.29 GiB/4.85 GiB at 1.07 MiB/s
2025-11-10 14:55:24.266    app     info:    [server-manager] Downloaded 3.29 GiB/4.85 GiB at 959.38 kiB/s
2025-11-10 14:55:25.269    app     info:    [server-manager] Downloaded 3.29 GiB/4.85 GiB at 965.19 kiB/s
2025-11-10 14:55:26.288    app     info:    [server-manager] Downloaded 3.29 GiB/4.85 GiB at 1.03 MiB/s
2025-11-10 14:55:27.330    app     info:    [server-manager] Downloaded 3.29 GiB/4.85 GiB at 939.25 kiB/s
2025-11-10 14:55:28.345    app     info:    [server-manager] Downloaded 3.29 GiB/4.85 GiB at 1.28 MiB/s
2025-11-10 14:55:29.370    app     info:    [server-manager] Downloaded 3.29 GiB/4.85 GiB at 1,017.89 kiB/s
2025-11-10 14:55:30.407    app     info:    [server-manager] Downloaded 3.29 GiB/4.85 GiB at 944.88 kiB/s
2025-11-10 14:55:31.429    app     info:    [server-manager] Downloaded 3.29 GiB/4.85 GiB at 926.64 kiB/s
2025-11-10 14:55:32.463    app     info:    [server-manager] Downloaded 3.30 GiB/4.85 GiB at 448.00 kiB/s
2025-11-10 14:55:33.475    app     info:    [server-manager] Downloaded 3.30 GiB/4.85 GiB at 937.62 kiB/s
2025-11-10 14:55:34.520    app     info:    [server-manager] Downloaded 3.30 GiB/4.85 GiB at 937.50 kiB/s
2025-11-10 14:55:35.551    app     info:    [server-manager] Downloaded 3.30 GiB/4.85 GiB at 1.46 MiB/s
2025-11-10 14:55:36.565    app     info:    [server-manager] Downloaded 3.30 GiB/4.85 GiB at 918.81 kiB/s
2025-11-10 14:55:37.590    app     info:    [server-manager] Downloaded 3.30 GiB/4.85 GiB at 480.00 kiB/s
2025-11-10 14:55:38.594    app     info:    [server-manager] Downloaded 3.30 GiB/4.85 GiB at 544.00 kiB/s
2025-11-10 14:55:39.658    app     info:    [server-manager] Downloaded 3.30 GiB/4.85 GiB at 557.80 kiB/s
2025-11-10 14:55:40.716    app     info:    [server-manager] Downloaded 3.30 GiB/4.85 GiB at 742.97 kiB/s
2025-11-10 14:55:41.769    app     info:    [server-manager] Downloaded 3.30 GiB/4.85 GiB at 779.73 kiB/s
2025-11-10 14:55:42.804    app     info:    [server-manager] Downloaded 3.30 GiB/4.85 GiB at 575.76 kiB/s
2025-11-10 14:55:43.832    app     info:    [server-manager] Downloaded 3.30 GiB/4.85 GiB at 561.40 kiB/s
2025-11-10 14:55:44.858    app     info:    [server-manager] Downloaded 3.30 GiB/4.85 GiB at 793.65 kiB/s
2025-11-10 14:55:45.897    app     info:    [server-manager] Downloaded 3.31 GiB/4.85 GiB at 491.36 kiB/s
2025-11-10 14:55:46.931    app     info:    [server-manager] Downloaded 3.31 GiB/4.85 GiB at 867.99 kiB/s
2025-11-10 14:55:47.996    app     info:    [server-manager] Downloaded 3.31 GiB/4.85 GiB at 591.44 kiB/s
2025-11-10 14:55:49.010    app     info:    [server-manager] Downloaded 3.31 GiB/4.85 GiB at 608.22 kiB/s
2025-11-10 14:55:50.063    app     info:    [server-manager] Downloaded 3.31 GiB/4.85 GiB at 633.66 kiB/s
2025-11-10 14:55:51.079    app     info:    [server-manager] Downloaded 3.31 GiB/4.85 GiB at 728.71 kiB/s
2025-11-10 14:55:52.117    app     info:    [server-manager] Downloaded 3.31 GiB/4.85 GiB at 707.69 kiB/s
2025-11-10 14:55:53.150    app     info:    [server-manager] Downloaded 3.31 GiB/4.85 GiB at 427.05 kiB/s
2025-11-10 14:55:54.242    app     info:    [server-manager] Downloaded 3.31 GiB/4.85 GiB at 256.00 kiB/s
2025-11-10 14:55:55.305    app     info:    [server-manager] Downloaded 3.31 GiB/4.85 GiB at 1.04 MiB/s
2025-11-10 14:55:56.316    app     info:    [server-manager] Downloaded 3.31 GiB/4.85 GiB at 656.01 kiB/s
2025-11-10 14:55:57.337    app     info:    [server-manager] Downloaded 3.31 GiB/4.85 GiB at 773.83 kiB/s
2025-11-10 14:55:58.383    app     info:    [server-manager] Downloaded 3.31 GiB/4.85 GiB at 654.97 kiB/s
2025-11-10 14:55:59.389    app     info:    [server-manager] Downloaded 3.31 GiB/4.85 GiB at 752.94 kiB/s
2025-11-10 14:56:00.432    app     info:    [server-manager] Downloaded 3.31 GiB/4.85 GiB at 642.34 kiB/s
2025-11-10 14:56:01.488    app     info:    [server-manager] Downloaded 3.32 GiB/4.85 GiB at 581.01 kiB/s
2025-11-10 14:56:02.525    app     info:    [server-manager] Downloaded 3.32 GiB/4.85 GiB at 698.91 kiB/s
2025-11-10 14:56:03.605    app     info:    [server-manager] Downloaded 3.32 GiB/4.85 GiB at 640.29 kiB/s
2025-11-10 14:56:04.693    app     info:    [server-manager] Downloaded 3.32 GiB/4.85 GiB at 606.79 kiB/s
2025-11-10 14:56:05.715    app     info:    [server-manager] Downloaded 3.32 GiB/4.85 GiB at 842.51 kiB/s
2025-11-10 14:56:06.741    app     info:    [server-manager] Downloaded 3.32 GiB/4.85 GiB at 852.42 kiB/s
2025-11-10 14:56:07.772    app     info:    [server-manager] Downloaded 3.32 GiB/4.85 GiB at 730.16 kiB/s
2025-11-10 14:56:08.821    app     info:    [server-manager] Downloaded 3.32 GiB/4.85 GiB at 686.32 kiB/s
2025-11-10 14:56:09.835    app     info:    [server-manager] Downloaded 3.32 GiB/4.85 GiB at 800.00 kiB/s
2025-11-10 14:56:10.901    app     info:    [server-manager] Downloaded 3.32 GiB/4.85 GiB at 885.50 kiB/s
2025-11-10 14:56:11.904    app     info:    [server-manager] Downloaded 3.32 GiB/4.85 GiB at 839.23 kiB/s
2025-11-10 14:56:12.989    app     info:    [server-manager] Downloaded 3.32 GiB/4.85 GiB at 851.71 kiB/s
2025-11-10 14:56:14.022    app     info:    [server-manager] Downloaded 3.32 GiB/4.85 GiB at 1.29 MiB/s
2025-11-10 14:56:15.026    app     info:    [server-manager] Downloaded 3.33 GiB/4.85 GiB at 881.25 kiB/s
2025-11-10 14:56:16.032    app     info:    [server-manager] Downloaded 3.33 GiB/4.85 GiB at 350.60 kiB/s
2025-11-10 14:56:17.056    app     info:    [server-manager] Downloaded 3.33 GiB/4.85 GiB at 781.25 kiB/s
2025-11-10 14:56:18.083    app     info:    [server-manager] Downloaded 3.33 GiB/4.85 GiB at 864.86 kiB/s
2025-11-10 14:56:19.110    app     info:    [server-manager] Downloaded 3.33 GiB/4.85 GiB at 805.04 kiB/s
2025-11-10 14:56:20.122    app     info:    [server-manager] Downloaded 3.33 GiB/4.85 GiB at 798.40 kiB/s
2025-11-10 14:56:21.137    app     info:    [server-manager] Downloaded 3.33 GiB/4.85 GiB at 823.76 kiB/s
2025-11-10 14:56:22.155    app     info:    [server-manager] Downloaded 3.33 GiB/4.85 GiB at 829.17 kiB/s
2025-11-10 14:56:23.177    app     info:    [server-manager] Downloaded 3.33 GiB/4.85 GiB at 814.09 kiB/s
2025-11-10 14:56:24.209    app     info:    [server-manager] Downloaded 3.33 GiB/4.85 GiB at 850.09 kiB/s
2025-11-10 14:56:25.242    app     info:    [server-manager] Downloaded 3.33 GiB/4.85 GiB at 897.30 kiB/s
2025-11-10 14:56:26.244    app     info:    [server-manager] Downloaded 3.33 GiB/4.85 GiB at 924.30 kiB/s
2025-11-10 14:56:27.252    app     info:    [server-manager] Downloaded 3.33 GiB/4.85 GiB at 1.41 MiB/s
2025-11-10 14:56:28.276    app     info:    [server-manager] Downloaded 3.34 GiB/4.85 GiB at 897.49 kiB/s
2025-11-10 14:56:29.308    app     info:    [server-manager] Downloaded 3.34 GiB/4.85 GiB at 779.03 kiB/s
2025-11-10 14:56:30.347    app     info:    [server-manager] Downloaded 3.34 GiB/4.85 GiB at 796.93 kiB/s
2025-11-10 14:56:31.367    app     info:    [server-manager] Downloaded 3.34 GiB/4.85 GiB at 1.00 MiB/s
2025-11-10 14:56:32.399    app     info:    [server-manager] Downloaded 3.34 GiB/4.85 GiB at 407.68 kiB/s
2025-11-10 14:56:33.405    app     info:    [server-manager] Downloaded 3.34 GiB/4.85 GiB at 1,017.34 kiB/s
2025-11-10 14:56:34.435    app     info:    [server-manager] Downloaded 3.34 GiB/4.85 GiB at 1.01 MiB/s
2025-11-10 14:56:35.464    app     info:    [server-manager] Downloaded 3.34 GiB/4.85 GiB at 1.23 MiB/s
2025-11-10 14:56:36.470    app     info:    [server-manager] Downloaded 3.34 GiB/4.85 GiB at 905.66 kiB/s
2025-11-10 14:56:37.499    app     info:    [server-manager] Downloaded 3.34 GiB/4.85 GiB at 958.08 kiB/s
2025-11-10 14:56:38.528    app     info:    [server-manager] Downloaded 3.34 GiB/4.85 GiB at 755.30 kiB/s
2025-11-10 14:56:39.600    app     info:    [server-manager] Downloaded 3.35 GiB/4.85 GiB at 750.47 kiB/s
2025-11-10 14:56:40.623    app     info:    [server-manager] Downloaded 3.35 GiB/4.85 GiB at 958.08 kiB/s
2025-11-10 14:56:41.677    app     info:    [server-manager] Downloaded 3.35 GiB/4.85 GiB at 934.09 kiB/s
2025-11-10 14:56:42.711    app     info:    [server-manager] Downloaded 3.35 GiB/4.85 GiB at 875.91 kiB/s
2025-11-10 14:56:43.740    app     info:    [server-manager] Downloaded 3.35 GiB/4.85 GiB at 1.01 MiB/s
2025-11-10 14:56:44.745    app     info:    [server-manager] Downloaded 3.35 GiB/4.85 GiB at 997.38 kiB/s
2025-11-10 14:56:45.807    app     info:    [server-manager] Downloaded 3.35 GiB/4.85 GiB at 744.19 kiB/s
2025-11-10 14:56:46.842    app     info:    [server-manager] Downloaded 3.35 GiB/4.85 GiB at 960.70 kiB/s
2025-11-10 14:56:47.845    app     info:    [server-manager] Downloaded 3.35 GiB/4.85 GiB at 509.96 kiB/s
2025-11-10 14:56:48.866    app     info:    [server-manager] Downloaded 3.35 GiB/4.85 GiB at 1.39 MiB/s
2025-11-10 14:56:49.867    app     info:    [server-manager] Downloaded 3.35 GiB/4.85 GiB at 253.97 kiB/s
2025-11-10 14:56:50.913    app     info:    [server-manager] Downloaded 3.35 GiB/4.85 GiB at 856.60 kiB/s
2025-11-10 14:56:51.948    app     info:    [server-manager] Downloaded 3.36 GiB/4.85 GiB at 959.38 kiB/s
2025-11-10 14:56:52.968    app     info:    [server-manager] Downloaded 3.36 GiB/4.85 GiB at 980.24 kiB/s
2025-11-10 14:56:54.015    app     info:    [server-manager] Downloaded 3.36 GiB/4.85 GiB at 993.06 kiB/s
2025-11-10 14:56:55.055    app     info:    [server-manager] Downloaded 3.36 GiB/4.85 GiB at 793.65 kiB/s
2025-11-10 14:56:56.070    app     info:    [server-manager] Downloaded 3.36 GiB/4.85 GiB at 998.14 kiB/s
2025-11-10 14:56:57.115    app     info:    [server-manager] Downloaded 3.36 GiB/4.85 GiB at 924.41 kiB/s
2025-11-10 14:56:58.123    app     info:    [server-manager] Downloaded 3.36 GiB/4.85 GiB at 926.64 kiB/s
2025-11-10 14:56:59.178    app     info:    [server-manager] Downloaded 3.36 GiB/4.85 GiB at 937.62 kiB/s
2025-11-10 14:57:00.220    app     info:    [server-manager] Downloaded 3.36 GiB/4.85 GiB at 873.29 kiB/s
2025-11-10 14:57:01.239    app     info:    [server-manager] Downloaded 3.36 GiB/4.85 GiB at 768.96 kiB/s
2025-11-10 14:57:02.243    app     info:    [server-manager] Downloaded 3.36 GiB/4.85 GiB at 845.57 kiB/s
2025-11-10 14:57:03.275    app     info:    [server-manager] Downloaded 3.37 GiB/4.85 GiB at 931.82 kiB/s
2025-11-10 14:57:04.300    app     info:    [server-manager] Downloaded 3.37 GiB/4.85 GiB at 1.10 MiB/s
2025-11-10 14:57:05.310    app     info:    [server-manager] Downloaded 3.37 GiB/4.85 GiB at 447.11 kiB/s
2025-11-10 14:57:06.324    app     info:    [server-manager] Downloaded 3.37 GiB/4.85 GiB at 875.91 kiB/s
2025-11-10 14:57:07.407    app     info:    [server-manager] Downloaded 3.37 GiB/4.85 GiB at 985.07 kiB/s
2025-11-10 14:57:08.433    app     info:    [server-manager] Downloaded 3.37 GiB/4.85 GiB at 951.43 kiB/s
2025-11-10 14:57:09.445    app     info:    [server-manager] Downloaded 3.37 GiB/4.85 GiB at 935.67 kiB/s
2025-11-10 14:57:10.473    app     info:    [server-manager] Downloaded 3.37 GiB/4.85 GiB at 694.28 kiB/s
2025-11-10 14:57:11.512    app     info:    [server-manager] Downloaded 3.37 GiB/4.85 GiB at 914.84 kiB/s
2025-11-10 14:57:12.527    app     info:    [server-manager] Downloaded 3.37 GiB/4.85 GiB at 952.38 kiB/s
2025-11-10 14:57:13.561    app     info:    [server-manager] Downloaded 3.37 GiB/4.85 GiB at 809.34 kiB/s
2025-11-10 14:57:14.587    app     info:    [server-manager] Downloaded 3.38 GiB/4.85 GiB at 1.47 MiB/s
2025-11-10 14:57:15.589    app     info:    [server-manager] Downloaded 3.38 GiB/4.85 GiB at 960.00 kiB/s
2025-11-10 14:57:16.621    app     info:    [server-manager] Downloaded 3.38 GiB/4.85 GiB at 727.17 kiB/s
2025-11-10 14:57:17.656    app     info:    [server-manager] Downloaded 3.38 GiB/4.85 GiB at 695.65 kiB/s
2025-11-10 14:57:18.689    app     info:    [server-manager] Downloaded 3.38 GiB/4.85 GiB at 752.13 kiB/s
2025-11-10 14:57:19.746    app     info:    [server-manager] Downloaded 3.38 GiB/4.85 GiB at 1.34 MiB/s
2025-11-10 14:57:20.755    app     info:    [server-manager] Downloaded 3.38 GiB/4.85 GiB at 885.38 kiB/s
2025-11-10 14:57:21.773    app     info:    [server-manager] Downloaded 3.38 GiB/4.85 GiB at 943.03 kiB/s
2025-11-10 14:57:22.840    app     info:    [server-manager] Downloaded 3.38 GiB/4.85 GiB at 740.16 kiB/s
2025-11-10 14:57:23.874    app     info:    [server-manager] Downloaded 3.38 GiB/4.85 GiB at 1.09 MiB/s
2025-11-10 14:57:24.901    app     info:    [server-manager] Downloaded 3.38 GiB/4.85 GiB at 223.55 kiB/s
2025-11-10 14:57:25.905    app     info:    [server-manager] Downloaded 3.38 GiB/4.85 GiB at 528.16 kiB/s
2025-11-10 14:57:26.949    app     info:    [server-manager] Downloaded 3.38 GiB/4.85 GiB at 850.31 kiB/s
2025-11-10 14:57:28.004    app     info:    [server-manager] Downloaded 3.38 GiB/4.85 GiB at 869.90 kiB/s
2025-11-10 14:57:29.016    app     info:    [server-manager] Downloaded 3.39 GiB/4.85 GiB at 1.04 MiB/s
2025-11-10 14:57:30.061    app     info:    [server-manager] Downloaded 3.39 GiB/4.85 GiB at 982.73 kiB/s
2025-11-10 14:57:31.134    app     info:    [server-manager] Downloaded 3.39 GiB/4.85 GiB at 546.49 kiB/s
2025-11-10 14:57:32.216    app     info:    [server-manager] Downloaded 3.39 GiB/4.85 GiB at 641.17 kiB/s
2025-11-10 14:57:33.233    app     info:    [server-manager] Downloaded 3.39 GiB/4.85 GiB at 727.27 kiB/s
2025-11-10 14:57:34.301    app     info:    [server-manager] Downloaded 3.39 GiB/4.85 GiB at 995.27 kiB/s
2025-11-10 14:57:35.333    app     info:    [server-manager] Downloaded 3.39 GiB/4.85 GiB at 348.51 kiB/s
2025-11-10 14:57:36.395    app     info:    [server-manager] Downloaded 3.39 GiB/4.85 GiB at 963.50 kiB/s
2025-11-10 14:57:37.426    app     info:    [server-manager] Downloaded 3.39 GiB/4.85 GiB at 478.09 kiB/s
2025-11-10 14:57:38.452    app     info:    [server-manager] Downloaded 3.39 GiB/4.85 GiB at 748.54 kiB/s
2025-11-10 14:57:39.490    app     info:    [server-manager] Downloaded 3.39 GiB/4.85 GiB at 1.05 MiB/s
2025-11-10 14:57:40.494    app     info:    [server-manager] Downloaded 3.39 GiB/4.85 GiB at 889.42 kiB/s
2025-11-10 14:57:41.527    app     info:    [server-manager] Downloaded 3.40 GiB/4.85 GiB at 948.62 kiB/s
2025-11-10 14:57:42.552    app     info:    [server-manager] Downloaded 3.40 GiB/4.85 GiB at 1.00 MiB/s
2025-11-10 14:57:43.630    app     info:    [server-manager] Downloaded 3.40 GiB/4.85 GiB at 869.90 kiB/s
2025-11-10 14:57:44.678    app     info:    [server-manager] Downloaded 3.40 GiB/4.85 GiB at 822.13 kiB/s
2025-11-10 14:57:45.711    app     info:    [server-manager] Downloaded 3.40 GiB/4.85 GiB at 875.47 kiB/s
2025-11-10 14:57:46.743    app     info:    [server-manager] Downloaded 3.40 GiB/4.85 GiB at 960.00 kiB/s
2025-11-10 14:57:47.763    app     info:    [server-manager] Downloaded 3.40 GiB/4.85 GiB at 957.53 kiB/s
2025-11-10 14:57:48.777    app     info:    [server-manager] Downloaded 3.40 GiB/4.85 GiB at 509.96 kiB/s
2025-11-10 14:57:49.803    app     info:    [server-manager] Downloaded 3.40 GiB/4.85 GiB at 803.09 kiB/s
2025-11-10 14:57:50.835    app     info:    [server-manager] Downloaded 3.40 GiB/4.85 GiB at 1.02 MiB/s
2025-11-10 14:57:51.871    app     info:    [server-manager] Downloaded 3.40 GiB/4.85 GiB at 827.04 kiB/s
2025-11-10 14:57:52.875    app     info:    [server-manager] Downloaded 3.41 GiB/4.85 GiB at 766.47 kiB/s
2025-11-10 14:57:53.881    app     info:    [server-manager] Downloaded 3.41 GiB/4.85 GiB at 803.09 kiB/s
2025-11-10 14:57:54.926    app     info:    [server-manager] Downloaded 3.41 GiB/4.85 GiB at 968.75 kiB/s
2025-11-10 14:57:55.940    app     info:    [server-manager] Downloaded 3.41 GiB/4.85 GiB at 946.28 kiB/s
2025-11-10 14:57:57.009    app     info:    [server-manager] Downloaded 3.41 GiB/4.85 GiB at 906.25 kiB/s
2025-11-10 14:57:58.027    app     info:    [server-manager] Downloaded 3.41 GiB/4.85 GiB at 904.76 kiB/s
2025-11-10 14:57:59.034    app     info:    [server-manager] Downloaded 3.41 GiB/4.85 GiB at 885.44 kiB/s
2025-11-10 14:58:00.088    app     info:    [server-manager] Downloaded 3.41 GiB/4.85 GiB at 742.12 kiB/s
2025-11-10 14:58:01.102    app     info:    [server-manager] Downloaded 3.41 GiB/4.85 GiB at 838.95 kiB/s
2025-11-10 14:58:02.146    app     info:    [server-manager] Downloaded 3.41 GiB/4.85 GiB at 1,000.00 kiB/s
2025-11-10 14:58:03.182    app     info:    [server-manager] Downloaded 3.41 GiB/4.85 GiB at 986.92 kiB/s
2025-11-10 14:58:04.211    app     info:    [server-manager] Downloaded 3.42 GiB/4.85 GiB at 822.13 kiB/s
2025-11-10 14:58:05.243    app     info:    [server-manager] Downloaded 3.42 GiB/4.85 GiB at 544.00 kiB/s
2025-11-10 14:58:06.251    app     info:    [server-manager] Downloaded 3.42 GiB/4.85 GiB at 895.75 kiB/s
2025-11-10 14:58:07.278    app     info:    [server-manager] Downloaded 3.42 GiB/4.85 GiB at 906.25 kiB/s
2025-11-10 14:58:08.310    app     info:    [server-manager] Downloaded 3.42 GiB/4.85 GiB at 827.59 kiB/s
2025-11-10 14:58:09.339    app     info:    [server-manager] Downloaded 3.42 GiB/4.85 GiB at 952.38 kiB/s
2025-11-10 14:58:10.369    app     info:    [server-manager] Downloaded 3.42 GiB/4.85 GiB at 986.92 kiB/s
2025-11-10 14:58:11.397    app     info:    [server-manager] Downloaded 3.42 GiB/4.85 GiB at 863.67 kiB/s
2025-11-10 14:58:12.405    app     info:    [server-manager] Downloaded 3.42 GiB/4.85 GiB at 910.82 kiB/s
2025-11-10 14:58:13.468    app     info:    [server-manager] Downloaded 3.42 GiB/4.85 GiB at 1.00 MiB/s
2025-11-10 14:58:14.524    app     info:    [server-manager] Downloaded 3.42 GiB/4.85 GiB at 783.43 kiB/s
2025-11-10 14:58:15.555    app     info:    [server-manager] Downloaded 3.42 GiB/4.85 GiB at 1.26 MiB/s
2025-11-10 14:58:16.564    app     info:    [server-manager] Downloaded 3.43 GiB/4.85 GiB at 916.03 kiB/s
2025-11-10 14:58:17.590    app     info:    [server-manager] Downloaded 3.43 GiB/4.85 GiB at 863.20 kiB/s
2025-11-10 14:58:18.624    app     info:    [server-manager] Downloaded 3.43 GiB/4.85 GiB at 478.09 kiB/s
2025-11-10 14:58:19.667    app     info:    [server-manager] Downloaded 3.43 GiB/4.85 GiB at 838.83 kiB/s
2025-11-10 14:58:20.702    app     info:    [server-manager] Downloaded 3.43 GiB/4.85 GiB at 931.57 kiB/s
2025-11-10 14:58:21.713    app     info:    [server-manager] Downloaded 3.43 GiB/4.85 GiB at 875.00 kiB/s
2025-11-10 14:58:22.745    app     info:    [server-manager] Downloaded 3.43 GiB/4.85 GiB at 948.15 kiB/s
2025-11-10 14:58:23.809    app     info:    [server-manager] Downloaded 3.43 GiB/4.85 GiB at 827.04 kiB/s
2025-11-10 14:58:24.835    app     info:    [server-manager] Downloaded 3.43 GiB/4.85 GiB at 868.22 kiB/s
2025-11-10 14:58:25.857    app     info:    [server-manager] Downloaded 3.43 GiB/4.85 GiB at 1.40 MiB/s
2025-11-10 14:58:26.871    app     info:    [server-manager] Downloaded 3.43 GiB/4.85 GiB at 384.00 kiB/s
2025-11-10 14:58:27.891    app     info:    [server-manager] Downloaded 3.44 GiB/4.85 GiB at 958.08 kiB/s
2025-11-10 14:58:28.913    app     info:    [server-manager] Downloaded 3.44 GiB/4.85 GiB at 769.23 kiB/s
2025-11-10 14:58:29.932    app     info:    [server-manager] Downloaded 3.44 GiB/4.85 GiB at 379.45 kiB/s
2025-11-10 14:58:30.955    app     info:    [server-manager] Downloaded 3.44 GiB/4.85 GiB at 900.74 kiB/s
2025-11-10 14:58:31.967    app     info:    [server-manager] Downloaded 3.44 GiB/4.85 GiB at 956.18 kiB/s
2025-11-10 14:58:33.004    app     info:    [server-manager] Downloaded 3.44 GiB/4.85 GiB at 835.59 kiB/s
2025-11-10 14:58:34.035    app     info:    [server-manager] Downloaded 3.44 GiB/4.85 GiB at 1.03 MiB/s
2025-11-10 14:58:35.099    app     info:    [server-manager] Downloaded 3.44 GiB/4.85 GiB at 919.54 kiB/s
2025-11-10 14:58:36.136    app     info:    [server-manager] Downloaded 3.44 GiB/4.85 GiB at 976.38 kiB/s
2025-11-10 14:58:37.172    app     info:    [server-manager] Downloaded 3.44 GiB/4.85 GiB at 883.81 kiB/s
2025-11-10 14:58:38.189    app     info:    [server-manager] Downloaded 3.44 GiB/4.85 GiB at 916.03 kiB/s
2025-11-10 14:58:39.243    app     info:    [server-manager] Downloaded 3.45 GiB/4.85 GiB at 1.14 MiB/s
2025-11-10 14:58:40.251    app     info:    [server-manager] Downloaded 3.45 GiB/4.85 GiB at 411.88 kiB/s
2025-11-10 14:58:41.260    app     info:    [server-manager] Downloaded 3.45 GiB/4.85 GiB at 988.05 kiB/s
2025-11-10 14:58:42.313    app     info:    [server-manager] Downloaded 3.45 GiB/4.85 GiB at 830.92 kiB/s
2025-11-10 14:58:43.374    app     info:    [server-manager] Downloaded 3.45 GiB/4.85 GiB at 866.54 kiB/s
2025-11-10 14:58:44.414    app     info:    [server-manager] Downloaded 3.45 GiB/4.85 GiB at 861.54 kiB/s
2025-11-10 14:58:45.465    app     info:    [server-manager] Downloaded 3.45 GiB/4.85 GiB at 986.51 kiB/s
2025-11-10 14:58:46.477    app     info:    [server-manager] Downloaded 3.45 GiB/4.85 GiB at 854.96 kiB/s
2025-11-10 14:58:47.505    app     info:    [server-manager] Downloaded 3.45 GiB/4.85 GiB at 477.14 kiB/s
2025-11-10 14:58:48.523    app     info:    [server-manager] Downloaded 3.45 GiB/4.85 GiB at 835.59 kiB/s
2025-11-10 14:58:49.543    app     info:    [server-manager] Downloaded 3.45 GiB/4.85 GiB at 892.43 kiB/s
2025-11-10 14:58:50.562    app     info:    [server-manager] Downloaded 3.46 GiB/4.85 GiB at 865.67 kiB/s
2025-11-10 14:58:51.616    app     info:    [server-manager] Downloaded 3.46 GiB/4.85 GiB at 930.23 kiB/s
2025-11-10 14:58:52.658    app     info:    [server-manager] Downloaded 3.46 GiB/4.85 GiB at 918.81 kiB/s
2025-11-10 14:58:53.680    app     info:    [server-manager] Downloaded 3.46 GiB/4.85 GiB at 766.47 kiB/s
2025-11-10 14:58:54.739    app     info:    [server-manager] Downloaded 3.46 GiB/4.85 GiB at 882.28 kiB/s
2025-11-10 14:58:55.791    app     info:    [server-manager] Downloaded 3.46 GiB/4.85 GiB at 1.02 MiB/s
2025-11-10 14:58:56.806    app     info:    [server-manager] Downloaded 3.46 GiB/4.85 GiB at 415.17 kiB/s
2025-11-10 14:58:57.838    app     info:    [server-manager] Downloaded 3.46 GiB/4.85 GiB at 826.00 kiB/s
2025-11-10 14:58:58.874    app     info:    [server-manager] Downloaded 3.46 GiB/4.85 GiB at 843.15 kiB/s
2025-11-10 14:58:59.900    app     info:    [server-manager] Downloaded 3.46 GiB/4.85 GiB at 917.78 kiB/s
2025-11-10 14:59:00.980    app     info:    [server-manager] Downloaded 3.46 GiB/4.85 GiB at 966.23 kiB/s
2025-11-10 14:59:02.013    app     info:    [server-manager] Downloaded 3.47 GiB/4.85 GiB at 958.46 kiB/s
2025-11-10 14:59:03.030    app     info:    [server-manager] Downloaded 3.47 GiB/4.85 GiB at 1.34 MiB/s
2025-11-10 14:59:04.037    app     info:    [server-manager] Downloaded 3.47 GiB/4.85 GiB at 1.26 MiB/s
2025-11-10 14:59:05.057    app     info:    [server-manager] Downloaded 3.47 GiB/4.85 GiB at 861.54 kiB/s
2025-11-10 14:59:06.062    app     info:    [server-manager] Downloaded 3.47 GiB/4.85 GiB at 899.22 kiB/s
2025-11-10 14:59:07.108    app     info:    [server-manager] Downloaded 3.47 GiB/4.85 GiB at 850.63 kiB/s
2025-11-10 14:59:08.144    app     info:    [server-manager] Downloaded 3.47 GiB/4.85 GiB at 1.01 MiB/s
2025-11-10 14:59:09.186    app     info:    [server-manager] Downloaded 3.47 GiB/4.85 GiB at 1.04 MiB/s
2025-11-10 14:59:10.218    app     info:    [server-manager] Downloaded 3.47 GiB/4.85 GiB at 851.71 kiB/s
2025-11-10 14:59:11.250    app     info:    [server-manager] Downloaded 3.47 GiB/4.85 GiB at 812.50 kiB/s
2025-11-10 14:59:12.255    app     info:    [server-manager] Downloaded 3.47 GiB/4.85 GiB at 809.34 kiB/s
2025-11-10 14:59:13.278    app     info:    [server-manager] Downloaded 3.47 GiB/4.85 GiB at 892.43 kiB/s
2025-11-10 14:59:14.306    app     info:    [server-manager] Downloaded 3.48 GiB/4.85 GiB at 878.79 kiB/s
2025-11-10 14:59:15.347    app     info:    [server-manager] Downloaded 3.48 GiB/4.85 GiB at 892.76 kiB/s
2025-11-10 14:59:16.376    app     info:    [server-manager] Downloaded 3.48 GiB/4.85 GiB at 913.39 kiB/s
2025-11-10 14:59:17.429    app     info:    [server-manager] Downloaded 3.48 GiB/4.85 GiB at 1.27 MiB/s
2025-11-10 14:59:18.435    app     info:    [server-manager] Downloaded 3.48 GiB/4.85 GiB at 1.33 MiB/s
2025-11-10 14:59:19.444    app     info:    [server-manager] Downloaded 3.48 GiB/4.85 GiB at 898.88 kiB/s
2025-11-10 14:59:20.487    app     info:    [server-manager] Downloaded 3.48 GiB/4.85 GiB at 892.31 kiB/s
2025-11-10 14:59:21.527    app     info:    [server-manager] Downloaded 3.48 GiB/4.85 GiB at 447.11 kiB/s
2025-11-10 14:59:22.557    app     info:    [server-manager] Downloaded 3.48 GiB/4.85 GiB at 937.50 kiB/s
2025-11-10 14:59:23.598    app     info:    [server-manager] Downloaded 3.48 GiB/4.85 GiB at 1.03 MiB/s
2025-11-10 14:59:24.623    app     info:    [server-manager] Downloaded 3.48 GiB/4.85 GiB at 383.23 kiB/s
2025-11-10 14:59:25.631    app     info:    [server-manager] Downloaded 3.49 GiB/4.85 GiB at 834.91 kiB/s
2025-11-10 14:59:26.659    app     info:    [server-manager] Downloaded 3.49 GiB/4.85 GiB at 911.59 kiB/s
2025-11-10 14:59:27.678    app     info:    [server-manager] Downloaded 3.49 GiB/4.85 GiB at 963.11 kiB/s
2025-11-10 14:59:28.688    app     info:    [server-manager] Downloaded 3.49 GiB/4.85 GiB at 922.47 kiB/s
2025-11-10 14:59:29.693    app     info:    [server-manager] Downloaded 3.49 GiB/4.85 GiB at 446.22 kiB/s
2025-11-10 14:59:30.717    app     info:    [server-manager] Downloaded 3.49 GiB/4.85 GiB at 1.14 MiB/s
2025-11-10 14:59:31.727    app     info:    [server-manager] Downloaded 3.49 GiB/4.85 GiB at 858.24 kiB/s
2025-11-10 14:59:32.742    app     info:    [server-manager] Downloaded 3.49 GiB/4.85 GiB at 448.00 kiB/s
2025-11-10 14:59:33.758    app     info:    [server-manager] Downloaded 3.49 GiB/4.85 GiB at 956.09 kiB/s
2025-11-10 14:59:34.779    app     info:    [server-manager] Downloaded 3.49 GiB/4.85 GiB at 439.75 kiB/s
2025-11-10 14:59:35.795    app     info:    [server-manager] Downloaded 3.49 GiB/4.85 GiB at 1,000.00 kiB/s
2025-11-10 14:59:36.866    app     info:    [server-manager] Downloaded 3.50 GiB/4.85 GiB at 1.20 MiB/s
2025-11-10 14:59:37.908    app     info:    [server-manager] Downloaded 3.50 GiB/4.85 GiB at 952.38 kiB/s
2025-11-10 14:59:38.929    app     info:    [server-manager] Downloaded 3.50 GiB/4.85 GiB at 621.36 kiB/s
2025-11-10 14:59:39.959    app     info:    [server-manager] Downloaded 3.50 GiB/4.85 GiB at 893.64 kiB/s
2025-11-10 14:59:40.995    app     info:    [server-manager] Downloaded 3.50 GiB/4.85 GiB at 1.01 MiB/s
2025-11-10 14:59:42.029    app     info:    [server-manager] Downloaded 3.50 GiB/4.85 GiB at 845.40 kiB/s
2025-11-10 14:59:43.064    app     info:    [server-manager] Downloaded 3.50 GiB/4.85 GiB at 974.17 kiB/s
2025-11-10 14:59:44.089    app     info:    [server-manager] Downloaded 3.50 GiB/4.85 GiB at 1.03 MiB/s
2025-11-10 14:59:45.137    app     info:    [server-manager] Downloaded 3.50 GiB/4.85 GiB at 972.38 kiB/s
2025-11-10 14:59:46.188    app     info:    [server-manager] Downloaded 3.50 GiB/4.85 GiB at 1.27 MiB/s
2025-11-10 14:59:47.190    app     info:    [server-manager] Downloaded 3.50 GiB/4.85 GiB at 926.15 kiB/s
2025-11-10 14:59:48.223    app     info:    [server-manager] Downloaded 3.50 GiB/4.85 GiB at 872.18 kiB/s
2025-11-10 14:59:49.274    app     info:    [server-manager] Downloaded 3.51 GiB/4.85 GiB at 448.00 kiB/s
2025-11-10 14:59:50.274    app     info:    [server-manager] Downloaded 3.51 GiB/4.85 GiB at 862.28 kiB/s
2025-11-10 14:59:51.304    app     info:    [server-manager] Downloaded 3.51 GiB/4.85 GiB at 921.45 kiB/s
2025-11-10 14:59:52.309    app     info:    [server-manager] Downloaded 3.51 GiB/4.85 GiB at 996.11 kiB/s
2025-11-10 14:59:53.373    app     info:    [server-manager] Downloaded 3.51 GiB/4.85 GiB at 443.56 kiB/s
2025-11-10 14:59:54.414    app     info:    [server-manager] Downloaded 3.51 GiB/4.85 GiB at 636.18 kiB/s
2025-11-10 14:59:55.475    app     info:    [server-manager] Downloaded 3.51 GiB/4.85 GiB at 520.80 kiB/s
2025-11-10 14:59:56.545    app     info:    [server-manager] Downloaded 3.51 GiB/4.85 GiB at 1.19 MiB/s
2025-11-10 14:59:57.567    app     info:    [server-manager] Downloaded 3.51 GiB/4.85 GiB at 972.80 kiB/s
2025-11-10 14:59:58.579    app     info:    [server-manager] Downloaded 3.51 GiB/4.85 GiB at 873.29 kiB/s
2025-11-10 14:59:59.621    app     info:    [server-manager] Downloaded 3.51 GiB/4.85 GiB at 894.21 kiB/s
2025-11-10 15:00:00.626    app     info:    [server-manager] Downloaded 3.51 GiB/4.85 GiB at 871.60 kiB/s
2025-11-10 15:00:01.670    app     info:    [server-manager] Downloaded 3.52 GiB/4.85 GiB at 979.59 kiB/s
2025-11-10 15:00:02.712    app     info:    [server-manager] Downloaded 3.52 GiB/4.85 GiB at 1,013.86 kiB/s
2025-11-10 15:00:03.760    app     info:    [server-manager] Downloaded 3.52 GiB/4.85 GiB at 941.18 kiB/s
2025-11-10 15:00:04.768    app     info:    [server-manager] Downloaded 3.52 GiB/4.85 GiB at 955.68 kiB/s
2025-11-10 15:00:05.817    app     info:    [server-manager] Downloaded 3.52 GiB/4.85 GiB at 856.60 kiB/s
2025-11-10 15:00:06.846    app     info:    [server-manager] Downloaded 3.52 GiB/4.85 GiB at 932.12 kiB/s
2025-11-10 15:00:07.873    app     info:    [server-manager] Downloaded 3.52 GiB/4.85 GiB at 1.37 MiB/s
2025-11-10 15:00:08.897    app     info:    [server-manager] Downloaded 3.52 GiB/4.85 GiB at 1,014.02 kiB/s
2025-11-10 15:00:09.930    app     info:    [server-manager] Downloaded 3.52 GiB/4.85 GiB at 807.36 kiB/s
2025-11-10 15:00:10.941    app     info:    [server-manager] Downloaded 3.52 GiB/4.85 GiB at 845.40 kiB/s
2025-11-10 15:00:11.966    app     info:    [server-manager] Downloaded 3.52 GiB/4.85 GiB at 947.50 kiB/s
2025-11-10 15:00:12.995    app     info:    [server-manager] Downloaded 3.53 GiB/4.85 GiB at 897.49 kiB/s
2025-11-10 15:00:14.037    app     info:    [server-manager] Downloaded 3.53 GiB/4.85 GiB at 882.13 kiB/s
2025-11-10 15:00:15.067    app     info:    [server-manager] Downloaded 3.53 GiB/4.85 GiB at 949.13 kiB/s
2025-11-10 15:00:16.091    app     info:    [server-manager] Downloaded 3.53 GiB/4.85 GiB at 415.17 kiB/s
2025-11-10 15:00:17.116    app     info:    [server-manager] Downloaded 3.53 GiB/4.85 GiB at 926.64 kiB/s
2025-11-10 15:00:18.169    app     info:    [server-manager] Downloaded 3.53 GiB/4.85 GiB at 894.03 kiB/s
2025-11-10 15:00:19.195    app     info:    [server-manager] Downloaded 3.53 GiB/4.85 GiB at 585.88 kiB/s
2025-11-10 15:00:20.203    app     info:    [server-manager] Downloaded 3.53 GiB/4.85 GiB at 1.31 MiB/s
2025-11-10 15:00:21.224    app     info:    [server-manager] Downloaded 3.53 GiB/4.85 GiB at 892.79 kiB/s
2025-11-10 15:00:22.257    app     info:    [server-manager] Downloaded 3.53 GiB/4.85 GiB at 510.98 kiB/s
2025-11-10 15:00:23.283    app     info:    [server-manager] Downloaded 3.53 GiB/4.85 GiB at 1.24 MiB/s
2025-11-10 15:00:24.285    app     info:    [server-manager] Downloaded 3.54 GiB/4.85 GiB at 820.51 kiB/s
2025-11-10 15:00:25.311    app     info:    [server-manager] Downloaded 3.54 GiB/4.85 GiB at 928.43 kiB/s
2025-11-10 15:00:26.351    app     info:    [server-manager] Downloaded 3.54 GiB/4.85 GiB at 959.38 kiB/s
2025-11-10 15:00:27.400    app     info:    [server-manager] Downloaded 3.54 GiB/4.85 GiB at 861.54 kiB/s
2025-11-10 15:00:28.422    app     info:    [server-manager] Downloaded 3.54 GiB/4.85 GiB at 784.31 kiB/s
2025-11-10 15:00:29.438    app     info:    [server-manager] Downloaded 3.54 GiB/4.85 GiB at 815.81 kiB/s
2025-11-10 15:00:30.467    app     info:    [server-manager] Downloaded 3.54 GiB/4.85 GiB at 574.85 kiB/s
2025-11-10 15:00:31.505    app     info:    [server-manager] Downloaded 3.54 GiB/4.85 GiB at 892.19 kiB/s
2025-11-10 15:00:32.547    app     info:    [server-manager] Downloaded 3.54 GiB/4.85 GiB at 932.33 kiB/s
2025-11-10 15:00:33.620    app     info:    [server-manager] Downloaded 3.54 GiB/4.85 GiB at 841.99 kiB/s
2025-11-10 15:00:34.633    app     info:    [server-manager] Downloaded 3.54 GiB/4.85 GiB at 532.00 kiB/s
2025-11-10 15:00:35.642    app     info:    [server-manager] Downloaded 3.54 GiB/4.85 GiB at 992.25 kiB/s
2025-11-10 15:00:36.674    app     info:    [server-manager] Downloaded 3.55 GiB/4.85 GiB at 1.02 MiB/s
2025-11-10 15:00:37.715    app     info:    [server-manager] Downloaded 3.55 GiB/4.85 GiB at 998.88 kiB/s
2025-11-10 15:00:38.720    app     info:    [server-manager] Downloaded 3.55 GiB/4.85 GiB at 415.17 kiB/s
2025-11-10 15:00:39.754    app     info:    [server-manager] Downloaded 3.55 GiB/4.85 GiB at 847.06 kiB/s
2025-11-10 15:00:40.788    app     info:    [server-manager] Downloaded 3.55 GiB/4.85 GiB at 675.64 kiB/s
2025-11-10 15:00:41.852    app     info:    [server-manager] Downloaded 3.55 GiB/4.85 GiB at 993.87 kiB/s
2025-11-10 15:00:42.876    app     info:    [server-manager] Downloaded 3.55 GiB/4.85 GiB at 866.54 kiB/s
2025-11-10 15:00:43.955    app     info:    [server-manager] Downloaded 3.55 GiB/4.85 GiB at 1,000.00 kiB/s
2025-11-10 15:00:44.986    app     info:    [server-manager] Downloaded 3.55 GiB/4.85 GiB at 831.08 kiB/s
2025-11-10 15:00:46.030    app     info:    [server-manager] Downloaded 3.55 GiB/4.85 GiB at 894.21 kiB/s
2025-11-10 15:00:47.035    app     info:    [server-manager] Downloaded 3.55 GiB/4.85 GiB at 953.85 kiB/s
2025-11-10 15:00:48.071    app     info:    [server-manager] Downloaded 3.56 GiB/4.85 GiB at 679.54 kiB/s
2025-11-10 15:00:49.113    app     info:    [server-manager] Downloaded 3.56 GiB/4.85 GiB at 764.82 kiB/s
2025-11-10 15:00:50.125    app     info:    [server-manager] Downloaded 3.56 GiB/4.85 GiB at 882.13 kiB/s
2025-11-10 15:00:51.180    app     info:    [server-manager] Downloaded 3.56 GiB/4.85 GiB at 842.11 kiB/s
2025-11-10 15:00:52.186    app     info:    [server-manager] Downloaded 3.56 GiB/4.85 GiB at 931.55 kiB/s
2025-11-10 15:00:53.235    app     info:    [server-manager] Downloaded 3.56 GiB/4.85 GiB at 990.53 kiB/s
2025-11-10 15:00:54.245    app     info:    [server-manager] Downloaded 3.56 GiB/4.85 GiB at 857.14 kiB/s
2025-11-10 15:00:55.253    app     info:    [server-manager] Downloaded 3.56 GiB/4.85 GiB at 931.47 kiB/s
2025-11-10 15:00:56.275    app     info:    [server-manager] Downloaded 3.56 GiB/4.85 GiB at 913.39 kiB/s
2025-11-10 15:00:57.313    app     info:    [server-manager] Downloaded 3.56 GiB/4.85 GiB at 1.37 MiB/s
2025-11-10 15:00:58.339    app     info:    [server-manager] Downloaded 3.56 GiB/4.85 GiB at 1.37 MiB/s
2025-11-10 15:00:59.356    app     info:    [server-manager] Downloaded 3.56 GiB/4.85 GiB at 921.31 kiB/s
2025-11-10 15:01:00.380    app     info:    [server-manager] Downloaded 3.57 GiB/4.85 GiB at 978.30 kiB/s
2025-11-10 15:01:01.413    app     info:    [server-manager] Downloaded 3.57 GiB/4.85 GiB at 838.83 kiB/s
2025-11-10 15:01:02.433    app     info:    [server-manager] Downloaded 3.57 GiB/4.85 GiB at 862.28 kiB/s
2025-11-10 15:01:03.438    app     info:    [server-manager] Downloaded 3.57 GiB/4.85 GiB at 412.70 kiB/s
2025-11-10 15:01:04.465    app     info:    [server-manager] Downloaded 3.57 GiB/4.85 GiB at 830.77 kiB/s
2025-11-10 15:01:05.492    app     info:    [server-manager] Downloaded 3.57 GiB/4.85 GiB at 990.33 kiB/s
2025-11-10 15:01:06.512    app     info:    [server-manager] Downloaded 3.57 GiB/4.85 GiB at 1.32 MiB/s
2025-11-10 15:01:07.517    app     info:    [server-manager] Downloaded 3.57 GiB/4.85 GiB at 912.01 kiB/s
2025-11-10 15:01:08.570    app     info:    [server-manager] Downloaded 3.57 GiB/4.85 GiB at 731.26 kiB/s
2025-11-10 15:01:09.629    app     info:    [server-manager] Downloaded 3.57 GiB/4.85 GiB at 758.89 kiB/s
2025-11-10 15:01:10.641    app     info:    [server-manager] Downloaded 3.57 GiB/4.85 GiB at 990.02 kiB/s
2025-11-10 15:01:11.661    app     info:    [server-manager] Downloaded 3.58 GiB/4.85 GiB at 1.39 MiB/s
2025-11-10 15:01:12.694    app     info:    [server-manager] Downloaded 3.58 GiB/4.85 GiB at 779.73 kiB/s
2025-11-10 15:01:13.741    app     info:    [server-manager] Downloaded 3.58 GiB/4.85 GiB at 1.38 MiB/s
2025-11-10 15:01:14.745    app     info:    [server-manager] Downloaded 3.58 GiB/4.85 GiB at 1,012.62 kiB/s
2025-11-10 15:01:15.780    app     info:    [server-manager] Downloaded 3.58 GiB/4.85 GiB at 384.00 kiB/s
2025-11-10 15:01:16.785    app     info:    [server-manager] Downloaded 3.58 GiB/4.85 GiB at 965.32 kiB/s
2025-11-10 15:01:17.814    app     info:    [server-manager] Downloaded 3.58 GiB/4.85 GiB at 954.27 kiB/s
2025-11-10 15:01:18.840    app     info:    [server-manager] Downloaded 3.58 GiB/4.85 GiB at 349.90 kiB/s
2025-11-10 15:01:19.884    app     info:    [server-manager] Downloaded 3.58 GiB/4.85 GiB at 1,015.38 kiB/s
2025-11-10 15:01:20.902    app     info:    [server-manager] Downloaded 3.58 GiB/4.85 GiB at 904.48 kiB/s
2025-11-10 15:01:21.932    app     info:    [server-manager] Downloaded 3.58 GiB/4.85 GiB at 943.03 kiB/s
2025-11-10 15:01:22.962    app     info:    [server-manager] Downloaded 3.59 GiB/4.85 GiB at 877.13 kiB/s
2025-11-10 15:01:23.981    app     info:    [server-manager] Downloaded 3.59 GiB/4.85 GiB at 858.85 kiB/s
2025-11-10 15:01:25.036    app     info:    [server-manager] Downloaded 3.59 GiB/4.85 GiB at 565.82 kiB/s
2025-11-10 15:01:26.066    app     info:    [server-manager] Downloaded 3.59 GiB/4.85 GiB at 645.87 kiB/s
2025-11-10 15:01:27.156    app     info:    [server-manager] Downloaded 3.59 GiB/4.85 GiB at 956.52 kiB/s
2025-11-10 15:01:28.191    app     info:    [server-manager] Downloaded 3.59 GiB/4.85 GiB at 1.04 MiB/s
2025-11-10 15:01:29.231    app     info:    [server-manager] Downloaded 3.59 GiB/4.85 GiB at 722.22 kiB/s
2025-11-10 15:01:30.297    app     info:    [server-manager] Downloaded 3.59 GiB/4.85 GiB at 902.26 kiB/s
2025-11-10 15:01:31.351    app     info:    [server-manager] Downloaded 3.59 GiB/4.85 GiB at 960.00 kiB/s
2025-11-10 15:01:32.373    app     info:    [server-manager] Downloaded 3.59 GiB/4.85 GiB at 1.30 MiB/s
2025-11-10 15:01:33.377    app     info:    [server-manager] Downloaded 3.59 GiB/4.85 GiB at 861.52 kiB/s
2025-11-10 15:01:34.423    app     info:    [server-manager] Downloaded 3.59 GiB/4.85 GiB at 1.00 MiB/s
2025-11-10 15:01:35.433    app     info:    [server-manager] Downloaded 3.60 GiB/4.85 GiB at 941.18 kiB/s
2025-11-10 15:01:36.473    app     info:    [server-manager] Downloaded 3.60 GiB/4.85 GiB at 962.53 kiB/s
2025-11-10 15:01:37.506    app     info:    [server-manager] Downloaded 3.60 GiB/4.85 GiB at 1.01 MiB/s
2025-11-10 15:01:38.559    app     info:    [server-manager] Downloaded 3.60 GiB/4.85 GiB at 777.57 kiB/s
2025-11-10 15:01:39.621    app     info:    [server-manager] Downloaded 3.60 GiB/4.85 GiB at 887.13 kiB/s
2025-11-10 15:01:40.653    app     info:    [server-manager] Downloaded 3.60 GiB/4.85 GiB at 1.29 MiB/s
2025-11-10 15:01:41.655    app     info:    [server-manager] Downloaded 3.60 GiB/4.85 GiB at 838.65 kiB/s
2025-11-10 15:01:42.682    app     info:    [server-manager] Downloaded 3.60 GiB/4.85 GiB at 926.15 kiB/s
2025-11-10 15:01:43.684    app     info:    [server-manager] Downloaded 3.60 GiB/4.85 GiB at 917.00 kiB/s
2025-11-10 15:01:44.711    app     info:    [server-manager] Downloaded 3.60 GiB/4.85 GiB at 755.91 kiB/s
2025-11-10 15:01:45.728    app     info:    [server-manager] Downloaded 3.60 GiB/4.85 GiB at 781.25 kiB/s
2025-11-10 15:01:46.744    app     info:    [server-manager] Downloaded 3.60 GiB/4.85 GiB at 1.19 MiB/s
2025-11-10 15:01:47.754    app     info:    [server-manager] Downloaded 3.61 GiB/4.85 GiB at 912.55 kiB/s
2025-11-10 15:01:48.802    app     info:    [server-manager] Downloaded 3.61 GiB/4.85 GiB at 890.54 kiB/s
2025-11-10 15:01:49.851    app     info:    [server-manager] Downloaded 3.61 GiB/4.85 GiB at 887.13 kiB/s
2025-11-10 15:01:50.900    app     info:    [server-manager] Downloaded 3.61 GiB/4.85 GiB at 988.05 kiB/s
2025-11-10 15:01:51.964    app     info:    [server-manager] Downloaded 3.61 GiB/4.85 GiB at 1.38 MiB/s
2025-11-10 15:01:52.988    app     info:    [server-manager] Downloaded 3.61 GiB/4.85 GiB at 921.31 kiB/s
2025-11-10 15:01:54.026    app     info:    [server-manager] Downloaded 3.61 GiB/4.85 GiB at 825.58 kiB/s
2025-11-10 15:01:55.036    app     info:    [server-manager] Downloaded 3.61 GiB/4.85 GiB at 943.03 kiB/s
2025-11-10 15:01:56.065    app     info:    [server-manager] Downloaded 3.61 GiB/4.85 GiB at 801.82 kiB/s
2025-11-10 15:01:57.073    app     info:    [server-manager] Downloaded 3.61 GiB/4.85 GiB at 878.71 kiB/s
2025-11-10 15:01:58.108    app     info:    [server-manager] Downloaded 3.61 GiB/4.85 GiB at 967.86 kiB/s
2025-11-10 15:01:59.156    app     info:    [server-manager] Downloaded 3.62 GiB/4.85 GiB at 988.05 kiB/s
2025-11-10 15:02:00.207    app     info:    [server-manager] Downloaded 3.62 GiB/4.85 GiB at 862.93 kiB/s
2025-11-10 15:02:01.248    app     info:    [server-manager] Downloaded 3.62 GiB/4.85 GiB at 476.19 kiB/s
2025-11-10 15:02:02.285    app     info:    [server-manager] Downloaded 3.62 GiB/4.85 GiB at 818.90 kiB/s
2025-11-10 15:02:03.309    app     info:    [server-manager] Downloaded 3.62 GiB/4.85 GiB at 367.27 kiB/s
2025-11-10 15:02:04.319    app     info:    [server-manager] Downloaded 3.62 GiB/4.85 GiB at 845.40 kiB/s
2025-11-10 15:02:05.342    app     info:    [server-manager] Downloaded 3.62 GiB/4.85 GiB at 896.00 kiB/s
2025-11-10 15:02:06.342    app     info:    [server-manager] Downloaded 3.62 GiB/4.85 GiB at 787.40 kiB/s
2025-11-10 15:02:07.386    app     info:    [server-manager] Downloaded 3.62 GiB/4.85 GiB at 1,014.92 kiB/s
2025-11-10 15:02:08.432    app     info:    [server-manager] Downloaded 3.62 GiB/4.85 GiB at 679.54 kiB/s
2025-11-10 15:02:09.464    app     info:    [server-manager] Downloaded 3.62 GiB/4.85 GiB at 841.30 kiB/s
2025-11-10 15:02:10.508    app     info:    [server-manager] Downloaded 3.62 GiB/4.85 GiB at 932.33 kiB/s
2025-11-10 15:02:11.574    app     info:    [server-manager] Downloaded 3.63 GiB/4.85 GiB at 923.08 kiB/s
2025-11-10 15:02:12.599    app     info:    [server-manager] Downloaded 3.63 GiB/4.85 GiB at 832.37 kiB/s
2025-11-10 15:02:13.627    app     info:    [server-manager] Downloaded 3.63 GiB/4.85 GiB at 1,003.92 kiB/s
2025-11-10 15:02:14.628    app     info:    [server-manager] Downloaded 3.63 GiB/4.85 GiB at 845.40 kiB/s
2025-11-10 15:02:15.845    app     info:    [server-manager] Downloaded 3.63 GiB/4.85 GiB at 1.14 MiB/s
2025-11-10 15:02:16.858    app     info:    [server-manager] Downloaded 3.63 GiB/4.85 GiB at 692.53 kiB/s
2025-11-10 15:02:17.891    app     info:    [server-manager] Downloaded 3.63 GiB/4.85 GiB at 859.88 kiB/s
2025-11-10 15:02:18.917    app     info:    [server-manager] Downloaded 3.63 GiB/4.85 GiB at 860.56 kiB/s
2025-11-10 15:02:19.935    app     info:    [server-manager] Downloaded 3.63 GiB/4.85 GiB at 820.51 kiB/s
2025-11-10 15:02:21.170    app     info:    [server-manager] Downloaded 3.63 GiB/4.85 GiB at 402.69 kiB/s
2025-11-10 15:02:22.187    app     info:    [server-manager] Downloaded 3.63 GiB/4.85 GiB at 823.76 kiB/s
2025-11-10 15:02:23.211    app     info:    [server-manager] Downloaded 3.63 GiB/4.85 GiB at 814.09 kiB/s
2025-11-10 15:02:24.219    app     info:    [server-manager] Downloaded 3.63 GiB/4.85 GiB at 956.18 kiB/s
2025-11-10 15:02:25.277    app     info:    [server-manager] Downloaded 3.64 GiB/4.85 GiB at 784.00 kiB/s
2025-11-10 15:02:26.283    app     info:    [server-manager] Downloaded 3.64 GiB/4.85 GiB at 316.83 kiB/s
2025-11-10 15:02:27.311    app     info:    [server-manager] Downloaded 3.64 GiB/4.85 GiB at 926.64 kiB/s
2025-11-10 15:02:28.343    app     info:    [server-manager] Downloaded 3.64 GiB/4.85 GiB at 876.71 kiB/s
2025-11-10 15:02:29.371    app     info:    [server-manager] Downloaded 3.64 GiB/4.85 GiB at 812.98 kiB/s
2025-11-10 15:02:30.412    app     info:    [server-manager] Downloaded 3.64 GiB/4.85 GiB at 876.71 kiB/s
2025-11-10 15:02:31.438    app     info:    [server-manager] Downloaded 3.64 GiB/4.85 GiB at 1.30 MiB/s
2025-11-10 15:02:32.439    app     info:    [server-manager] Downloaded 3.64 GiB/4.85 GiB at 848.57 kiB/s
2025-11-10 15:02:33.473    app     info:    [server-manager] Downloaded 3.64 GiB/4.85 GiB at 593.75 kiB/s
2025-11-10 15:02:34.477    app     info:    [server-manager] Downloaded 3.64 GiB/4.85 GiB at 962.41 kiB/s
2025-11-10 15:02:35.590    app     info:    [server-manager] Downloaded 3.64 GiB/4.85 GiB at 962.41 kiB/s
2025-11-10 15:02:36.629    app     info:    [server-manager] Downloaded 3.64 GiB/4.85 GiB at 978.30 kiB/s
2025-11-10 15:02:37.665    app     info:    [server-manager] Downloaded 3.65 GiB/4.85 GiB at 324.99 kiB/s
2025-11-10 15:02:38.712    app     info:    [server-manager] Downloaded 3.65 GiB/4.85 GiB at 1.18 MiB/s
2025-11-10 15:02:39.774    app     info:    [server-manager] Downloaded 3.65 GiB/4.85 GiB at 924.86 kiB/s
2025-11-10 15:02:40.819    app     info:    [server-manager] Downloaded 3.65 GiB/4.85 GiB at 934.31 kiB/s
2025-11-10 15:02:41.886    app     info:    [server-manager] Downloaded 3.65 GiB/4.85 GiB at 833.33 kiB/s
2025-11-10 15:02:42.927    app     info:    [server-manager] Downloaded 3.65 GiB/4.85 GiB at 853.62 kiB/s
2025-11-10 15:02:43.976    app     info:    [server-manager] Downloaded 3.65 GiB/4.85 GiB at 844.25 kiB/s
2025-11-10 15:02:45.060    app     info:    [server-manager] Downloaded 3.65 GiB/4.85 GiB at 862.28 kiB/s
2025-11-10 15:02:46.069    app     info:    [server-manager] Downloaded 3.65 GiB/4.85 GiB at 1.39 MiB/s
2025-11-10 15:02:47.071    app     info:    [server-manager] Downloaded 3.65 GiB/4.85 GiB at 970.08 kiB/s
2025-11-10 15:02:48.095    app     info:    [server-manager] Downloaded 3.65 GiB/4.85 GiB at 977.10 kiB/s
2025-11-10 15:02:49.121    app     info:    [server-manager] Downloaded 3.66 GiB/4.85 GiB at 1.43 MiB/s
2025-11-10 15:02:50.126    app     info:    [server-manager] Downloaded 3.66 GiB/4.85 GiB at 903.75 kiB/s
2025-11-10 15:02:51.153    app     info:    [server-manager] Downloaded 3.66 GiB/4.85 GiB at 1.06 MiB/s
2025-11-10 15:02:52.159    app     info:    [server-manager] Downloaded 3.66 GiB/4.85 GiB at 447.11 kiB/s
2025-11-10 15:02:53.196    app     info:    [server-manager] Downloaded 3.66 GiB/4.85 GiB at 1.00 MiB/s
2025-11-10 15:02:54.215    app     info:    [server-manager] Downloaded 3.66 GiB/4.85 GiB at 526.95 kiB/s
2025-11-10 15:02:55.244    app     info:    [server-manager] Downloaded 3.66 GiB/4.85 GiB at 890.80 kiB/s
2025-11-10 15:02:56.281    app     info:    [server-manager] Downloaded 3.66 GiB/4.85 GiB at 796.81 kiB/s
2025-11-10 15:02:57.290    app     info:    [server-manager] Downloaded 3.66 GiB/4.85 GiB at 977.66 kiB/s
2025-11-10 15:02:58.307    app     info:    [server-manager] Downloaded 3.66 GiB/4.85 GiB at 958.08 kiB/s
2025-11-10 15:02:59.308    app     info:    [server-manager] Downloaded 3.66 GiB/4.85 GiB at 796.81 kiB/s
2025-11-10 15:03:00.353    app     info:    [server-manager] Downloaded 3.67 GiB/4.85 GiB at 895.75 kiB/s
2025-11-10 15:03:01.381    app     info:    [server-manager] Downloaded 3.67 GiB/4.85 GiB at 1.09 MiB/s
2025-11-10 15:03:02.402    app     info:    [server-manager] Downloaded 3.67 GiB/4.85 GiB at 736.80 kiB/s
2025-11-10 15:03:03.406    app     info:    [server-manager] Downloaded 3.67 GiB/4.85 GiB at 906.25 kiB/s
2025-11-10 15:03:04.439    app     info:    [server-manager] Downloaded 3.67 GiB/4.85 GiB at 832.37 kiB/s
2025-11-10 15:03:05.476    app     info:    [server-manager] Downloaded 3.67 GiB/4.85 GiB at 1.32 MiB/s
2025-11-10 15:03:06.496    app     info:    [server-manager] Downloaded 3.67 GiB/4.85 GiB at 992.00 kiB/s
2025-11-10 15:03:07.526    app     info:    [server-manager] Downloaded 3.67 GiB/4.85 GiB at 446.22 kiB/s
2025-11-10 15:03:08.535    app     info:    [server-manager] Downloaded 3.67 GiB/4.85 GiB at 734.53 kiB/s
2025-11-10 15:03:09.608    app     info:    [server-manager] Downloaded 3.67 GiB/4.85 GiB at 601.50 kiB/s
2025-11-10 15:03:10.621    app     info:    [server-manager] Downloaded 3.67 GiB/4.85 GiB at 1.01 MiB/s
2025-11-10 15:03:11.641    app     info:    [server-manager] Downloaded 3.67 GiB/4.85 GiB at 946.19 kiB/s
2025-11-10 15:03:12.687    app     info:    [server-manager] Downloaded 3.68 GiB/4.85 GiB at 1.35 MiB/s
2025-11-10 15:03:13.688    app     info:    [server-manager] Downloaded 3.68 GiB/4.85 GiB at 509.96 kiB/s
2025-11-10 15:03:14.708    app     info:    [server-manager] Downloaded 3.68 GiB/4.85 GiB at 972.55 kiB/s
2025-11-10 15:03:15.743    app     info:    [server-manager] Downloaded 3.68 GiB/4.85 GiB at 930.23 kiB/s
2025-11-10 15:03:16.776    app     info:    [server-manager] Downloaded 3.68 GiB/4.85 GiB at 1,021.96 kiB/s
2025-11-10 15:03:17.801    app     info:    [server-manager] Downloaded 3.68 GiB/4.85 GiB at 983.24 kiB/s
2025-11-10 15:03:18.849    app     info:    [server-manager] Downloaded 3.68 GiB/4.85 GiB at 1.30 MiB/s
2025-11-10 15:03:19.867    app     info:    [server-manager] Downloaded 3.68 GiB/4.85 GiB at 874.32 kiB/s
2025-11-10 15:03:20.903    app     info:    [server-manager] Downloaded 3.68 GiB/4.85 GiB at 509.96 kiB/s
2025-11-10 15:03:21.918    app     info:    [server-manager] Downloaded 3.68 GiB/4.85 GiB at 844.00 kiB/s
2025-11-10 15:03:22.967    app     info:    [server-manager] Downloaded 3.68 GiB/4.85 GiB at 1.22 MiB/s
2025-11-10 15:03:23.992    app     info:    [server-manager] Downloaded 3.69 GiB/4.85 GiB at 977.10 kiB/s
2025-11-10 15:03:25.004    app     info:    [server-manager] Downloaded 3.69 GiB/4.85 GiB at 815.69 kiB/s
2025-11-10 15:03:26.027    app     info:    [server-manager] Downloaded 3.69 GiB/4.85 GiB at 496.00 kiB/s
2025-11-10 15:03:27.028    app     info:    [server-manager] Downloaded 3.69 GiB/4.85 GiB at 862.28 kiB/s
2025-11-10 15:03:28.059    app     info:    [server-manager] Downloaded 3.69 GiB/4.85 GiB at 773.69 kiB/s
2025-11-10 15:03:29.089    app     info:    [server-manager] Downloaded 3.69 GiB/4.85 GiB at 611.76 kiB/s
2025-11-10 15:03:30.107    app     info:    [server-manager] Downloaded 3.69 GiB/4.85 GiB at 809.34 kiB/s
2025-11-10 15:03:31.132    app     info:    [server-manager] Downloaded 3.69 GiB/4.85 GiB at 835.82 kiB/s
2025-11-10 15:03:32.217    app     info:    [server-manager] Downloaded 3.69 GiB/4.85 GiB at 682.06 kiB/s
2025-11-10 15:03:33.276    app     info:    [server-manager] Downloaded 3.69 GiB/4.85 GiB at 666.67 kiB/s
2025-11-10 15:03:34.331    app     info:    [server-manager] Downloaded 3.69 GiB/4.85 GiB at 1,001.90 kiB/s
2025-11-10 15:03:35.344    app     info:    [server-manager] Downloaded 3.69 GiB/4.85 GiB at 605.58 kiB/s
2025-11-10 15:03:36.388    app     info:    [server-manager] Downloaded 3.69 GiB/4.85 GiB at 800.00 kiB/s
2025-11-10 15:03:37.409    app     info:    [server-manager] Downloaded 3.70 GiB/4.85 GiB at 718.93 kiB/s
2025-11-10 15:03:38.439    app     info:    [server-manager] Downloaded 3.70 GiB/4.85 GiB at 843.75 kiB/s
2025-11-10 15:03:39.469    app     info:    [server-manager] Downloaded 3.70 GiB/4.85 GiB at 414.34 kiB/s
2025-11-10 15:03:40.496    app     info:    [server-manager] Downloaded 3.70 GiB/4.85 GiB at 926.64 kiB/s
2025-11-10 15:03:41.529    app     info:    [server-manager] Downloaded 3.70 GiB/4.85 GiB at 1,009.86 kiB/s
2025-11-10 15:03:42.569    app     info:    [server-manager] Downloaded 3.70 GiB/4.85 GiB at 1.24 MiB/s
2025-11-10 15:03:43.605    app     info:    [server-manager] Downloaded 3.70 GiB/4.85 GiB at 1.03 MiB/s
2025-11-10 15:03:44.638    app     info:    [server-manager] Downloaded 3.70 GiB/4.85 GiB at 929.22 kiB/s
2025-11-10 15:03:45.694    app     info:    [server-manager] Downloaded 3.70 GiB/4.85 GiB at 1.23 MiB/s
2025-11-10 15:03:46.716    app     info:    [server-manager] Downloaded 3.70 GiB/4.85 GiB at 416.00 kiB/s
2025-11-10 15:03:47.742    app     info:    [server-manager] Downloaded 3.70 GiB/4.85 GiB at 941.18 kiB/s
2025-11-10 15:03:48.809    app     info:    [server-manager] Downloaded 3.71 GiB/4.85 GiB at 820.51 kiB/s
2025-11-10 15:03:49.830    app     info:    [server-manager] Downloaded 3.71 GiB/4.85 GiB at 953.85 kiB/s
2025-11-10 15:03:50.840    app     info:    [server-manager] Downloaded 3.71 GiB/4.85 GiB at 416.00 kiB/s
2025-11-10 15:03:51.872    app     info:    [server-manager] Downloaded 3.71 GiB/4.85 GiB at 902.26 kiB/s
2025-11-10 15:03:52.907    app     info:    [server-manager] Downloaded 3.71 GiB/4.85 GiB at 825.40 kiB/s
2025-11-10 15:03:53.913    app     info:    [server-manager] Downloaded 3.71 GiB/4.85 GiB at 351.30 kiB/s
2025-11-10 15:03:54.959    app     info:    [server-manager] Downloaded 3.71 GiB/4.85 GiB at 916.50 kiB/s
2025-11-10 15:03:55.967    app     info:    [server-manager] Downloaded 3.71 GiB/4.85 GiB at 862.28 kiB/s
2025-11-10 15:03:56.980    app     info:    [server-manager] Downloaded 3.71 GiB/4.85 GiB at 937.50 kiB/s
2025-11-10 15:03:57.995    app     info:    [server-manager] Downloaded 3.71 GiB/4.85 GiB at 898.18 kiB/s
2025-11-10 15:03:59.032    app     info:    [server-manager] Downloaded 3.71 GiB/4.85 GiB at 1.38 MiB/s
2025-11-10 15:04:00.046    app     info:    [server-manager] Downloaded 3.71 GiB/4.85 GiB at 1.28 MiB/s
2025-11-10 15:04:01.064    app     info:    [server-manager] Downloaded 3.72 GiB/4.85 GiB at 1.03 MiB/s
2025-11-10 15:04:02.073    app     info:    [server-manager] Downloaded 3.72 GiB/4.85 GiB at 899.57 kiB/s
2025-11-10 15:04:03.095    app     info:    [server-manager] Downloaded 3.72 GiB/4.85 GiB at 476.67 kiB/s
2025-11-10 15:04:04.127    app     info:    [server-manager] Downloaded 3.72 GiB/4.85 GiB at 843.75 kiB/s
2025-11-10 15:04:05.140    app     info:    [server-manager] Downloaded 3.72 GiB/4.85 GiB at 966.86 kiB/s
2025-11-10 15:04:06.175    app     info:    [server-manager] Downloaded 3.72 GiB/4.85 GiB at 903.46 kiB/s
2025-11-10 15:04:07.214    app     info:    [server-manager] Downloaded 3.72 GiB/4.85 GiB at 741.31 kiB/s
2025-11-10 15:04:08.222    app     info:    [server-manager] Downloaded 3.72 GiB/4.85 GiB at 967.03 kiB/s
2025-11-10 15:04:09.275    app     info:    [server-manager] Downloaded 3.72 GiB/4.85 GiB at 1.34 MiB/s
2025-11-10 15:04:10.284    app     info:    [server-manager] Downloaded 3.72 GiB/4.85 GiB at 903.54 kiB/s
2025-11-10 15:04:11.310    app     info:    [server-manager] Downloaded 3.72 GiB/4.85 GiB at 1.02 MiB/s
2025-11-10 15:04:12.322    app     info:    [server-manager] Downloaded 3.73 GiB/4.85 GiB at 840.03 kiB/s
2025-11-10 15:04:13.355    app     info:    [server-manager] Downloaded 3.73 GiB/4.85 GiB at 918.81 kiB/s
2025-11-10 15:04:14.371    app     info:    [server-manager] Downloaded 3.73 GiB/4.85 GiB at 944.88 kiB/s
2025-11-10 15:04:15.401    app     info:    [server-manager] Downloaded 3.73 GiB/4.85 GiB at 948.37 kiB/s
2025-11-10 15:04:16.419    app     info:    [server-manager] Downloaded 3.73 GiB/4.85 GiB at 1.30 MiB/s
2025-11-10 15:04:17.433    app     info:    [server-manager] Downloaded 3.73 GiB/4.85 GiB at 953.45 kiB/s
2025-11-10 15:04:18.447    app     info:    [server-manager] Downloaded 3.73 GiB/4.85 GiB at 1.06 MiB/s
2025-11-10 15:04:19.500    app     info:    [server-manager] Downloaded 3.73 GiB/4.85 GiB at 917.78 kiB/s
2025-11-10 15:04:20.542    app     info:    [server-manager] Downloaded 3.73 GiB/4.85 GiB at 958.08 kiB/s
2025-11-10 15:04:21.567    app     info:    [server-manager] Downloaded 3.73 GiB/4.85 GiB at 850.09 kiB/s
2025-11-10 15:04:22.596    app     info:    [server-manager] Downloaded 3.73 GiB/4.85 GiB at 888.89 kiB/s
2025-11-10 15:04:23.632    app     info:    [server-manager] Downloaded 3.73 GiB/4.85 GiB at 910.82 kiB/s
2025-11-10 15:04:24.659    app     info:    [server-manager] Downloaded 3.74 GiB/4.85 GiB at 928.00 kiB/s
2025-11-10 15:04:25.676    app     info:    [server-manager] Downloaded 3.74 GiB/4.85 GiB at 764.82 kiB/s
2025-11-10 15:04:26.701    app     info:    [server-manager] Downloaded 3.74 GiB/4.85 GiB at 888.89 kiB/s
2025-11-10 15:04:27.719    app     info:    [server-manager] Downloaded 3.74 GiB/4.85 GiB at 853.75 kiB/s
2025-11-10 15:04:28.725    app     info:    [server-manager] Downloaded 3.74 GiB/4.85 GiB at 867.05 kiB/s
2025-11-10 15:04:29.756    app     info:    [server-manager] Downloaded 3.74 GiB/4.85 GiB at 711.80 kiB/s
2025-11-10 15:04:30.817    app     info:    [server-manager] Downloaded 3.74 GiB/4.85 GiB at 623.19 kiB/s
2025-11-10 15:04:31.875    app     info:    [server-manager] Downloaded 3.74 GiB/4.85 GiB at 941.18 kiB/s
2025-11-10 15:04:32.917    app     info:    [server-manager] Downloaded 3.74 GiB/4.85 GiB at 880.73 kiB/s
2025-11-10 15:04:33.966    app     info:    [server-manager] Downloaded 3.74 GiB/4.85 GiB at 480.00 kiB/s
2025-11-10 15:04:34.971    app     info:    [server-manager] Downloaded 3.74 GiB/4.85 GiB at 856.60 kiB/s
2025-11-10 15:04:36.036    app     info:    [server-manager] Downloaded 3.74 GiB/4.85 GiB at 966.86 kiB/s
2025-11-10 15:04:37.052    app     info:    [server-manager] Downloaded 3.75 GiB/4.85 GiB at 977.10 kiB/s
2025-11-10 15:04:38.091    app     info:    [server-manager] Downloaded 3.75 GiB/4.85 GiB at 957.59 kiB/s
2025-11-10 15:04:39.107    app     info:    [server-manager] Downloaded 3.75 GiB/4.85 GiB at 630.39 kiB/s
2025-11-10 15:04:40.153    app     info:    [server-manager] Downloaded 3.75 GiB/4.85 GiB at 1.33 MiB/s
2025-11-10 15:04:41.156    app     info:    [server-manager] Downloaded 3.75 GiB/4.85 GiB at 448.00 kiB/s
2025-11-10 15:04:42.224    app     info:    [server-manager] Downloaded 3.75 GiB/4.85 GiB at 967.03 kiB/s
2025-11-10 15:04:43.266    app     info:    [server-manager] Downloaded 3.75 GiB/4.85 GiB at 961.66 kiB/s
2025-11-10 15:04:44.342    app     info:    [server-manager] Downloaded 3.75 GiB/4.85 GiB at 843.59 kiB/s
2025-11-10 15:04:45.387    app     info:    [server-manager] Downloaded 3.75 GiB/4.85 GiB at 876.71 kiB/s
2025-11-10 15:04:46.418    app     info:    [server-manager] Downloaded 3.75 GiB/4.85 GiB at 981.36 kiB/s
2025-11-10 15:04:47.447    app     info:    [server-manager] Downloaded 3.75 GiB/4.85 GiB at 1.02 MiB/s
2025-11-10 15:04:48.448    app     info:    [server-manager] Downloaded 3.76 GiB/4.85 GiB at 1.25 MiB/s
2025-11-10 15:04:49.467    app     info:    [server-manager] Downloaded 3.76 GiB/4.85 GiB at 1.03 MiB/s
2025-11-10 15:04:50.498    app     info:    [server-manager] Downloaded 3.76 GiB/4.85 GiB at 984.13 kiB/s
2025-11-10 15:04:51.529    app     info:    [server-manager] Downloaded 3.76 GiB/4.85 GiB at 881.57 kiB/s
2025-11-10 15:04:52.542    app     info:    [server-manager] Downloaded 3.76 GiB/4.85 GiB at 920.63 kiB/s
2025-11-10 15:04:53.557    app     info:    [server-manager] Downloaded 3.76 GiB/4.85 GiB at 790.70 kiB/s
2025-11-10 15:04:54.641    app     info:    [server-manager] Downloaded 3.76 GiB/4.85 GiB at 522.26 kiB/s
2025-11-10 15:04:55.700    app     info:    [server-manager] Downloaded 3.76 GiB/4.85 GiB at 1.05 MiB/s
2025-11-10 15:04:56.716    app     info:    [server-manager] Downloaded 3.76 GiB/4.85 GiB at 374.82 kiB/s
2025-11-10 15:04:57.756    app     info:    [server-manager] Downloaded 3.76 GiB/4.85 GiB at 932.86 kiB/s
2025-11-10 15:04:58.810    app     info:    [server-manager] Downloaded 3.76 GiB/4.85 GiB at 448.00 kiB/s
2025-11-10 15:04:59.840    app     info:    [server-manager] Downloaded 3.76 GiB/4.85 GiB at 907.12 kiB/s
2025-11-10 15:05:00.909    app     info:    [server-manager] Downloaded 3.77 GiB/4.85 GiB at 903.95 kiB/s
2025-11-10 15:05:01.956    app     info:    [server-manager] Downloaded 3.77 GiB/4.85 GiB at 1.25 MiB/s
2025-11-10 15:05:02.974    app     info:    [server-manager] Downloaded 3.77 GiB/4.85 GiB at 607.59 kiB/s
2025-11-10 15:05:04.059    app     info:    [server-manager] Downloaded 3.77 GiB/4.85 GiB at 469.91 kiB/s
2025-11-10 15:05:05.156    app     info:    [server-manager] Downloaded 3.77 GiB/4.85 GiB at 923.65 kiB/s
2025-11-10 15:05:06.181    app     info:    [server-manager] Downloaded 3.77 GiB/4.85 GiB at 910.75 kiB/s
2025-11-10 15:05:07.188    app     info:    [server-manager] Downloaded 3.77 GiB/4.85 GiB at 747.66 kiB/s
2025-11-10 15:05:08.236    app     info:    [server-manager] Downloaded 3.77 GiB/4.85 GiB at 815.69 kiB/s
2025-11-10 15:05:09.275    app     info:    [server-manager] Downloaded 3.77 GiB/4.85 GiB at 922.47 kiB/s
2025-11-10 15:05:10.290    app     info:    [server-manager] Downloaded 3.77 GiB/4.85 GiB at 1.03 MiB/s
2025-11-10 15:05:11.311    app     info:    [server-manager] Downloaded 3.77 GiB/4.85 GiB at 896.00 kiB/s
2025-11-10 15:05:12.336    app     info:    [server-manager] Downloaded 3.77 GiB/4.85 GiB at 923.08 kiB/s
2025-11-10 15:05:13.356    app     info:    [server-manager] Downloaded 3.78 GiB/4.85 GiB at 974.67 kiB/s
2025-11-10 15:05:14.406    app     info:    [server-manager] Downloaded 3.78 GiB/4.85 GiB at 996.11 kiB/s
2025-11-10 15:05:15.415    app     info:    [server-manager] Downloaded 3.78 GiB/4.85 GiB at 876.71 kiB/s
2025-11-10 15:05:16.438    app     info:    [server-manager] Downloaded 3.78 GiB/4.85 GiB at 975.46 kiB/s
2025-11-10 15:05:17.448    app     info:    [server-manager] Downloaded 3.78 GiB/4.85 GiB at 437.50 kiB/s
2025-11-10 15:05:18.479    app     info:    [server-manager] Downloaded 3.78 GiB/4.85 GiB at 950.50 kiB/s
2025-11-10 15:05:19.535    app     info:    [server-manager] Downloaded 3.78 GiB/4.85 GiB at 888.89 kiB/s
2025-11-10 15:05:20.569    app     info:    [server-manager] Downloaded 3.78 GiB/4.85 GiB at 1.14 MiB/s
2025-11-10 15:05:21.593    app     info:    [server-manager] Downloaded 3.78 GiB/4.85 GiB at 890.54 kiB/s
2025-11-10 15:05:22.628    app     info:    [server-manager] Downloaded 3.78 GiB/4.85 GiB at 541.83 kiB/s
2025-11-10 15:05:23.627    app     info:    [server-manager] Downloaded 3.78 GiB/4.85 GiB at 701.20 kiB/s
2025-11-10 15:05:24.663    app     info:    [server-manager] Downloaded 3.79 GiB/4.85 GiB at 448.00 kiB/s
2025-11-10 15:05:25.681    app     info:    [server-manager] Downloaded 3.79 GiB/4.85 GiB at 788.95 kiB/s
2025-11-10 15:05:26.687    app     info:    [server-manager] Downloaded 3.79 GiB/4.85 GiB at 875.00 kiB/s
2025-11-10 15:05:27.714    app     info:    [server-manager] Downloaded 3.79 GiB/4.85 GiB at 853.43 kiB/s
2025-11-10 15:05:28.756    app     info:    [server-manager] Downloaded 3.79 GiB/4.85 GiB at 722.99 kiB/s
2025-11-10 15:05:29.771    app     info:    [server-manager] Downloaded 3.79 GiB/4.85 GiB at 1.37 MiB/s
2025-11-10 15:05:30.787    app     info:    [server-manager] Downloaded 3.79 GiB/4.85 GiB at 438.00 kiB/s
2025-11-10 15:05:31.806    app     info:    [server-manager] Downloaded 3.79 GiB/4.85 GiB at 988.05 kiB/s
2025-11-10 15:05:32.817    app     info:    [server-manager] Downloaded 3.79 GiB/4.85 GiB at 949.68 kiB/s
2025-11-10 15:05:33.876    app     info:    [server-manager] Downloaded 3.79 GiB/4.85 GiB at 1.26 MiB/s
2025-11-10 15:05:34.881    app     info:    [server-manager] Downloaded 3.79 GiB/4.85 GiB at 988.76 kiB/s
2025-11-10 15:05:35.936    app     info:    [server-manager] Downloaded 3.79 GiB/4.85 GiB at 926.64 kiB/s
2025-11-10 15:05:36.984    app     info:    [server-manager] Downloaded 3.80 GiB/4.85 GiB at 920.22 kiB/s
2025-11-10 15:05:38.029    app     info:    [server-manager] Downloaded 3.80 GiB/4.85 GiB at 425.82 kiB/s
2025-11-10 15:05:39.061    app     info:    [server-manager] Downloaded 3.80 GiB/4.85 GiB at 1,021.96 kiB/s
2025-11-10 15:05:40.072    app     info:    [server-manager] Downloaded 3.80 GiB/4.85 GiB at 1.32 MiB/s
2025-11-10 15:05:41.094    app     info:    [server-manager] Downloaded 3.80 GiB/4.85 GiB at 1,023.26 kiB/s
2025-11-10 15:05:42.134    app     info:    [server-manager] Downloaded 3.80 GiB/4.85 GiB at 801.02 kiB/s
2025-11-10 15:05:43.154    app     info:    [server-manager] Downloaded 3.80 GiB/4.85 GiB at 859.09 kiB/s
2025-11-10 15:05:44.168    app     info:    [server-manager] Downloaded 3.80 GiB/4.85 GiB at 1.03 MiB/s
2025-11-10 15:05:45.221    app     info:    [server-manager] Downloaded 3.80 GiB/4.85 GiB at 782.78 kiB/s
2025-11-10 15:05:46.247    app     info:    [server-manager] Downloaded 3.80 GiB/4.85 GiB at 542.91 kiB/s
2025-11-10 15:05:47.265    app     info:    [server-manager] Downloaded 3.80 GiB/4.85 GiB at 921.31 kiB/s
2025-11-10 15:05:48.287    app     info:    [server-manager] Downloaded 3.81 GiB/4.85 GiB at 892.31 kiB/s
2025-11-10 15:05:49.319    app     info:    [server-manager] Downloaded 3.81 GiB/4.85 GiB at 807.99 kiB/s
2025-11-10 15:05:50.346    app     info:    [server-manager] Downloaded 3.81 GiB/4.85 GiB at 982.18 kiB/s
2025-11-10 15:05:51.372    app     info:    [server-manager] Downloaded 3.81 GiB/4.85 GiB at 902.72 kiB/s
2025-11-10 15:05:52.386    app     info:    [server-manager] Downloaded 3.81 GiB/4.85 GiB at 415.17 kiB/s
2025-11-10 15:05:53.412    app     info:    [server-manager] Downloaded 3.81 GiB/4.85 GiB at 851.36 kiB/s
2025-11-10 15:05:54.436    app     info:    [server-manager] Downloaded 3.81 GiB/4.85 GiB at 961.75 kiB/s
2025-11-10 15:05:55.505    app     info:    [server-manager] Downloaded 3.81 GiB/4.85 GiB at 887.28 kiB/s
2025-11-10 15:05:56.538    app     info:    [server-manager] Downloaded 3.81 GiB/4.85 GiB at 917.98 kiB/s
2025-11-10 15:05:57.568    app     info:    [server-manager] Downloaded 3.81 GiB/4.85 GiB at 885.50 kiB/s
2025-11-10 15:05:58.593    app     info:    [server-manager] Downloaded 3.81 GiB/4.85 GiB at 877.00 kiB/s
2025-11-10 15:05:59.601    app     info:    [server-manager] Downloaded 3.82 GiB/4.85 GiB at 860.56 kiB/s
2025-11-10 15:06:00.620    app     info:    [server-manager] Downloaded 3.82 GiB/4.85 GiB at 881.41 kiB/s
2025-11-10 15:06:01.641    app     info:    [server-manager] Downloaded 3.82 GiB/4.85 GiB at 835.59 kiB/s
2025-11-10 15:06:02.678    app     info:    [server-manager] Downloaded 3.82 GiB/4.85 GiB at 894.21 kiB/s
2025-11-10 15:06:03.725    app     info:    [server-manager] Downloaded 3.82 GiB/4.85 GiB at 384.00 kiB/s
2025-11-10 15:06:04.736    app     info:    [server-manager] Downloaded 3.82 GiB/4.85 GiB at 917.00 kiB/s
2025-11-10 15:06:05.779    app     info:    [server-manager] Downloaded 3.82 GiB/4.85 GiB at 631.16 kiB/s
2025-11-10 15:06:06.805    app     info:    [server-manager] Downloaded 3.82 GiB/4.85 GiB at 377.95 kiB/s
2025-11-10 15:06:07.823    app     info:    [server-manager] Downloaded 3.82 GiB/4.85 GiB at 384.00 kiB/s
2025-11-10 15:06:08.840    app     info:    [server-manager] Downloaded 3.82 GiB/4.85 GiB at 1.38 MiB/s
2025-11-10 15:06:09.848    app     info:    [server-manager] Downloaded 3.82 GiB/4.85 GiB at 888.89 kiB/s
2025-11-10 15:06:10.873    app     info:    [server-manager] Downloaded 3.82 GiB/4.85 GiB at 461.83 kiB/s
2025-11-10 15:06:11.940    app     info:    [server-manager] Downloaded 3.83 GiB/4.85 GiB at 878.79 kiB/s
2025-11-10 15:06:12.969    app     info:    [server-manager] Downloaded 3.83 GiB/4.85 GiB at 838.83 kiB/s
2025-11-10 15:06:13.997    app     info:    [server-manager] Downloaded 3.83 GiB/4.85 GiB at 992.25 kiB/s
2025-11-10 15:06:15.016    app     info:    [server-manager] Downloaded 3.83 GiB/4.85 GiB at 448.00 kiB/s
2025-11-10 15:06:16.028    app     info:    [server-manager] Downloaded 3.83 GiB/4.85 GiB at 896.00 kiB/s
2025-11-10 15:06:17.035    app     info:    [server-manager] Downloaded 3.83 GiB/4.85 GiB at 864.00 kiB/s
2025-11-10 15:06:18.051    app     info:    [server-manager] Downloaded 3.83 GiB/4.85 GiB at 932.04 kiB/s
2025-11-10 15:06:19.073    app     info:    [server-manager] Downloaded 3.83 GiB/4.85 GiB at 1.01 MiB/s
2025-11-10 15:06:20.091    app     info:    [server-manager] Downloaded 3.83 GiB/4.85 GiB at 1.30 MiB/s
2025-11-10 15:06:21.090    app     info:    [server-manager] Downloaded 3.83 GiB/4.85 GiB at 1,021.96 kiB/s
2025-11-10 15:06:22.125    app     info:    [server-manager] Downloaded 3.83 GiB/4.85 GiB at 895.75 kiB/s
2025-11-10 15:06:23.157    app     info:    [server-manager] Downloaded 3.84 GiB/4.85 GiB at 890.60 kiB/s
2025-11-10 15:06:24.188    app     info:    [server-manager] Downloaded 3.84 GiB/4.85 GiB at 649.90 kiB/s
2025-11-10 15:06:25.219    app     info:    [server-manager] Downloaded 3.84 GiB/4.85 GiB at 727.27 kiB/s
2025-11-10 15:06:26.311    app     info:    [server-manager] Downloaded 3.84 GiB/4.85 GiB at 888.89 kiB/s
2025-11-10 15:06:27.349    app     info:    [server-manager] Downloaded 3.84 GiB/4.85 GiB at 820.51 kiB/s
2025-11-10 15:06:28.358    app     info:    [server-manager] Downloaded 3.84 GiB/4.85 GiB at 1.05 MiB/s
2025-11-10 15:06:29.379    app     info:    [server-manager] Downloaded 3.84 GiB/4.85 GiB at 448.00 kiB/s
2025-11-10 15:06:30.388    app     info:    [server-manager] Downloaded 3.84 GiB/4.85 GiB at 814.09 kiB/s
2025-11-10 15:06:31.404    app     info:    [server-manager] Downloaded 3.84 GiB/4.85 GiB at 1.00 MiB/s
2025-11-10 15:06:32.427    app     info:    [server-manager] Downloaded 3.84 GiB/4.85 GiB at 570.30 kiB/s
2025-11-10 15:06:33.438    app     info:    [server-manager] Downloaded 3.84 GiB/4.85 GiB at 960.00 kiB/s
2025-11-10 15:06:34.470    app     info:    [server-manager] Downloaded 3.84 GiB/4.85 GiB at 889.39 kiB/s
2025-11-10 15:06:35.502    app     info:    [server-manager] Downloaded 3.85 GiB/4.85 GiB at 536.49 kiB/s
2025-11-10 15:06:36.534    app     info:    [server-manager] Downloaded 3.85 GiB/4.85 GiB at 859.88 kiB/s
2025-11-10 15:06:37.552    app     info:    [server-manager] Downloaded 3.85 GiB/4.85 GiB at 374.27 kiB/s
2025-11-10 15:06:38.585    app     info:    [server-manager] Downloaded 3.85 GiB/4.85 GiB at 581.48 kiB/s
2025-11-10 15:06:39.649    app     info:    [server-manager] Downloaded 3.85 GiB/4.85 GiB at 1.36 MiB/s
2025-11-10 15:06:40.664    app     info:    [server-manager] Downloaded 3.85 GiB/4.85 GiB at 910.82 kiB/s
2025-11-10 15:06:41.709    app     info:    [server-manager] Downloaded 3.85 GiB/4.85 GiB at 950.19 kiB/s
2025-11-10 15:06:42.749    app     info:    [server-manager] Downloaded 3.85 GiB/4.85 GiB at 990.48 kiB/s
2025-11-10 15:06:43.756    app     info:    [server-manager] Downloaded 3.85 GiB/4.85 GiB at 804.26 kiB/s
2025-11-10 15:06:44.764    app     info:    [server-manager] Downloaded 3.85 GiB/4.85 GiB at 842.94 kiB/s
2025-11-10 15:06:45.782    app     info:    [server-manager] Downloaded 3.85 GiB/4.85 GiB at 852.07 kiB/s
2025-11-10 15:06:46.790    app     info:    [server-manager] Downloaded 3.86 GiB/4.85 GiB at 846.31 kiB/s
2025-11-10 15:06:47.793    app     info:    [server-manager] Downloaded 3.86 GiB/4.85 GiB at 861.54 kiB/s
2025-11-10 15:06:48.838    app     info:    [server-manager] Downloaded 3.86 GiB/4.85 GiB at 1,000.00 kiB/s
2025-11-10 15:06:49.871    app     info:    [server-manager] Downloaded 3.86 GiB/4.85 GiB at 981.63 kiB/s
2025-11-10 15:06:50.907    app     info:    [server-manager] Downloaded 3.86 GiB/4.85 GiB at 544.00 kiB/s
2025-11-10 15:06:51.909    app     info:    [server-manager] Downloaded 3.86 GiB/4.85 GiB at 895.92 kiB/s
2025-11-10 15:06:52.937    app     info:    [server-manager] Downloaded 3.86 GiB/4.85 GiB at 1.17 MiB/s
2025-11-10 15:06:53.940    app     info:    [server-manager] Downloaded 3.86 GiB/4.85 GiB at 924.30 kiB/s
2025-11-10 15:06:54.973    app     info:    [server-manager] Downloaded 3.86 GiB/4.85 GiB at 871.60 kiB/s
2025-11-10 15:06:56.001    app     info:    [server-manager] Downloaded 3.86 GiB/4.85 GiB at 1.08 MiB/s
2025-11-10 15:06:57.061    app     info:    [server-manager] Downloaded 3.86 GiB/4.85 GiB at 1.12 MiB/s
2025-11-10 15:06:58.082    app     info:    [server-manager] Downloaded 3.87 GiB/4.85 GiB at 1,014.78 kiB/s
2025-11-10 15:06:59.128    app     info:    [server-manager] Downloaded 3.87 GiB/4.85 GiB at 701.20 kiB/s
2025-11-10 15:07:00.139    app     info:    [server-manager] Downloaded 3.87 GiB/4.85 GiB at 950.19 kiB/s
2025-11-10 15:07:01.163    app     info:    [server-manager] Downloaded 3.87 GiB/4.85 GiB at 871.78 kiB/s
2025-11-10 15:07:02.188    app     info:    [server-manager] Downloaded 3.87 GiB/4.85 GiB at 920.63 kiB/s
2025-11-10 15:07:03.225    app     info:    [server-manager] Downloaded 3.87 GiB/4.85 GiB at 958.37 kiB/s
2025-11-10 15:07:04.261    app     info:    [server-manager] Downloaded 3.87 GiB/4.85 GiB at 1.34 MiB/s
2025-11-10 15:07:05.269    app     info:    [server-manager] Downloaded 3.87 GiB/4.85 GiB at 837.21 kiB/s
2025-11-10 15:07:06.289    app     info:    [server-manager] Downloaded 3.87 GiB/4.85 GiB at 1.35 MiB/s
2025-11-10 15:07:07.309    app     info:    [server-manager] Downloaded 3.87 GiB/4.85 GiB at 1.04 MiB/s
2025-11-10 15:07:08.317    app     info:    [server-manager] Downloaded 3.87 GiB/4.85 GiB at 381.71 kiB/s
2025-11-10 15:07:09.343    app     info:    [server-manager] Downloaded 3.87 GiB/4.85 GiB at 896.00 kiB/s
2025-11-10 15:07:10.376    app     info:    [server-manager] Downloaded 3.88 GiB/4.85 GiB at 950.19 kiB/s
2025-11-10 15:07:11.376    app     info:    [server-manager] Downloaded 3.88 GiB/4.85 GiB at 984.59 kiB/s
2025-11-10 15:07:12.439    app     info:    [server-manager] Downloaded 3.88 GiB/4.85 GiB at 897.20 kiB/s
2025-11-10 15:07:13.446    app     info:    [server-manager] Downloaded 3.88 GiB/4.85 GiB at 1,021.96 kiB/s
2025-11-10 15:07:14.514    app     info:    [server-manager] Downloaded 3.88 GiB/4.85 GiB at 725.95 kiB/s
2025-11-10 15:07:15.561    app     info:    [server-manager] Downloaded 3.88 GiB/4.85 GiB at 961.24 kiB/s
2025-11-10 15:07:16.582    app     info:    [server-manager] Downloaded 3.88 GiB/4.85 GiB at 984.62 kiB/s
2025-11-10 15:07:17.600    app     info:    [server-manager] Downloaded 3.88 GiB/4.85 GiB at 570.30 kiB/s
2025-11-10 15:07:18.629    app     info:    [server-manager] Downloaded 3.88 GiB/4.85 GiB at 893.55 kiB/s
2025-11-10 15:07:19.644    app     info:    [server-manager] Downloaded 3.88 GiB/4.85 GiB at 949.91 kiB/s
2025-11-10 15:07:20.693    app     info:    [server-manager] Downloaded 3.88 GiB/4.85 GiB at 1.06 MiB/s
2025-11-10 15:07:21.724    app     info:    [server-manager] Downloaded 3.89 GiB/4.85 GiB at 928.43 kiB/s
2025-11-10 15:07:22.753    app     info:    [server-manager] Downloaded 3.89 GiB/4.85 GiB at 888.89 kiB/s
2025-11-10 15:07:23.762    app     info:    [server-manager] Downloaded 3.89 GiB/4.85 GiB at 760.40 kiB/s
2025-11-10 15:07:24.791    app     info:    [server-manager] Downloaded 3.89 GiB/4.85 GiB at 953.63 kiB/s
2025-11-10 15:07:25.825    app     info:    [server-manager] Downloaded 3.89 GiB/4.85 GiB at 966.86 kiB/s
2025-11-10 15:07:26.875    app     info:    [server-manager] Downloaded 3.89 GiB/4.85 GiB at 885.50 kiB/s
2025-11-10 15:07:27.882    app     info:    [server-manager] Downloaded 3.89 GiB/4.85 GiB at 984.13 kiB/s
2025-11-10 15:07:28.904    app     info:    [server-manager] Downloaded 3.89 GiB/4.85 GiB at 924.30 kiB/s
2025-11-10 15:07:29.936    app     info:    [server-manager] Downloaded 3.89 GiB/4.85 GiB at 812.03 kiB/s
2025-11-10 15:07:30.986    app     info:    [server-manager] Downloaded 3.89 GiB/4.85 GiB at 932.33 kiB/s
2025-11-10 15:07:32.040    app     info:    [server-manager] Downloaded 3.89 GiB/4.85 GiB at 953.85 kiB/s
2025-11-10 15:07:33.062    app     info:    [server-manager] Downloaded 3.90 GiB/4.85 GiB at 1.01 MiB/s
2025-11-10 15:07:34.093    app     info:    [server-manager] Downloaded 3.90 GiB/4.85 GiB at 814.09 kiB/s
2025-11-10 15:07:35.136    app     info:    [server-manager] Downloaded 3.90 GiB/4.85 GiB at 859.88 kiB/s
2025-11-10 15:07:36.172    app     info:    [server-manager] Downloaded 3.90 GiB/4.85 GiB at 994.17 kiB/s
2025-11-10 15:07:37.206    app     info:    [server-manager] Downloaded 3.90 GiB/4.85 GiB at 913.39 kiB/s
2025-11-10 15:07:38.252    app     info:    [server-manager] Downloaded 3.90 GiB/4.85 GiB at 937.50 kiB/s
2025-11-10 15:07:39.297    app     info:    [server-manager] Downloaded 3.90 GiB/4.85 GiB at 1.38 MiB/s
2025-11-10 15:07:40.315    app     info:    [server-manager] Downloaded 3.90 GiB/4.85 GiB at 1.04 MiB/s
2025-11-10 15:07:41.322    app     info:    [server-manager] Downloaded 3.90 GiB/4.85 GiB at 681.48 kiB/s
2025-11-10 15:07:42.385    app     info:    [server-manager] Downloaded 3.90 GiB/4.85 GiB at 822.13 kiB/s
2025-11-10 15:07:43.442    app     info:    [server-manager] Downloaded 3.90 GiB/4.85 GiB at 916.03 kiB/s
2025-11-10 15:07:44.468    app     info:    [server-manager] Downloaded 3.90 GiB/4.85 GiB at 1.06 MiB/s
2025-11-10 15:07:45.498    app     info:    [server-manager] Downloaded 3.91 GiB/4.85 GiB at 921.31 kiB/s
2025-11-10 15:07:46.534    app     info:    [server-manager] Downloaded 3.91 GiB/4.85 GiB at 413.52 kiB/s
2025-11-10 15:07:47.567    app     info:    [server-manager] Downloaded 3.91 GiB/4.85 GiB at 1,014.20 kiB/s
2025-11-10 15:07:48.601    app     info:    [server-manager] Downloaded 3.91 GiB/4.85 GiB at 938.46 kiB/s
2025-11-10 15:07:49.625    app     info:    [server-manager] Downloaded 3.91 GiB/4.85 GiB at 446.22 kiB/s
2025-11-10 15:07:50.644    app     info:    [server-manager] Downloaded 3.91 GiB/4.85 GiB at 928.06 kiB/s
2025-11-10 15:07:51.703    app     info:    [server-manager] Downloaded 3.91 GiB/4.85 GiB at 867.29 kiB/s
2025-11-10 15:07:52.770    app     info:    [server-manager] Downloaded 3.91 GiB/4.85 GiB at 897.49 kiB/s
2025-11-10 15:07:53.843    app     info:    [server-manager] Downloaded 3.91 GiB/4.85 GiB at 863.31 kiB/s
2025-11-10 15:07:54.849    app     info:    [server-manager] Downloaded 3.91 GiB/4.85 GiB at 382.47 kiB/s
2025-11-10 15:07:55.885    app     info:    [server-manager] Downloaded 3.91 GiB/4.85 GiB at 983.48 kiB/s
2025-11-10 15:07:56.911    app     info:    [server-manager] Downloaded 3.92 GiB/4.85 GiB at 920.63 kiB/s
2025-11-10 15:07:57.944    app     info:    [server-manager] Downloaded 3.92 GiB/4.85 GiB at 941.15 kiB/s
2025-11-10 15:07:58.989    app     info:    [server-manager] Downloaded 3.92 GiB/4.85 GiB at 923.08 kiB/s
2025-11-10 15:08:00.004    app     info:    [server-manager] Downloaded 3.92 GiB/4.85 GiB at 894.21 kiB/s
2025-11-10 15:08:01.039    app     info:    [server-manager] Downloaded 3.92 GiB/4.85 GiB at 842.11 kiB/s
2025-11-10 15:08:02.085    app     info:    [server-manager] Downloaded 3.92 GiB/4.85 GiB at 986.08 kiB/s
2025-11-10 15:08:03.097    app     info:    [server-manager] Downloaded 3.92 GiB/4.85 GiB at 981.40 kiB/s
2025-11-10 15:08:04.104    app     info:    [server-manager] Downloaded 3.92 GiB/4.85 GiB at 850.39 kiB/s
2025-11-10 15:08:05.134    app     info:    [server-manager] Downloaded 3.92 GiB/4.85 GiB at 955.68 kiB/s
2025-11-10 15:08:06.193    app     info:    [server-manager] Downloaded 3.92 GiB/4.85 GiB at 1.36 MiB/s
2025-11-10 15:08:07.199    app     info:    [server-manager] Downloaded 3.92 GiB/4.85 GiB at 924.30 kiB/s
2025-11-10 15:08:08.206    app     info:    [server-manager] Downloaded 3.93 GiB/4.85 GiB at 913.39 kiB/s
2025-11-10 15:08:09.222    app     info:    [server-manager] Downloaded 3.93 GiB/4.85 GiB at 832.00 kiB/s
2025-11-10 15:08:10.254    app     info:    [server-manager] Downloaded 3.93 GiB/4.85 GiB at 894.21 kiB/s
2025-11-10 15:08:11.286    app     info:    [server-manager] Downloaded 3.93 GiB/4.85 GiB at 1.08 MiB/s
2025-11-10 15:08:12.314    app     info:    [server-manager] Downloaded 3.93 GiB/4.85 GiB at 913.76 kiB/s
2025-11-10 15:08:13.320    app     info:    [server-manager] Downloaded 3.93 GiB/4.85 GiB at 507.94 kiB/s
2025-11-10 15:08:14.348    app     info:    [server-manager] Downloaded 3.93 GiB/4.85 GiB at 971.07 kiB/s
2025-11-10 15:08:15.367    app     info:    [server-manager] Downloaded 3.93 GiB/4.85 GiB at 984.38 kiB/s
2025-11-10 15:08:16.423    app     info:    [server-manager] Downloaded 3.93 GiB/4.85 GiB at 922.47 kiB/s
2025-11-10 15:08:17.467    app     info:    [server-manager] Downloaded 3.93 GiB/4.85 GiB at 1.23 MiB/s
2025-11-10 15:08:18.488    app     info:    [server-manager] Downloaded 3.93 GiB/4.85 GiB at 808.99 kiB/s
2025-11-10 15:08:19.544    app     info:    [server-manager] Downloaded 3.93 GiB/4.85 GiB at 591.50 kiB/s
2025-11-10 15:08:20.606    app     info:    [server-manager] Downloaded 3.94 GiB/4.85 GiB at 930.23 kiB/s
2025-11-10 15:08:21.631    app     info:    [server-manager] Downloaded 3.94 GiB/4.85 GiB at 586.87 kiB/s
2025-11-10 15:08:22.643    app     info:    [server-manager] Downloaded 3.94 GiB/4.85 GiB at 691.17 kiB/s
2025-11-10 15:08:23.687    app     info:    [server-manager] Downloaded 3.94 GiB/4.85 GiB at 801.51 kiB/s
2025-11-10 15:08:24.755    app     info:    [server-manager] Downloaded 3.94 GiB/4.85 GiB at 613.14 kiB/s
2025-11-10 15:08:25.804    app     info:    [server-manager] Downloaded 3.94 GiB/4.85 GiB at 742.75 kiB/s
2025-11-10 15:08:26.829    app     info:    [server-manager] Downloaded 3.94 GiB/4.85 GiB at 471.51 kiB/s
2025-11-10 15:08:27.875    app     info:    [server-manager] Downloaded 3.94 GiB/4.85 GiB at 704.00 kiB/s
2025-11-10 15:08:29.062    app     info:    [server-manager] Downloaded 3.94 GiB/4.85 GiB at 944.88 kiB/s
2025-11-10 15:08:30.093    app     info:    [server-manager] Downloaded 3.94 GiB/4.85 GiB at 932.33 kiB/s
2025-11-10 15:08:31.136    app     info:    [server-manager] Downloaded 3.94 GiB/4.85 GiB at 751.68 kiB/s
2025-11-10 15:08:32.175    app     info:    [server-manager] Downloaded 3.94 GiB/4.85 GiB at 864.86 kiB/s
2025-11-10 15:08:33.219    app     info:    [server-manager] Downloaded 3.94 GiB/4.85 GiB at 815.09 kiB/s
2025-11-10 15:08:34.229    app     info:    [server-manager] Downloaded 3.95 GiB/4.85 GiB at 434.11 kiB/s
2025-11-10 15:08:35.251    app     info:    [server-manager] Downloaded 3.95 GiB/4.85 GiB at 969.97 kiB/s
2025-11-10 15:08:36.300    app     info:    [server-manager] Downloaded 3.95 GiB/4.85 GiB at 930.23 kiB/s
2025-11-10 15:08:37.312    app     info:    [server-manager] Downloaded 3.95 GiB/4.85 GiB at 724.53 kiB/s
2025-11-10 15:08:38.386    app     info:    [server-manager] Downloaded 3.95 GiB/4.85 GiB at 800.00 kiB/s
2025-11-10 15:08:39.406    app     info:    [server-manager] Downloaded 3.95 GiB/4.85 GiB at 617.76 kiB/s
2025-11-10 15:08:40.444    app     info:    [server-manager] Downloaded 3.95 GiB/4.85 GiB at 822.13 kiB/s
2025-11-10 15:08:41.536    app     info:    [server-manager] Downloaded 3.95 GiB/4.85 GiB at 818.90 kiB/s
2025-11-10 15:08:42.566    app     info:    [server-manager] Downloaded 3.95 GiB/4.85 GiB at 835.38 kiB/s
2025-11-10 15:08:43.639    app     info:    [server-manager] Downloaded 3.95 GiB/4.85 GiB at 652.43 kiB/s
2025-11-10 15:08:44.692    app     info:    [server-manager] Downloaded 3.95 GiB/4.85 GiB at 525.95 kiB/s
2025-11-10 15:08:45.786    app     info:    [server-manager] Downloaded 3.95 GiB/4.85 GiB at 698.18 kiB/s
2025-11-10 15:08:46.792    app     info:    [server-manager] Downloaded 3.95 GiB/4.85 GiB at 626.87 kiB/s
2025-11-10 15:08:47.833    app     info:    [server-manager] Downloaded 3.96 GiB/4.85 GiB at 540.34 kiB/s
2025-11-10 15:08:48.871    app     info:    [server-manager] Downloaded 3.96 GiB/4.85 GiB at 645.55 kiB/s
2025-11-10 15:08:49.889    app     info:    [server-manager] Downloaded 3.96 GiB/4.85 GiB at 571.43 kiB/s
2025-11-10 15:08:50.916    app     info:    [server-manager] Downloaded 3.96 GiB/4.85 GiB at 371.37 kiB/s
2025-11-10 15:08:51.977    app     info:    [server-manager] Downloaded 3.96 GiB/4.85 GiB at 560.31 kiB/s
2025-11-10 15:08:52.995    app     info:    [server-manager] Downloaded 3.96 GiB/4.85 GiB at 461.54 kiB/s
2025-11-10 15:08:54.019    app     info:    [server-manager] Downloaded 3.96 GiB/4.85 GiB at 695.65 kiB/s
2025-11-10 15:08:55.083    app     info:    [server-manager] Downloaded 3.96 GiB/4.85 GiB at 571.43 kiB/s
2025-11-10 15:08:56.132    app     info:    [server-manager] Downloaded 3.96 GiB/4.85 GiB at 666.67 kiB/s
2025-11-10 15:08:57.204    app     info:    [server-manager] Downloaded 3.96 GiB/4.85 GiB at 605.41 kiB/s
2025-11-10 15:08:58.321    app     info:    [server-manager] Downloaded 3.96 GiB/4.85 GiB at 540.02 kiB/s
2025-11-10 15:08:59.381    app     info:    [server-manager] Downloaded 3.96 GiB/4.85 GiB at 632.77 kiB/s
2025-11-10 15:09:00.442    app     info:    [server-manager] Downloaded 3.96 GiB/4.85 GiB at 511.10 kiB/s
2025-11-10 15:09:01.465    app     info:    [server-manager] Downloaded 3.96 GiB/4.85 GiB at 618.96 kiB/s
2025-11-10 15:09:02.512    app     info:    [server-manager] Downloaded 3.96 GiB/4.85 GiB at 615.38 kiB/s
2025-11-10 15:09:03.573    app     info:    [server-manager] Downloaded 3.96 GiB/4.85 GiB at 631.16 kiB/s
2025-11-10 15:09:04.599    app     info:    [server-manager] Downloaded 3.96 GiB/4.85 GiB at 812.03 kiB/s
2025-11-10 15:09:05.641    app     info:    [server-manager] Downloaded 3.96 GiB/4.85 GiB at 654.04 kiB/s
2025-11-10 15:09:06.690    app     info:    [server-manager] Downloaded 3.97 GiB/4.85 GiB at 905.66 kiB/s
2025-11-10 15:09:07.710    app     info:    [server-manager] Downloaded 3.97 GiB/4.85 GiB at 524.59 kiB/s
2025-11-10 15:09:08.844    app     info:    [server-manager] Downloaded 3.97 GiB/4.85 GiB at 492.53 kiB/s
2025-11-10 15:09:09.925    app     info:    [server-manager] Downloaded 3.97 GiB/4.85 GiB at 591.50 kiB/s
2025-11-10 15:09:11.001    app     info:    [server-manager] Downloaded 3.97 GiB/4.85 GiB at 734.23 kiB/s
2025-11-10 15:09:12.037    app     info:    [server-manager] Downloaded 3.97 GiB/4.85 GiB at 752.94 kiB/s
2025-11-10 15:09:13.041    app     info:    [server-manager] Downloaded 3.97 GiB/4.85 GiB at 751.47 kiB/s
2025-11-10 15:09:14.074    app     info:    [server-manager] Downloaded 3.97 GiB/4.85 GiB at 694.28 kiB/s
2025-11-10 15:09:15.126    app     info:    [server-manager] Downloaded 3.97 GiB/4.85 GiB at 672.00 kiB/s
2025-11-10 15:09:16.166    app     info:    [server-manager] Downloaded 3.97 GiB/4.85 GiB at 724.41 kiB/s
2025-11-10 15:09:17.191    app     info:    [server-manager] Downloaded 3.97 GiB/4.85 GiB at 715.08 kiB/s
2025-11-10 15:09:18.268    app     info:    [server-manager] Downloaded 3.97 GiB/4.85 GiB at 637.68 kiB/s
2025-11-10 15:09:19.321    app     info:    [server-manager] Downloaded 3.97 GiB/4.85 GiB at 633.66 kiB/s
2025-11-10 15:09:20.387    app     info:    [server-manager] Downloaded 3.97 GiB/4.85 GiB at 272.90 kiB/s
2025-11-10 15:09:21.409    app     info:    [server-manager] Downloaded 3.97 GiB/4.85 GiB at 621.36 kiB/s
2025-11-10 15:09:22.441    app     info:    [server-manager] Downloaded 3.98 GiB/4.85 GiB at 652.43 kiB/s
2025-11-10 15:09:23.508    app     info:    [server-manager] Downloaded 3.98 GiB/4.85 GiB at 530.21 kiB/s
2025-11-10 15:09:24.534    app     info:    [server-manager] Downloaded 3.98 GiB/4.85 GiB at 664.03 kiB/s
2025-11-10 15:09:25.542    app     info:    [server-manager] Downloaded 3.98 GiB/4.85 GiB at 698.41 kiB/s
2025-11-10 15:09:26.596    app     info:    [server-manager] Downloaded 3.98 GiB/4.85 GiB at 632.41 kiB/s
2025-11-10 15:09:27.625    app     info:    [server-manager] Downloaded 3.98 GiB/4.85 GiB at 890.66 kiB/s
2025-11-10 15:09:28.643    app     info:    [server-manager] Downloaded 3.98 GiB/4.85 GiB at 542.91 kiB/s
2025-11-10 15:09:29.659    app     info:    [server-manager] Downloaded 3.98 GiB/4.85 GiB at 416.00 kiB/s
2025-11-10 15:09:30.676    app     info:    [server-manager] Downloaded 3.98 GiB/4.85 GiB at 909.80 kiB/s
2025-11-10 15:09:31.691    app     info:    [server-manager] Downloaded 3.98 GiB/4.85 GiB at 952.38 kiB/s
2025-11-10 15:09:32.716    app     info:    [server-manager] Downloaded 3.98 GiB/4.85 GiB at 961.24 kiB/s
2025-11-10 15:09:33.754    app     info:    [server-manager] Downloaded 3.98 GiB/4.85 GiB at 607.16 kiB/s
2025-11-10 15:09:34.772    app     info:    [server-manager] Downloaded 3.99 GiB/4.85 GiB at 1.34 MiB/s
2025-11-10 15:09:35.814    app     info:    [server-manager] Downloaded 3.99 GiB/4.85 GiB at 792.08 kiB/s
2025-11-10 15:09:36.853    app     info:    [server-manager] Downloaded 3.99 GiB/4.85 GiB at 810.92 kiB/s
2025-11-10 15:09:37.860    app     info:    [server-manager] Downloaded 3.99 GiB/4.85 GiB at 1,010.21 kiB/s
2025-11-10 15:09:38.884    app     info:    [server-manager] Downloaded 3.99 GiB/4.85 GiB at 910.82 kiB/s
2025-11-10 15:09:39.918    app     info:    [server-manager] Downloaded 3.99 GiB/4.85 GiB at 450.35 kiB/s
2025-11-10 15:09:40.942    app     info:    [server-manager] Downloaded 3.99 GiB/4.85 GiB at 531.37 kiB/s
2025-11-10 15:09:42.003    app     info:    [server-manager] Downloaded 3.99 GiB/4.85 GiB at 776.70 kiB/s
2025-11-10 15:09:43.037    app     info:    [server-manager] Downloaded 3.99 GiB/4.85 GiB at 1.14 MiB/s
2025-11-10 15:09:44.071    app     info:    [server-manager] Downloaded 3.99 GiB/4.85 GiB at 915.19 kiB/s
2025-11-10 15:09:45.136    app     info:    [server-manager] Downloaded 3.99 GiB/4.85 GiB at 846.72 kiB/s
2025-11-10 15:09:46.188    app     info:    [server-manager] Downloaded 3.99 GiB/4.85 GiB at 1,017.61 kiB/s
2025-11-10 15:09:47.220    app     info:    [server-manager] Downloaded 4.00 GiB/4.85 GiB at 864.00 kiB/s
2025-11-10 15:09:48.223    app     info:    [server-manager] Downloaded 4.00 GiB/4.85 GiB at 958.86 kiB/s
2025-11-10 15:09:49.256    app     info:    [server-manager] Downloaded 4.00 GiB/4.85 GiB at 916.29 kiB/s
2025-11-10 15:09:50.277    app     info:    [server-manager] Downloaded 4.00 GiB/4.85 GiB at 924.30 kiB/s
2025-11-10 15:09:51.295    app     info:    [server-manager] Downloaded 4.00 GiB/4.85 GiB at 1.36 MiB/s
2025-11-10 15:09:52.302    app     info:    [server-manager] Downloaded 4.00 GiB/4.85 GiB at 1.31 MiB/s
2025-11-10 15:09:53.321    app     info:    [server-manager] Downloaded 4.00 GiB/4.85 GiB at 415.17 kiB/s
2025-11-10 15:09:54.328    app     info:    [server-manager] Downloaded 4.00 GiB/4.85 GiB at 1.21 MiB/s
2025-11-10 15:09:55.348    app     info:    [server-manager] Downloaded 4.00 GiB/4.85 GiB at 965.38 kiB/s
2025-11-10 15:09:56.409    app     info:    [server-manager] Downloaded 4.00 GiB/4.85 GiB at 733.16 kiB/s
2025-11-10 15:09:57.450    app     info:    [server-manager] Downloaded 4.00 GiB/4.85 GiB at 1.01 MiB/s
2025-11-10 15:09:58.468    app     info:    [server-manager] Downloaded 4.01 GiB/4.85 GiB at 1.19 MiB/s
2025-11-10 15:09:59.474    app     info:    [server-manager] Downloaded 4.01 GiB/4.85 GiB at 1.43 MiB/s
2025-11-10 15:10:00.482    app     info:    [server-manager] Downloaded 4.01 GiB/4.85 GiB at 984.62 kiB/s
2025-11-10 15:10:01.521    app     info:    [server-manager] Downloaded 4.01 GiB/4.85 GiB at 877.13 kiB/s
2025-11-10 15:10:02.539    app     info:    [server-manager] Downloaded 4.01 GiB/4.85 GiB at 831.89 kiB/s
2025-11-10 15:10:03.575    app     info:    [server-manager] Downloaded 4.01 GiB/4.85 GiB at 952.02 kiB/s
2025-11-10 15:10:04.612    app     info:    [server-manager] Downloaded 4.01 GiB/4.85 GiB at 367.05 kiB/s
2025-11-10 15:10:05.651    app     info:    [server-manager] Downloaded 4.01 GiB/4.85 GiB at 944.32 kiB/s
2025-11-10 15:10:06.697    app     info:    [server-manager] Downloaded 4.01 GiB/4.85 GiB at 1.34 MiB/s
2025-11-10 15:10:07.738    app     info:    [server-manager] Downloaded 4.01 GiB/4.85 GiB at 917.78 kiB/s
2025-11-10 15:10:08.788    app     info:    [server-manager] Downloaded 4.01 GiB/4.85 GiB at 545.81 kiB/s
2025-11-10 15:10:09.818    app     info:    [server-manager] Downloaded 4.01 GiB/4.85 GiB at 431.60 kiB/s
2025-11-10 15:10:10.908    app     info:    [server-manager] Downloaded 4.01 GiB/4.85 GiB at 526.11 kiB/s
2025-11-10 15:10:11.943    app     info:    [server-manager] Downloaded 4.02 GiB/4.85 GiB at 574.67 kiB/s
2025-11-10 15:10:13.036    app     info:    [server-manager] Downloaded 4.02 GiB/4.85 GiB at 576.85 kiB/s
2025-11-10 15:10:14.092    app     info:    [server-manager] Downloaded 4.02 GiB/4.85 GiB at 425.25 kiB/s
2025-11-10 15:10:15.157    app     info:    [server-manager] Downloaded 4.02 GiB/4.85 GiB at 440.94 kiB/s
2025-11-10 15:10:16.179    app     info:    [server-manager] Downloaded 4.02 GiB/4.85 GiB at 570.36 kiB/s
2025-11-10 15:10:17.212    app     info:    [server-manager] Downloaded 4.02 GiB/4.85 GiB at 572.50 kiB/s
2025-11-10 15:10:18.290    app     info:    [server-manager] Downloaded 4.02 GiB/4.85 GiB at 654.93 kiB/s
2025-11-10 15:10:19.360    app     info:    [server-manager] Downloaded 4.02 GiB/4.85 GiB at 707.69 kiB/s
2025-11-10 15:10:20.369    app     info:    [server-manager] Downloaded 4.02 GiB/4.85 GiB at 523.64 kiB/s
2025-11-10 15:10:21.475    app     info:    [server-manager] Downloaded 4.02 GiB/4.85 GiB at 598.57 kiB/s
2025-11-10 15:10:22.529    app     info:    [server-manager] Downloaded 4.02 GiB/4.85 GiB at 843.75 kiB/s
2025-11-10 15:10:23.552    app     info:    [server-manager] Downloaded 4.02 GiB/4.85 GiB at 909.42 kiB/s
2025-11-10 15:10:24.574    app     info:    [server-manager] Downloaded 4.02 GiB/4.85 GiB at 507.94 kiB/s
2025-11-10 15:10:25.609    app     info:    [server-manager] Downloaded 4.02 GiB/4.85 GiB at 825.05 kiB/s
2025-11-10 15:10:26.676    app     info:    [server-manager] Downloaded 4.02 GiB/4.85 GiB at 761.90 kiB/s
2025-11-10 15:10:27.758    app     info:    [server-manager] Downloaded 4.03 GiB/4.85 GiB at 750.47 kiB/s
2025-11-10 15:10:28.818    app     info:    [server-manager] Downloaded 4.03 GiB/4.85 GiB at 286.85 kiB/s
2025-11-10 15:10:29.823    app     info:    [server-manager] Downloaded 4.03 GiB/4.85 GiB at 523.08 kiB/s
2025-11-10 15:10:30.877    app     info:    [server-manager] Downloaded 4.03 GiB/4.85 GiB at 478.09 kiB/s
2025-11-10 15:10:31.953    app     info:    [server-manager] Downloaded 4.03 GiB/4.85 GiB at 480.00 kiB/s
2025-11-10 15:10:33.010    app     info:    [server-manager] Downloaded 4.03 GiB/4.85 GiB at 658.96 kiB/s
2025-11-10 15:10:34.039    app     info:    [server-manager] Downloaded 4.03 GiB/4.85 GiB at 656.25 kiB/s
2025-11-10 15:10:35.068    app     info:    [server-manager] Downloaded 4.03 GiB/4.85 GiB at 920.63 kiB/s
2025-11-10 15:10:36.093    app     info:    [server-manager] Downloaded 4.03 GiB/4.85 GiB at 886.73 kiB/s
2025-11-10 15:10:37.108    app     info:    [server-manager] Downloaded 4.03 GiB/4.85 GiB at 957.53 kiB/s
2025-11-10 15:10:38.139    app     info:    [server-manager] Downloaded 4.03 GiB/4.85 GiB at 827.59 kiB/s
2025-11-10 15:10:39.196    app     info:    [server-manager] Downloaded 4.03 GiB/4.85 GiB at 317.46 kiB/s
2025-11-10 15:10:40.206    app     info:    [server-manager] Downloaded 4.03 GiB/4.85 GiB at 471.68 kiB/s
2025-11-10 15:10:41.222    app     info:    [server-manager] Downloaded 4.03 GiB/4.85 GiB at 958.08 kiB/s
2025-11-10 15:10:42.257    app     info:    [server-manager] Downloaded 4.04 GiB/4.85 GiB at 807.77 kiB/s
2025-11-10 15:10:43.289    app     info:    [server-manager] Downloaded 4.04 GiB/4.85 GiB at 286.28 kiB/s
2025-11-10 15:10:44.314    app     info:    [server-manager] Downloaded 4.04 GiB/4.85 GiB at 956.18 kiB/s
2025-11-10 15:10:45.334    app     info:    [server-manager] Downloaded 4.04 GiB/4.85 GiB at 893.02 kiB/s
2025-11-10 15:10:46.346    app     info:    [server-manager] Downloaded 4.04 GiB/4.85 GiB at 879.92 kiB/s
2025-11-10 15:10:47.367    app     info:    [server-manager] Downloaded 4.04 GiB/4.85 GiB at 838.83 kiB/s
2025-11-10 15:10:48.380    app     info:    [server-manager] Downloaded 4.04 GiB/4.85 GiB at 807.77 kiB/s
2025-11-10 15:10:49.404    app     info:    [server-manager] Downloaded 4.04 GiB/4.85 GiB at 522.47 kiB/s
2025-11-10 15:10:50.412    app     info:    [server-manager] Downloaded 4.04 GiB/4.85 GiB at 670.66 kiB/s
2025-11-10 15:10:51.448    app     info:    [server-manager] Downloaded 4.04 GiB/4.85 GiB at 678.23 kiB/s
2025-11-10 15:10:52.460    app     info:    [server-manager] Downloaded 4.04 GiB/4.85 GiB at 653.70 kiB/s
2025-11-10 15:10:53.503    app     info:    [server-manager] Downloaded 4.04 GiB/4.85 GiB at 839.69 kiB/s
2025-11-10 15:10:54.551    app     info:    [server-manager] Downloaded 4.04 GiB/4.85 GiB at 1.31 MiB/s
2025-11-10 15:10:55.570    app     info:    [server-manager] Downloaded 4.05 GiB/4.85 GiB at 978.30 kiB/s
2025-11-10 15:10:56.621    app     info:    [server-manager] Downloaded 4.05 GiB/4.85 GiB at 499.63 kiB/s
2025-11-10 15:10:57.636    app     info:    [server-manager] Downloaded 4.05 GiB/4.85 GiB at 967.01 kiB/s
2025-11-10 15:10:58.668    app     info:    [server-manager] Downloaded 4.05 GiB/4.85 GiB at 869.90 kiB/s
2025-11-10 15:10:59.674    app     info:    [server-manager] Downloaded 4.05 GiB/4.85 GiB at 972.55 kiB/s
2025-11-10 15:11:00.699    app     info:    [server-manager] Downloaded 4.05 GiB/4.85 GiB at 661.42 kiB/s
2025-11-10 15:11:01.709    app     info:    [server-manager] Downloaded 4.05 GiB/4.85 GiB at 766.28 kiB/s
2025-11-10 15:11:02.744    app     info:    [server-manager] Downloaded 4.05 GiB/4.85 GiB at 1.23 MiB/s
2025-11-10 15:11:03.768    app     info:    [server-manager] Downloaded 4.05 GiB/4.85 GiB at 822.86 kiB/s
2025-11-10 15:11:04.793    app     info:    [server-manager] Downloaded 4.05 GiB/4.85 GiB at 1,004.28 kiB/s
2025-11-10 15:11:05.815    app     info:    [server-manager] Downloaded 4.05 GiB/4.85 GiB at 751.47 kiB/s
2025-11-10 15:11:06.830    app     info:    [server-manager] Downloaded 4.05 GiB/4.85 GiB at 881.89 kiB/s
2025-11-10 15:11:07.887    app     info:    [server-manager] Downloaded 4.06 GiB/4.85 GiB at 842.11 kiB/s
2025-11-10 15:11:08.935    app     info:    [server-manager] Downloaded 4.06 GiB/4.85 GiB at 1,003.69 kiB/s
2025-11-10 15:11:09.969    app     info:    [server-manager] Downloaded 4.06 GiB/4.85 GiB at 845.28 kiB/s
2025-11-10 15:11:11.001    app     info:    [server-manager] Downloaded 4.06 GiB/4.85 GiB at 702.59 kiB/s
2025-11-10 15:11:12.057    app     info:    [server-manager] Downloaded 4.06 GiB/4.85 GiB at 610.69 kiB/s
2025-11-10 15:11:13.075    app     info:    [server-manager] Downloaded 4.06 GiB/4.85 GiB at 865.10 kiB/s
2025-11-10 15:11:14.107    app     info:    [server-manager] Downloaded 4.06 GiB/4.85 GiB at 858.85 kiB/s
2025-11-10 15:11:15.140    app     info:    [server-manager] Downloaded 4.06 GiB/4.85 GiB at 717.35 kiB/s
2025-11-10 15:11:16.162    app     info:    [server-manager] Downloaded 4.06 GiB/4.85 GiB at 542.91 kiB/s
2025-11-10 15:11:17.211    app     info:    [server-manager] Downloaded 4.06 GiB/4.85 GiB at 574.85 kiB/s
2025-11-10 15:11:18.229    app     info:    [server-manager] Downloaded 4.06 GiB/4.85 GiB at 451.13 kiB/s
2025-11-10 15:11:19.302    app     info:    [server-manager] Downloaded 4.06 GiB/4.85 GiB at 587.16 kiB/s
2025-11-10 15:11:20.386    app     info:    [server-manager] Downloaded 4.06 GiB/4.85 GiB at 678.23 kiB/s
2025-11-10 15:11:21.416    app     info:    [server-manager] Downloaded 4.06 GiB/4.85 GiB at 581.26 kiB/s
2025-11-10 15:11:22.466    app     info:    [server-manager] Downloaded 4.06 GiB/4.85 GiB at 633.66 kiB/s
2025-11-10 15:11:23.484    app     info:    [server-manager] Downloaded 4.07 GiB/4.85 GiB at 555.71 kiB/s
2025-11-10 15:11:24.538    app     info:    [server-manager] Downloaded 4.07 GiB/4.85 GiB at 530.21 kiB/s
2025-11-10 15:11:25.627    app     info:    [server-manager] Downloaded 4.07 GiB/4.85 GiB at 760.40 kiB/s
2025-11-10 15:11:26.641    app     info:    [server-manager] Downloaded 4.07 GiB/4.85 GiB at 1.02 MiB/s
2025-11-10 15:11:27.666    app     info:    [server-manager] Downloaded 4.07 GiB/4.85 GiB at 952.02 kiB/s
2025-11-10 15:11:28.697    app     info:    [server-manager] Downloaded 4.07 GiB/4.85 GiB at 800.00 kiB/s
2025-11-10 15:11:29.734    app     info:    [server-manager] Downloaded 4.07 GiB/4.85 GiB at 992.00 kiB/s
2025-11-10 15:11:30.755    app     info:    [server-manager] Downloaded 4.07 GiB/4.85 GiB at 1.27 MiB/s
2025-11-10 15:11:31.760    app     info:    [server-manager] Downloaded 4.07 GiB/4.85 GiB at 985.09 kiB/s
2025-11-10 15:11:32.787    app     info:    [server-manager] Downloaded 4.07 GiB/4.85 GiB at 792.08 kiB/s
2025-11-10 15:11:33.814    app     info:    [server-manager] Downloaded 4.07 GiB/4.85 GiB at 902.72 kiB/s
2025-11-10 15:11:34.857    app     info:    [server-manager] Downloaded 4.07 GiB/4.85 GiB at 909.09 kiB/s
2025-11-10 15:11:35.910    app     info:    [server-manager] Downloaded 4.08 GiB/4.85 GiB at 1.38 MiB/s
2025-11-10 15:11:36.910    app     info:    [server-manager] Downloaded 4.08 GiB/4.85 GiB at 763.42 kiB/s
2025-11-10 15:11:37.917    app     info:    [server-manager] Downloaded 4.08 GiB/4.85 GiB at 441.85 kiB/s
2025-11-10 15:11:38.932    app     info:    [server-manager] Downloaded 4.08 GiB/4.85 GiB at 803.09 kiB/s
2025-11-10 15:11:39.988    app     info:    [server-manager] Downloaded 4.08 GiB/4.85 GiB at 966.86 kiB/s
2025-11-10 15:11:41.009    app     info:    [server-manager] Downloaded 4.08 GiB/4.85 GiB at 943.50 kiB/s
2025-11-10 15:11:42.043    app     info:    [server-manager] Downloaded 4.08 GiB/4.85 GiB at 862.28 kiB/s
2025-11-10 15:11:43.077    app     info:    [server-manager] Downloaded 4.08 GiB/4.85 GiB at 1.18 MiB/s
2025-11-10 15:11:44.089    app     info:    [server-manager] Downloaded 4.08 GiB/4.85 GiB at 516.13 kiB/s
2025-11-10 15:11:45.135    app     info:    [server-manager] Downloaded 4.08 GiB/4.85 GiB at 285.15 kiB/s
2025-11-10 15:11:46.159    app     info:    [server-manager] Downloaded 4.08 GiB/4.85 GiB at 540.76 kiB/s
2025-11-10 15:11:46.711    app     info:    [scheduler] Starting scheduler foreground
2025-11-10 15:11:46.714    app     info:    [newsfeed] Fetching news for eve-online in ru
2025-11-10 15:11:46.726    app     info:    [authentication] Token for '31367691' on 'tranquility' is expired, refresh is required
2025-11-10 15:11:46.726    app     info:    [authentication] Refreshing token for '31367691' on 'tranquility'
2025-11-10 15:11:47.065    app     info:    [authentication] Token for '31367691' on 'tranquility' has been successfully refreshed
2025-11-10 15:11:47.067    app     info:    [quasar-elg-events] Queueing event    eve_launcher.electron.authentication.UserTokensRefreshed
2025-11-10 15:11:47.083    app     info:    [customer-information] Getting character information for '31367691' on 'tranquility'
2025-11-10 15:11:47.083    app     info:    [customer-information] Getting Omega status for '31367691' on 'tranquility' (eve-online)
2025-11-10 15:11:47.083    app     info:    [virtual-goods] Getting Plex status for '31367691' on 'tranquility' (eve-online)
2025-11-10 15:11:47.162    app     info:    [server-manager] Downloaded 4.08 GiB/4.85 GiB at 506.52 kiB/s
2025-11-10 15:11:48.227    app     info:    [server-manager] Downloaded 4.08 GiB/4.85 GiB at 342.25 kiB/s
2025-11-10 15:11:48.344    app     info:    [esi] Fetching character details for 2123502320
2025-11-10 15:11:48.727    app     info:    [quasar-elg-events] Event sent    type.evetech.net/eve_launcher.electron.authentication.UserTokensRefreshed
2025-11-10 15:11:48.764    app     info:    [esi] Fetched 1 character details for 31367691
2025-11-10 15:11:49.264    app     info:    [server-manager] Downloaded 4.08 GiB/4.85 GiB at 458.89 kiB/s
2025-11-10 15:11:50.371    app     info:    [server-manager] Downloaded 4.08 GiB/4.85 GiB at 364.33 kiB/s
2025-11-10 15:11:50.811    app     warn:    [play-area-content] Invalid product found in play area content    { product: 'eve-frontier' }
2025-11-10 15:11:50.812    app     warn:    [play-area-content] Invalid product found in play area content    { product: 'eve-frontier' }
2025-11-10 15:11:50.812    app     warn:    [play-area-content] Invalid product found in play area content    { product: 'eve-frontier' }
2025-11-10 15:11:50.813    app     warn:    [play-area-content] Invalid product found in play area content    { product: 'eve-frontier' }
2025-11-10 15:11:50.813    app     warn:    [play-area-content] Invalid product found in play area content    { product: 'eve-frontier' }
2025-11-10 15:11:50.813    app     warn:    [play-area-content] Invalid product found in play area content    { product: 'eve-frontier' }
2025-11-10 15:11:50.814    app     warn:    [play-area-content] Invalid product found in play area content    { product: 'eve-frontier' }
2025-11-10 15:11:50.814    app     warn:    [play-area-content] Invalid product found in play area content    { product: 'eve-frontier' }
2025-11-10 15:11:51.412    app     info:    [server-manager] Downloaded 4.08 GiB/4.85 GiB at 451.13 kiB/s
2025-11-10 15:11:51.725    app     info:    [self-update] Checking for application updates.
2025-11-10 15:11:52.095    app    error:    [quasar-manager-helper] Failed to perform Quasar request RESPONSE REFUSED: eve_public.plex.vault.api.BalanceRequest received for 'tranquility-31367691-null' in 5008ms (0: )    c [EpgError]: RESPONSE REFUSED: eve_public.plex.vault.api.BalanceRequest received for 'tranquility-31367691-null' in 5008ms (0: )
    at P (C:\Users\dmytr\AppData\Local\eve-online\app-1.12.2\resources\app.asar\.webpack\main\index.js:8:1992734)
    at F.rejectMessage (C:\Users\dmytr\AppData\Local\eve-online\app-1.12.2\resources\app.asar\.webpack\main\index.js:8:2002913)
    at Timeout.<anonymous> (C:\Users\dmytr\AppData\Local\eve-online\app-1.12.2\resources\app.asar\.webpack\main\index.js:8:2005695)
    at listOnTimeout (node:internal/timers:588:17)
    at process.processTimers (node:internal/timers:523:7) {
  innerError: undefined,
  statusCode: 0,
  statusMessage: ''
}
2025-11-10 15:11:52.095    app     warn:    [virtual-goods] Can't fetch Plex status for '31367691' on 'tranquility' (eve-online), error: EpgError: RESPONSE REFUSED: eve_public.plex.vault.api.BalanceRequest received for 'tranquility-31367691-null' in 5008ms (0: )
2025-11-10 15:11:52.105    app    error:    [AuthenticationMiddleware] RESPONSE REFUSED: eve_public.plex.vault.api.BalanceRequest received for 'tranquility-31367691-null' in 5008ms (0: )    EpgError: RESPONSE REFUSED: eve_public.plex.vault.api.BalanceRequest received for 'tranquility-31367691-null' in 5008ms (0: )
    at P (C:\Users\dmytr\AppData\Local\eve-online\app-1.12.2\resources\app.asar\.webpack\main\index.js:8:1992734)
    at F.rejectMessage (C:\Users\dmytr\AppData\Local\eve-online\app-1.12.2\resources\app.asar\.webpack\main\index.js:8:2002913)
    at Timeout.<anonymous> (C:\Users\dmytr\AppData\Local\eve-online\app-1.12.2\resources\app.asar\.webpack\main\index.js:8:2005695)
    at listOnTimeout (node:internal/timers:588:17)
    at process.processTimers (node:internal/timers:523:7)
2025-11-10 15:11:52.443    app     info:    [server-manager] Downloaded 4.09 GiB/4.85 GiB at 700.95 kiB/s
2025-11-10 15:11:53.459    app     info:    [server-manager] Downloaded 4.09 GiB/4.85 GiB at 416.00 kiB/s
2025-11-10 15:11:54.530    app     info:    [server-manager] Downloaded 4.09 GiB/4.85 GiB at 923.65 kiB/s
2025-11-10 15:11:54.888    app     info:    [newsfeed] Fetched 20 news items for eve-online in ru
2025-11-10 15:11:55.534    app     info:    [server-manager] Downloaded 4.09 GiB/4.85 GiB at 810.78 kiB/s
2025-11-10 15:11:55.718    app     info:    [self-update] No application updates were found.
2025-11-10 15:11:56.567    app     info:    [server-manager] Downloaded 4.09 GiB/4.85 GiB at 921.00 kiB/s
2025-11-10 15:11:57.585    app     info:    [server-manager] Downloaded 4.09 GiB/4.85 GiB at 992.00 kiB/s
2025-11-10 15:11:58.605    app     info:    [server-manager] Downloaded 4.09 GiB/4.85 GiB at 892.37 kiB/s
2025-11-10 15:11:59.613    app     info:    [server-manager] Downloaded 4.09 GiB/4.85 GiB at 990.33 kiB/s
2025-11-10 15:12:00.662    app     info:    [server-manager] Downloaded 4.09 GiB/4.85 GiB at 927.10 kiB/s
2025-11-10 15:12:01.693    app     info:    [server-manager] Downloaded 4.09 GiB/4.85 GiB at 929.55 kiB/s
2025-11-10 15:12:02.762    app     info:    [server-manager] Downloaded 4.09 GiB/4.85 GiB at 943.67 kiB/s
2025-11-10 15:12:03.816    app     info:    [scheduler] Stopped scheduler foreground
2025-11-10 15:12:03.818    app     info:    [server-manager] Downloaded 4.10 GiB/4.85 GiB at 939.61 kiB/s
2025-11-10 15:12:04.445    app     info:    [scheduler] Starting scheduler foreground
2025-11-10 15:12:04.822    app     info:    [server-manager] Downloaded 4.10 GiB/4.85 GiB at 857.14 kiB/s
2025-11-10 15:12:05.245    app     info:    [scheduler] Stopped scheduler foreground
2025-11-10 15:12:05.863    app     info:    [server-manager] Downloaded 4.10 GiB/4.85 GiB at 480.00 kiB/s
2025-11-10 15:12:06.880    app     info:    [server-manager] Downloaded 4.10 GiB/4.85 GiB at 922.47 kiB/s
2025-11-10 15:12:07.908    app     info:    [server-manager] Downloaded 4.10 GiB/4.85 GiB at 756.14 kiB/s
2025-11-10 15:12:08.917    app     info:    [server-manager] Downloaded 4.10 GiB/4.85 GiB at 512.00 kiB/s
2025-11-10 15:12:09.939    app     info:    [server-manager] Downloaded 4.10 GiB/4.85 GiB at 963.11 kiB/s
2025-11-10 15:12:10.940    app     info:    [server-manager] Downloaded 4.10 GiB/4.85 GiB at 864.00 kiB/s
2025-11-10 15:12:11.941    app     info:    [server-manager] Downloaded 4.10 GiB/4.85 GiB at 928.00 kiB/s
2025-11-10 15:12:12.960    app     info:    [server-manager] Downloaded 4.10 GiB/4.85 GiB at 1.22 MiB/s
2025-11-10 15:12:13.970    app     info:    [server-manager] Downloaded 4.10 GiB/4.85 GiB at 448.00 kiB/s
2025-11-10 15:12:14.980    app     info:    [server-manager] Downloaded 4.10 GiB/4.85 GiB at 857.14 kiB/s
2025-11-10 15:12:16.004    app     info:    [server-manager] Downloaded 4.11 GiB/4.85 GiB at 825.40 kiB/s
2025-11-10 15:12:17.043    app     info:    [server-manager] Downloaded 4.11 GiB/4.85 GiB at 974.75 kiB/s
2025-11-10 15:12:18.047    app     info:    [server-manager] Downloaded 4.11 GiB/4.85 GiB at 980.84 kiB/s
2025-11-10 15:12:19.079    app     info:    [server-manager] Downloaded 4.11 GiB/4.85 GiB at 816.24 kiB/s
2025-11-10 15:12:20.090    app     info:    [server-manager] Downloaded 4.11 GiB/4.85 GiB at 1.03 MiB/s
2025-11-10 15:12:21.140    app     info:    [server-manager] Downloaded 4.11 GiB/4.85 GiB at 901.69 kiB/s
2025-11-10 15:12:22.191    app     info:    [server-manager] Downloaded 4.11 GiB/4.85 GiB at 1.26 MiB/s
2025-11-10 15:12:23.195    app     info:    [server-manager] Downloaded 4.11 GiB/4.85 GiB at 850.30 kiB/s
2025-11-10 15:12:24.224    app     info:    [server-manager] Downloaded 4.11 GiB/4.85 GiB at 928.00 kiB/s
2025-11-10 15:12:25.254    app     info:    [server-manager] Downloaded 4.11 GiB/4.85 GiB at 924.30 kiB/s
2025-11-10 15:12:26.290    app     info:    [server-manager] Downloaded 4.11 GiB/4.85 GiB at 1.29 MiB/s
2025-11-10 15:12:27.303    app     info:    [server-manager] Downloaded 4.12 GiB/4.85 GiB at 809.34 kiB/s
2025-11-10 15:12:28.325    app     info:    [scheduler] Starting scheduler foreground
2025-11-10 15:12:28.329    app     info:    [server-manager] Downloaded 4.12 GiB/4.85 GiB at 913.39 kiB/s
2025-11-10 15:12:28.902    app     info:    [scheduler] Stopped scheduler foreground
2025-11-10 15:12:29.359    app     info:    [server-manager] Downloaded 4.12 GiB/4.85 GiB at 382.47 kiB/s
2025-11-10 15:12:29.379    app     info:    [scheduler] Starting scheduler foreground
2025-11-10 15:12:29.505    app     info:    [scheduler] Stopped scheduler foreground
2025-11-10 15:12:30.387    app     info:    [server-manager] Downloaded 4.12 GiB/4.85 GiB at 714.17 kiB/s
2025-11-10 15:12:31.431    app     info:    [server-manager] Downloaded 4.12 GiB/4.85 GiB at 781.91 kiB/s
2025-11-10 15:12:32.455    app     info:    [server-manager] Downloaded 4.12 GiB/4.85 GiB at 714.56 kiB/s
2025-11-10 15:12:33.502    app     info:    [server-manager] Downloaded 4.12 GiB/4.85 GiB at 709.39 kiB/s
2025-11-10 15:12:34.538    app     info:    [server-manager] Downloaded 4.12 GiB/4.85 GiB at 699.80 kiB/s
2025-11-10 15:12:35.570    app     info:    [server-manager] Downloaded 4.12 GiB/4.85 GiB at 665.06 kiB/s
2025-11-10 15:12:36.576    app     info:    [server-manager] Downloaded 4.12 GiB/4.85 GiB at 576.00 kiB/s
2025-11-10 15:12:37.631    app     info:    [server-manager] Downloaded 4.12 GiB/4.85 GiB at 892.19 kiB/s
2025-11-10 15:12:38.657    app     info:    [server-manager] Downloaded 4.12 GiB/4.85 GiB at 553.85 kiB/s
2025-11-10 15:12:39.741    app     info:    [server-manager] Downloaded 4.12 GiB/4.85 GiB at 658.66 kiB/s
2025-11-10 15:12:40.777    app     info:    [server-manager] Downloaded 4.12 GiB/4.85 GiB at 747.51 kiB/s
2025-11-10 15:12:41.886    app     info:    [server-manager] Downloaded 4.13 GiB/4.85 GiB at 755.24 kiB/s
2025-11-10 15:12:42.907    app     info:    [server-manager] Downloaded 4.13 GiB/4.85 GiB at 646.15 kiB/s
2025-11-10 15:12:43.943    app     info:    [server-manager] Downloaded 4.13 GiB/4.85 GiB at 1.07 MiB/s
2025-11-10 15:12:44.978    app     info:    [server-manager] Downloaded 4.13 GiB/4.85 GiB at 870.54 kiB/s
2025-11-10 15:12:45.998    app     info:    [server-manager] Downloaded 4.13 GiB/4.85 GiB at 344.42 kiB/s
2025-11-10 15:12:47.011    app     info:    [server-manager] Downloaded 4.13 GiB/4.85 GiB at 752.94 kiB/s
2025-11-10 15:12:48.099    app     info:    [server-manager] Downloaded 4.13 GiB/4.85 GiB at 708.49 kiB/s
2025-11-10 15:12:49.176    app     info:    [server-manager] Downloaded 4.13 GiB/4.85 GiB at 677.25 kiB/s
2025-11-10 15:12:50.183    app     info:    [server-manager] Downloaded 4.13 GiB/4.85 GiB at 657.53 kiB/s
2025-11-10 15:12:51.257    app     info:    [server-manager] Downloaded 4.13 GiB/4.85 GiB at 690.65 kiB/s
2025-11-10 15:12:52.269    app     info:    [server-manager] Downloaded 4.13 GiB/4.85 GiB at 187.13 kiB/s
2025-11-10 15:12:53.345    app     info:    [server-manager] Downloaded 4.13 GiB/4.85 GiB at 624.54 kiB/s
2025-11-10 15:12:54.449    app     info:    [server-manager] Downloaded 4.13 GiB/4.85 GiB at 999.22 kiB/s
2025-11-10 15:12:55.450    app     info:    [server-manager] Downloaded 4.13 GiB/4.85 GiB at 318.73 kiB/s
2025-11-10 15:12:55.881    app     info:    [scheduler] Starting scheduler foreground
2025-11-10 15:12:55.886    app     info:    [customer-information] Getting character information for '31367691' on 'tranquility'
2025-11-10 15:12:55.887    app     info:    [virtual-goods] Getting Plex status for '31367691' on 'tranquility' (eve-online)
2025-11-10 15:12:56.133    app     info:    [esi] Fetching character details for 2123502320
2025-11-10 15:12:56.503    app     info:    [server-manager] Downloaded 4.13 GiB/4.85 GiB at 609.80 kiB/s
2025-11-10 15:12:56.550    app     info:    [scheduler] Stopped scheduler foreground
2025-11-10 15:12:57.535    app     info:    [server-manager] Downloaded 4.14 GiB/4.85 GiB at 955.68 kiB/s
2025-11-10 15:12:58.555    app     info:    [server-manager] Downloaded 4.14 GiB/4.85 GiB at 606.79 kiB/s
2025-11-10 15:12:59.009    app     info:    [esi] Fetched 1 character details for 31367691
2025-11-10 15:12:59.599    app     info:    [server-manager] Downloaded 4.14 GiB/4.85 GiB at 559.85 kiB/s
2025-11-10 15:13:00.666    app     info:    [server-manager] Downloaded 4.14 GiB/4.85 GiB at 545.45 kiB/s
2025-11-10 15:13:00.906    app    error:    [quasar-manager-helper] Failed to perform Quasar request RESPONSE REFUSED: eve_public.plex.vault.api.BalanceRequest received for 'tranquility-31367691-null' in 5015ms (0: )    c [EpgError]: RESPONSE REFUSED: eve_public.plex.vault.api.BalanceRequest received for 'tranquility-31367691-null' in 5015ms (0: )
    at P (C:\Users\dmytr\AppData\Local\eve-online\app-1.12.2\resources\app.asar\.webpack\main\index.js:8:1992734)
    at F.rejectMessage (C:\Users\dmytr\AppData\Local\eve-online\app-1.12.2\resources\app.asar\.webpack\main\index.js:8:2002913)
    at Timeout.<anonymous> (C:\Users\dmytr\AppData\Local\eve-online\app-1.12.2\resources\app.asar\.webpack\main\index.js:8:2005695)
    at listOnTimeout (node:internal/timers:588:17)
    at process.processTimers (node:internal/timers:523:7) {
  innerError: undefined,
  statusCode: 0,
  statusMessage: ''
}
2025-11-10 15:13:00.906    app     warn:    [virtual-goods] Can't fetch Plex status for '31367691' on 'tranquility' (eve-online), error: EpgError: RESPONSE REFUSED: eve_public.plex.vault.api.BalanceRequest received for 'tranquility-31367691-null' in 5015ms (0: )
2025-11-10 15:13:00.915    app    error:    [AuthenticationMiddleware] RESPONSE REFUSED: eve_public.plex.vault.api.BalanceRequest received for 'tranquility-31367691-null' in 5015ms (0: )    EpgError: RESPONSE REFUSED: eve_public.plex.vault.api.BalanceRequest received for 'tranquility-31367691-null' in 5015ms (0: )
    at P (C:\Users\dmytr\AppData\Local\eve-online\app-1.12.2\resources\app.asar\.webpack\main\index.js:8:1992734)
    at F.rejectMessage (C:\Users\dmytr\AppData\Local\eve-online\app-1.12.2\resources\app.asar\.webpack\main\index.js:8:2002913)
    at Timeout.<anonymous> (C:\Users\dmytr\AppData\Local\eve-online\app-1.12.2\resources\app.asar\.webpack\main\index.js:8:2005695)
    at listOnTimeout (node:internal/timers:588:17)
    at process.processTimers (node:internal/timers:523:7)
2025-11-10 15:13:01.707    app     info:    [server-manager] Downloaded 4.14 GiB/4.85 GiB at 687.85 kiB/s
2025-11-10 15:13:02.738    app     info:    [server-manager] Downloaded 4.14 GiB/4.85 GiB at 561.40 kiB/s
2025-11-10 15:13:03.814    app     info:    [server-manager] Downloaded 4.14 GiB/4.85 GiB at 360.23 kiB/s
2025-11-10 15:13:04.881    app     info:    [server-manager] Downloaded 4.14 GiB/4.85 GiB at 471.45 kiB/s
2025-11-10 15:13:05.960    app     info:    [server-manager] Downloaded 4.14 GiB/4.85 GiB at 320.00 kiB/s
2025-11-10 15:13:06.987    app     info:    [server-manager] Downloaded 4.14 GiB/4.85 GiB at 812.50 kiB/s
2025-11-10 15:13:08.020    app     info:    [server-manager] Downloaded 4.14 GiB/4.85 GiB at 1.02 MiB/s
2025-11-10 15:13:09.032    app     info:    [server-manager] Downloaded 4.14 GiB/4.85 GiB at 1.19 MiB/s
2025-11-10 15:13:10.042    app     info:    [server-manager] Downloaded 4.14 GiB/4.85 GiB at 785.85 kiB/s
2025-11-10 15:13:11.071    app     info:    [server-manager] Downloaded 4.14 GiB/4.85 GiB at 512.00 kiB/s
2025-11-10 15:13:12.097    app     info:    [server-manager] Downloaded 4.15 GiB/4.85 GiB at 816.96 kiB/s
2025-11-10 15:13:13.126    app     info:    [server-manager] Downloaded 4.15 GiB/4.85 GiB at 1.27 MiB/s
2025-11-10 15:13:14.132    app     info:    [server-manager] Downloaded 4.15 GiB/4.85 GiB at 822.58 kiB/s
2025-11-10 15:13:15.148    app     info:    [server-manager] Downloaded 4.15 GiB/4.85 GiB at 792.08 kiB/s
2025-11-10 15:13:16.159    app     info:    [server-manager] Downloaded 4.15 GiB/4.85 GiB at 935.67 kiB/s
2025-11-10 15:13:17.192    app     info:    [server-manager] Downloaded 4.15 GiB/4.85 GiB at 932.33 kiB/s
2025-11-10 15:13:18.225    app     info:    [server-manager] Downloaded 4.15 GiB/4.85 GiB at 1,009.56 kiB/s
2025-11-10 15:13:19.260    app     info:    [server-manager] Downloaded 4.15 GiB/4.85 GiB at 944.01 kiB/s
2025-11-10 15:13:20.364    app     info:    [server-manager] Downloaded 4.15 GiB/4.85 GiB at 1.00 MiB/s
2025-11-10 15:13:21.415    app     info:    [server-manager] Downloaded 4.15 GiB/4.85 GiB at 862.28 kiB/s
2025-11-10 15:13:22.415    app     info:    [server-manager] Downloaded 4.15 GiB/4.85 GiB at 890.66 kiB/s
2025-11-10 15:13:23.443    app     info:    [server-manager] Downloaded 4.15 GiB/4.85 GiB at 799.17 kiB/s
2025-11-10 15:13:24.452    app     info:    [server-manager] Downloaded 4.16 GiB/4.85 GiB at 937.50 kiB/s
2025-11-10 15:13:25.506    app     info:    [server-manager] Downloaded 4.16 GiB/4.85 GiB at 832.33 kiB/s
2025-11-10 15:13:26.549    app     info:    [server-manager] Downloaded 4.16 GiB/4.85 GiB at 803.03 kiB/s
2025-11-10 15:13:27.572    app     info:    [server-manager] Downloaded 4.16 GiB/4.85 GiB at 860.56 kiB/s
2025-11-10 15:13:28.598    app     info:    [server-manager] Downloaded 4.16 GiB/4.85 GiB at 1.11 MiB/s
2025-11-10 15:13:29.601    app     info:    [server-manager] Downloaded 4.16 GiB/4.85 GiB at 657.53 kiB/s
2025-11-10 15:13:30.653    app     info:    [server-manager] Downloaded 4.16 GiB/4.85 GiB at 640.00 kiB/s
2025-11-10 15:13:31.668    app     info:    [server-manager] Downloaded 4.16 GiB/4.85 GiB at 376.47 kiB/s
2025-11-10 15:13:32.742    app     info:    [server-manager] Downloaded 4.16 GiB/4.85 GiB at 876.71 kiB/s
2025-11-10 15:13:33.769    app     info:    [server-manager] Downloaded 4.16 GiB/4.85 GiB at 906.25 kiB/s
2025-11-10 15:13:34.790    app     info:    [server-manager] Downloaded 4.16 GiB/4.85 GiB at 1.22 MiB/s
2025-11-10 15:13:35.795    app     info:    [server-manager] Downloaded 4.16 GiB/4.85 GiB at 1.49 MiB/s
2025-11-10 15:13:36.823    app     info:    [server-manager] Downloaded 4.16 GiB/4.85 GiB at 928.43 kiB/s
2025-11-10 15:13:37.845    app     info:    [server-manager] Downloaded 4.17 GiB/4.85 GiB at 1,007.04 kiB/s
2025-11-10 15:13:38.890    app     info:    [server-manager] Downloaded 4.17 GiB/4.85 GiB at 816.64 kiB/s
2025-11-10 15:13:39.936    app     info:    [server-manager] Downloaded 4.17 GiB/4.85 GiB at 878.86 kiB/s
2025-11-10 15:13:40.986    app     info:    [server-manager] Downloaded 4.17 GiB/4.85 GiB at 952.02 kiB/s
2025-11-10 15:13:42.041    app     info:    [server-manager] Downloaded 4.17 GiB/4.85 GiB at 814.09 kiB/s
2025-11-10 15:13:43.087    app     info:    [server-manager] Downloaded 4.17 GiB/4.85 GiB at 928.00 kiB/s
2025-11-10 15:13:44.141    app     info:    [server-manager] Downloaded 4.17 GiB/4.85 GiB at 616.51 kiB/s
2025-11-10 15:13:45.169    app     info:    [server-manager] Downloaded 4.17 GiB/4.85 GiB at 284.58 kiB/s
2025-11-10 15:13:46.203    app     info:    [server-manager] Downloaded 4.17 GiB/4.85 GiB at 648.65 kiB/s
2025-11-10 15:13:47.267    app     info:    [server-manager] Downloaded 4.17 GiB/4.85 GiB at 657.53 kiB/s
2025-11-10 15:13:48.357    app     info:    [server-manager] Downloaded 4.17 GiB/4.85 GiB at 458.89 kiB/s
2025-11-10 15:13:49.416    app     info:    [server-manager] Downloaded 4.17 GiB/4.85 GiB at 95.24 kiB/s
2025-11-10 15:13:50.476    app     info:    [server-manager] Downloaded 4.17 GiB/4.85 GiB at 596.49 kiB/s
2025-11-10 15:13:51.507    app     info:    [server-manager] Downloaded 4.17 GiB/4.85 GiB at 191.62 kiB/s
2025-11-10 15:13:52.520    app     info:    [server-manager] Downloaded 4.17 GiB/4.85 GiB at 625.00 kiB/s
2025-11-10 15:13:53.543    app     info:    [server-manager] Downloaded 4.18 GiB/4.85 GiB at 474.07 kiB/s
2025-11-10 15:13:54.603    app     info:    [server-manager] Downloaded 4.18 GiB/4.85 GiB at 693.03 kiB/s
2025-11-10 15:13:55.646    app     info:    [server-manager] Downloaded 4.18 GiB/4.85 GiB at 499.29 kiB/s
2025-11-10 15:13:56.689    app     info:    [server-manager] Downloaded 4.18 GiB/4.85 GiB at 524.09 kiB/s
2025-11-10 15:13:57.705    app     info:    [server-manager] Downloaded 4.18 GiB/4.85 GiB at 612.97 kiB/s
2025-11-10 15:13:58.742    app     info:    [server-manager] Downloaded 4.18 GiB/4.85 GiB at 188.98 kiB/s
2025-11-10 15:13:59.785    app     info:    [server-manager] Downloaded 4.18 GiB/4.85 GiB at 517.11 kiB/s
2025-11-10 15:14:00.838    app     info:    [server-manager] Downloaded 4.18 GiB/4.85 GiB at 610.69 kiB/s
2025-11-10 15:14:01.860    app     info:    [server-manager] Downloaded 4.18 GiB/4.85 GiB at 436.65 kiB/s
2025-11-10 15:14:02.878    app     info:    [server-manager] Downloaded 4.18 GiB/4.85 GiB at 608.00 kiB/s
2025-11-10 15:14:03.056    app     info:    [scheduler] Starting scheduler foreground
2025-11-10 15:14:03.065    app     info:    [customer-information] Getting character information for '31367691' on 'tranquility'
2025-11-10 15:14:03.066    app     info:    [virtual-goods] Getting Plex status for '31367691' on 'tranquility' (eve-online)
2025-11-10 15:14:03.234    app     info:    [esi] Fetching character details for 2123502320
2025-11-10 15:14:03.673    app     info:    [scheduler] Stopped scheduler foreground
2025-11-10 15:14:03.899    app     info:    [server-manager] Downloaded 4.18 GiB/4.85 GiB at 615.38 kiB/s
2025-11-10 15:14:04.914    app     info:    [server-manager] Downloaded 4.18 GiB/4.85 GiB at 305.25 kiB/s
2025-11-10 15:14:05.939    app     info:    [server-manager] Downloaded 4.18 GiB/4.85 GiB at 634.43 kiB/s
2025-11-10 15:14:06.375    app     info:    [esi] Fetched 1 character details for 31367691
2025-11-10 15:14:06.973    app     info:    [server-manager] Downloaded 4.18 GiB/4.85 GiB at 664.03 kiB/s
2025-11-10 15:14:08.005    app     info:    [server-manager] Downloaded 4.18 GiB/4.85 GiB at 641.22 kiB/s
2025-11-10 15:14:08.071    app    error:    [quasar-manager-helper] Failed to perform Quasar request RESPONSE REFUSED: eve_public.plex.vault.api.BalanceRequest received for 'tranquility-31367691-null' in 5003ms (0: )    c [EpgError]: RESPONSE REFUSED: eve_public.plex.vault.api.BalanceRequest received for 'tranquility-31367691-null' in 5003ms (0: )
    at P (C:\Users\dmytr\AppData\Local\eve-online\app-1.12.2\resources\app.asar\.webpack\main\index.js:8:1992734)
    at F.rejectMessage (C:\Users\dmytr\AppData\Local\eve-online\app-1.12.2\resources\app.asar\.webpack\main\index.js:8:2002913)
    at Timeout.<anonymous> (C:\Users\dmytr\AppData\Local\eve-online\app-1.12.2\resources\app.asar\.webpack\main\index.js:8:2005695)
    at listOnTimeout (node:internal/timers:588:17)
    at process.processTimers (node:internal/timers:523:7) {
  innerError: undefined,
  statusCode: 0,
  statusMessage: ''
}
2025-11-10 15:14:08.072    app     warn:    [virtual-goods] Can't fetch Plex status for '31367691' on 'tranquility' (eve-online), error: EpgError: RESPONSE REFUSED: eve_public.plex.vault.api.BalanceRequest received for 'tranquility-31367691-null' in 5003ms (0: )
2025-11-10 15:14:08.089    app    error:    [AuthenticationMiddleware] RESPONSE REFUSED: eve_public.plex.vault.api.BalanceRequest received for 'tranquility-31367691-null' in 5003ms (0: )    EpgError: RESPONSE REFUSED: eve_public.plex.vault.api.BalanceRequest received for 'tranquility-31367691-null' in 5003ms (0: )
    at P (C:\Users\dmytr\AppData\Local\eve-online\app-1.12.2\resources\app.asar\.webpack\main\index.js:8:1992734)
    at F.rejectMessage (C:\Users\dmytr\AppData\Local\eve-online\app-1.12.2\resources\app.asar\.webpack\main\index.js:8:2002913)
    at Timeout.<anonymous> (C:\Users\dmytr\AppData\Local\eve-online\app-1.12.2\resources\app.asar\.webpack\main\index.js:8:2005695)
    at listOnTimeout (node:internal/timers:588:17)
    at process.processTimers (node:internal/timers:523:7)
2025-11-10 15:14:09.034    app     info:    [server-manager] Downloaded 4.18 GiB/4.85 GiB at 254.98 kiB/s
2025-11-10 15:14:10.078    app     info:    [server-manager] Downloaded 4.18 GiB/4.85 GiB at 475.84 kiB/s
2025-11-10 15:14:11.105    app     info:    [server-manager] Downloaded 4.19 GiB/4.85 GiB at 644.30 kiB/s
2025-11-10 15:14:12.166    app     info:    [server-manager] Downloaded 4.19 GiB/4.85 GiB at 520.80 kiB/s
2025-11-10 15:14:13.221    app     info:    [server-manager] Downloaded 4.19 GiB/4.85 GiB at 552.78 kiB/s
2025-11-10 15:14:14.257    app     info:    [server-manager] Downloaded 4.19 GiB/4.85 GiB at 550.67 kiB/s
2025-11-10 15:14:15.273    app     info:    [server-manager] Downloaded 4.19 GiB/4.85 GiB at 445.33 kiB/s
2025-11-10 15:14:16.361    app     info:    [server-manager] Downloaded 4.19 GiB/4.85 GiB at 303.03 kiB/s
2025-11-10 15:14:17.408    app     info:    [server-manager] Downloaded 4.19 GiB/4.85 GiB at 495.16 kiB/s
2025-11-10 15:14:18.429    app     info:    [server-manager] Downloaded 4.19 GiB/4.85 GiB at 589.15 kiB/s
2025-11-10 15:14:19.527    app     info:    [server-manager] Downloaded 4.19 GiB/4.85 GiB at 384.00 kiB/s
2025-11-10 15:14:20.546    app     info:    [server-manager] Downloaded 4.19 GiB/4.85 GiB at 796.81 kiB/s
2025-11-10 15:14:21.604    app     info:    [server-manager] Downloaded 4.19 GiB/4.85 GiB at 906.25 kiB/s
2025-11-10 15:14:22.621    app     info:    [server-manager] Downloaded 4.19 GiB/4.85 GiB at 509.96 kiB/s
2025-11-10 15:14:23.654    app     info:    [server-manager] Downloaded 4.19 GiB/4.85 GiB at 782.78 kiB/s
2025-11-10 15:14:24.708    app     info:    [server-manager] Downloaded 4.19 GiB/4.85 GiB at 894.14 kiB/s
2025-11-10 15:14:25.724    app     info:    [server-manager] Downloaded 4.19 GiB/4.85 GiB at 906.25 kiB/s
2025-11-10 15:14:26.740    app     info:    [server-manager] Downloaded 4.20 GiB/4.85 GiB at 920.63 kiB/s
2025-11-10 15:14:27.771    app     info:    [server-manager] Downloaded 4.20 GiB/4.85 GiB at 948.62 kiB/s
2025-11-10 15:14:28.790    app     info:    [server-manager] Downloaded 4.20 GiB/4.85 GiB at 941.18 kiB/s
2025-11-10 15:14:29.862    app     info:    [server-manager] Downloaded 4.20 GiB/4.85 GiB at 577.21 kiB/s
2025-11-10 15:14:30.882    app     info:    [server-manager] Downloaded 4.20 GiB/4.85 GiB at 1.05 MiB/s
2025-11-10 15:14:31.914    app     info:    [server-manager] Downloaded 4.20 GiB/4.85 GiB at 926.28 kiB/s
2025-11-10 15:14:32.969    app     info:    [server-manager] Downloaded 4.20 GiB/4.85 GiB at 779.73 kiB/s
2025-11-10 15:14:34.003    app     info:    [server-manager] Downloaded 4.20 GiB/4.85 GiB at 1.12 MiB/s
2025-11-10 15:14:35.007    app     info:    [server-manager] Downloaded 4.20 GiB/4.85 GiB at 888.89 kiB/s
2025-11-10 15:14:36.022    app     info:    [server-manager] Downloaded 4.20 GiB/4.85 GiB at 784.31 kiB/s
2025-11-10 15:14:37.044    app     info:    [server-manager] Downloaded 4.20 GiB/4.85 GiB at 782.78 kiB/s
2025-11-10 15:14:38.103    app     info:    [server-manager] Downloaded 4.20 GiB/4.85 GiB at 837.93 kiB/s
2025-11-10 15:14:39.158    app     info:    [server-manager] Downloaded 4.21 GiB/4.85 GiB at 875.00 kiB/s
2025-11-10 15:14:40.168    app     info:    [server-manager] Downloaded 4.21 GiB/4.85 GiB at 565.82 kiB/s
2025-11-10 15:14:41.224    app     info:    [server-manager] Downloaded 4.21 GiB/4.85 GiB at 1.31 MiB/s
2025-11-10 15:14:42.236    app     info:    [server-manager] Downloaded 4.21 GiB/4.85 GiB at 1.28 MiB/s
2025-11-10 15:14:43.258    app     info:    [server-manager] Downloaded 4.21 GiB/4.85 GiB at 977.78 kiB/s
2025-11-10 15:14:44.282    app     info:    [server-manager] Downloaded 4.21 GiB/4.85 GiB at 535.43 kiB/s
2025-11-10 15:14:45.296    app     info:    [server-manager] Downloaded 4.21 GiB/4.85 GiB at 416.00 kiB/s
2025-11-10 15:14:46.339    app     info:    [server-manager] Downloaded 4.21 GiB/4.85 GiB at 407.84 kiB/s
2025-11-10 15:14:47.357    app     info:    [server-manager] Downloaded 4.21 GiB/4.85 GiB at 480.00 kiB/s
2025-11-10 15:14:48.382    app     info:    [server-manager] Downloaded 4.21 GiB/4.85 GiB at 928.43 kiB/s
2025-11-10 15:14:49.424    app     info:    [server-manager] Downloaded 4.21 GiB/4.85 GiB at 443.56 kiB/s
2025-11-10 15:14:50.472    app     info:    [server-manager] Downloaded 4.22 GiB/4.85 GiB at 908.02 kiB/s
2025-11-10 15:14:51.504    app     info:    [server-manager] Downloaded 4.22 GiB/4.85 GiB at 1.35 MiB/s
2025-11-10 15:14:52.504    app     info:    [server-manager] Downloaded 4.22 GiB/4.85 GiB at 1.34 MiB/s
2025-11-10 15:14:53.522    app     info:    [server-manager] Downloaded 4.22 GiB/4.85 GiB at 1.12 MiB/s
2025-11-10 15:14:54.533    app     info:    [server-manager] Downloaded 4.22 GiB/4.85 GiB at 883.63 kiB/s
2025-11-10 15:14:55.566    app     info:    [server-manager] Downloaded 4.22 GiB/4.85 GiB at 818.77 kiB/s
2025-11-10 15:14:56.654    app     info:    [server-manager] Downloaded 4.22 GiB/4.85 GiB at 800.00 kiB/s
2025-11-10 15:14:57.691    app     info:    [server-manager] Downloaded 4.22 GiB/4.85 GiB at 903.95 kiB/s
2025-11-10 15:14:58.752    app     info:    [server-manager] Downloaded 4.22 GiB/4.85 GiB at 914.29 kiB/s
2025-11-10 15:14:59.782    app     info:    [server-manager] Downloaded 4.22 GiB/4.85 GiB at 930.63 kiB/s
2025-11-10 15:15:00.797    app     info:    [server-manager] Downloaded 4.22 GiB/4.85 GiB at 1,015.87 kiB/s
2025-11-10 15:15:01.838    app     info:    [server-manager] Downloaded 4.22 GiB/4.85 GiB at 978.64 kiB/s
2025-11-10 15:15:02.846    app     info:    [server-manager] Downloaded 4.23 GiB/4.85 GiB at 853.75 kiB/s
2025-11-10 15:15:03.882    app     info:    [server-manager] Downloaded 4.23 GiB/4.85 GiB at 1.31 MiB/s
2025-11-10 15:15:04.908    app     info:    [server-manager] Downloaded 4.23 GiB/4.85 GiB at 725.90 kiB/s
2025-11-10 15:15:05.913    app     info:    [server-manager] Downloaded 4.23 GiB/4.85 GiB at 512.00 kiB/s
2025-11-10 15:15:06.942    app     info:    [server-manager] Downloaded 4.23 GiB/4.85 GiB at 825.40 kiB/s
2025-11-10 15:15:07.962    app     info:    [server-manager] Downloaded 4.23 GiB/4.85 GiB at 351.56 kiB/s
2025-11-10 15:15:08.987    app     info:    [server-manager] Downloaded 4.23 GiB/4.85 GiB at 362.26 kiB/s
2025-11-10 15:15:10.021    app     info:    [server-manager] Downloaded 4.23 GiB/4.85 GiB at 1.22 MiB/s
2025-11-10 15:15:11.037    app     info:    [server-manager] Downloaded 4.23 GiB/4.85 GiB at 372.82 kiB/s
2025-11-10 15:15:12.088    app     info:    [server-manager] Downloaded 4.23 GiB/4.85 GiB at 735.81 kiB/s
2025-11-10 15:15:13.201    app     info:    [server-manager] Downloaded 4.23 GiB/4.85 GiB at 666.67 kiB/s
2025-11-10 15:15:14.246    app     info:    [server-manager] Downloaded 4.23 GiB/4.85 GiB at 714.56 kiB/s
2025-11-10 15:15:15.267    app     info:    [server-manager] Downloaded 4.23 GiB/4.85 GiB at 665.80 kiB/s
2025-11-10 15:15:16.346    app     info:    [server-manager] Downloaded 4.23 GiB/4.85 GiB at 754.72 kiB/s
2025-11-10 15:15:17.383    app     info:    [server-manager] Downloaded 4.24 GiB/4.85 GiB at 607.21 kiB/s
2025-11-10 15:15:18.485    app     info:    [server-manager] Downloaded 4.24 GiB/4.85 GiB at 776.12 kiB/s
2025-11-10 15:15:19.536    app     info:    [server-manager] Downloaded 4.24 GiB/4.85 GiB at 790.56 kiB/s
2025-11-10 15:15:20.555    app     info:    [server-manager] Downloaded 4.24 GiB/4.85 GiB at 652.43 kiB/s
2025-11-10 15:15:21.613    app     info:    [server-manager] Downloaded 4.24 GiB/4.85 GiB at 1.19 MiB/s
2025-11-10 15:15:22.631    app     info:    [server-manager] Downloaded 4.24 GiB/4.85 GiB at 256.00 kiB/s
2025-11-10 15:15:23.290    app     info:    [scheduler] Starting scheduler foreground
2025-11-10 15:15:23.297    app     info:    [customer-information] Getting character information for '31367691' on 'tranquility'
2025-11-10 15:15:23.297    app     info:    [customer-information] Getting Omega status for '31367691' on 'tranquility' (eve-online)
2025-11-10 15:15:23.297    app     info:    [virtual-goods] Getting Plex status for '31367691' on 'tranquility' (eve-online)
2025-11-10 15:15:23.533    app     info:    [esi] Fetching character details for 2123502320
2025-11-10 15:15:23.634    app     info:    [server-manager] Downloaded 4.24 GiB/4.85 GiB at 191.62 kiB/s
2025-11-10 15:15:24.671    app     info:    [server-manager] Downloaded 4.24 GiB/4.85 GiB at 840.63 kiB/s
2025-11-10 15:15:24.689    app     info:    [esi] Fetched 1 character details for 31367691
2025-11-10 15:15:25.463    app     info:    [scheduler] Stopped scheduler foreground
2025-11-10 15:15:25.722    app     info:    [server-manager] Downloaded 4.24 GiB/4.85 GiB at 880.73 kiB/s
2025-11-10 15:15:26.732    app     info:    [server-manager] Downloaded 4.24 GiB/4.85 GiB at 775.25 kiB/s
2025-11-10 15:15:27.766    app     info:    [server-manager] Downloaded 4.24 GiB/4.85 GiB at 809.34 kiB/s
2025-11-10 15:15:28.301    app    error:    [quasar-manager-helper] Failed to perform Quasar request RESPONSE REFUSED: eve_public.plex.vault.api.BalanceRequest received for 'tranquility-31367691-null' in 5000ms (0: )    c [EpgError]: RESPONSE REFUSED: eve_public.plex.vault.api.BalanceRequest received for 'tranquility-31367691-null' in 5000ms (0: )
    at P (C:\Users\dmytr\AppData\Local\eve-online\app-1.12.2\resources\app.asar\.webpack\main\index.js:8:1992734)
    at F.rejectMessage (C:\Users\dmytr\AppData\Local\eve-online\app-1.12.2\resources\app.asar\.webpack\main\index.js:8:2002913)
    at Timeout.<anonymous> (C:\Users\dmytr\AppData\Local\eve-online\app-1.12.2\resources\app.asar\.webpack\main\index.js:8:2005695)
    at listOnTimeout (node:internal/timers:588:17)
    at process.processTimers (node:internal/timers:523:7) {
  innerError: undefined,
  statusCode: 0,
  statusMessage: ''
}
2025-11-10 15:15:28.302    app     warn:    [virtual-goods] Can't fetch Plex status for '31367691' on 'tranquility' (eve-online), error: EpgError: RESPONSE REFUSED: eve_public.plex.vault.api.BalanceRequest received for 'tranquility-31367691-null' in 5000ms (0: )
2025-11-10 15:15:28.316    app    error:    [AuthenticationMiddleware] RESPONSE REFUSED: eve_public.plex.vault.api.BalanceRequest received for 'tranquility-31367691-null' in 5000ms (0: )    EpgError: RESPONSE REFUSED: eve_public.plex.vault.api.BalanceRequest received for 'tranquility-31367691-null' in 5000ms (0: )
    at P (C:\Users\dmytr\AppData\Local\eve-online\app-1.12.2\resources\app.asar\.webpack\main\index.js:8:1992734)
    at F.rejectMessage (C:\Users\dmytr\AppData\Local\eve-online\app-1.12.2\resources\app.asar\.webpack\main\index.js:8:2002913)
    at Timeout.<anonymous> (C:\Users\dmytr\AppData\Local\eve-online\app-1.12.2\resources\app.asar\.webpack\main\index.js:8:2005695)
    at listOnTimeout (node:internal/timers:588:17)
    at process.processTimers (node:internal/timers:523:7)
2025-11-10 15:15:28.824    app     info:    [server-manager] Downloaded 4.24 GiB/4.85 GiB at 863.20 kiB/s
2025-11-10 15:15:29.887    app     info:    [server-manager] Downloaded 4.24 GiB/4.85 GiB at 907.07 kiB/s
2025-11-10 15:15:30.919    app     info:    [server-manager] Downloaded 4.24 GiB/4.85 GiB at 806.20 kiB/s
2025-11-10 15:15:31.944    app     info:    [server-manager] Downloaded 4.25 GiB/4.85 GiB at 810.92 kiB/s
2025-11-10 15:15:32.978    app     info:    [server-manager] Downloaded 4.25 GiB/4.85 GiB at 1.17 MiB/s
2025-11-10 15:15:34.006    app     info:    [server-manager] Downloaded 4.25 GiB/4.85 GiB at 924.86 kiB/s
2025-11-10 15:15:35.039    app     info:    [server-manager] Downloaded 4.25 GiB/4.85 GiB at 878.79 kiB/s
2025-11-10 15:15:36.049    app     info:    [server-manager] Downloaded 4.25 GiB/4.85 GiB at 279.07 kiB/s
2025-11-10 15:15:37.074    app     info:    [server-manager] Downloaded 4.25 GiB/4.85 GiB at 1.07 MiB/s
2025-11-10 15:15:38.109    app     info:    [server-manager] Downloaded 4.25 GiB/4.85 GiB at 814.09 kiB/s
2025-11-10 15:15:39.166    app     info:    [server-manager] Downloaded 4.25 GiB/4.85 GiB at 1.15 MiB/s
2025-11-10 15:15:40.184    app     info:    [server-manager] Downloaded 4.25 GiB/4.85 GiB at 745.63 kiB/s
2025-11-10 15:15:41.224    app     info:    [server-manager] Downloaded 4.25 GiB/4.85 GiB at 426.67 kiB/s
2025-11-10 15:15:42.265    app     info:    [server-manager] Downloaded 4.25 GiB/4.85 GiB at 757.58 kiB/s
2025-11-10 15:15:43.290    app     info:    [server-manager] Downloaded 4.25 GiB/4.85 GiB at 714.56 kiB/s
2025-11-10 15:15:44.296    app     info:    [server-manager] Downloaded 4.25 GiB/4.85 GiB at 739.96 kiB/s
2025-11-10 15:15:45.374    app     info:    [server-manager] Downloaded 4.26 GiB/4.85 GiB at 823.53 kiB/s
2025-11-10 15:15:46.413    app     info:    [server-manager] Downloaded 4.26 GiB/4.85 GiB at 940.71 kiB/s
2025-11-10 15:15:47.437    app     info:    [server-manager] Downloaded 4.26 GiB/4.85 GiB at 768.00 kiB/s
2025-11-10 15:15:48.472    app     info:    [server-manager] Downloaded 4.26 GiB/4.85 GiB at 950.74 kiB/s
2025-11-10 15:15:49.549    app     info:    [server-manager] Downloaded 4.26 GiB/4.85 GiB at 624.54 kiB/s
2025-11-10 15:15:50.577    app     info:    [server-manager] Downloaded 4.26 GiB/4.85 GiB at 978.30 kiB/s
2025-11-10 15:15:51.634    app     info:    [server-manager] Downloaded 4.26 GiB/4.85 GiB at 944.76 kiB/s
2025-11-10 15:15:52.676    app     info:    [server-manager] Downloaded 4.26 GiB/4.85 GiB at 768.00 kiB/s
2025-11-10 15:15:53.736    app     info:    [server-manager] Downloaded 4.26 GiB/4.85 GiB at 667.99 kiB/s
2025-11-10 15:15:54.758    app     info:    [server-manager] Downloaded 4.26 GiB/4.85 GiB at 349.21 kiB/s
2025-11-10 15:15:55.836    app     info:    [server-manager] Downloaded 4.26 GiB/4.85 GiB at 384.00 kiB/s
2025-11-10 15:15:56.838    app     info:    [server-manager] Downloaded 4.26 GiB/4.85 GiB at 768.00 kiB/s
2025-11-10 15:15:57.853    app     info:    [server-manager] Downloaded 4.26 GiB/4.85 GiB at 973.78 kiB/s
2025-11-10 15:15:58.860    app     info:    [server-manager] Downloaded 4.27 GiB/4.85 GiB at 986.08 kiB/s
2025-11-10 15:15:59.886    app     info:    [server-manager] Downloaded 4.27 GiB/4.85 GiB at 942.97 kiB/s
2025-11-10 15:16:00.942    app     info:    [server-manager] Downloaded 4.27 GiB/4.85 GiB at 917.00 kiB/s
2025-11-10 15:16:01.981    app     info:    [server-manager] Downloaded 4.27 GiB/4.85 GiB at 1.01 MiB/s
2025-11-10 15:16:03.034    app     info:    [server-manager] Downloaded 4.27 GiB/4.85 GiB at 699.45 kiB/s
2025-11-10 15:16:04.067    app     info:    [server-manager] Downloaded 4.27 GiB/4.85 GiB at 885.50 kiB/s
2025-11-10 15:16:05.073    app     info:    [server-manager] Downloaded 4.27 GiB/4.85 GiB at 839.34 kiB/s
2025-11-10 15:16:06.078    app     info:    [server-manager] Downloaded 4.27 GiB/4.85 GiB at 988.05 kiB/s
2025-11-10 15:16:07.095    app     info:    [server-manager] Downloaded 4.27 GiB/4.85 GiB at 979.33 kiB/s
2025-11-10 15:16:08.101    app     info:    [server-manager] Downloaded 4.27 GiB/4.85 GiB at 1.28 MiB/s
2025-11-10 15:16:09.189    app     info:    [server-manager] Downloaded 4.27 GiB/4.85 GiB at 552.57 kiB/s
2025-11-10 15:16:10.239    app     info:    [server-manager] Downloaded 4.27 GiB/4.85 GiB at 700.95 kiB/s
2025-11-10 15:16:11.284    app     info:    [server-manager] Downloaded 4.28 GiB/4.85 GiB at 766.28 kiB/s
2025-11-10 15:16:12.318    app     info:    [server-manager] Downloaded 4.28 GiB/4.85 GiB at 781.19 kiB/s
2025-11-10 15:16:13.348    app     info:    [server-manager] Downloaded 4.28 GiB/4.85 GiB at 929.05 kiB/s
2025-11-10 15:16:14.382    app     info:    [server-manager] Downloaded 4.28 GiB/4.85 GiB at 948.15 kiB/s
2025-11-10 15:16:15.446    app     info:    [server-manager] Downloaded 4.28 GiB/4.85 GiB at 1.20 MiB/s
2025-11-10 15:16:16.479    app     info:    [server-manager] Downloaded 4.28 GiB/4.85 GiB at 545.45 kiB/s
2025-11-10 15:16:17.504    app     info:    [server-manager] Downloaded 4.28 GiB/4.85 GiB at 682.14 kiB/s
2025-11-10 15:16:18.548    app     info:    [server-manager] Downloaded 4.28 GiB/4.85 GiB at 714.56 kiB/s
2025-11-10 15:16:19.642    app     info:    [server-manager] Downloaded 4.28 GiB/4.85 GiB at 712.33 kiB/s
2025-11-10 15:16:20.694    app     info:    [server-manager] Downloaded 4.28 GiB/4.85 GiB at 836.89 kiB/s
2025-11-10 15:16:21.701    app     info:    [server-manager] Downloaded 4.28 GiB/4.85 GiB at 924.30 kiB/s
2025-11-10 15:16:22.733    app     info:    [server-manager] Downloaded 4.28 GiB/4.85 GiB at 875.00 kiB/s
2025-11-10 15:16:23.741    app     info:    [server-manager] Downloaded 4.28 GiB/4.85 GiB at 704.00 kiB/s
2025-11-10 15:16:24.764    app     info:    [server-manager] Downloaded 4.29 GiB/4.85 GiB at 725.84 kiB/s
2025-11-10 15:16:25.832    app     info:    [server-manager] Downloaded 4.29 GiB/4.85 GiB at 982.73 kiB/s
2025-11-10 15:16:26.878    app     info:    [server-manager] Downloaded 4.29 GiB/4.85 GiB at 1.01 MiB/s
2025-11-10 15:16:27.909    app     info:    [server-manager] Downloaded 4.29 GiB/4.85 GiB at 1.27 MiB/s
2025-11-10 15:16:28.914    app     info:    [server-manager] Downloaded 4.29 GiB/4.85 GiB at 990.02 kiB/s
2025-11-10 15:16:29.952    app     info:    [server-manager] Downloaded 4.29 GiB/4.85 GiB at 876.14 kiB/s
2025-11-10 15:16:30.952    app     info:    [server-manager] Downloaded 4.29 GiB/4.85 GiB at 383.23 kiB/s
2025-11-10 15:16:31.974    app     info:    [server-manager] Downloaded 4.29 GiB/4.85 GiB at 467.94 kiB/s
2025-11-10 15:16:33.008    app     info:    [server-manager] Downloaded 4.29 GiB/4.85 GiB at 968.75 kiB/s
2025-11-10 15:16:34.042    app     info:    [server-manager] Downloaded 4.29 GiB/4.85 GiB at 914.29 kiB/s
2025-11-10 15:16:35.096    app     info:    [server-manager] Downloaded 4.29 GiB/4.85 GiB at 1.05 MiB/s
2025-11-10 15:16:36.140    app     info:    [server-manager] Downloaded 4.30 GiB/4.85 GiB at 666.67 kiB/s
2025-11-10 15:16:37.176    app     info:    [server-manager] Downloaded 4.30 GiB/4.85 GiB at 780.49 kiB/s
2025-11-10 15:16:38.215    app     info:    [server-manager] Downloaded 4.30 GiB/4.85 GiB at 760.40 kiB/s
2025-11-10 15:16:39.285    app     info:    [server-manager] Downloaded 4.30 GiB/4.85 GiB at 886.69 kiB/s
2025-11-10 15:16:40.309    app     info:    [server-manager] Downloaded 4.30 GiB/4.85 GiB at 971.54 kiB/s
2025-11-10 15:16:41.337    app     info:    [server-manager] Downloaded 4.30 GiB/4.85 GiB at 444.44 kiB/s
2025-11-10 15:16:42.385    app     info:    [server-manager] Downloaded 4.30 GiB/4.85 GiB at 971.54 kiB/s
2025-11-10 15:16:43.426    app     info:    [server-manager] Downloaded 4.30 GiB/4.85 GiB at 905.66 kiB/s
2025-11-10 15:16:44.490    app     info:    [server-manager] Downloaded 4.30 GiB/4.85 GiB at 1.01 MiB/s
2025-11-10 15:16:45.512    app     info:    [server-manager] Downloaded 4.30 GiB/4.85 GiB at 509.96 kiB/s
2025-11-10 15:16:46.566    app     info:    [server-manager] Downloaded 4.30 GiB/4.85 GiB at 921.31 kiB/s
2025-11-10 15:16:47.602    app     info:    [server-manager] Downloaded 4.30 GiB/4.85 GiB at 939.33 kiB/s
2025-11-10 15:16:48.660    app     info:    [server-manager] Downloaded 4.31 GiB/4.85 GiB at 901.80 kiB/s
2025-11-10 15:16:49.665    app     info:    [server-manager] Downloaded 4.31 GiB/4.85 GiB at 696.89 kiB/s
2025-11-10 15:16:50.692    app     info:    [server-manager] Downloaded 4.31 GiB/4.85 GiB at 932.04 kiB/s
2025-11-10 15:16:51.728    app     info:    [server-manager] Downloaded 4.31 GiB/4.85 GiB at 902.26 kiB/s
2025-11-10 15:16:52.760    app     info:    [server-manager] Downloaded 4.31 GiB/4.85 GiB at 1.39 MiB/s
2025-11-10 15:16:53.817    app     info:    [server-manager] Downloaded 4.31 GiB/4.85 GiB at 854.51 kiB/s
2025-11-10 15:16:54.827    app     info:    [server-manager] Downloaded 4.31 GiB/4.85 GiB at 842.11 kiB/s
2025-11-10 15:16:55.881    app     info:    [server-manager] Downloaded 4.31 GiB/4.85 GiB at 685.42 kiB/s
2025-11-10 15:16:56.946    app     info:    [server-manager] Downloaded 4.31 GiB/4.85 GiB at 1,005.71 kiB/s
2025-11-10 15:16:57.982    app     info:    [server-manager] Downloaded 4.31 GiB/4.85 GiB at 930.23 kiB/s
2025-11-10 15:16:59.007    app     info:    [server-manager] Downloaded 4.31 GiB/4.85 GiB at 818.18 kiB/s
2025-11-10 15:17:00.038    app     info:    [server-manager] Downloaded 4.32 GiB/4.85 GiB at 994.60 kiB/s
2025-11-10 15:17:01.086    app     info:    [server-manager] Downloaded 4.32 GiB/4.85 GiB at 479.04 kiB/s
2025-11-10 15:17:02.150    app     info:    [server-manager] Downloaded 4.32 GiB/4.85 GiB at 917.78 kiB/s
2025-11-10 15:17:03.174    app     info:    [server-manager] Downloaded 4.32 GiB/4.85 GiB at 1.22 MiB/s
2025-11-10 15:17:04.183    app     info:    [server-manager] Downloaded 4.32 GiB/4.85 GiB at 879.49 kiB/s
2025-11-10 15:17:05.255    app     info:    [server-manager] Downloaded 4.32 GiB/4.85 GiB at 873.19 kiB/s
2025-11-10 15:17:06.319    app     info:    [server-manager] Downloaded 4.32 GiB/4.85 GiB at 1.20 MiB/s
2025-11-10 15:17:07.351    app     info:    [server-manager] Downloaded 4.32 GiB/4.85 GiB at 723.16 kiB/s
2025-11-10 15:17:08.392    app     info:    [server-manager] Downloaded 4.32 GiB/4.85 GiB at 812.50 kiB/s
2025-11-10 15:17:09.417    app     info:    [server-manager] Downloaded 4.32 GiB/4.85 GiB at 1.05 MiB/s
2025-11-10 15:17:10.479    app     info:    [server-manager] Downloaded 4.32 GiB/4.85 GiB at 904.48 kiB/s
2025-11-10 15:17:11.506    app     info:    [server-manager] Downloaded 4.32 GiB/4.85 GiB at 933.85 kiB/s
2025-11-10 15:17:12.520    app     info:    [server-manager] Downloaded 4.33 GiB/4.85 GiB at 632.41 kiB/s
2025-11-10 15:17:13.576    app     info:    [server-manager] Downloaded 4.33 GiB/4.85 GiB at 951.35 kiB/s
2025-11-10 15:17:14.613    app     info:    [server-manager] Downloaded 4.33 GiB/4.85 GiB at 1.17 MiB/s
2025-11-10 15:17:15.632    app     info:    [server-manager] Downloaded 4.33 GiB/4.85 GiB at 1.23 MiB/s
2025-11-10 15:17:16.667    app     info:    [server-manager] Downloaded 4.33 GiB/4.85 GiB at 798.46 kiB/s
2025-11-10 15:17:17.709    app     info:    [server-manager] Downloaded 4.33 GiB/4.85 GiB at 897.20 kiB/s
2025-11-10 15:17:18.729    app     info:    [server-manager] Downloaded 4.33 GiB/4.85 GiB at 952.38 kiB/s
2025-11-10 15:17:19.758    app     info:    [server-manager] Downloaded 4.33 GiB/4.85 GiB at 1.22 MiB/s
2025-11-10 15:17:20.762    app     info:    [server-manager] Downloaded 4.33 GiB/4.85 GiB at 1.00 MiB/s
2025-11-10 15:17:21.832    app     info:    [server-manager] Downloaded 4.33 GiB/4.85 GiB at 871.60 kiB/s
2025-11-10 15:17:22.853    app     info:    [server-manager] Downloaded 4.33 GiB/4.85 GiB at 1.48 MiB/s
2025-11-10 15:17:23.867    app     info:    [server-manager] Downloaded 4.34 GiB/4.85 GiB at 830.34 kiB/s
2025-11-10 15:17:24.883    app     info:    [server-manager] Downloaded 4.34 GiB/4.85 GiB at 1.39 MiB/s
2025-11-10 15:17:25.891    app     info:    [server-manager] Downloaded 4.34 GiB/4.85 GiB at 733.07 kiB/s
2025-11-10 15:17:26.978    app     info:    [server-manager] Downloaded 4.34 GiB/4.85 GiB at 908.02 kiB/s
2025-11-10 15:17:28.018    app     info:    [server-manager] Downloaded 4.34 GiB/4.85 GiB at 783.43 kiB/s
2025-11-10 15:17:29.031    app     info:    [server-manager] Downloaded 4.34 GiB/4.85 GiB at 944.94 kiB/s
2025-11-10 15:17:30.070    app     info:    [server-manager] Downloaded 4.34 GiB/4.85 GiB at 1.27 MiB/s
2025-11-10 15:17:31.100    app     info:    [server-manager] Downloaded 4.34 GiB/4.85 GiB at 798.40 kiB/s
2025-11-10 15:17:32.106    app     info:    [server-manager] Downloaded 4.34 GiB/4.85 GiB at 1.22 MiB/s
2025-11-10 15:17:33.114    app     info:    [server-manager] Downloaded 4.34 GiB/4.85 GiB at 1.34 MiB/s
2025-11-10 15:17:34.138    app     info:    [server-manager] Downloaded 4.34 GiB/4.85 GiB at 899.22 kiB/s
2025-11-10 15:17:35.184    app     info:    [server-manager] Downloaded 4.35 GiB/4.85 GiB at 952.02 kiB/s
2025-11-10 15:17:36.201    app     info:    [server-manager] Downloaded 4.35 GiB/4.85 GiB at 976.38 kiB/s
2025-11-10 15:17:37.210    app     info:    [server-manager] Downloaded 4.35 GiB/4.85 GiB at 1,010.86 kiB/s
2025-11-10 15:17:38.232    app     info:    [server-manager] Downloaded 4.35 GiB/4.85 GiB at 744.19 kiB/s
2025-11-10 15:17:39.288    app     info:    [server-manager] Downloaded 4.35 GiB/4.85 GiB at 975.24 kiB/s
2025-11-10 15:17:40.299    app     info:    [server-manager] Downloaded 4.35 GiB/4.85 GiB at 692.91 kiB/s
2025-11-10 15:17:41.344    app     info:    [server-manager] Downloaded 4.35 GiB/4.85 GiB at 872.24 kiB/s
2025-11-10 15:17:42.367    app     info:    [server-manager] Downloaded 4.35 GiB/4.85 GiB at 909.80 kiB/s
2025-11-10 15:17:43.405    app     info:    [server-manager] Downloaded 4.35 GiB/4.85 GiB at 784.92 kiB/s
2025-11-10 15:17:44.425    app     info:    [server-manager] Downloaded 4.35 GiB/4.85 GiB at 318.73 kiB/s
2025-11-10 15:17:45.444    app     info:    [server-manager] Downloaded 4.35 GiB/4.85 GiB at 894.04 kiB/s
2025-11-10 15:17:46.457    app     info:    [server-manager] Downloaded 4.35 GiB/4.85 GiB at 934.10 kiB/s
2025-11-10 15:17:47.479    app     info:    [server-manager] Downloaded 4.36 GiB/4.85 GiB at 1.28 MiB/s
2025-11-10 15:17:48.509    app     info:    [server-manager] Downloaded 4.36 GiB/4.85 GiB at 1.24 MiB/s
2025-11-10 15:17:49.519    app     info:    [server-manager] Downloaded 4.36 GiB/4.85 GiB at 895.75 kiB/s
2025-11-10 15:17:50.600    app     info:    [server-manager] Downloaded 4.36 GiB/4.85 GiB at 930.91 kiB/s
2025-11-10 15:17:51.631    app     info:    [server-manager] Downloaded 4.36 GiB/4.85 GiB at 1.21 MiB/s
2025-11-10 15:17:52.636    app     info:    [server-manager] Downloaded 4.36 GiB/4.85 GiB at 957.35 kiB/s
2025-11-10 15:17:53.694    app     info:    [server-manager] Downloaded 4.36 GiB/4.85 GiB at 1.09 MiB/s
2025-11-10 15:17:54.700    app     info:    [server-manager] Downloaded 4.36 GiB/4.85 GiB at 887.13 kiB/s
2025-11-10 15:17:55.732    app     info:    [server-manager] Downloaded 4.36 GiB/4.85 GiB at 850.09 kiB/s
2025-11-10 15:17:56.770    app     info:    [server-manager] Downloaded 4.36 GiB/4.85 GiB at 699.80 kiB/s
2025-11-10 15:17:57.792    app     info:    [server-manager] Downloaded 4.36 GiB/4.85 GiB at 858.85 kiB/s
2025-11-10 15:17:58.825    app     info:    [server-manager] Downloaded 4.36 GiB/4.85 GiB at 966.04 kiB/s
2025-11-10 15:17:59.858    app     info:    [server-manager] Downloaded 4.37 GiB/4.85 GiB at 935.67 kiB/s
2025-11-10 15:18:00.903    app     info:    [server-manager] Downloaded 4.37 GiB/4.85 GiB at 739.37 kiB/s
2025-11-10 15:18:01.968    app     info:    [server-manager] Downloaded 4.37 GiB/4.85 GiB at 781.25 kiB/s
2025-11-10 15:18:03.009    app     info:    [server-manager] Downloaded 4.37 GiB/4.85 GiB at 802.97 kiB/s
2025-11-10 15:18:04.084    app     info:    [server-manager] Downloaded 4.37 GiB/4.85 GiB at 1.18 MiB/s
2025-11-10 15:18:05.126    app     info:    [server-manager] Downloaded 4.37 GiB/4.85 GiB at 939.39 kiB/s
2025-11-10 15:18:06.162    app     info:    [server-manager] Downloaded 4.37 GiB/4.85 GiB at 831.17 kiB/s
2025-11-10 15:18:07.226    app     info:    [server-manager] Downloaded 4.37 GiB/4.85 GiB at 694.39 kiB/s
2025-11-10 15:18:08.234    app     info:    [server-manager] Downloaded 4.37 GiB/4.85 GiB at 714.56 kiB/s
2025-11-10 15:18:09.279    app     info:    [server-manager] Downloaded 4.37 GiB/4.85 GiB at 930.23 kiB/s
2025-11-10 15:18:10.298    app     info:    [server-manager] Downloaded 4.37 GiB/4.85 GiB at 760.44 kiB/s
2025-11-10 15:18:11.337    app     info:    [server-manager] Downloaded 4.37 GiB/4.85 GiB at 877.13 kiB/s
2025-11-10 15:18:12.352    app     info:    [server-manager] Downloaded 4.38 GiB/4.85 GiB at 881.89 kiB/s
2025-11-10 15:18:13.383    app     info:    [server-manager] Downloaded 4.38 GiB/4.85 GiB at 830.77 kiB/s
2025-11-10 15:18:14.412    app     info:    [server-manager] Downloaded 4.38 GiB/4.85 GiB at 821.29 kiB/s
2025-11-10 15:18:15.438    app     info:    [server-manager] Downloaded 4.38 GiB/4.85 GiB at 906.51 kiB/s
2025-11-10 15:18:16.456    app     info:    [server-manager] Downloaded 4.38 GiB/4.85 GiB at 593.75 kiB/s
2025-11-10 15:18:17.508    app     info:    [server-manager] Downloaded 4.38 GiB/4.85 GiB at 850.09 kiB/s
2025-11-10 15:18:18.542    app     info:    [server-manager] Downloaded 4.38 GiB/4.85 GiB at 907.37 kiB/s
2025-11-10 15:18:19.569    app     info:    [server-manager] Downloaded 4.38 GiB/4.85 GiB at 926.64 kiB/s
2025-11-10 15:18:20.587    app     info:    [server-manager] Downloaded 4.38 GiB/4.85 GiB at 888.89 kiB/s
2025-11-10 15:18:21.630    app     info:    [server-manager] Downloaded 4.38 GiB/4.85 GiB at 810.92 kiB/s
2025-11-10 15:18:22.673    app     info:    [server-manager] Downloaded 4.38 GiB/4.85 GiB at 1.26 MiB/s
2025-11-10 15:18:23.703    app     info:    [server-manager] Downloaded 4.38 GiB/4.85 GiB at 849.55 kiB/s
2025-11-10 15:18:24.746    app     info:    [server-manager] Downloaded 4.39 GiB/4.85 GiB at 941.28 kiB/s
2025-11-10 15:18:25.789    app     info:    [server-manager] Downloaded 4.39 GiB/4.85 GiB at 1.44 MiB/s
2025-11-10 15:18:26.796    app     info:    [server-manager] Downloaded 4.39 GiB/4.85 GiB at 952.38 kiB/s
2025-11-10 15:18:27.875    app     info:    [server-manager] Downloaded 4.39 GiB/4.85 GiB at 872.18 kiB/s
2025-11-10 15:18:28.894    app     info:    [server-manager] Downloaded 4.39 GiB/4.85 GiB at 976.38 kiB/s
2025-11-10 15:18:29.947    app     info:    [server-manager] Downloaded 4.39 GiB/4.85 GiB at 830.77 kiB/s
2025-11-10 15:18:30.980    app     info:    [server-manager] Downloaded 4.39 GiB/4.85 GiB at 915.19 kiB/s
2025-11-10 15:18:32.016    app     info:    [server-manager] Downloaded 4.39 GiB/4.85 GiB at 882.13 kiB/s
2025-11-10 15:18:33.040    app     info:    [server-manager] Downloaded 4.39 GiB/4.85 GiB at 894.03 kiB/s
2025-11-10 15:18:34.067    app     info:    [server-manager] Downloaded 4.39 GiB/4.85 GiB at 793.89 kiB/s
2025-11-10 15:18:35.076    app     info:    [server-manager] Downloaded 4.39 GiB/4.85 GiB at 980.22 kiB/s
2025-11-10 15:18:36.103    app     info:    [server-manager] Downloaded 4.39 GiB/4.85 GiB at 858.85 kiB/s
2025-11-10 15:18:37.169    app     info:    [server-manager] Downloaded 4.40 GiB/4.85 GiB at 1,007.87 kiB/s
2025-11-10 15:18:38.191    app     info:    [server-manager] Downloaded 4.40 GiB/4.85 GiB at 888.36 kiB/s
2025-11-10 15:18:39.240    app     info:    [server-manager] Downloaded 4.40 GiB/4.85 GiB at 946.56 kiB/s
2025-11-10 15:18:40.265    app     info:    [server-manager] Downloaded 4.40 GiB/4.85 GiB at 939.39 kiB/s
2025-11-10 15:18:41.325    app     info:    [server-manager] Downloaded 4.40 GiB/4.85 GiB at 982.94 kiB/s
2025-11-10 15:18:42.358    app     info:    [server-manager] Downloaded 4.40 GiB/4.85 GiB at 1.37 MiB/s
2025-11-10 15:18:43.384    app     info:    [server-manager] Downloaded 4.40 GiB/4.85 GiB at 801.54 kiB/s
2025-11-10 15:18:44.392    app     info:    [server-manager] Downloaded 4.40 GiB/4.85 GiB at 834.24 kiB/s
2025-11-10 15:18:45.418    app     info:    [server-manager] Downloaded 4.40 GiB/4.85 GiB at 924.30 kiB/s
2025-11-10 15:18:46.457    app     info:    [server-manager] Downloaded 4.40 GiB/4.85 GiB at 930.58 kiB/s
2025-11-10 15:18:47.479    app     info:    [server-manager] Downloaded 4.40 GiB/4.85 GiB at 921.31 kiB/s
2025-11-10 15:18:48.520    app     info:    [server-manager] Downloaded 4.41 GiB/4.85 GiB at 985.07 kiB/s
2025-11-10 15:18:49.543    app     info:    [server-manager] Downloaded 4.41 GiB/4.85 GiB at 404.67 kiB/s
2025-11-10 15:18:50.568    app     info:    [server-manager] Downloaded 4.41 GiB/4.85 GiB at 937.62 kiB/s
2025-11-10 15:18:51.598    app     info:    [server-manager] Downloaded 4.41 GiB/4.85 GiB at 1.01 MiB/s
2025-11-10 15:18:52.629    app     info:    [server-manager] Downloaded 4.41 GiB/4.85 GiB at 959.67 kiB/s
2025-11-10 15:18:53.633    app     info:    [server-manager] Downloaded 4.41 GiB/4.85 GiB at 888.89 kiB/s
2025-11-10 15:18:54.694    app     info:    [server-manager] Downloaded 4.41 GiB/4.85 GiB at 744.19 kiB/s
2025-11-10 15:18:55.698    app     info:    [server-manager] Downloaded 4.41 GiB/4.85 GiB at 1,015.87 kiB/s
2025-11-10 15:18:56.724    app     info:    [server-manager] Downloaded 4.41 GiB/4.85 GiB at 878.43 kiB/s
2025-11-10 15:18:57.737    app     info:    [server-manager] Downloaded 4.41 GiB/4.85 GiB at 1,002.59 kiB/s
2025-11-10 15:18:58.760    app     info:    [server-manager] Downloaded 4.41 GiB/4.85 GiB at 818.53 kiB/s
2025-11-10 15:18:59.794    app     info:    [server-manager] Downloaded 4.41 GiB/4.85 GiB at 950.94 kiB/s
2025-11-10 15:19:00.832    app     info:    [server-manager] Downloaded 4.42 GiB/4.85 GiB at 966.04 kiB/s
2025-11-10 15:19:01.853    app     info:    [server-manager] Downloaded 4.42 GiB/4.85 GiB at 900.97 kiB/s
2025-11-10 15:19:02.889    app     info:    [server-manager] Downloaded 4.42 GiB/4.85 GiB at 960.60 kiB/s
2025-11-10 15:19:03.925    app     info:    [server-manager] Downloaded 4.42 GiB/4.85 GiB at 766.47 kiB/s
2025-11-10 15:19:04.989    app     info:    [server-manager] Downloaded 4.42 GiB/4.85 GiB at 691.73 kiB/s
2025-11-10 15:19:06.012    app     info:    [server-manager] Downloaded 4.42 GiB/4.85 GiB at 804.64 kiB/s
2025-11-10 15:19:07.023    app     info:    [server-manager] Downloaded 4.42 GiB/4.85 GiB at 382.47 kiB/s
2025-11-10 15:19:08.079    app     info:    [server-manager] Downloaded 4.42 GiB/4.85 GiB at 320.00 kiB/s
2025-11-10 15:19:09.196    app     info:    [server-manager] Downloaded 4.42 GiB/4.85 GiB at 776.14 kiB/s
2025-11-10 15:19:10.210    app     info:    [server-manager] Downloaded 4.42 GiB/4.85 GiB at 793.65 kiB/s
2025-11-10 15:19:11.259    app     info:    [server-manager] Downloaded 4.42 GiB/4.85 GiB at 224.00 kiB/s
2025-11-10 15:19:12.286    app     info:    [server-manager] Downloaded 4.42 GiB/4.85 GiB at 691.55 kiB/s
2025-11-10 15:19:13.307    app     info:    [server-manager] Downloaded 4.42 GiB/4.85 GiB at 858.85 kiB/s
2025-11-10 15:19:14.364    app     info:    [server-manager] Downloaded 4.43 GiB/4.85 GiB at 874.32 kiB/s
2025-11-10 15:19:15.392    app     info:    [server-manager] Downloaded 4.43 GiB/4.85 GiB at 847.06 kiB/s
2025-11-10 15:19:16.429    app     info:    [server-manager] Downloaded 4.43 GiB/4.85 GiB at 127.49 kiB/s
2025-11-10 15:19:17.456    app     info:    [server-manager] Downloaded 4.43 GiB/4.85 GiB at 818.18 kiB/s
2025-11-10 15:19:18.508    app     info:    [server-manager] Downloaded 4.43 GiB/4.85 GiB at 1.19 MiB/s
2025-11-10 15:19:19.518    app     info:    [server-manager] Downloaded 4.43 GiB/4.85 GiB at 414.34 kiB/s
2025-11-10 15:19:20.570    app     info:    [server-manager] Downloaded 4.43 GiB/4.85 GiB at 847.44 kiB/s
2025-11-10 15:19:21.585    app     info:    [server-manager] Downloaded 4.43 GiB/4.85 GiB at 674.80 kiB/s
2025-11-10 15:19:22.603    app     info:    [server-manager] Downloaded 4.43 GiB/4.85 GiB at 637.45 kiB/s
2025-11-10 15:19:23.617    app     info:    [server-manager] Downloaded 4.43 GiB/4.85 GiB at 688.85 kiB/s
2025-11-10 15:19:24.692    app     info:    [server-manager] Downloaded 4.43 GiB/4.85 GiB at 663.06 kiB/s
2025-11-10 15:19:25.732    app     info:    [server-manager] Downloaded 4.43 GiB/4.85 GiB at 700.00 kiB/s
2025-11-10 15:19:26.746    app     info:    [server-manager] Downloaded 4.43 GiB/4.85 GiB at 815.69 kiB/s
2025-11-10 15:19:27.794    app     info:    [server-manager] Downloaded 4.43 GiB/4.85 GiB at 602.64 kiB/s
2025-11-10 15:19:28.827    app     info:    [server-manager] Downloaded 4.44 GiB/4.85 GiB at 806.20 kiB/s
2025-11-10 15:19:29.847    app     info:    [server-manager] Downloaded 4.44 GiB/4.85 GiB at 954.27 kiB/s
2025-11-10 15:19:30.853    app     info:    [server-manager] Downloaded 4.44 GiB/4.85 GiB at 382.47 kiB/s
2025-11-10 15:19:31.891    app     info:    [server-manager] Downloaded 4.44 GiB/4.85 GiB at 1,010.18 kiB/s
2025-11-10 15:19:32.890    app     info:    [server-manager] Downloaded 4.44 GiB/4.85 GiB at 542.91 kiB/s
2025-11-10 15:19:33.913    app     info:    [server-manager] Downloaded 4.44 GiB/4.85 GiB at 847.52 kiB/s
2025-11-10 15:19:34.939    app     info:    [server-manager] Downloaded 4.44 GiB/4.85 GiB at 1.31 MiB/s
2025-11-10 15:19:35.975    app     info:    [server-manager] Downloaded 4.44 GiB/4.85 GiB at 845.28 kiB/s
2025-11-10 15:19:37.004    app     info:    [server-manager] Downloaded 4.44 GiB/4.85 GiB at 875.00 kiB/s
2025-11-10 15:19:38.043    app     info:    [server-manager] Downloaded 4.44 GiB/4.85 GiB at 1.06 MiB/s
2025-11-10 15:19:39.052    app     info:    [server-manager] Downloaded 4.44 GiB/4.85 GiB at 729.50 kiB/s
2025-11-10 15:19:40.111    app     info:    [server-manager] Downloaded 4.45 GiB/4.85 GiB at 895.75 kiB/s
2025-11-10 15:19:41.130    app     info:    [server-manager] Downloaded 4.45 GiB/4.85 GiB at 837.94 kiB/s
2025-11-10 15:19:42.150    app     info:    [server-manager] Downloaded 4.45 GiB/4.85 GiB at 894.21 kiB/s
2025-11-10 15:19:43.200    app     info:    [server-manager] Downloaded 4.45 GiB/4.85 GiB at 902.49 kiB/s
2025-11-10 15:19:44.221    app     info:    [server-manager] Downloaded 4.45 GiB/4.85 GiB at 772.20 kiB/s
2025-11-10 15:19:45.294    app     info:    [server-manager] Downloaded 4.45 GiB/4.85 GiB at 931.22 kiB/s
2025-11-10 15:19:46.315    app     info:    [server-manager] Downloaded 4.45 GiB/4.85 GiB at 480.00 kiB/s
2025-11-10 15:19:47.351    app     info:    [server-manager] Downloaded 4.45 GiB/4.85 GiB at 964.42 kiB/s
2025-11-10 15:19:48.390    app     info:    [server-manager] Downloaded 4.45 GiB/4.85 GiB at 917.54 kiB/s
2025-11-10 15:19:49.392    app     info:    [server-manager] Downloaded 4.45 GiB/4.85 GiB at 286.28 kiB/s
2025-11-10 15:19:50.463    app     info:    [server-manager] Downloaded 4.45 GiB/4.85 GiB at 915.87 kiB/s
2025-11-10 15:19:51.507    app     info:    [server-manager] Downloaded 4.45 GiB/4.85 GiB at 1.38 MiB/s
2025-11-10 15:19:52.521    app     info:    [server-manager] Downloaded 4.46 GiB/4.85 GiB at 827.04 kiB/s
2025-11-10 15:19:53.569    app     info:    [server-manager] Downloaded 4.46 GiB/4.85 GiB at 923.65 kiB/s
2025-11-10 15:19:54.604    app     info:    [server-manager] Downloaded 4.46 GiB/4.85 GiB at 448.00 kiB/s
2025-11-10 15:19:55.642    app     info:    [server-manager] Downloaded 4.46 GiB/4.85 GiB at 760.18 kiB/s
2025-11-10 15:19:56.700    app     info:    [server-manager] Downloaded 4.46 GiB/4.85 GiB at 895.75 kiB/s
2025-11-10 15:19:57.733    app     info:    [server-manager] Downloaded 4.46 GiB/4.85 GiB at 1.29 MiB/s
2025-11-10 15:19:58.738    app     info:    [server-manager] Downloaded 4.46 GiB/4.85 GiB at 860.56 kiB/s
2025-11-10 15:19:59.752    app     info:    [server-manager] Downloaded 4.46 GiB/4.85 GiB at 1.00 MiB/s
2025-11-10 15:20:00.769    app     info:    [server-manager] Downloaded 4.46 GiB/4.85 GiB at 815.69 kiB/s
2025-11-10 15:20:01.796    app     info:    [server-manager] Downloaded 4.46 GiB/4.85 GiB at 944.88 kiB/s
2025-11-10 15:20:02.870    app     info:    [server-manager] Downloaded 4.46 GiB/4.85 GiB at 892.09 kiB/s
2025-11-10 15:20:03.911    app     info:    [server-manager] Downloaded 4.47 GiB/4.85 GiB at 901.96 kiB/s
2025-11-10 15:20:04.920    app     info:    [server-manager] Downloaded 4.47 GiB/4.85 GiB at 942.12 kiB/s
2025-11-10 15:20:05.941    app     info:    [server-manager] Downloaded 4.47 GiB/4.85 GiB at 1.04 MiB/s
2025-11-10 15:20:06.976    app     info:    [server-manager] Downloaded 4.47 GiB/4.85 GiB at 1.24 MiB/s
2025-11-10 15:20:07.985    app     info:    [server-manager] Downloaded 4.47 GiB/4.85 GiB at 1,013.86 kiB/s
2025-11-10 15:20:09.003    app     info:    [server-manager] Downloaded 4.47 GiB/4.85 GiB at 570.30 kiB/s
2025-11-10 15:20:10.066    app     info:    [server-manager] Downloaded 4.47 GiB/4.85 GiB at 873.82 kiB/s
2025-11-10 15:20:11.097    app     info:    [server-manager] Downloaded 4.47 GiB/4.85 GiB at 906.25 kiB/s
2025-11-10 15:20:12.112    app     info:    [server-manager] Downloaded 4.47 GiB/4.85 GiB at 920.63 kiB/s
2025-11-10 15:20:13.136    app     info:    [server-manager] Downloaded 4.47 GiB/4.85 GiB at 933.85 kiB/s
2025-11-10 15:20:14.148    app     info:    [server-manager] Downloaded 4.47 GiB/4.85 GiB at 1.40 MiB/s
2025-11-10 15:20:15.162    app     info:    [server-manager] Downloaded 4.48 GiB/4.85 GiB at 880.16 kiB/s
2025-11-10 15:20:16.194    app     info:    [server-manager] Downloaded 4.48 GiB/4.85 GiB at 715.00 kiB/s
2025-11-10 15:20:17.195    app     info:    [server-manager] Downloaded 4.48 GiB/4.85 GiB at 480.00 kiB/s
2025-11-10 15:20:18.223    app     info:    [server-manager] Downloaded 4.48 GiB/4.85 GiB at 480.00 kiB/s
2025-11-10 15:20:19.235    app     info:    [server-manager] Downloaded 4.48 GiB/4.85 GiB at 538.61 kiB/s
2025-11-10 15:20:20.262    app     info:    [server-manager] Downloaded 4.48 GiB/4.85 GiB at 858.85 kiB/s
2025-11-10 15:20:21.322    app     info:    [server-manager] Downloaded 4.48 GiB/4.85 GiB at 897.49 kiB/s
2025-11-10 15:20:22.356    app     info:    [server-manager] Downloaded 4.48 GiB/4.85 GiB at 793.16 kiB/s
2025-11-10 15:20:23.361    app     info:    [server-manager] Downloaded 4.48 GiB/4.85 GiB at 960.00 kiB/s
2025-11-10 15:20:24.378    app     info:    [server-manager] Downloaded 4.48 GiB/4.85 GiB at 918.81 kiB/s
2025-11-10 15:20:25.413    app     info:    [server-manager] Downloaded 4.48 GiB/4.85 GiB at 1,013.44 kiB/s
2025-11-10 15:20:26.445    app     info:    [server-manager] Downloaded 4.49 GiB/4.85 GiB at 1.02 MiB/s
2025-11-10 15:20:27.467    app     info:    [server-manager] Downloaded 4.49 GiB/4.85 GiB at 605.58 kiB/s
2025-11-10 15:20:28.502    app     info:    [server-manager] Downloaded 4.49 GiB/4.85 GiB at 1.05 MiB/s
2025-11-10 15:20:29.547    app     info:    [server-manager] Downloaded 4.49 GiB/4.85 GiB at 757.40 kiB/s
2025-11-10 15:20:30.563    app     info:    [server-manager] Downloaded 4.49 GiB/4.85 GiB at 1.03 MiB/s
2025-11-10 15:20:31.593    app     info:    [server-manager] Downloaded 4.49 GiB/4.85 GiB at 937.50 kiB/s
2025-11-10 15:20:32.613    app     info:    [server-manager] Downloaded 4.49 GiB/4.85 GiB at 970.65 kiB/s
2025-11-10 15:20:33.643    app     info:    [server-manager] Downloaded 4.49 GiB/4.85 GiB at 1.35 MiB/s
2025-11-10 15:20:34.667    app     info:    [server-manager] Downloaded 4.49 GiB/4.85 GiB at 960.00 kiB/s
2025-11-10 15:20:35.723    app     info:    [server-manager] Downloaded 4.49 GiB/4.85 GiB at 920.22 kiB/s
2025-11-10 15:20:36.815    app     info:    [server-manager] Downloaded 4.49 GiB/4.85 GiB at 1.14 MiB/s
2025-11-10 15:20:37.825    app     info:    [server-manager] Downloaded 4.49 GiB/4.85 GiB at 447.11 kiB/s
2025-11-10 15:20:38.832    app     info:    [server-manager] Downloaded 4.50 GiB/4.85 GiB at 1,019.92 kiB/s
2025-11-10 15:20:39.941    app     info:    [server-manager] Downloaded 4.50 GiB/4.85 GiB at 802.77 kiB/s
2025-11-10 15:20:40.985    app     info:    [server-manager] Downloaded 4.50 GiB/4.85 GiB at 818.90 kiB/s
2025-11-10 15:20:42.031    app     info:    [server-manager] Downloaded 4.50 GiB/4.85 GiB at 830.77 kiB/s
2025-11-10 15:20:43.096    app     info:    [server-manager] Downloaded 4.50 GiB/4.85 GiB at 1.38 MiB/s
2025-11-10 15:20:44.106    app     info:    [server-manager] Downloaded 4.50 GiB/4.85 GiB at 1,013.86 kiB/s
2025-11-10 15:20:45.155    app     info:    [server-manager] Downloaded 4.50 GiB/4.85 GiB at 944.88 kiB/s
2025-11-10 15:20:46.195    app     info:    [server-manager] Downloaded 4.50 GiB/4.85 GiB at 931.55 kiB/s
2025-11-10 15:20:47.223    app     info:    [server-manager] Downloaded 4.50 GiB/4.85 GiB at 941.18 kiB/s
2025-11-10 15:20:48.266    app     info:    [server-manager] Downloaded 4.50 GiB/4.85 GiB at 944.76 kiB/s
2025-11-10 15:20:49.300    app     info:    [server-manager] Downloaded 4.50 GiB/4.85 GiB at 835.59 kiB/s
2025-11-10 15:20:50.333    app     info:    [server-manager] Downloaded 4.51 GiB/4.85 GiB at 928.43 kiB/s
2025-11-10 15:20:51.378    app     info:    [server-manager] Downloaded 4.51 GiB/4.85 GiB at 875.47 kiB/s
2025-11-10 15:20:52.383    app     info:    [server-manager] Downloaded 4.51 GiB/4.85 GiB at 570.30 kiB/s
2025-11-10 15:20:53.427    app     info:    [server-manager] Downloaded 4.51 GiB/4.85 GiB at 920.63 kiB/s
2025-11-10 15:20:54.442    app     info:    [server-manager] Downloaded 4.51 GiB/4.85 GiB at 960.00 kiB/s
2025-11-10 15:20:55.481    app     info:    [server-manager] Downloaded 4.51 GiB/4.85 GiB at 808.99 kiB/s
2025-11-10 15:20:56.569    app     info:    [server-manager] Downloaded 4.51 GiB/4.85 GiB at 1.26 MiB/s
2025-11-10 15:20:57.573    app     info:    [server-manager] Downloaded 4.51 GiB/4.85 GiB at 920.67 kiB/s
2025-11-10 15:20:58.612    app     info:    [server-manager] Downloaded 4.51 GiB/4.85 GiB at 992.25 kiB/s
2025-11-10 15:20:59.675    app     info:    [server-manager] Downloaded 4.51 GiB/4.85 GiB at 948.62 kiB/s
2025-11-10 15:21:00.694    app     info:    [server-manager] Downloaded 4.51 GiB/4.85 GiB at 984.03 kiB/s
2025-11-10 15:21:01.700    app     info:    [server-manager] Downloaded 4.52 GiB/4.85 GiB at 1.11 MiB/s
2025-11-10 15:21:02.725    app     info:    [server-manager] Downloaded 4.52 GiB/4.85 GiB at 820.51 kiB/s
2025-11-10 15:21:03.758    app     info:    [server-manager] Downloaded 4.52 GiB/4.85 GiB at 902.26 kiB/s
2025-11-10 15:21:04.826    app     info:    [server-manager] Downloaded 4.52 GiB/4.85 GiB at 792.38 kiB/s
2025-11-10 15:21:05.849    app     info:    [server-manager] Downloaded 4.52 GiB/4.85 GiB at 880.31 kiB/s
2025-11-10 15:21:06.853    app     info:    [server-manager] Downloaded 4.52 GiB/4.85 GiB at 960.00 kiB/s
2025-11-10 15:21:07.905    app     info:    [server-manager] Downloaded 4.52 GiB/4.85 GiB at 964.98 kiB/s
2025-11-10 15:21:08.952    app     info:    [server-manager] Downloaded 4.52 GiB/4.85 GiB at 776.70 kiB/s
2025-11-10 15:21:09.996    app     info:    [server-manager] Downloaded 4.52 GiB/4.85 GiB at 549.45 kiB/s
2025-11-10 15:21:11.062    app     info:    [server-manager] Downloaded 4.52 GiB/4.85 GiB at 307.69 kiB/s
2025-11-10 15:21:12.103    app     info:    [server-manager] Downloaded 4.52 GiB/4.85 GiB at 243.35 kiB/s
2025-11-10 15:21:13.138    app     info:    [server-manager] Downloaded 4.52 GiB/4.85 GiB at 822.13 kiB/s
2025-11-10 15:21:14.175    app     info:    [server-manager] Downloaded 4.52 GiB/4.85 GiB at 1.16 MiB/s
2025-11-10 15:21:15.182    app     info:    [server-manager] Downloaded 4.53 GiB/4.85 GiB at 966.86 kiB/s
2025-11-10 15:21:16.221    app     info:    [server-manager] Downloaded 4.53 GiB/4.85 GiB at 837.21 kiB/s
2025-11-10 15:21:17.232    app     info:    [server-manager] Downloaded 4.53 GiB/4.85 GiB at 950.50 kiB/s
2025-11-10 15:21:18.264    app     info:    [server-manager] Downloaded 4.53 GiB/4.85 GiB at 910.05 kiB/s
2025-11-10 15:21:19.273    app     info:    [server-manager] Downloaded 4.53 GiB/4.85 GiB at 890.66 kiB/s
2025-11-10 15:21:20.289    app     info:    [server-manager] Downloaded 4.53 GiB/4.85 GiB at 884.87 kiB/s
2025-11-10 15:21:21.301    app     info:    [server-manager] Downloaded 4.53 GiB/4.85 GiB at 926.64 kiB/s
2025-11-10 15:21:22.327    app     info:    [server-manager] Downloaded 4.53 GiB/4.85 GiB at 897.49 kiB/s
2025-11-10 15:21:23.357    app     info:    [server-manager] Downloaded 4.53 GiB/4.85 GiB at 850.39 kiB/s
2025-11-10 15:21:24.365    app     info:    [server-manager] Downloaded 4.53 GiB/4.85 GiB at 372.82 kiB/s
2025-11-10 15:21:25.435    app     info:    [server-manager] Downloaded 4.53 GiB/4.85 GiB at 709.42 kiB/s
2025-11-10 15:21:26.453    app     info:    [server-manager] Downloaded 4.53 GiB/4.85 GiB at 866.54 kiB/s
2025-11-10 15:21:27.473    app     info:    [server-manager] Downloaded 4.54 GiB/4.85 GiB at 990.02 kiB/s
2025-11-10 15:21:28.543    app     info:    [server-manager] Downloaded 4.54 GiB/4.85 GiB at 890.82 kiB/s
2025-11-10 15:21:29.562    app     info:    [server-manager] Downloaded 4.54 GiB/4.85 GiB at 476.19 kiB/s
2025-11-10 15:21:30.573    app     info:    [server-manager] Downloaded 4.54 GiB/4.85 GiB at 445.33 kiB/s
2025-11-10 15:21:31.654    app     info:    [server-manager] Downloaded 4.54 GiB/4.85 GiB at 1.05 MiB/s
2025-11-10 15:21:32.673    app     info:    [server-manager] Downloaded 4.54 GiB/4.85 GiB at 714.45 kiB/s
2025-11-10 15:21:33.740    app     info:    [server-manager] Downloaded 4.54 GiB/4.85 GiB at 818.18 kiB/s
2025-11-10 15:21:34.796    app     info:    [server-manager] Downloaded 4.54 GiB/4.85 GiB at 753.30 kiB/s
2025-11-10 15:21:35.826    app     info:    [server-manager] Downloaded 4.54 GiB/4.85 GiB at 675.62 kiB/s
2025-11-10 15:21:36.849    app     info:    [server-manager] Downloaded 4.54 GiB/4.85 GiB at 793.89 kiB/s
2025-11-10 15:21:37.883    app     info:    [server-manager] Downloaded 4.54 GiB/4.85 GiB at 793.89 kiB/s
2025-11-10 15:21:38.917    app     info:    [server-manager] Downloaded 4.54 GiB/4.85 GiB at 694.34 kiB/s
2025-11-10 15:21:39.998    app     info:    [server-manager] Downloaded 4.54 GiB/4.85 GiB at 561.92 kiB/s
2025-11-10 15:21:41.021    app     info:    [server-manager] Downloaded 4.55 GiB/4.85 GiB at 629.92 kiB/s
2025-11-10 15:21:42.055    app     info:    [server-manager] Downloaded 4.55 GiB/4.85 GiB at 573.58 kiB/s
2025-11-10 15:21:43.090    app     info:    [server-manager] Downloaded 4.55 GiB/4.85 GiB at 757.40 kiB/s
2025-11-10 15:21:44.102    app     info:    [server-manager] Downloaded 4.55 GiB/4.85 GiB at 544.00 kiB/s
2025-11-10 15:21:45.108    app     info:    [server-manager] Downloaded 4.55 GiB/4.85 GiB at 752.94 kiB/s
2025-11-10 15:21:46.153    app     info:    [server-manager] Downloaded 4.55 GiB/4.85 GiB at 798.40 kiB/s
2025-11-10 15:21:47.204    app     info:    [server-manager] Downloaded 4.55 GiB/4.85 GiB at 715.95 kiB/s
2025-11-10 15:21:48.254    app     info:    [server-manager] Downloaded 4.55 GiB/4.85 GiB at 606.06 kiB/s
2025-11-10 15:21:49.266    app     info:    [server-manager] Downloaded 4.55 GiB/4.85 GiB at 628.68 kiB/s
2025-11-10 15:21:50.321    app     info:    [server-manager] Downloaded 4.55 GiB/4.85 GiB at 752.94 kiB/s
2025-11-10 15:21:51.353    app     info:    [server-manager] Downloaded 4.55 GiB/4.85 GiB at 757.58 kiB/s
2025-11-10 15:21:52.385    app     info:    [server-manager] Downloaded 4.55 GiB/4.85 GiB at 709.06 kiB/s
2025-11-10 15:21:53.388    app     info:    [server-manager] Downloaded 4.55 GiB/4.85 GiB at 759.05 kiB/s
2025-11-10 15:21:54.421    app     info:    [server-manager] Downloaded 4.55 GiB/4.85 GiB at 843.75 kiB/s
2025-11-10 15:21:55.444    app     info:    [server-manager] Downloaded 4.56 GiB/4.85 GiB at 379.45 kiB/s
2025-11-10 15:21:56.493    app     info:    [server-manager] Downloaded 4.56 GiB/4.85 GiB at 800.00 kiB/s
2025-11-10 15:21:57.512    app     info:    [server-manager] Downloaded 4.56 GiB/4.85 GiB at 666.67 kiB/s
2025-11-10 15:21:58.543    app     info:    [server-manager] Downloaded 4.56 GiB/4.85 GiB at 786.50 kiB/s
2025-11-10 15:21:59.572    app     info:    [server-manager] Downloaded 4.56 GiB/4.85 GiB at 843.75 kiB/s
2025-11-10 15:22:00.578    app     info:    [server-manager] Downloaded 4.56 GiB/4.85 GiB at 1.30 MiB/s
2025-11-10 15:22:01.599    app     info:    [server-manager] Downloaded 4.56 GiB/4.85 GiB at 908.02 kiB/s
2025-11-10 15:22:02.624    app     info:    [server-manager] Downloaded 4.56 GiB/4.85 GiB at 1.00 MiB/s
2025-11-10 15:22:03.636    app     info:    [server-manager] Downloaded 4.56 GiB/4.85 GiB at 922.47 kiB/s
2025-11-10 15:22:04.640    app     info:    [server-manager] Downloaded 4.56 GiB/4.85 GiB at 1,007.87 kiB/s
2025-11-10 15:22:05.666    app     info:    [server-manager] Downloaded 4.56 GiB/4.85 GiB at 920.63 kiB/s
2025-11-10 15:22:06.695    app     info:    [server-manager] Downloaded 4.56 GiB/4.85 GiB at 1.40 MiB/s
2025-11-10 15:22:07.711    app     info:    [server-manager] Downloaded 4.57 GiB/4.85 GiB at 857.14 kiB/s
2025-11-10 15:22:08.733    app     info:    [server-manager] Downloaded 4.57 GiB/4.85 GiB at 911.59 kiB/s
2025-11-10 15:22:09.771    app     info:    [server-manager] Downloaded 4.57 GiB/4.85 GiB at 1,003.92 kiB/s
2025-11-10 15:22:10.803    app     info:    [server-manager] Downloaded 4.57 GiB/4.85 GiB at 974.42 kiB/s
2025-11-10 15:22:11.828    app     info:    [server-manager] Downloaded 4.57 GiB/4.85 GiB at 1.26 MiB/s
2025-11-10 15:22:12.850    app     info:    [server-manager] Downloaded 4.57 GiB/4.85 GiB at 939.75 kiB/s
2025-11-10 15:22:13.851    app     info:    [server-manager] Downloaded 4.57 GiB/4.85 GiB at 509.96 kiB/s
2025-11-10 15:22:14.869    app     info:    [server-manager] Downloaded 4.57 GiB/4.85 GiB at 827.04 kiB/s
2025-11-10 15:22:15.930    app     info:    [server-manager] Downloaded 4.57 GiB/4.85 GiB at 1,012.98 kiB/s
2025-11-10 15:22:16.957    app     info:    [server-manager] Downloaded 4.57 GiB/4.85 GiB at 752.94 kiB/s
2025-11-10 15:22:17.981    app     info:    [server-manager] Downloaded 4.57 GiB/4.85 GiB at 922.47 kiB/s
2025-11-10 15:22:19.012    app     info:    [server-manager] Downloaded 4.58 GiB/4.85 GiB at 948.62 kiB/s
2025-11-10 15:22:20.037    app     info:    [server-manager] Downloaded 4.58 GiB/4.85 GiB at 990.02 kiB/s
2025-11-10 15:22:21.056    app     info:    [server-manager] Downloaded 4.58 GiB/4.85 GiB at 1.01 MiB/s
2025-11-10 15:22:22.110    app     info:    [server-manager] Downloaded 4.58 GiB/4.85 GiB at 914.78 kiB/s
2025-11-10 15:22:23.113    app     info:    [server-manager] Downloaded 4.58 GiB/4.85 GiB at 881.86 kiB/s
2025-11-10 15:22:24.138    app     info:    [server-manager] Downloaded 4.58 GiB/4.85 GiB at 881.89 kiB/s
2025-11-10 15:22:25.181    app     info:    [server-manager] Downloaded 4.58 GiB/4.85 GiB at 415.17 kiB/s
2025-11-10 15:22:26.216    app     info:    [server-manager] Downloaded 4.58 GiB/4.85 GiB at 435.80 kiB/s
2025-11-10 15:22:27.248    app     info:    [server-manager] Downloaded 4.58 GiB/4.85 GiB at 780.71 kiB/s
2025-11-10 15:22:28.263    app     info:    [server-manager] Downloaded 4.58 GiB/4.85 GiB at 855.45 kiB/s
2025-11-10 15:22:29.284    app     info:    [server-manager] Downloaded 4.58 GiB/4.85 GiB at 879.99 kiB/s
2025-11-10 15:22:30.289    app     info:    [server-manager] Downloaded 4.59 GiB/4.85 GiB at 1,015.87 kiB/s
2025-11-10 15:22:31.318    app     info:    [server-manager] Downloaded 4.59 GiB/4.85 GiB at 821.29 kiB/s
2025-11-10 15:22:32.353    app     info:    [server-manager] Downloaded 4.59 GiB/4.85 GiB at 926.64 kiB/s
2025-11-10 15:22:33.357    app     info:    [server-manager] Downloaded 4.59 GiB/4.85 GiB at 407.68 kiB/s
2025-11-10 15:22:34.373    app     info:    [server-manager] Downloaded 4.59 GiB/4.85 GiB at 858.85 kiB/s
2025-11-10 15:22:35.383    app     info:    [server-manager] Downloaded 4.59 GiB/4.85 GiB at 1.35 MiB/s
2025-11-10 15:22:36.394    app     info:    [server-manager] Downloaded 4.59 GiB/4.85 GiB at 956.18 kiB/s
2025-11-10 15:22:37.404    app     info:    [server-manager] Downloaded 4.59 GiB/4.85 GiB at 958.08 kiB/s
2025-11-10 15:22:38.418    app     info:    [server-manager] Downloaded 4.59 GiB/4.85 GiB at 415.17 kiB/s
2025-11-10 15:22:39.426    app     info:    [server-manager] Downloaded 4.59 GiB/4.85 GiB at 1,017.89 kiB/s
2025-11-10 15:22:40.482    app     info:    [server-manager] Downloaded 4.59 GiB/4.85 GiB at 416.00 kiB/s
2025-11-10 15:22:41.515    app     info:    [server-manager] Downloaded 4.60 GiB/4.85 GiB at 952.38 kiB/s
2025-11-10 15:22:42.540    app     info:    [server-manager] Downloaded 4.60 GiB/4.85 GiB at 474.31 kiB/s
2025-11-10 15:22:43.555    app     info:    [server-manager] Downloaded 4.60 GiB/4.85 GiB at 913.19 kiB/s
2025-11-10 15:22:44.573    app     info:    [server-manager] Downloaded 4.60 GiB/4.85 GiB at 816.96 kiB/s
2025-11-10 15:22:45.602    app     info:    [server-manager] Downloaded 4.60 GiB/4.85 GiB at 814.09 kiB/s
2025-11-10 15:22:46.644    app     info:    [server-manager] Downloaded 4.60 GiB/4.85 GiB at 928.43 kiB/s
2025-11-10 15:22:47.673    app     info:    [server-manager] Downloaded 4.60 GiB/4.85 GiB at 897.49 kiB/s
2025-11-10 15:22:48.713    app     info:    [server-manager] Downloaded 4.60 GiB/4.85 GiB at 854.51 kiB/s
2025-11-10 15:22:49.748    app     info:    [server-manager] Downloaded 4.60 GiB/4.85 GiB at 876.71 kiB/s
2025-11-10 15:22:50.761    app     info:    [server-manager] Downloaded 4.60 GiB/4.85 GiB at 909.80 kiB/s
2025-11-10 15:22:51.787    app     info:    [server-manager] Downloaded 4.60 GiB/4.85 GiB at 1.08 MiB/s
2025-11-10 15:22:52.845    app     info:    [server-manager] Downloaded 4.61 GiB/4.85 GiB at 862.45 kiB/s
2025-11-10 15:22:53.863    app     info:    [server-manager] Downloaded 4.61 GiB/4.85 GiB at 832.00 kiB/s
2025-11-10 15:22:54.917    app     info:    [server-manager] Downloaded 4.61 GiB/4.85 GiB at 907.37 kiB/s
2025-11-10 15:22:55.942    app     info:    [server-manager] Downloaded 4.61 GiB/4.85 GiB at 867.38 kiB/s
2025-11-10 15:22:57.015    app     info:    [server-manager] Downloaded 4.61 GiB/4.85 GiB at 738.19 kiB/s
2025-11-10 15:22:58.020    app     info:    [server-manager] Downloaded 4.61 GiB/4.85 GiB at 510.98 kiB/s
2025-11-10 15:22:59.094    app     info:    [server-manager] Downloaded 4.61 GiB/4.85 GiB at 835.80 kiB/s
2025-11-10 15:23:00.132    app     info:    [server-manager] Downloaded 4.61 GiB/4.85 GiB at 878.43 kiB/s
2025-11-10 15:23:01.163    app     info:    [server-manager] Downloaded 4.61 GiB/4.85 GiB at 928.43 kiB/s
2025-11-10 15:23:02.225    app     info:    [server-manager] Downloaded 4.61 GiB/4.85 GiB at 916.82 kiB/s
2025-11-10 15:23:03.271    app     info:    [server-manager] Downloaded 4.61 GiB/4.85 GiB at 939.69 kiB/s
2025-11-10 15:23:04.307    app     info:    [server-manager] Downloaded 4.62 GiB/4.85 GiB at 957.53 kiB/s
2025-11-10 15:23:05.356    app     info:    [server-manager] Downloaded 4.62 GiB/4.85 GiB at 880.73 kiB/s
2025-11-10 15:23:06.414    app     info:    [server-manager] Downloaded 4.62 GiB/4.85 GiB at 1.24 MiB/s
2025-11-10 15:23:07.414    app     info:    [server-manager] Downloaded 4.62 GiB/4.85 GiB at 371.06 kiB/s
2025-11-10 15:23:08.425    app     info:    [server-manager] Downloaded 4.62 GiB/4.85 GiB at 1.02 MiB/s
2025-11-10 15:23:09.478    app     info:    [server-manager] Downloaded 4.62 GiB/4.85 GiB at 793.89 kiB/s
2025-11-10 15:23:10.489    app     info:    [server-manager] Downloaded 4.62 GiB/4.85 GiB at 734.59 kiB/s
2025-11-10 15:23:11.548    app     info:    [server-manager] Downloaded 4.62 GiB/4.85 GiB at 707.27 kiB/s
2025-11-10 15:23:12.584    app     info:    [server-manager] Downloaded 4.62 GiB/4.85 GiB at 916.03 kiB/s
2025-11-10 15:23:13.659    app     info:    [server-manager] Downloaded 4.62 GiB/4.85 GiB at 871.14 kiB/s
2025-11-10 15:23:14.689    app     info:    [server-manager] Downloaded 4.62 GiB/4.85 GiB at 1,015.87 kiB/s
2025-11-10 15:23:15.708    app     info:    [server-manager] Downloaded 4.62 GiB/4.85 GiB at 744.19 kiB/s
2025-11-10 15:23:16.735    app     info:    [server-manager] Downloaded 4.63 GiB/4.85 GiB at 909.80 kiB/s
2025-11-10 15:23:17.792    app     info:    [server-manager] Downloaded 4.63 GiB/4.85 GiB at 872.18 kiB/s
2025-11-10 15:23:18.822    app     info:    [server-manager] Downloaded 4.63 GiB/4.85 GiB at 923.08 kiB/s
2025-11-10 15:23:19.828    app     info:    [server-manager] Downloaded 4.63 GiB/4.85 GiB at 950.50 kiB/s
2025-11-10 15:23:20.851    app     info:    [server-manager] Downloaded 4.63 GiB/4.85 GiB at 1.20 MiB/s
2025-11-10 15:23:21.865    app     info:    [server-manager] Downloaded 4.63 GiB/4.85 GiB at 926.20 kiB/s
2025-11-10 15:23:22.882    app     info:    [server-manager] Downloaded 4.63 GiB/4.85 GiB at 944.88 kiB/s
2025-11-10 15:23:23.913    app     info:    [server-manager] Downloaded 4.63 GiB/4.85 GiB at 812.50 kiB/s
2025-11-10 15:23:24.944    app     info:    [server-manager] Downloaded 4.63 GiB/4.85 GiB at 1.01 MiB/s
2025-11-10 15:23:25.954    app     info:    [server-manager] Downloaded 4.63 GiB/4.85 GiB at 920.63 kiB/s
2025-11-10 15:23:26.988    app     info:    [server-manager] Downloaded 4.63 GiB/4.85 GiB at 974.46 kiB/s
2025-11-10 15:23:28.016    app     info:    [server-manager] Downloaded 4.64 GiB/4.85 GiB at 842.15 kiB/s
2025-11-10 15:23:29.043    app     info:    [server-manager] Downloaded 4.64 GiB/4.85 GiB at 539.54 kiB/s
2025-11-10 15:23:30.109    app     info:    [server-manager] Downloaded 4.64 GiB/4.85 GiB at 843.69 kiB/s
2025-11-10 15:23:31.117    app     info:    [server-manager] Downloaded 4.64 GiB/4.85 GiB at 573.71 kiB/s
2025-11-10 15:23:32.134    app     info:    [server-manager] Downloaded 4.64 GiB/4.85 GiB at 445.33 kiB/s
2025-11-10 15:23:33.166    app     info:    [server-manager] Downloaded 4.64 GiB/4.85 GiB at 1.29 MiB/s
2025-11-10 15:23:34.184    app     info:    [server-manager] Downloaded 4.64 GiB/4.85 GiB at 780.81 kiB/s
2025-11-10 15:23:35.206    app     info:    [server-manager] Downloaded 4.64 GiB/4.85 GiB at 1.35 MiB/s
2025-11-10 15:23:36.222    app     info:    [server-manager] Downloaded 4.64 GiB/4.85 GiB at 804.52 kiB/s
2025-11-10 15:23:37.230    app     info:    [server-manager] Downloaded 4.64 GiB/4.85 GiB at 506.93 kiB/s
2025-11-10 15:23:38.262    app     info:    [server-manager] Downloaded 4.64 GiB/4.85 GiB at 480.00 kiB/s
2025-11-10 15:23:39.282    app     info:    [server-manager] Downloaded 4.65 GiB/4.85 GiB at 909.29 kiB/s
2025-11-10 15:23:40.301    app     info:    [server-manager] Downloaded 4.65 GiB/4.85 GiB at 448.00 kiB/s
2025-11-10 15:23:41.330    app     info:    [server-manager] Downloaded 4.65 GiB/4.85 GiB at 827.59 kiB/s
2025-11-10 15:23:42.358    app     info:    [server-manager] Downloaded 4.65 GiB/4.85 GiB at 1.22 MiB/s
2025-11-10 15:23:43.394    app     info:    [server-manager] Downloaded 4.65 GiB/4.85 GiB at 487.38 kiB/s
2025-11-10 15:23:44.451    app     info:    [server-manager] Downloaded 4.65 GiB/4.85 GiB at 832.35 kiB/s
2025-11-10 15:23:45.506    app     info:    [server-manager] Downloaded 4.65 GiB/4.85 GiB at 899.05 kiB/s
2025-11-10 15:23:46.518    app     info:    [server-manager] Downloaded 4.65 GiB/4.85 GiB at 909.56 kiB/s
2025-11-10 15:23:47.547    app     info:    [server-manager] Downloaded 4.65 GiB/4.85 GiB at 1.29 MiB/s
2025-11-10 15:23:48.551    app     info:    [server-manager] Downloaded 4.65 GiB/4.85 GiB at 654.40 kiB/s
2025-11-10 15:23:49.583    app     info:    [server-manager] Downloaded 4.65 GiB/4.85 GiB at 796.81 kiB/s
2025-11-10 15:23:50.587    app     info:    [server-manager] Downloaded 4.65 GiB/4.85 GiB at 1.29 MiB/s
2025-11-10 15:23:51.597    app     info:    [server-manager] Downloaded 4.66 GiB/4.85 GiB at 937.50 kiB/s
2025-11-10 15:23:52.608    app     info:    [server-manager] Downloaded 4.66 GiB/4.85 GiB at 477.14 kiB/s
2025-11-10 15:23:53.638    app     info:    [server-manager] Downloaded 4.66 GiB/4.85 GiB at 875.00 kiB/s
2025-11-10 15:23:54.666    app     info:    [server-manager] Downloaded 4.66 GiB/4.85 GiB at 922.47 kiB/s
2025-11-10 15:23:55.689    app     info:    [server-manager] Downloaded 4.66 GiB/4.85 GiB at 1,011.48 kiB/s
2025-11-10 15:23:56.735    app     info:    [server-manager] Downloaded 4.66 GiB/4.85 GiB at 732.82 kiB/s
2025-11-10 15:23:57.780    app     info:    [server-manager] Downloaded 4.66 GiB/4.85 GiB at 665.35 kiB/s
2025-11-10 15:23:58.802    app     info:    [server-manager] Downloaded 4.66 GiB/4.85 GiB at 895.75 kiB/s
2025-11-10 15:23:59.831    app     info:    [server-manager] Downloaded 4.66 GiB/4.85 GiB at 507.94 kiB/s
2025-11-10 15:24:00.857    app     info:    [server-manager] Downloaded 4.66 GiB/4.85 GiB at 798.46 kiB/s
2025-11-10 15:24:01.873    app     info:    [server-manager] Downloaded 4.66 GiB/4.85 GiB at 833.98 kiB/s
2025-11-10 15:24:02.885    app     info:    [server-manager] Downloaded 4.66 GiB/4.85 GiB at 890.66 kiB/s
2025-11-10 15:24:03.925    app     info:    [server-manager] Downloaded 4.67 GiB/4.85 GiB at 1.06 MiB/s
2025-11-10 15:24:04.957    app     info:    [server-manager] Downloaded 4.67 GiB/4.85 GiB at 1.36 MiB/s
2025-11-10 15:24:05.981    app     info:    [server-manager] Downloaded 4.67 GiB/4.85 GiB at 899.22 kiB/s
2025-11-10 15:24:06.988    app     info:    [server-manager] Downloaded 4.67 GiB/4.85 GiB at 848.72 kiB/s
2025-11-10 15:24:08.017    app     info:    [server-manager] Downloaded 4.67 GiB/4.85 GiB at 926.15 kiB/s
2025-11-10 15:24:09.072    app     info:    [server-manager] Downloaded 4.67 GiB/4.85 GiB at 800.00 kiB/s
2025-11-10 15:24:10.085    app     info:    [server-manager] Downloaded 4.67 GiB/4.85 GiB at 1.05 MiB/s
2025-11-10 15:24:11.102    app     info:    [server-manager] Downloaded 4.67 GiB/4.85 GiB at 1.15 MiB/s
2025-11-10 15:24:12.121    app     info:    [server-manager] Downloaded 4.67 GiB/4.85 GiB at 563.60 kiB/s
2025-11-10 15:24:13.125    app     info:    [server-manager] Downloaded 4.67 GiB/4.85 GiB at 943.03 kiB/s
2025-11-10 15:24:14.146    app     info:    [server-manager] Downloaded 4.67 GiB/4.85 GiB at 878.43 kiB/s
2025-11-10 15:24:15.167    app     info:    [server-manager] Downloaded 4.68 GiB/4.85 GiB at 479.04 kiB/s
2025-11-10 15:24:16.231    app     info:    [server-manager] Downloaded 4.68 GiB/4.85 GiB at 1,001.90 kiB/s
2025-11-10 15:24:17.240    app     info:    [server-manager] Downloaded 4.68 GiB/4.85 GiB at 477.14 kiB/s
2025-11-10 15:24:18.268    app     info:    [server-manager] Downloaded 4.68 GiB/4.85 GiB at 917.00 kiB/s
2025-11-10 15:24:19.307    app     info:    [scheduler] Starting scheduler foreground
2025-11-10 15:24:19.312    app     info:    [newsfeed] Fetching news for eve-online in ru
2025-11-10 15:24:19.321    app     info:    [authentication] Token for '31367691' on 'tranquility' is expired, refresh is required
2025-11-10 15:24:19.321    app     info:    [authentication] Refreshing token for '31367691' on 'tranquility'
2025-11-10 15:24:19.327    app     info:    [server-manager] Downloaded 4.68 GiB/4.85 GiB at 943.03 kiB/s
2025-11-10 15:24:19.701    app     info:    [authentication] Token for '31367691' on 'tranquility' has been successfully refreshed
2025-11-10 15:24:19.703    app     info:    [quasar-elg-events] Queueing event    eve_launcher.electron.authentication.UserTokensRefreshed
2025-11-10 15:24:19.720    app     info:    [quasar-elg-events] Event sent    type.evetech.net/eve_launcher.electron.authentication.UserTokensRefreshed
2025-11-10 15:24:19.720    app     info:    [customer-information] Getting character information for '31367691' on 'tranquility'
2025-11-10 15:24:19.720    app     info:    [customer-information] Getting Omega status for '31367691' on 'tranquility' (eve-online)
2025-11-10 15:24:19.721    app     info:    [virtual-goods] Getting Plex status for '31367691' on 'tranquility' (eve-online)
2025-11-10 15:24:19.732    app     warn:    [play-area-content] Invalid product found in play area content    { product: 'eve-frontier' }
2025-11-10 15:24:19.732    app     warn:    [play-area-content] Invalid product found in play area content    { product: 'eve-frontier' }
2025-11-10 15:24:19.732    app     warn:    [play-area-content] Invalid product found in play area content    { product: 'eve-frontier' }
2025-11-10 15:24:19.732    app     warn:    [play-area-content] Invalid product found in play area content    { product: 'eve-frontier' }
2025-11-10 15:24:19.733    app     warn:    [play-area-content] Invalid product found in play area content    { product: 'eve-frontier' }
2025-11-10 15:24:19.733    app     warn:    [play-area-content] Invalid product found in play area content    { product: 'eve-frontier' }
2025-11-10 15:24:19.733    app     warn:    [play-area-content] Invalid product found in play area content    { product: 'eve-frontier' }
2025-11-10 15:24:19.733    app     warn:    [play-area-content] Invalid product found in play area content    { product: 'eve-frontier' }
2025-11-10 15:24:19.829    app     info:    [scheduler] Stopped scheduler foreground
2025-11-10 15:24:19.950    app     info:    [newsfeed] Fetched 20 news items for eve-online in ru
2025-11-10 15:24:20.243    app     info:    [esi] Fetching character details for 2123502320
2025-11-10 15:24:20.329    app     info:    [server-manager] Downloaded 4.68 GiB/4.85 GiB at 1.05 MiB/s
2025-11-10 15:24:20.886    app     info:    [esi] Fetched 1 character details for 31367691
2025-11-10 15:24:20.944    app     info:    [scheduler] Starting scheduler foreground
2025-11-10 15:24:21.345    app     info:    [scheduler] Stopped scheduler foreground
2025-11-10 15:24:21.348    app     info:    [server-manager] Downloaded 4.68 GiB/4.85 GiB at 852.07 kiB/s
2025-11-10 15:24:22.387    app     info:    [server-manager] Downloaded 4.68 GiB/4.85 GiB at 1.21 MiB/s
2025-11-10 15:24:23.415    app     info:    [server-manager] Downloaded 4.68 GiB/4.85 GiB at 1.16 MiB/s
2025-11-10 15:24:24.325    app     info:    [self-update] Checking for application updates.
2025-11-10 15:24:24.439    app     info:    [server-manager] Downloaded 4.68 GiB/4.85 GiB at 674.61 kiB/s
2025-11-10 15:24:24.727    app    error:    [quasar-manager-helper] Failed to perform Quasar request RESPONSE REFUSED: eve_public.plex.vault.api.BalanceRequest received for 'tranquility-31367691-null' in 5000ms (0: )    c [EpgError]: RESPONSE REFUSED: eve_public.plex.vault.api.BalanceRequest received for 'tranquility-31367691-null' in 5000ms (0: )
    at P (C:\Users\dmytr\AppData\Local\eve-online\app-1.12.2\resources\app.asar\.webpack\main\index.js:8:1992734)
    at F.rejectMessage (C:\Users\dmytr\AppData\Local\eve-online\app-1.12.2\resources\app.asar\.webpack\main\index.js:8:2002913)
    at Timeout.<anonymous> (C:\Users\dmytr\AppData\Local\eve-online\app-1.12.2\resources\app.asar\.webpack\main\index.js:8:2005695)
    at listOnTimeout (node:internal/timers:588:17)
    at process.processTimers (node:internal/timers:523:7) {
  innerError: undefined,
  statusCode: 0,
  statusMessage: ''
}
2025-11-10 15:24:24.727    app     warn:    [virtual-goods] Can't fetch Plex status for '31367691' on 'tranquility' (eve-online), error: EpgError: RESPONSE REFUSED: eve_public.plex.vault.api.BalanceRequest received for 'tranquility-31367691-null' in 5000ms (0: )
2025-11-10 15:24:24.736    app    error:    [AuthenticationMiddleware] RESPONSE REFUSED: eve_public.plex.vault.api.BalanceRequest received for 'tranquility-31367691-null' in 5000ms (0: )    EpgError: RESPONSE REFUSED: eve_public.plex.vault.api.BalanceRequest received for 'tranquility-31367691-null' in 5000ms (0: )
    at P (C:\Users\dmytr\AppData\Local\eve-online\app-1.12.2\resources\app.asar\.webpack\main\index.js:8:1992734)
    at F.rejectMessage (C:\Users\dmytr\AppData\Local\eve-online\app-1.12.2\resources\app.asar\.webpack\main\index.js:8:2002913)
    at Timeout.<anonymous> (C:\Users\dmytr\AppData\Local\eve-online\app-1.12.2\resources\app.asar\.webpack\main\index.js:8:2005695)
    at listOnTimeout (node:internal/timers:588:17)
    at process.processTimers (node:internal/timers:523:7)
2025-11-10 15:24:25.488    app     info:    [server-manager] Downloaded 4.68 GiB/4.85 GiB at 548.57 kiB/s
2025-11-10 15:24:26.549    app     info:    [server-manager] Downloaded 4.68 GiB/4.85 GiB at 581.26 kiB/s
2025-11-10 15:24:27.225    app     info:    [self-update] No application updates were found.
2025-11-10 15:24:27.606    app     info:    [server-manager] Downloaded 4.68 GiB/4.85 GiB at 441.99 kiB/s
2025-11-10 15:24:28.611    app     info:    [server-manager] Downloaded 4.68 GiB/4.85 GiB at 287.43 kiB/s
2025-11-10 15:24:29.677    app     info:    [server-manager] Downloaded 4.69 GiB/4.85 GiB at 645.87 kiB/s
2025-11-10 15:24:30.748    app     info:    [server-manager] Downloaded 4.69 GiB/4.85 GiB at 405.06 kiB/s
2025-11-10 15:24:31.605    app     info:    [scheduler] Starting scheduler foreground
2025-11-10 15:24:31.791    app     info:    [server-manager] Downloaded 4.69 GiB/4.85 GiB at 512.00 kiB/s
2025-11-10 15:24:32.373    app     info:    [scheduler] Stopped scheduler foreground
2025-11-10 15:24:32.473    app     info:    [scheduler] Starting scheduler foreground
2025-11-10 15:24:32.828    app     info:    [server-manager] Downloaded 4.69 GiB/4.85 GiB at 766.05 kiB/s
2025-11-10 15:24:33.838    app     info:    [server-manager] Downloaded 4.69 GiB/4.85 GiB at 544.16 kiB/s
2025-11-10 15:24:34.937    app     info:    [server-manager] Downloaded 4.69 GiB/4.85 GiB at 514.00 kiB/s
2025-11-10 15:24:35.971    app     info:    [server-manager] Downloaded 4.69 GiB/4.85 GiB at 646.15 kiB/s
2025-11-10 15:24:37.051    app     info:    [server-manager] Downloaded 4.69 GiB/4.85 GiB at 365.71 kiB/s
2025-11-10 15:24:38.172    app     info:    [server-manager] Downloaded 4.69 GiB/4.85 GiB at 367.11 kiB/s
2025-11-10 15:24:39.273    app     info:    [server-manager] Downloaded 4.69 GiB/4.85 GiB at 266.67 kiB/s
2025-11-10 15:24:40.328    app     info:    [server-manager] Downloaded 4.69 GiB/4.85 GiB at 303.03 kiB/s
2025-11-10 15:24:41.426    app     info:    [server-manager] Downloaded 4.69 GiB/4.85 GiB at 262.77 kiB/s
2025-11-10 15:24:42.476    app     info:    [server-manager] Downloaded 4.69 GiB/4.85 GiB at 373.54 kiB/s
2025-11-10 15:24:43.497    app     info:    [server-manager] Downloaded 4.69 GiB/4.85 GiB at 367.32 kiB/s
2025-11-10 15:24:44.542    app     info:    [server-manager] Downloaded 4.69 GiB/4.85 GiB at 403.88 kiB/s
2025-11-10 15:24:45.724    app     info:    [server-manager] Downloaded 4.69 GiB/4.85 GiB at 398.41 kiB/s
2025-11-10 15:24:46.772    app     info:    [server-manager] Downloaded 4.69 GiB/4.85 GiB at 341.09 kiB/s
2025-11-10 15:24:47.859    app     info:    [server-manager] Downloaded 4.69 GiB/4.85 GiB at 412.52 kiB/s
2025-11-10 15:24:48.895    app     info:    [server-manager] Downloaded 4.69 GiB/4.85 GiB at 481.27 kiB/s
2025-11-10 15:24:50.036    app     info:    [server-manager] Downloaded 4.69 GiB/4.85 GiB at 364.82 kiB/s
2025-11-10 15:24:51.081    app     info:    [server-manager] Downloaded 4.69 GiB/4.85 GiB at 332.70 kiB/s
2025-11-10 15:24:52.206    app     info:    [server-manager] Downloaded 4.69 GiB/4.85 GiB at 559.07 kiB/s
2025-11-10 15:24:53.250    app     info:    [server-manager] Downloaded 4.69 GiB/4.85 GiB at 352.29 kiB/s
2025-11-10 15:24:54.292    app     info:    [server-manager] Downloaded 4.70 GiB/4.85 GiB at 416.00 kiB/s
2025-11-10 15:24:55.335    app     info:    [server-manager] Downloaded 4.70 GiB/4.85 GiB at 341.09 kiB/s
2025-11-10 15:24:56.390    app     info:    [server-manager] Downloaded 4.70 GiB/4.85 GiB at 477.70 kiB/s
2025-11-10 15:24:57.454    app     info:    [server-manager] Downloaded 4.70 GiB/4.85 GiB at 350.46 kiB/s
2025-11-10 15:24:58.540    app     info:    [server-manager] Downloaded 4.70 GiB/4.85 GiB at 808.66 kiB/s
2025-11-10 15:24:59.561    app     info:    [server-manager] Downloaded 4.70 GiB/4.85 GiB at 595.36 kiB/s
2025-11-10 15:25:00.667    app     info:    [server-manager] Downloaded 4.70 GiB/4.85 GiB at 513.51 kiB/s
2025-11-10 15:25:01.732    app     info:    [server-manager] Downloaded 4.70 GiB/4.85 GiB at 657.53 kiB/s
2025-11-10 15:25:02.757    app     info:    [server-manager] Downloaded 4.70 GiB/4.85 GiB at 584.62 kiB/s
2025-11-10 15:25:03.776    app     info:    [server-manager] Downloaded 4.70 GiB/4.85 GiB at 719.95 kiB/s
2025-11-10 15:25:04.832    app     info:    [server-manager] Downloaded 4.70 GiB/4.85 GiB at 682.42 kiB/s
2025-11-10 15:25:05.852    app     info:    [server-manager] Downloaded 4.70 GiB/4.85 GiB at 676.92 kiB/s
2025-11-10 15:25:06.863    app     info:    [server-manager] Downloaded 4.70 GiB/4.85 GiB at 285.15 kiB/s
2025-11-10 15:25:07.889    app     info:    [server-manager] Downloaded 4.70 GiB/4.85 GiB at 946.75 kiB/s
2025-11-10 15:25:08.889    app     info:    [server-manager] Downloaded 4.70 GiB/4.85 GiB at 317.46 kiB/s
2025-11-10 15:25:09.959    app     info:    [server-manager] Downloaded 4.70 GiB/4.85 GiB at 540.76 kiB/s
2025-11-10 15:25:10.991    app     info:    [server-manager] Downloaded 4.70 GiB/4.85 GiB at 588.37 kiB/s
2025-11-10 15:25:12.059    app     info:    [server-manager] Downloaded 4.70 GiB/4.85 GiB at 519.08 kiB/s
2025-11-10 15:25:13.154    app     info:    [server-manager] Downloaded 4.71 GiB/4.85 GiB at 647.89 kiB/s
2025-11-10 15:25:14.181    app     info:    [server-manager] Downloaded 4.71 GiB/4.85 GiB at 600.74 kiB/s
2025-11-10 15:25:15.209    app     info:    [server-manager] Downloaded 4.71 GiB/4.85 GiB at 352.00 kiB/s
2025-11-10 15:25:16.231    app     info:    [server-manager] Downloaded 4.71 GiB/4.85 GiB at 601.98 kiB/s
2025-11-10 15:25:17.241    app     info:    [server-manager] Downloaded 4.71 GiB/4.85 GiB at 476.19 kiB/s
2025-11-10 15:25:18.301    app     info:    [server-manager] Downloaded 4.71 GiB/4.85 GiB at 624.76 kiB/s
2025-11-10 15:25:19.312    app     info:    [customer-information] Getting character information for '31367691' on 'tranquility'
2025-11-10 15:25:19.312    app     info:    [virtual-goods] Getting Plex status for '31367691' on 'tranquility' (eve-online)
2025-11-10 15:25:19.325    app     info:    [server-manager] Downloaded 4.71 GiB/4.85 GiB at 569.17 kiB/s
2025-11-10 15:25:20.375    app     info:    [server-manager] Downloaded 4.71 GiB/4.85 GiB at 724.41 kiB/s
2025-11-10 15:25:21.448    app     info:    [server-manager] Downloaded 4.71 GiB/4.85 GiB at 667.88 kiB/s
2025-11-10 15:25:22.486    app     info:    [server-manager] Downloaded 4.71 GiB/4.85 GiB at 770.71 kiB/s
2025-11-10 15:25:23.517    app     info:    [server-manager] Downloaded 4.71 GiB/4.85 GiB at 678.23 kiB/s
2025-11-10 15:25:24.322    app    error:    [quasar-manager-helper] Failed to perform Quasar request RESPONSE REFUSED: eve_public.plex.vault.api.BalanceRequest received for 'tranquility-31367691-null' in 5008ms (0: )    c [EpgError]: RESPONSE REFUSED: eve_public.plex.vault.api.BalanceRequest received for 'tranquility-31367691-null' in 5008ms (0: )
    at P (C:\Users\dmytr\AppData\Local\eve-online\app-1.12.2\resources\app.asar\.webpack\main\index.js:8:1992734)
    at F.rejectMessage (C:\Users\dmytr\AppData\Local\eve-online\app-1.12.2\resources\app.asar\.webpack\main\index.js:8:2002913)
    at Timeout.<anonymous> (C:\Users\dmytr\AppData\Local\eve-online\app-1.12.2\resources\app.asar\.webpack\main\index.js:8:2005695)
    at listOnTimeout (node:internal/timers:588:17)
    at process.processTimers (node:internal/timers:523:7) {
  innerError: undefined,
  statusCode: 0,
  statusMessage: ''
}
2025-11-10 15:25:24.323    app     warn:    [virtual-goods] Can't fetch Plex status for '31367691' on 'tranquility' (eve-online), error: EpgError: RESPONSE REFUSED: eve_public.plex.vault.api.BalanceRequest received for 'tranquility-31367691-null' in 5008ms (0: )
2025-11-10 15:25:24.552    app     info:    [server-manager] Downloaded 4.71 GiB/4.85 GiB at 798.40 kiB/s
2025-11-10 15:25:25.587    app     info:    [server-manager] Downloaded 4.71 GiB/4.85 GiB at 833.98 kiB/s
2025-11-10 15:25:26.644    app     info:    [server-manager] Downloaded 4.71 GiB/4.85 GiB at 1.23 MiB/s
2025-11-10 15:25:27.657    app     info:    [server-manager] Downloaded 4.71 GiB/4.85 GiB at 438.36 kiB/s
2025-11-10 15:25:28.672    app     info:    [server-manager] Downloaded 4.72 GiB/4.85 GiB at 908.02 kiB/s
2025-11-10 15:25:29.760    app     info:    [server-manager] Downloaded 4.72 GiB/4.85 GiB at 757.74 kiB/s
2025-11-10 15:25:30.801    app     info:    [server-manager] Downloaded 4.72 GiB/4.85 GiB at 534.32 kiB/s
2025-11-10 15:25:30.841    app     info:    [esi] Fetching character details for 2123502320
2025-11-10 15:25:30.853    app    error:    [AuthenticationMiddleware] RESPONSE REFUSED: eve_public.plex.vault.api.BalanceRequest received for 'tranquility-31367691-null' in 5008ms (0: )    EpgError: RESPONSE REFUSED: eve_public.plex.vault.api.BalanceRequest received for 'tranquility-31367691-null' in 5008ms (0: )
    at P (C:\Users\dmytr\AppData\Local\eve-online\app-1.12.2\resources\app.asar\.webpack\main\index.js:8:1992734)
    at F.rejectMessage (C:\Users\dmytr\AppData\Local\eve-online\app-1.12.2\resources\app.asar\.webpack\main\index.js:8:2002913)
    at Timeout.<anonymous> (C:\Users\dmytr\AppData\Local\eve-online\app-1.12.2\resources\app.asar\.webpack\main\index.js:8:2005695)
    at listOnTimeout (node:internal/timers:588:17)
    at process.processTimers (node:internal/timers:523:7)
2025-11-10 15:25:31.134    app     info:    [esi] Fetched 1 character details for 31367691
2025-11-10 15:25:31.823    app     info:    [server-manager] Downloaded 4.72 GiB/4.85 GiB at 825.40 kiB/s
2025-11-10 15:25:32.843    app     info:    [server-manager] Downloaded 4.72 GiB/4.85 GiB at 769.23 kiB/s
2025-11-10 15:25:33.861    app     info:    [server-manager] Downloaded 4.72 GiB/4.85 GiB at 813.47 kiB/s
2025-11-10 15:25:34.929    app     info:    [server-manager] Downloaded 4.72 GiB/4.85 GiB at 855.45 kiB/s
2025-11-10 15:25:35.956    app     info:    [server-manager] Downloaded 4.72 GiB/4.85 GiB at 382.47 kiB/s
2025-11-10 15:25:37.034    app     info:    [server-manager] Downloaded 4.72 GiB/4.85 GiB at 596.44 kiB/s
2025-11-10 15:25:38.074    app     info:    [server-manager] Downloaded 4.72 GiB/4.85 GiB at 1.18 MiB/s
2025-11-10 15:25:39.084    app     info:    [server-manager] Downloaded 4.72 GiB/4.85 GiB at 720.34 kiB/s
2025-11-10 15:25:40.149    app     info:    [server-manager] Downloaded 4.72 GiB/4.85 GiB at 843.69 kiB/s
2025-11-10 15:25:41.258    app     info:    [server-manager] Downloaded 4.72 GiB/4.85 GiB at 770.05 kiB/s
2025-11-10 15:25:42.293    app     info:    [server-manager] Downloaded 4.73 GiB/4.85 GiB at 880.46 kiB/s
2025-11-10 15:25:43.337    app     info:    [server-manager] Downloaded 4.73 GiB/4.85 GiB at 789.37 kiB/s
2025-11-10 15:25:44.391    app     info:    [server-manager] Downloaded 4.73 GiB/4.85 GiB at 763.42 kiB/s
2025-11-10 15:25:45.425    app     info:    [server-manager] Downloaded 4.73 GiB/4.85 GiB at 817.29 kiB/s
2025-11-10 15:25:45.546    app     info:    [scheduler] Stopped scheduler foreground
2025-11-10 15:25:46.461    app     info:    [server-manager] Downloaded 4.73 GiB/4.85 GiB at 413.52 kiB/s
2025-11-10 15:25:47.483    app     info:    [server-manager] Downloaded 4.73 GiB/4.85 GiB at 660.12 kiB/s
2025-11-10 15:25:48.535    app     info:    [server-manager] Downloaded 4.73 GiB/4.85 GiB at 901.19 kiB/s
2025-11-10 15:25:49.590    app     info:    [server-manager] Downloaded 4.73 GiB/4.85 GiB at 946.36 kiB/s
2025-11-10 15:25:50.607    app     info:    [server-manager] Downloaded 4.73 GiB/4.85 GiB at 838.23 kiB/s
2025-11-10 15:25:51.612    app     info:    [server-manager] Downloaded 4.73 GiB/4.85 GiB at 866.38 kiB/s
2025-11-10 15:25:52.629    app     info:    [server-manager] Downloaded 4.73 GiB/4.85 GiB at 915.19 kiB/s
2025-11-10 15:25:53.668    app     info:    [server-manager] Downloaded 4.74 GiB/4.85 GiB at 864.90 kiB/s
2025-11-10 15:25:54.762    app     info:    [server-manager] Downloaded 4.74 GiB/4.85 GiB at 824.16 kiB/s
2025-11-10 15:25:55.765    app     info:    [server-manager] Downloaded 4.74 GiB/4.85 GiB at 480.00 kiB/s
2025-11-10 15:25:56.799    app     info:    [server-manager] Downloaded 4.74 GiB/4.85 GiB at 918.21 kiB/s
2025-11-10 15:25:57.850    app     info:    [server-manager] Downloaded 4.74 GiB/4.85 GiB at 871.60 kiB/s
2025-11-10 15:25:58.915    app     info:    [server-manager] Downloaded 4.74 GiB/4.85 GiB at 677.86 kiB/s
2025-11-10 15:25:59.949    app     info:    [server-manager] Downloaded 4.74 GiB/4.85 GiB at 1.32 MiB/s
2025-11-10 15:26:00.978    app     info:    [server-manager] Downloaded 4.74 GiB/4.85 GiB at 857.77 kiB/s
2025-11-10 15:26:01.999    app     info:    [server-manager] Downloaded 4.74 GiB/4.85 GiB at 1.07 MiB/s
2025-11-10 15:26:02.769    app     info:    [scheduler] Starting scheduler foreground
2025-11-10 15:26:03.009    app     info:    [server-manager] Downloaded 4.74 GiB/4.85 GiB at 785.85 kiB/s
2025-11-10 15:26:03.513    app     info:    [scheduler] Stopped scheduler foreground
2025-11-10 15:26:04.042    app     info:    [server-manager] Downloaded 4.74 GiB/4.85 GiB at 1.25 MiB/s
2025-11-10 15:26:05.051    app     info:    [server-manager] Downloaded 4.74 GiB/4.85 GiB at 892.43 kiB/s
2025-11-10 15:26:06.115    app     info:    [server-manager] Downloaded 4.75 GiB/4.85 GiB at 790.87 kiB/s
2025-11-10 15:26:07.157    app     info:    [server-manager] Downloaded 4.75 GiB/4.85 GiB at 988.42 kiB/s
2025-11-10 15:26:08.207    app     info:    [server-manager] Downloaded 4.75 GiB/4.85 GiB at 1.28 MiB/s
2025-11-10 15:26:09.216    app     info:    [server-manager] Downloaded 4.75 GiB/4.85 GiB at 871.60 kiB/s
2025-11-10 15:26:10.246    app     info:    [server-manager] Downloaded 4.75 GiB/4.85 GiB at 939.33 kiB/s
2025-11-10 15:26:11.263    app     info:    [server-manager] Downloaded 4.75 GiB/4.85 GiB at 1.29 MiB/s
2025-11-10 15:26:12.294    app     info:    [server-manager] Downloaded 4.75 GiB/4.85 GiB at 1,016.82 kiB/s
2025-11-10 15:26:13.365    app     info:    [server-manager] Downloaded 4.75 GiB/4.85 GiB at 902.26 kiB/s
2025-11-10 15:26:14.392    app     info:    [server-manager] Downloaded 4.75 GiB/4.85 GiB at 825.40 kiB/s
2025-11-10 15:26:15.421    app     info:    [server-manager] Downloaded 4.75 GiB/4.85 GiB at 909.80 kiB/s
2025-11-10 15:26:16.449    app     info:    [server-manager] Downloaded 4.75 GiB/4.85 GiB at 1.22 MiB/s
2025-11-10 15:26:17.450    app     info:    [server-manager] Downloaded 4.76 GiB/4.85 GiB at 948.62 kiB/s
2025-11-10 15:26:18.486    app     info:    [server-manager] Downloaded 4.76 GiB/4.85 GiB at 932.36 kiB/s
2025-11-10 15:26:19.492    app     info:    [server-manager] Downloaded 4.76 GiB/4.85 GiB at 761.90 kiB/s
2025-11-10 15:26:20.561    app     info:    [server-manager] Downloaded 4.76 GiB/4.85 GiB at 907.37 kiB/s
2025-11-10 15:26:20.878    app     info:    [scheduler] Starting scheduler foreground
2025-11-10 15:26:20.887    app     info:    [customer-information] Getting character information for '31367691' on 'tranquility'
2025-11-10 15:26:20.888    app     info:    [virtual-goods] Getting Plex status for '31367691' on 'tranquility' (eve-online)
2025-11-10 15:26:21.074    app     info:    [esi] Fetching character details for 2123502320
2025-11-10 15:26:21.414    app     info:    [esi] Fetched 1 character details for 31367691
2025-11-10 15:26:21.605    app     info:    [server-manager] Downloaded 4.76 GiB/4.85 GiB at 810.92 kiB/s
2025-11-10 15:26:21.695    app     info:    [scheduler] Stopped scheduler foreground
2025-11-10 15:26:22.624    app     info:    [server-manager] Downloaded 4.76 GiB/4.85 GiB at 917.78 kiB/s
2025-11-10 15:26:23.645    app     info:    [server-manager] Downloaded 4.76 GiB/4.85 GiB at 1.43 MiB/s
2025-11-10 15:26:24.667    app     info:    [server-manager] Downloaded 4.76 GiB/4.85 GiB at 1.32 MiB/s
2025-11-10 15:26:25.679    app     info:    [server-manager] Downloaded 4.76 GiB/4.85 GiB at 1.30 MiB/s
2025-11-10 15:26:25.894    app    error:    [quasar-manager-helper] Failed to perform Quasar request RESPONSE REFUSED: eve_public.plex.vault.api.BalanceRequest received for 'tranquility-31367691-null' in 5002ms (0: )    c [EpgError]: RESPONSE REFUSED: eve_public.plex.vault.api.BalanceRequest received for 'tranquility-31367691-null' in 5002ms (0: )
    at P (C:\Users\dmytr\AppData\Local\eve-online\app-1.12.2\resources\app.asar\.webpack\main\index.js:8:1992734)
    at F.rejectMessage (C:\Users\dmytr\AppData\Local\eve-online\app-1.12.2\resources\app.asar\.webpack\main\index.js:8:2002913)
    at Timeout.<anonymous> (C:\Users\dmytr\AppData\Local\eve-online\app-1.12.2\resources\app.asar\.webpack\main\index.js:8:2005695)
    at listOnTimeout (node:internal/timers:588:17)
    at process.processTimers (node:internal/timers:523:7) {
  innerError: undefined,
  statusCode: 0,
  statusMessage: ''
}
2025-11-10 15:26:25.895    app     warn:    [virtual-goods] Can't fetch Plex status for '31367691' on 'tranquility' (eve-online), error: EpgError: RESPONSE REFUSED: eve_public.plex.vault.api.BalanceRequest received for 'tranquility-31367691-null' in 5002ms (0: )
2025-11-10 15:26:26.258    app    error:    [AuthenticationMiddleware] RESPONSE REFUSED: eve_public.plex.vault.api.BalanceRequest received for 'tranquility-31367691-null' in 5002ms (0: )    EpgError: RESPONSE REFUSED: eve_public.plex.vault.api.BalanceRequest received for 'tranquility-31367691-null' in 5002ms (0: )
    at P (C:\Users\dmytr\AppData\Local\eve-online\app-1.12.2\resources\app.asar\.webpack\main\index.js:8:1992734)
    at F.rejectMessage (C:\Users\dmytr\AppData\Local\eve-online\app-1.12.2\resources\app.asar\.webpack\main\index.js:8:2002913)
    at Timeout.<anonymous> (C:\Users\dmytr\AppData\Local\eve-online\app-1.12.2\resources\app.asar\.webpack\main\index.js:8:2005695)
    at listOnTimeout (node:internal/timers:588:17)
    at process.processTimers (node:internal/timers:523:7)
2025-11-10 15:26:26.699    app     info:    [server-manager] Downloaded 4.76 GiB/4.85 GiB at 649.90 kiB/s
2025-11-10 15:26:27.741    app     info:    [server-manager] Downloaded 4.76 GiB/4.85 GiB at 838.97 kiB/s
2025-11-10 15:26:28.775    app     info:    [server-manager] Downloaded 4.76 GiB/4.85 GiB at 988.29 kiB/s
2025-11-10 15:26:29.790    app     info:    [server-manager] Downloaded 4.77 GiB/4.85 GiB at 939.33 kiB/s
2025-11-10 15:26:30.794    app     info:    [server-manager] Downloaded 4.77 GiB/4.85 GiB at 1.02 MiB/s
2025-11-10 15:26:31.830    app     info:    [server-manager] Downloaded 4.77 GiB/4.85 GiB at 937.62 kiB/s
2025-11-10 15:26:32.887    app     info:    [server-manager] Downloaded 4.77 GiB/4.85 GiB at 962.41 kiB/s
2025-11-10 15:26:33.902    app     info:    [server-manager] Downloaded 4.77 GiB/4.85 GiB at 969.94 kiB/s
2025-11-10 15:26:34.032    app     info:    [scheduler] Starting scheduler foreground
2025-11-10 15:26:34.437    app     info:    [scheduler] Stopped scheduler foreground
2025-11-10 15:26:34.955    app     info:    [server-manager] Downloaded 4.77 GiB/4.85 GiB at 952.02 kiB/s
2025-11-10 15:26:35.976    app     info:    [server-manager] Downloaded 4.77 GiB/4.85 GiB at 892.89 kiB/s
2025-11-10 15:26:37.015    app     info:    [server-manager] Downloaded 4.77 GiB/4.85 GiB at 978.97 kiB/s
2025-11-10 15:26:38.048    app     info:    [server-manager] Downloaded 4.77 GiB/4.85 GiB at 803.09 kiB/s
2025-11-10 15:26:39.144    app     info:    [server-manager] Downloaded 4.77 GiB/4.85 GiB at 1.04 MiB/s
2025-11-10 15:26:40.144    app     info:    [server-manager] Downloaded 4.77 GiB/4.85 GiB at 159.36 kiB/s
2025-11-10 15:26:41.157    app     info:    [server-manager] Downloaded 4.78 GiB/4.85 GiB at 915.13 kiB/s
2025-11-10 15:26:42.177    app     info:    [server-manager] Downloaded 4.78 GiB/4.85 GiB at 876.46 kiB/s
2025-11-10 15:26:43.180    app     info:    [server-manager] Downloaded 4.78 GiB/4.85 GiB at 830.34 kiB/s
2025-11-10 15:26:44.204    app     info:    [server-manager] Downloaded 4.78 GiB/4.85 GiB at 919.54 kiB/s
2025-11-10 15:26:45.236    app     info:    [server-manager] Downloaded 4.78 GiB/4.85 GiB at 1.39 MiB/s
2025-11-10 15:26:46.241    app     info:    [server-manager] Downloaded 4.78 GiB/4.85 GiB at 407.84 kiB/s
2025-11-10 15:26:47.269    app     info:    [server-manager] Downloaded 4.78 GiB/4.85 GiB at 939.33 kiB/s
2025-11-10 15:26:48.324    app     info:    [server-manager] Downloaded 4.78 GiB/4.85 GiB at 833.01 kiB/s
2025-11-10 15:26:49.355    app     info:    [server-manager] Downloaded 4.78 GiB/4.85 GiB at 810.91 kiB/s
2025-11-10 15:26:50.391    app     info:    [server-manager] Downloaded 4.78 GiB/4.85 GiB at 1.25 MiB/s
2025-11-10 15:26:51.391    app     info:    [server-manager] Downloaded 4.78 GiB/4.85 GiB at 828.69 kiB/s
2025-11-10 15:26:51.466    app     info:    [scheduler] Starting scheduler foreground
2025-11-10 15:26:52.227    app     info:    [scheduler] Stopped scheduler foreground
2025-11-10 15:26:52.418    app     info:    [server-manager] Downloaded 4.78 GiB/4.85 GiB at 984.62 kiB/s
2025-11-10 15:26:53.435    app     info:    [server-manager] Downloaded 4.79 GiB/4.85 GiB at 989.29 kiB/s
2025-11-10 15:26:54.445    app     info:    [server-manager] Downloaded 4.79 GiB/4.85 GiB at 986.08 kiB/s
2025-11-10 15:26:55.475    app     info:    [server-manager] Downloaded 4.79 GiB/4.85 GiB at 686.16 kiB/s
2025-11-10 15:26:56.511    app     info:    [server-manager] Downloaded 4.79 GiB/4.85 GiB at 1.36 MiB/s
2025-11-10 15:26:57.512    app     info:    [server-manager] Downloaded 4.79 GiB/4.85 GiB at 1.20 MiB/s
2025-11-10 15:26:58.521    app     info:    [server-manager] Downloaded 4.79 GiB/4.85 GiB at 600.46 kiB/s
2025-11-10 15:26:59.551    app     info:    [server-manager] Downloaded 4.79 GiB/4.85 GiB at 885.10 kiB/s
2025-11-10 15:27:00.580    app     info:    [server-manager] Downloaded 4.79 GiB/4.85 GiB at 915.19 kiB/s
2025-11-10 15:27:01.616    app     info:    [server-manager] Downloaded 4.79 GiB/4.85 GiB at 850.39 kiB/s
2025-11-10 15:27:02.668    app     info:    [server-manager] Downloaded 4.79 GiB/4.85 GiB at 900.18 kiB/s
2025-11-10 15:27:03.687    app     info:    [server-manager] Downloaded 4.79 GiB/4.85 GiB at 845.78 kiB/s
2025-11-10 15:27:04.708    app     info:    [server-manager] Downloaded 4.80 GiB/4.85 GiB at 905.33 kiB/s
2025-11-10 15:27:05.728    app     info:    [server-manager] Downloaded 4.80 GiB/4.85 GiB at 798.46 kiB/s
2025-11-10 15:27:06.769    app     info:    [server-manager] Downloaded 4.80 GiB/4.85 GiB at 870.54 kiB/s
2025-11-10 15:27:07.040    app     info:    [scheduler] Starting scheduler foreground
2025-11-10 15:27:07.784    app     info:    [server-manager] Downloaded 4.80 GiB/4.85 GiB at 576.00 kiB/s
2025-11-10 15:27:08.128    app     info:    [scheduler] Stopped scheduler foreground
2025-11-10 15:27:08.824    app     info:    [server-manager] Downloaded 4.80 GiB/4.85 GiB at 614.20 kiB/s
2025-11-10 15:27:09.843    app     info:    [server-manager] Downloaded 4.80 GiB/4.85 GiB at 480.00 kiB/s
2025-11-10 15:27:10.866    app     info:    [server-manager] Downloaded 4.80 GiB/4.85 GiB at 847.06 kiB/s
2025-11-10 15:27:11.873    app     info:    [server-manager] Downloaded 4.80 GiB/4.85 GiB at 1.03 MiB/s
2025-11-10 15:27:12.920    app     info:    [server-manager] Downloaded 4.80 GiB/4.85 GiB at 744.19 kiB/s
2025-11-10 15:27:13.948    app     info:    [server-manager] Downloaded 4.80 GiB/4.85 GiB at 897.49 kiB/s
2025-11-10 15:27:14.993    app     info:    [server-manager] Downloaded 4.80 GiB/4.85 GiB at 939.45 kiB/s
2025-11-10 15:27:15.954    app     info:    [scheduler] Starting scheduler foreground
2025-11-10 15:27:16.011    app     info:    [server-manager] Downloaded 4.80 GiB/4.85 GiB at 871.60 kiB/s
2025-11-10 15:27:17.033    app     info:    [server-manager] Downloaded 4.81 GiB/4.85 GiB at 825.72 kiB/s
2025-11-10 15:27:18.050    app     info:    [server-manager] Downloaded 4.81 GiB/4.85 GiB at 887.13 kiB/s
2025-11-10 15:27:19.101    app     info:    [server-manager] Downloaded 4.81 GiB/4.85 GiB at 925.69 kiB/s
2025-11-10 15:27:20.138    app     info:    [server-manager] Downloaded 4.81 GiB/4.85 GiB at 998.05 kiB/s
2025-11-10 15:27:20.886    app     info:    [customer-information] Getting character information for '31367691' on 'tranquility'
2025-11-10 15:27:20.887    app     info:    [customer-information] Getting Omega status for '31367691' on 'tranquility' (eve-online)
2025-11-10 15:27:20.887    app     info:    [virtual-goods] Getting Plex status for '31367691' on 'tranquility' (eve-online)
2025-11-10 15:27:21.173    app     info:    [server-manager] Downloaded 4.81 GiB/4.85 GiB at 854.96 kiB/s
2025-11-10 15:27:22.199    app     info:    [server-manager] Downloaded 4.81 GiB/4.85 GiB at 868.22 kiB/s
2025-11-10 15:27:23.175    app     info:    [esi] Fetching character details for 2123502320
2025-11-10 15:27:23.228    app     info:    [server-manager] Downloaded 4.81 GiB/4.85 GiB at 843.75 kiB/s
2025-11-10 15:27:23.476    app     info:    [esi] Fetched 1 character details for 31367691
2025-11-10 15:27:23.694    app    error:    [authentication] Could not refresh token for '31320672' on 'tranquility' Tokens for '31320672' on 'tranquility' are invalid, refresh was skipped    h [InvalidTokenError]: Tokens for '31320672' on 'tranquility' are invalid, refresh was skipped
    at P (C:\Users\dmytr\AppData\Local\eve-online\app-1.12.2\resources\app.asar\.webpack\main\index.js:8:1888840)
    at C:\Users\dmytr\AppData\Local\eve-online\app-1.12.2\resources\app.asar\.webpack\main\index.js:8:2747349
    at C:\Users\dmytr\AppData\Local\eve-online\app-1.12.2\resources\app.asar\.webpack\main\index.js:8:2359677
    at C:\Users\dmytr\AppData\Local\eve-online\app-1.12.2\resources\app.asar\.webpack\main\index.js:8:2751090
2025-11-10 15:27:23.694    app    error:    [AuthenticationMiddleware] Could not update data on active user change Tokens for '31320672' on 'tranquility' are invalid, refresh was skipped    h [InvalidTokenError]: Tokens for '31320672' on 'tranquility' are invalid, refresh was skipped
    at P (C:\Users\dmytr\AppData\Local\eve-online\app-1.12.2\resources\app.asar\.webpack\main\index.js:8:1888840)
    at C:\Users\dmytr\AppData\Local\eve-online\app-1.12.2\resources\app.asar\.webpack\main\index.js:8:2747349
    at C:\Users\dmytr\AppData\Local\eve-online\app-1.12.2\resources\app.asar\.webpack\main\index.js:8:2359677
    at C:\Users\dmytr\AppData\Local\eve-online\app-1.12.2\resources\app.asar\.webpack\main\index.js:8:2751090
2025-11-10 15:27:24.243    app     info:    [server-manager] Downloaded 4.81 GiB/4.85 GiB at 862.28 kiB/s
2025-11-10 15:27:25.263    app     info:    [server-manager] Downloaded 4.81 GiB/4.85 GiB at 381.71 kiB/s
2025-11-10 15:27:25.450    app     info:    [authentication] Generated login URL with state 'YzJnO2z34SPt1CR78ehX7UAX6g8HZApiqNUzaSbHnzM' for 'tranquility' using clientID 'eveLauncherTQ'
2025-11-10 15:27:25.462    app     info:    [login-window-middleware] Context is changing from 'ctx-eve-online' to 'ctx-login'
2025-11-10 15:27:25.464    app     info:    [login-window] Creating login window using URI 'https://login.eveonline.com/account/logoff?lang=en&ReturnUrl=%2Fv2%2Foauth%2Fauthorize%3Fresponse_type%3Dcode%26client_id%3DeveLauncherTQ%26scope%3DeveClientLogin%2Bcisservice.customerRead.v1%2Bcisservice.customerWrite.v1%2Bcisservice.userProfileBasic.v1%2Bvgs.transactionRead.v1%2Bvgs.marketAccess.v1%26redirect_uri%3Dhttps%253A%252F%252Flogin.eveonline.com%252Flauncher%253Fclient_id%253DeveLauncherTQ%26state%3DYzJnO2z34SPt1CR78ehX7UAX6g8HZApiqNUzaSbHnzM%26code_challenge_method%3DS256%26code_challenge%3DJcvqHZ0A58jvfDDyF_PRj1RZi8hk3KGWD5mUh0itH_U'
2025-11-10 15:27:25.893    app    error:    [quasar-manager-helper] Failed to perform Quasar request RESPONSE REFUSED: eve_public.plex.vault.api.BalanceRequest received for 'tranquility-31367691-null' in 5002ms (0: )    c [EpgError]: RESPONSE REFUSED: eve_public.plex.vault.api.BalanceRequest received for 'tranquility-31367691-null' in 5002ms (0: )
    at P (C:\Users\dmytr\AppData\Local\eve-online\app-1.12.2\resources\app.asar\.webpack\main\index.js:8:1992734)
    at F.rejectMessage (C:\Users\dmytr\AppData\Local\eve-online\app-1.12.2\resources\app.asar\.webpack\main\index.js:8:2002913)
    at Timeout.<anonymous> (C:\Users\dmytr\AppData\Local\eve-online\app-1.12.2\resources\app.asar\.webpack\main\index.js:8:2005695)
    at listOnTimeout (node:internal/timers:588:17)
    at process.processTimers (node:internal/timers:523:7) {
  innerError: undefined,
  statusCode: 0,
  statusMessage: ''
}
2025-11-10 15:27:25.894    app     warn:    [virtual-goods] Can't fetch Plex status for '31367691' on 'tranquility' (eve-online), error: EpgError: RESPONSE REFUSED: eve_public.plex.vault.api.BalanceRequest received for 'tranquility-31367691-null' in 5002ms (0: )
2025-11-10 15:27:25.904    app    error:    [AuthenticationMiddleware] RESPONSE REFUSED: eve_public.plex.vault.api.BalanceRequest received for 'tranquility-31367691-null' in 5002ms (0: )    EpgError: RESPONSE REFUSED: eve_public.plex.vault.api.BalanceRequest received for 'tranquility-31367691-null' in 5002ms (0: )
    at P (C:\Users\dmytr\AppData\Local\eve-online\app-1.12.2\resources\app.asar\.webpack\main\index.js:8:1992734)
    at F.rejectMessage (C:\Users\dmytr\AppData\Local\eve-online\app-1.12.2\resources\app.asar\.webpack\main\index.js:8:2002913)
    at Timeout.<anonymous> (C:\Users\dmytr\AppData\Local\eve-online\app-1.12.2\resources\app.asar\.webpack\main\index.js:8:2005695)
    at listOnTimeout (node:internal/timers:588:17)
    at process.processTimers (node:internal/timers:523:7)
2025-11-10 15:27:26.283    app     info:    [server-manager] Downloaded 4.81 GiB/4.85 GiB at 1,003.92 kiB/s
2025-11-10 15:27:27.312    app     info:    [server-manager] Downloaded 4.81 GiB/4.85 GiB at 946.56 kiB/s
2025-11-10 15:27:28.346    app     info:    [server-manager] Downloaded 4.81 GiB/4.85 GiB at 496.12 kiB/s
2025-11-10 15:27:28.909    app     info:    [scheduler] Stopped scheduler foreground
2025-11-10 15:27:29.390    app     info:    [server-manager] Downloaded 4.82 GiB/4.85 GiB at 539.68 kiB/s
2025-11-10 15:27:30.412    app     info:    [server-manager] Downloaded 4.82 GiB/4.85 GiB at 853.75 kiB/s
2025-11-10 15:27:31.439    app     info:    [server-manager] Downloaded 4.82 GiB/4.85 GiB at 541.83 kiB/s
2025-11-10 15:27:32.494    app     info:    [server-manager] Downloaded 4.82 GiB/4.85 GiB at 808.99 kiB/s
2025-11-10 15:27:33.509    app     info:    [server-manager] Downloaded 4.82 GiB/4.85 GiB at 686.16 kiB/s
2025-11-10 15:27:34.518    app     info:    [server-manager] Downloaded 4.82 GiB/4.85 GiB at 880.16 kiB/s
2025-11-10 15:27:35.148    app     info:    [scheduler] Starting scheduler foreground
2025-11-10 15:27:35.550    app     info:    [server-manager] Downloaded 4.82 GiB/4.85 GiB at 856.60 kiB/s
2025-11-10 15:27:36.613    app     info:    [server-manager] Downloaded 4.82 GiB/4.85 GiB at 666.67 kiB/s
2025-11-10 15:27:37.638    app     info:    [server-manager] Downloaded 4.82 GiB/4.85 GiB at 892.43 kiB/s
2025-11-10 15:27:38.697    app     info:    [server-manager] Downloaded 4.82 GiB/4.85 GiB at 491.36 kiB/s
2025-11-10 15:27:39.770    app     info:    [server-manager] Downloaded 4.82 GiB/4.85 GiB at 559.22 kiB/s
2025-11-10 15:27:40.773    app     info:    [server-manager] Downloaded 4.82 GiB/4.85 GiB at 736.00 kiB/s
2025-11-10 15:27:41.808    app     info:    [server-manager] Downloaded 4.83 GiB/4.85 GiB at 733.35 kiB/s
2025-11-10 15:27:42.829    app     info:    [server-manager] Downloaded 4.83 GiB/4.85 GiB at 738.46 kiB/s
2025-11-10 15:27:43.904    app     info:    [server-manager] Downloaded 4.83 GiB/4.85 GiB at 723.16 kiB/s
2025-11-10 15:27:44.445    app     info:    [scheduler] Stopped scheduler foreground
2025-11-10 15:27:44.922    app     info:    [server-manager] Downloaded 4.83 GiB/4.85 GiB at 748.54 kiB/s
2025-11-10 15:27:45.949    app     info:    [server-manager] Downloaded 4.83 GiB/4.85 GiB at 644.91 kiB/s
2025-11-10 15:27:46.986    app     info:    [server-manager] Downloaded 4.83 GiB/4.85 GiB at 1.20 MiB/s
2025-11-10 15:27:48.009    app     info:    [server-manager] Downloaded 4.83 GiB/4.85 GiB at 1.17 MiB/s
2025-11-10 15:27:49.013    app     info:    [server-manager] Downloaded 4.83 GiB/4.85 GiB at 811.50 kiB/s
2025-11-10 15:27:50.035    app     info:    [server-manager] Downloaded 4.83 GiB/4.85 GiB at 784.31 kiB/s
2025-11-10 15:27:50.497    app     info:    [scheduler] Starting scheduler foreground
2025-11-10 15:27:50.928    app     info:    [scheduler] Stopped scheduler foreground
2025-11-10 15:27:51.103    app     info:    [server-manager] Downloaded 4.83 GiB/4.85 GiB at 890.26 kiB/s
2025-11-10 15:27:52.139    app     info:    [server-manager] Downloaded 4.83 GiB/4.85 GiB at 784.31 kiB/s
2025-11-10 15:27:53.204    app     info:    [server-manager] Downloaded 4.83 GiB/4.85 GiB at 930.23 kiB/s
2025-11-10 15:27:54.240    app     info:    [server-manager] Downloaded 4.83 GiB/4.85 GiB at 895.48 kiB/s
2025-11-10 15:27:55.293    app     info:    [server-manager] Downloaded 4.84 GiB/4.85 GiB at 804.64 kiB/s
2025-11-10 15:27:56.314    app     info:    [server-manager] Downloaded 4.84 GiB/4.85 GiB at 807.77 kiB/s
2025-11-10 15:27:57.337    app     info:    [server-manager] Downloaded 4.84 GiB/4.85 GiB at 720.16 kiB/s
2025-11-10 15:27:57.670    app     info:    [scheduler] Starting scheduler foreground
2025-11-10 15:27:57.922    app     info:    [scheduler] Stopped scheduler foreground
2025-11-10 15:27:58.369    app     info:    [server-manager] Downloaded 4.84 GiB/4.85 GiB at 761.90 kiB/s
2025-11-10 15:27:59.418    app     info:    [server-manager] Downloaded 4.84 GiB/4.85 GiB at 795.41 kiB/s
2025-11-10 15:28:00.437    app     info:    [server-manager] Downloaded 4.84 GiB/4.85 GiB at 666.67 kiB/s
2025-11-10 15:28:01.454    app     info:    [server-manager] Downloaded 4.84 GiB/4.85 GiB at 699.13 kiB/s
2025-11-10 15:28:02.502    app     info:    [server-manager] Downloaded 4.84 GiB/4.85 GiB at 814.39 kiB/s
2025-11-10 15:28:03.599    app     info:    [server-manager] Downloaded 4.84 GiB/4.85 GiB at 826.57 kiB/s
2025-11-10 15:28:04.657    app     info:    [server-manager] Downloaded 4.84 GiB/4.85 GiB at 628.88 kiB/s
2025-11-10 15:28:05.755    app     info:    [server-manager] Downloaded 4.84 GiB/4.85 GiB at 833.33 kiB/s
2025-11-10 15:28:06.776    app     info:    [server-manager] Downloaded 4.84 GiB/4.85 GiB at 741.31 kiB/s
2025-11-10 15:28:07.879    app     info:    [server-manager] Downloaded 4.84 GiB/4.85 GiB at 701.20 kiB/s
2025-11-10 15:28:08.909    app     info:    [server-manager] Downloaded 4.84 GiB/4.85 GiB at 319.36 kiB/s
2025-11-10 15:28:10.090    app     info:    [server-manager] Downloaded 4.85 GiB/4.85 GiB at 736.00 kiB/s
2025-11-10 15:28:11.123    app     info:    [server-manager] Downloaded 4.85 GiB/4.85 GiB at 824.43 kiB/s
2025-11-10 15:28:12.158    app     info:    [server-manager] Downloaded 4.85 GiB/4.85 GiB at 648.65 kiB/s
2025-11-10 15:28:13.201    app     info:    [server-manager] Downloaded 4.85 GiB/4.85 GiB at 761.90 kiB/s
2025-11-10 15:28:14.246    app     info:    [server-manager] Downloaded 4.85 GiB/4.85 GiB at 835.82 kiB/s
2025-11-10 15:28:15.317    app     info:    [server-manager] Downloaded 4.85 GiB/4.85 GiB at 659.50 kiB/s
2025-11-10 15:28:16.324    app     info:    [server-manager] Downloaded 4.85 GiB/4.85 GiB at 832.00 kiB/s
2025-11-10 15:28:17.369    app     info:    [server-manager] Downloaded 4.85 GiB/4.85 GiB at 680.85 kiB/s
2025-11-10 15:28:18.456    app     info:    [server-manager] Downloaded 4.85 GiB/4.85 GiB at 637.45 kiB/s
2025-11-10 15:28:19.490    app     info:    [server-manager] Downloaded 4.85 GiB/4.85 GiB at 482.11 kiB/s
2025-11-10 15:28:20.566    app     info:    [server-manager] Downloaded 4.85 GiB/4.85 GiB at 785.96 kiB/s
2025-11-10 15:28:21.575    app     info:    [server-manager] Downloaded 4.85 GiB/4.85 GiB at 512.00 kiB/s
2025-11-10 15:28:22.580    app     info:    [server-manager] Downloaded 4.85 GiB/4.85 GiB at 1.14 MiB/s
2025-11-10 15:28:23.179    app     info:    [download-from-manifest] Downloaded 498 files (4,85 GiB) in 1 hours, 47 minutes, 16.940 seconds
2025-11-10 15:28:23.179    app     info:    [download-from-manifest] Average download speed: 790,78 kiB/s
2025-11-10 15:28:23.180    app     info:    [server-manager] Unpacking prefetch chunks
2025-11-10 15:28:23.612    app     info:    [server-manager] Unpacking files, this may take a while. Extracting file 17/51623
2025-11-10 15:28:24.714    app     info:    [server-manager] Unpacking files, this may take a while. Extracting file 33/51623
2025-11-10 15:28:25.813    app     info:    [server-manager] Unpacking files, this may take a while. Extracting file 50/51623
2025-11-10 15:28:26.827    app     info:    [server-manager] Unpacking files, this may take a while. Extracting file 67/51623
2025-11-10 15:28:27.871    app     info:    [server-manager] Unpacking files, this may take a while. Extracting file 86/51623
2025-11-10 15:28:28.926    app     info:    [server-manager] Unpacking files, this may take a while. Extracting file 103/51623
2025-11-10 15:28:29.935    app     info:    [server-manager] Unpacking files, this may take a while. Extracting file 124/51623
2025-11-10 15:28:30.970    app     info:    [server-manager] Unpacking files, this may take a while. Extracting file 136/51623
2025-11-10 15:28:32.024    app     info:    [server-manager] Unpacking files, this may take a while. Extracting file 147/51623
2025-11-10 15:28:33.189    app     info:    [server-manager] Unpacking files, this may take a while. Extracting file 162/51623
2025-11-10 15:28:34.262    app     info:    [server-manager] Unpacking files, this may take a while. Extracting file 177/51623
2025-11-10 15:28:35.452    app     info:    [server-manager] Unpacking files, this may take a while. Extracting file 193/51623
2025-11-10 15:28:36.480    app     info:    [server-manager] Unpacking files, this may take a while. Extracting file 214/51623
2025-11-10 15:28:37.565    app     info:    [server-manager] Unpacking files, this may take a while. Extracting file 235/51623
2025-11-10 15:28:37.853    app     info:    [scheduler] Starting scheduler foreground
2025-11-10 15:28:37.861    app    error:    [authentication] Could not refresh token for '31320672' on 'tranquility' Tokens for '31320672' on 'tranquility' are invalid, refresh was skipped    h [InvalidTokenError]: Tokens for '31320672' on 'tranquility' are invalid, refresh was skipped
    at P (C:\Users\dmytr\AppData\Local\eve-online\app-1.12.2\resources\app.asar\.webpack\main\index.js:8:1888840)
    at C:\Users\dmytr\AppData\Local\eve-online\app-1.12.2\resources\app.asar\.webpack\main\index.js:8:2747349
    at C:\Users\dmytr\AppData\Local\eve-online\app-1.12.2\resources\app.asar\.webpack\main\index.js:8:2359677
    at C:\Users\dmytr\AppData\Local\eve-online\app-1.12.2\resources\app.asar\.webpack\main\index.js:8:2751090
    at process.processTicksAndRejections (node:internal/process/task_queues:105:5)
2025-11-10 15:28:37.862    app    error:    [AuthenticationMiddleware] Could not update data on active user change Tokens for '31320672' on 'tranquility' are invalid, refresh was skipped    h [InvalidTokenError]: Tokens for '31320672' on 'tranquility' are invalid, refresh was skipped
    at P (C:\Users\dmytr\AppData\Local\eve-online\app-1.12.2\resources\app.asar\.webpack\main\index.js:8:1888840)
    at C:\Users\dmytr\AppData\Local\eve-online\app-1.12.2\resources\app.asar\.webpack\main\index.js:8:2747349
    at C:\Users\dmytr\AppData\Local\eve-online\app-1.12.2\resources\app.asar\.webpack\main\index.js:8:2359677
    at C:\Users\dmytr\AppData\Local\eve-online\app-1.12.2\resources\app.asar\.webpack\main\index.js:8:2751090
    at process.processTicksAndRejections (node:internal/process/task_queues:105:5)
2025-11-10 15:28:38.639    app     info:    [server-manager] Unpacking files, this may take a while. Extracting file 267/51623
2025-11-10 15:28:39.705    app     info:    [server-manager] Unpacking files, this may take a while. Extracting file 299/51623
2025-11-10 15:28:40.739    app     info:    [server-manager] Unpacking files, this may take a while. Extracting file 322/51623
2025-11-10 15:28:41.243    app     info:    [scheduler] Stopped scheduler foreground
2025-11-10 15:28:41.796    app     info:    [server-manager] Unpacking files, this may take a while. Extracting file 336/51623
2025-11-10 15:28:42.825    app     info:    [server-manager] Unpacking files, this may take a while. Extracting file 349/51623
2025-11-10 15:28:43.839    app     info:    [server-manager] Unpacking files, this may take a while. Extracting file 365/51623
2025-11-10 15:28:44.885    app     info:    [server-manager] Unpacking files, this may take a while. Extracting file 381/51623
2025-11-10 15:28:45.915    app     info:    [server-manager] Unpacking files, this may take a while. Extracting file 390/51623
2025-11-10 15:28:46.991    app     info:    [server-manager] Unpacking files, this may take a while. Extracting file 404/51623
2025-11-10 15:28:48.059    app     info:    [server-manager] Unpacking files, this may take a while. Extracting file 414/51623
2025-11-10 15:28:49.136    app     info:    [server-manager] Unpacking files, this may take a while. Extracting file 426/51623
2025-11-10 15:28:50.097    app     info:    [server-manager] Unpacking files, this may take a while. Extracting file 446/51623
2025-11-10 15:28:51.188    app     info:    [server-manager] Unpacking files, this may take a while. Extracting file 463/51623
2025-11-10 15:28:52.207    app     info:    [server-manager] Unpacking files, this may take a while. Extracting file 477/51623
2025-11-10 15:28:53.293    app     info:    [server-manager] Unpacking files, this may take a while. Extracting file 494/51623
2025-11-10 15:28:54.340    app     info:    [server-manager] Unpacking files, this may take a while. Extracting file 517/51623
2025-11-10 15:28:55.413    app     info:    [server-manager] Unpacking files, this may take a while. Extracting file 538/51623
2025-11-10 15:28:56.420    app     info:    [server-manager] Unpacking files, this may take a while. Extracting file 557/51623
2025-11-10 15:28:57.468    app     info:    [server-manager] Unpacking files, this may take a while. Extracting file 578/51623
2025-11-10 15:28:58.508    app     info:    [server-manager] Unpacking files, this may take a while. Extracting file 599/51623
2025-11-10 15:28:59.546    app     info:    [server-manager] Unpacking files, this may take a while. Extracting file 638/51623
2025-11-10 15:29:00.585    app     info:    [server-manager] Unpacking files, this may take a while. Extracting file 654/51623
2025-11-10 15:29:01.602    app     info:    [server-manager] Unpacking files, this may take a while. Extracting file 670/51623
2025-11-10 15:29:02.634    app     info:    [server-manager] Unpacking files, this may take a while. Extracting file 686/51623
2025-11-10 15:29:03.659    app     info:    [server-manager] Unpacking files, this may take a while. Extracting file 698/51623
2025-11-10 15:29:04.711    app     info:    [server-manager] Unpacking files, this may take a while. Extracting file 714/51623
2025-11-10 15:29:05.734    app     info:    [server-manager] Unpacking files, this may take a while. Extracting file 730/51623
2025-11-10 15:29:06.800    app     info:    [server-manager] Unpacking files, this may take a while. Extracting file 746/51623
2025-11-10 15:29:07.899    app     info:    [server-manager] Unpacking files, this may take a while. Extracting file 761/51623
2025-11-10 15:29:09.000    app     info:    [server-manager] Unpacking files, this may take a while. Extracting file 775/51623
2025-11-10 15:29:10.058    app     info:    [server-manager] Unpacking files, this may take a while. Extracting file 794/51623
2025-11-10 15:29:11.085    app     info:    [server-manager] Unpacking files, this may take a while. Extracting file 805/51623
2025-11-10 15:29:12.130    app     info:    [server-manager] Unpacking files, this may take a while. Extracting file 822/51623
2025-11-10 15:29:13.226    app     info:    [server-manager] Unpacking files, this may take a while. Extracting file 833/51623
2025-11-10 15:29:14.291    app     info:    [server-manager] Unpacking files, this may take a while. Extracting file 855/51623
2025-11-10 15:29:15.296    app     info:    [server-manager] Unpacking files, this may take a while. Extracting file 917/51623
2025-11-10 15:29:16.300    app     info:    [server-manager] Unpacking files, this may take a while. Extracting file 1044/51623
2025-11-10 15:29:17.335    app     info:    [server-manager] Unpacking files, this may take a while. Extracting file 1239/51623
2025-11-10 15:29:18.350    app     info:    [server-manager] Unpacking files, this may take a while. Extracting file 1522/51623
2025-11-10 15:29:19.353    app     info:    [server-manager] Unpacking files, this may take a while. Extracting file 1779/51623
2025-11-10 15:29:20.355    app     info:    [server-manager] Unpacking files, this may take a while. Extracting file 1882/51623
2025-11-10 15:29:21.084    app     info:    [scheduler] Starting scheduler foreground
2025-11-10 15:29:21.368    app     info:    [server-manager] Unpacking files, this may take a while. Extracting file 1943/51623
2025-11-10 15:29:22.028    app     info:    [scheduler] Stopped scheduler foreground
2025-11-10 15:29:22.370    app     info:    [server-manager] Unpacking files, this may take a while. Extracting file 2274/51623
2025-11-10 15:29:23.372    app     info:    [server-manager] Unpacking files, this may take a while. Extracting file 2637/51623
2025-11-10 15:29:24.376    app     info:    [server-manager] Unpacking files, this may take a while. Extracting file 3056/51623
2025-11-10 15:29:25.376    app     info:    [server-manager] Unpacking files, this may take a while. Extracting file 3441/51623
2025-11-10 15:29:26.096    app     info:    [self-update] Checking for application updates.
2025-11-10 15:29:26.377    app     info:    [server-manager] Unpacking files, this may take a while. Extracting file 3787/51623
2025-11-10 15:29:27.326    app     info:    [self-update] No application updates were found.
2025-11-10 15:29:27.379    app     info:    [server-manager] Unpacking files, this may take a while. Extracting file 4047/51623
2025-11-10 15:29:28.384    app     info:    [server-manager] Unpacking files, this may take a while. Extracting file 4226/51623
2025-11-10 15:29:29.386    app     info:    [server-manager] Unpacking files, this may take a while. Extracting file 4609/51623
2025-11-10 15:29:30.386    app     info:    [server-manager] Unpacking files, this may take a while. Extracting file 4986/51623
2025-11-10 15:29:31.390    app     info:    [server-manager] Unpacking files, this may take a while. Extracting file 5330/51623
2025-11-10 15:29:32.393    app     info:    [server-manager] Unpacking files, this may take a while. Extracting file 5647/51623
2025-11-10 15:29:33.394    app     info:    [server-manager] Unpacking files, this may take a while. Extracting file 5942/51623
2025-11-10 15:29:34.398    app     info:    [server-manager] Unpacking files, this may take a while. Extracting file 6242/51623
2025-11-10 15:29:35.404    app     info:    [server-manager] Unpacking files, this may take a while. Extracting file 6533/51623
2025-11-10 15:29:36.411    app     info:    [server-manager] Unpacking files, this may take a while. Extracting file 6797/51623
2025-11-10 15:29:37.415    app     info:    [server-manager] Unpacking files, this may take a while. Extracting file 7102/51623
2025-11-10 15:29:38.417    app     info:    [server-manager] Unpacking files, this may take a while. Extracting file 7436/51623
2025-11-10 15:29:39.422    app     info:    [server-manager] Unpacking files, this may take a while. Extracting file 7733/51623
2025-11-10 15:29:40.424    app     info:    [server-manager] Unpacking files, this may take a while. Extracting file 7983/51623
2025-11-10 15:29:41.432    app     info:    [server-manager] Unpacking files, this may take a while. Extracting file 8217/51623
2025-11-10 15:29:42.438    app     info:    [server-manager] Unpacking files, this may take a while. Extracting file 8504/51623
2025-11-10 15:29:43.447    app     info:    [server-manager] Unpacking files, this may take a while. Extracting file 8741/51623
2025-11-10 15:29:44.454    app     info:    [server-manager] Unpacking files, this may take a while. Extracting file 8998/51623
2025-11-10 15:29:45.456    app     info:    [server-manager] Unpacking files, this may take a while. Extracting file 9327/51623
2025-11-10 15:29:46.459    app     info:    [server-manager] Unpacking files, this may take a while. Extracting file 9607/51623
2025-11-10 15:29:47.464    app     info:    [server-manager] Unpacking files, this may take a while. Extracting file 9858/51623
2025-11-10 15:29:48.469    app     info:    [server-manager] Unpacking files, this may take a while. Extracting file 10121/51623
2025-11-10 15:29:49.472    app     info:    [server-manager] Unpacking files, this may take a while. Extracting file 10401/51623
2025-11-10 15:29:50.488    app     info:    [server-manager] Unpacking files, this may take a while. Extracting file 10648/51623
2025-11-10 15:29:51.496    app     info:    [server-manager] Unpacking files, this may take a while. Extracting file 10920/51623
2025-11-10 15:29:52.507    app     info:    [server-manager] Unpacking files, this may take a while. Extracting file 11199/51623
2025-11-10 15:29:53.510    app     info:    [server-manager] Unpacking files, this may take a while. Extracting file 11451/51623
2025-11-10 15:29:54.519    app     info:    [server-manager] Unpacking files, this may take a while. Extracting file 11699/51623
2025-11-10 15:29:55.074    app     info:    [scheduler] Starting scheduler foreground
2025-11-10 15:29:55.078    app    error:    [authentication] Could not refresh token for '31320672' on 'tranquility' Tokens for '31320672' on 'tranquility' are invalid, refresh was skipped    h [InvalidTokenError]: Tokens for '31320672' on 'tranquility' are invalid, refresh was skipped
    at P (C:\Users\dmytr\AppData\Local\eve-online\app-1.12.2\resources\app.asar\.webpack\main\index.js:8:1888840)
    at C:\Users\dmytr\AppData\Local\eve-online\app-1.12.2\resources\app.asar\.webpack\main\index.js:8:2747349
    at C:\Users\dmytr\AppData\Local\eve-online\app-1.12.2\resources\app.asar\.webpack\main\index.js:8:2359677
    at C:\Users\dmytr\AppData\Local\eve-online\app-1.12.2\resources\app.asar\.webpack\main\index.js:8:2751090
    at process.processTicksAndRejections (node:internal/process/task_queues:105:5)
2025-11-10 15:29:55.079    app    error:    [AuthenticationMiddleware] Could not update data on active user change Tokens for '31320672' on 'tranquility' are invalid, refresh was skipped    h [InvalidTokenError]: Tokens for '31320672' on 'tranquility' are invalid, refresh was skipped
    at P (C:\Users\dmytr\AppData\Local\eve-online\app-1.12.2\resources\app.asar\.webpack\main\index.js:8:1888840)
    at C:\Users\dmytr\AppData\Local\eve-online\app-1.12.2\resources\app.asar\.webpack\main\index.js:8:2747349
    at C:\Users\dmytr\AppData\Local\eve-online\app-1.12.2\resources\app.asar\.webpack\main\index.js:8:2359677
    at C:\Users\dmytr\AppData\Local\eve-online\app-1.12.2\resources\app.asar\.webpack\main\index.js:8:2751090
    at process.processTicksAndRejections (node:internal/process/task_queues:105:5)
2025-11-10 15:29:55.520    app     info:    [server-manager] Unpacking files, this may take a while. Extracting file 11968/51623
2025-11-10 15:29:56.588    app     info:    [server-manager] Unpacking files, this may take a while. Extracting file 12270/51623
2025-11-10 15:29:57.590    app     info:    [server-manager] Unpacking files, this may take a while. Extracting file 12667/51623
2025-11-10 15:29:58.398    app     info:    [login-window] Navigation to login completed, receiving code & state (YzJnO2z34SPt1CR78ehX7UAX6g8HZApiqNUzaSbHnzM)
2025-11-10 15:29:58.592    app     info:    [server-manager] Unpacking files, this may take a while. Extracting file 13031/51623
2025-11-10 15:29:58.644    app     info:    [quasar-elg-events] Queueing event    eve_launcher.electron.authentication.UserTokensReceived
2025-11-10 15:29:58.693    app     info:    [quasar-elg-events] Event sent    type.evetech.net/eve_launcher.electron.authentication.UserTokensReceived
2025-11-10 15:29:58.695    app     info:    [quasar-elg-events] Queueing event    eve_launcher.electron.authentication.UserAuthenticated
2025-11-10 15:29:58.703    app     info:    [quasar-elg-events] Event sent    type.evetech.net/eve_launcher.electron.authentication.UserAuthenticated
2025-11-10 15:29:58.716    app     info:    [quasar-elg-events] Queueing event    eve_launcher.electron.authentication.LoginWindowClosed
2025-11-10 15:29:58.716    app     info:    [login-window] Login window with state 'YzJnO2z34SPt1CR78ehX7UAX6g8HZApiqNUzaSbHnzM' has been closed
2025-11-10 15:29:58.720    app     info:    [quasar-elg-events] Event sent    type.evetech.net/eve_launcher.electron.authentication.LoginWindowClosed
2025-11-10 15:29:59.594    app     info:    [server-manager] Unpacking files, this may take a while. Extracting file 13306/51623
2025-11-10 15:30:00.596    app     info:    [server-manager] Unpacking files, this may take a while. Extracting file 13555/51623
2025-11-10 15:30:01.606    app     info:    [server-manager] Unpacking files, this may take a while. Extracting file 13612/51623
2025-11-10 15:30:02.647    app     info:    [server-manager] Unpacking files, this may take a while. Extracting file 13674/51623
2025-11-10 15:30:03.664    app     info:    [server-manager] Unpacking files, this may take a while. Extracting file 13736/51623
2025-11-10 15:30:04.679    app     info:    [server-manager] Unpacking files, this may take a while. Extracting file 13819/51623
2025-11-10 15:30:05.688    app     info:    [server-manager] Unpacking files, this may take a while. Extracting file 13877/51623
2025-11-10 15:30:06.749    app     info:    [server-manager] Unpacking files, this may take a while. Extracting file 13943/51623
2025-11-10 15:30:06.876    app     info:    [scheduler] Stopped scheduler foreground
2025-11-10 15:30:07.755    app     info:    [server-manager] Unpacking files, this may take a while. Extracting file 13961/51623
2025-11-10 15:30:08.792    app     info:    [server-manager] Unpacking files, this may take a while. Extracting file 13993/51623
2025-11-10 15:30:09.855    app     info:    [server-manager] Unpacking files, this may take a while. Extracting file 14034/51623
2025-11-10 15:30:10.890    app     info:    [server-manager] Unpacking files, this may take a while. Extracting file 14104/51623
2025-11-10 15:30:11.902    app     info:    [server-manager] Unpacking files, this may take a while. Extracting file 14158/51623
2025-11-10 15:30:12.958    app     info:    [server-manager] Unpacking files, this may take a while. Extracting file 14240/51623
2025-11-10 15:30:13.979    app     info:    [server-manager] Unpacking files, this may take a while. Extracting file 14304/51623
2025-11-10 15:30:15.032    app     info:    [server-manager] Unpacking files, this may take a while. Extracting file 14352/51623
2025-11-10 15:30:16.061    app     info:    [server-manager] Unpacking files, this may take a while. Extracting file 14398/51623
2025-11-10 15:30:17.089    app     info:    [server-manager] Unpacking files, this may take a while. Extracting file 14452/51623
2025-11-10 15:30:18.100    app     info:    [server-manager] Unpacking files, this may take a while. Extracting file 14515/51623
2025-11-10 15:30:19.107    app     info:    [server-manager] Unpacking files, this may take a while. Extracting file 14557/51623
2025-11-10 15:30:20.203    app     info:    [server-manager] Unpacking files, this may take a while. Extracting file 14573/51623
2025-11-10 15:30:21.245    app     info:    [server-manager] Unpacking files, this may take a while. Extracting file 14577/51623
2025-11-10 15:30:22.322    app     info:    [server-manager] Unpacking files, this may take a while. Extracting file 14579/51623
2025-11-10 15:30:25.639    app     info:    [server-manager] Unpacking files, this may take a while. Extracting file 14579/51623
2025-11-10 15:30:26.639    app     info:    [server-manager] Unpacking files, this may take a while. Extracting file 14582/51623
2025-11-10 15:30:27.868    app     info:    [server-manager] Unpacking files, this may take a while. Extracting file 14584/51623
2025-11-10 15:30:28.870    app     info:    [server-manager] Unpacking files, this may take a while. Extracting file 14590/51623
2025-11-10 15:30:30.697    app     info:    [server-manager] Unpacking files, this may take a while. Extracting file 14590/51623
2025-11-10 15:30:31.134    app     info:    [server-manager] Unpacking files, this may take a while. Extracting file 14590/51623
2025-11-10 15:30:38.696    app     info:    [server-manager] Unpacking files, this may take a while. Extracting file 14591/51623
2025-11-10 15:30:39.694    app     info:    [server-manager] Unpacking files, this may take a while. Extracting file 14796/51623
2025-11-10 15:30:40.698    app     info:    [server-manager] Unpacking files, this may take a while. Extracting file 15068/51623
2025-11-10 15:30:41.722    app     info:    [server-manager] Unpacking files, this may take a while. Extracting file 15112/51623
2025-11-10 15:30:42.779    app     info:    [server-manager] Unpacking files, this may take a while. Extracting file 15394/51623
2025-11-10 15:30:43.782    app     info:    [server-manager] Unpacking files, this may take a while. Extracting file 15440/51623
2025-11-10 15:30:44.847    app     info:    [server-manager] Unpacking files, this may take a while. Extracting file 15470/51623
2025-11-10 15:30:45.865    app     info:    [server-manager] Unpacking files, this may take a while. Extracting file 15514/51623
2025-11-10 15:30:46.922    app     info:    [server-manager] Unpacking files, this may take a while. Extracting file 15786/51623
2025-11-10 15:30:47.955    app     info:    [server-manager] Unpacking files, this may take a while. Extracting file 15848/51623
2025-11-10 15:30:48.959    app     info:    [server-manager] Unpacking files, this may take a while. Extracting file 15934/51623
2025-11-10 15:30:49.984    app     info:    [server-manager] Unpacking files, this may take a while. Extracting file 16136/51623
2025-11-10 15:30:50.995    app     info:    [server-manager] Unpacking files, this may take a while. Extracting file 16215/51623
2025-11-10 15:30:52.193    app     info:    [server-manager] Unpacking files, this may take a while. Extracting file 16327/51623
2025-11-10 15:30:53.203    app     info:    [server-manager] Unpacking files, this may take a while. Extracting file 16370/51623
2025-11-10 15:30:54.315    app     info:    [server-manager] Unpacking files, this may take a while. Extracting file 16629/51623
2025-11-10 15:30:55.362    app     info:    [server-manager] Unpacking files, this may take a while. Extracting file 16906/51623
2025-11-10 15:30:56.365    app     info:    [server-manager] Unpacking files, this may take a while. Extracting file 17076/51623
2025-11-10 15:30:57.416    app     info:    [server-manager] Unpacking files, this may take a while. Extracting file 17219/51623
2025-11-10 15:30:58.420    app     info:    [server-manager] Unpacking files, this may take a while. Extracting file 17380/51623
2025-11-10 15:30:59.492    app     info:    [server-manager] Unpacking files, this may take a while. Extracting file 17546/51623
2025-11-10 15:31:00.620    app     info:    [server-manager] Unpacking files, this may take a while. Extracting file 17660/51623
2025-11-10 15:31:01.626    app     info:    [server-manager] Unpacking files, this may take a while. Extracting file 17770/51623
2025-11-10 15:31:02.872    app     info:    [server-manager] Unpacking files, this may take a while. Extracting file 17829/51623
2025-11-10 15:31:03.877    app     info:    [server-manager] Unpacking files, this may take a while. Extracting file 17847/51623
2025-11-10 15:31:04.893    app     info:    [server-manager] Unpacking files, this may take a while. Extracting file 17985/51623
2025-11-10 15:31:05.976    app     info:    [server-manager] Unpacking files, this may take a while. Extracting file 18173/51623
2025-11-10 15:31:07.088    app     info:    [server-manager] Unpacking files, this may take a while. Extracting file 18555/51623
2025-11-10 15:31:08.090    app     info:    [server-manager] Unpacking files, this may take a while. Extracting file 18954/51623
2025-11-10 15:31:09.098    app     info:    [server-manager] Unpacking files, this may take a while. Extracting file 19243/51623
2025-11-10 15:31:10.101    app     info:    [server-manager] Unpacking files, this may take a while. Extracting file 19557/51623
2025-11-10 15:31:11.104    app     info:    [server-manager] Unpacking files, this may take a while. Extracting file 19856/51623
2025-11-10 15:31:12.141    app     info:    [server-manager] Unpacking files, this may take a while. Extracting file 20019/51623
2025-11-10 15:31:13.145    app     info:    [server-manager] Unpacking files, this may take a while. Extracting file 20220/51623
2025-11-10 15:31:14.335    app     info:    [server-manager] Unpacking files, this may take a while. Extracting file 20499/51623
2025-11-10 15:31:15.364    app     info:    [server-manager] Unpacking files, this may take a while. Extracting file 20715/51623
2025-11-10 15:31:16.377    app     info:    [server-manager] Unpacking files, this may take a while. Extracting file 21042/51623
2025-11-10 15:31:17.415    app     info:    [server-manager] Unpacking files, this may take a while. Extracting file 21389/51623
2025-11-10 15:31:18.425    app     info:    [server-manager] Unpacking files, this may take a while. Extracting file 21591/51623
2025-11-10 15:31:19.620    app     info:    [server-manager] Unpacking files, this may take a while. Extracting file 21789/51623
2025-11-10 15:31:20.632    app     info:    [server-manager] Unpacking files, this may take a while. Extracting file 21942/51623
2025-11-10 15:31:21.644    app     info:    [server-manager] Unpacking files, this may take a while. Extracting file 22212/51623
2025-11-10 15:31:22.647    app     info:    [server-manager] Unpacking files, this may take a while. Extracting file 22523/51623
2025-11-10 15:31:23.652    app     info:    [server-manager] Unpacking files, this may take a while. Extracting file 22811/51623
2025-11-10 15:31:24.659    app     info:    [server-manager] Unpacking files, this may take a while. Extracting file 23063/51623
2025-11-10 15:31:25.663    app     info:    [server-manager] Unpacking files, this may take a while. Extracting file 23324/51623
2025-11-10 15:31:26.665    app     info:    [server-manager] Unpacking files, this may take a while. Extracting file 23694/51623
2025-11-10 15:31:27.670    app     info:    [server-manager] Unpacking files, this may take a while. Extracting file 23897/51623
2025-11-10 15:31:28.672    app     info:    [server-manager] Unpacking files, this may take a while. Extracting file 24180/51623
2025-11-10 15:31:29.675    app     info:    [server-manager] Unpacking files, this may take a while. Extracting file 24452/51623
2025-11-10 15:31:30.741    app     info:    [server-manager] Unpacking files, this may take a while. Extracting file 24489/51623
2025-11-10 15:31:32.658    app     info:    [server-manager] Unpacking files, this may take a while. Extracting file 24489/51623
2025-11-10 15:31:33.670    app     info:    [server-manager] Unpacking files, this may take a while. Extracting file 24500/51623
2025-11-10 15:31:34.815    app     info:    [server-manager] Unpacking files, this may take a while. Extracting file 24500/51623
2025-11-10 15:31:35.849    app     info:    [server-manager] Unpacking files, this may take a while. Extracting file 24549/51623
2025-11-10 15:31:36.852    app     info:    [server-manager] Unpacking files, this may take a while. Extracting file 24615/51623
2025-11-10 15:31:37.875    app     info:    [server-manager] Unpacking files, this may take a while. Extracting file 24678/51623
2025-11-10 15:31:38.957    app     info:    [server-manager] Unpacking files, this may take a while. Extracting file 24783/51623
2025-11-10 15:31:39.957    app     info:    [server-manager] Unpacking files, this may take a while. Extracting file 24850/51623
2025-11-10 15:31:40.990    app     info:    [server-manager] Unpacking files, this may take a while. Extracting file 24898/51623
2025-11-10 15:31:41.990    app     info:    [server-manager] Unpacking files, this may take a while. Extracting file 24982/51623
2025-11-10 15:31:43.119    app     info:    [server-manager] Unpacking files, this may take a while. Extracting file 25125/51623
2025-11-10 15:31:44.175    app     info:    [server-manager] Unpacking files, this may take a while. Extracting file 25223/51623
2025-11-10 15:31:45.180    app     info:    [server-manager] Unpacking files, this may take a while. Extracting file 25377/51623
2025-11-10 15:31:46.226    app     info:    [server-manager] Unpacking files, this may take a while. Extracting file 25494/51623
2025-11-10 15:31:47.245    app     info:    [server-manager] Unpacking files, this may take a while. Extracting file 25610/51623
2025-11-10 15:31:48.283    app     info:    [server-manager] Unpacking files, this may take a while. Extracting file 25734/51623
2025-11-10 15:31:49.299    app     info:    [server-manager] Unpacking files, this may take a while. Extracting file 25753/51623
2025-11-10 15:31:50.302    app     info:    [server-manager] Unpacking files, this may take a while. Extracting file 25759/51623
2025-11-10 15:31:51.308    app     info:    [server-manager] Unpacking files, this may take a while. Extracting file 25763/51623
2025-11-10 15:31:52.128    app     info:    [server-manager] Unpacking files, this may take a while. Extracting file 25763/51623
2025-11-10 15:31:53.128    app     info:    [server-manager] Unpacking files, this may take a while. Extracting file 25884/51623
2025-11-10 15:31:54.135    app     info:    [server-manager] Unpacking files, this may take a while. Extracting file 26107/51623
2025-11-10 15:31:55.151    app     info:    [server-manager] Unpacking files, this may take a while. Extracting file 26415/51623
2025-11-10 15:31:56.162    app     info:    [server-manager] Unpacking files, this may take a while. Extracting file 26766/51623
2025-11-10 15:31:57.165    app     info:    [server-manager] Unpacking files, this may take a while. Extracting file 27140/51623
2025-11-10 15:31:58.170    app     info:    [server-manager] Unpacking files, this may take a while. Extracting file 27563/51623
2025-11-10 15:31:59.173    app     info:    [server-manager] Unpacking files, this may take a while. Extracting file 27710/51623
2025-11-10 15:32:00.531    app     info:    [server-manager] Unpacking files, this may take a while. Extracting file 27712/51623
2025-11-10 15:32:01.557    app     info:    [server-manager] Unpacking files, this may take a while. Extracting file 27732/51623
2025-11-10 15:32:02.561    app     info:    [server-manager] Unpacking files, this may take a while. Extracting file 27767/51623
2025-11-10 15:32:03.617    app     info:    [server-manager] Unpacking files, this may take a while. Extracting file 27784/51623
2025-11-10 15:32:04.712    app     info:    [server-manager] Unpacking files, this may take a while. Extracting file 27806/51623
2025-11-10 15:32:05.791    app     info:    [server-manager] Unpacking files, this may take a while. Extracting file 27825/51623
2025-11-10 15:32:06.826    app     info:    [server-manager] Unpacking files, this may take a while. Extracting file 27863/51623
2025-11-10 15:32:07.853    app     info:    [server-manager] Unpacking files, this may take a while. Extracting file 27887/51623
2025-11-10 15:32:08.885    app     info:    [server-manager] Unpacking files, this may take a while. Extracting file 28018/51623
2025-11-10 15:32:09.902    app     info:    [server-manager] Unpacking files, this may take a while. Extracting file 28285/51623
2025-11-10 15:32:10.904    app     info:    [server-manager] Unpacking files, this may take a while. Extracting file 28499/51623
2025-11-10 15:32:11.925    app     info:    [server-manager] Unpacking files, this may take a while. Extracting file 28675/51623
2025-11-10 15:32:13.016    app     info:    [server-manager] Unpacking files, this may take a while. Extracting file 28787/51623
2025-11-10 15:32:14.047    app     info:    [server-manager] Unpacking files, this may take a while. Extracting file 29071/51623
2025-11-10 15:32:15.049    app     info:    [server-manager] Unpacking files, this may take a while. Extracting file 29326/51623
2025-11-10 15:32:16.058    app     info:    [server-manager] Unpacking files, this may take a while. Extracting file 29525/51623
2025-11-10 15:32:17.061    app     info:    [server-manager] Unpacking files, this may take a while. Extracting file 29690/51623
2025-11-10 15:32:18.112    app     info:    [server-manager] Unpacking files, this may take a while. Extracting file 29896/51623
2025-11-10 15:32:19.124    app     info:    [server-manager] Unpacking files, this may take a while. Extracting file 30052/51623
2025-11-10 15:32:20.127    app     info:    [server-manager] Unpacking files, this may take a while. Extracting file 30196/51623
2025-11-10 15:32:21.165    app     info:    [server-manager] Unpacking files, this may take a while. Extracting file 30565/51623
2025-11-10 15:32:22.174    app     info:    [server-manager] Unpacking files, this may take a while. Extracting file 30964/51623
2025-11-10 15:32:23.177    app     info:    [server-manager] Unpacking files, this may take a while. Extracting file 31280/51623
2025-11-10 15:32:24.180    app     info:    [server-manager] Unpacking files, this may take a while. Extracting file 31588/51623
2025-11-10 15:32:25.182    app     info:    [server-manager] Unpacking files, this may take a while. Extracting file 31939/51623
2025-11-10 15:32:26.187    app     info:    [server-manager] Unpacking files, this may take a while. Extracting file 32194/51623
2025-11-10 15:32:27.208    app     info:    [server-manager] Unpacking files, this may take a while. Extracting file 32358/51623
2025-11-10 15:32:28.220    app     info:    [server-manager] Unpacking files, this may take a while. Extracting file 32606/51623
2025-11-10 15:32:29.224    app     info:    [server-manager] Unpacking files, this may take a while. Extracting file 32999/51623
2025-11-10 15:32:30.225    app     info:    [server-manager] Unpacking files, this may take a while. Extracting file 33261/51623
2025-11-10 15:32:31.261    app     info:    [server-manager] Unpacking files, this may take a while. Extracting file 33360/51623
2025-11-10 15:32:32.292    app     info:    [server-manager] Unpacking files, this may take a while. Extracting file 33588/51623
2025-11-10 15:32:33.331    app     info:    [server-manager] Unpacking files, this may take a while. Extracting file 33836/51623
2025-11-10 15:32:34.340    app     info:    [server-manager] Unpacking files, this may take a while. Extracting file 33944/51623
2025-11-10 15:32:35.418    app     info:    [server-manager] Unpacking files, this may take a while. Extracting file 34101/51623
2025-11-10 15:32:36.432    app     info:    [server-manager] Unpacking files, this may take a while. Extracting file 34328/51623
2025-11-10 15:32:37.443    app     info:    [server-manager] Unpacking files, this may take a while. Extracting file 34620/51623
2025-11-10 15:32:38.452    app     info:    [server-manager] Unpacking files, this may take a while. Extracting file 34827/51623
2025-11-10 15:32:39.459    app     info:    [server-manager] Unpacking files, this may take a while. Extracting file 34970/51623
2025-11-10 15:32:40.476    app     info:    [server-manager] Unpacking files, this may take a while. Extracting file 35090/51623
2025-11-10 15:32:41.514    app     info:    [server-manager] Unpacking files, this may take a while. Extracting file 35425/51623
2025-11-10 15:32:42.530    app     info:    [server-manager] Unpacking files, this may take a while. Extracting file 35658/51623
2025-11-10 15:32:43.542    app     info:    [server-manager] Unpacking files, this may take a while. Extracting file 35924/51623
2025-11-10 15:32:44.543    app     info:    [server-manager] Unpacking files, this may take a while. Extracting file 36149/51623
2025-11-10 15:32:45.551    app     info:    [server-manager] Unpacking files, this may take a while. Extracting file 36359/51623
2025-11-10 15:32:46.554    app     info:    [server-manager] Unpacking files, this may take a while. Extracting file 36536/51623
2025-11-10 15:32:47.561    app     info:    [server-manager] Unpacking files, this may take a while. Extracting file 36895/51623
2025-11-10 15:32:48.568    app     info:    [server-manager] Unpacking files, this may take a while. Extracting file 37250/51623
2025-11-10 15:32:49.572    app     info:    [server-manager] Unpacking files, this may take a while. Extracting file 37467/51623
2025-11-10 15:32:50.615    app     info:    [server-manager] Unpacking files, this may take a while. Extracting file 37611/51623
2025-11-10 15:32:51.632    app     info:    [server-manager] Unpacking files, this may take a while. Extracting file 37966/51623
2025-11-10 15:32:52.635    app     info:    [server-manager] Unpacking files, this may take a while. Extracting file 38422/51623
2025-11-10 15:32:53.639    app     info:    [server-manager] Unpacking files, this may take a while. Extracting file 38573/51623
2025-11-10 15:32:54.644    app     info:    [server-manager] Unpacking files, this may take a while. Extracting file 38950/51623
2025-11-10 15:32:55.648    app     info:    [server-manager] Unpacking files, this may take a while. Extracting file 39409/51623
2025-11-10 15:32:56.649    app     info:    [server-manager] Unpacking files, this may take a while. Extracting file 39774/51623
2025-11-10 15:32:57.653    app     info:    [server-manager] Unpacking files, this may take a while. Extracting file 39986/51623
2025-11-10 15:32:58.661    app     info:    [server-manager] Unpacking files, this may take a while. Extracting file 40055/51623
2025-11-10 15:32:59.727    app     info:    [server-manager] Unpacking files, this may take a while. Extracting file 40205/51623
2025-11-10 15:33:00.729    app     info:    [server-manager] Unpacking files, this may take a while. Extracting file 40549/51623
2025-11-10 15:33:01.746    app     info:    [server-manager] Unpacking files, this may take a while. Extracting file 40822/51623
2025-11-10 15:33:02.779    app     info:    [server-manager] Unpacking files, this may take a while. Extracting file 41073/51623
2025-11-10 15:33:03.783    app     info:    [server-manager] Unpacking files, this may take a while. Extracting file 41154/51623
2025-11-10 15:33:04.840    app     info:    [server-manager] Unpacking files, this may take a while. Extracting file 41186/51623
2025-11-10 15:33:05.846    app     info:    [server-manager] Unpacking files, this may take a while. Extracting file 41452/51623
2025-11-10 15:33:06.848    app     info:    [server-manager] Unpacking files, this may take a while. Extracting file 41694/51623
2025-11-10 15:33:07.876    app     info:    [server-manager] Unpacking files, this may take a while. Extracting file 41978/51623
2025-11-10 15:33:08.891    app     info:    [server-manager] Unpacking files, this may take a while. Extracting file 42294/51623
2025-11-10 15:33:09.896    app     info:    [server-manager] Unpacking files, this may take a while. Extracting file 42637/51623
2025-11-10 15:33:10.912    app     info:    [server-manager] Unpacking files, this may take a while. Extracting file 42917/51623
2025-11-10 15:33:11.915    app     info:    [server-manager] Unpacking files, this may take a while. Extracting file 43149/51623
2025-11-10 15:33:12.952    app     info:    [server-manager] Unpacking files, this may take a while. Extracting file 43471/51623
2025-11-10 15:33:13.960    app     info:    [server-manager] Unpacking files, this may take a while. Extracting file 43822/51623
2025-11-10 15:33:14.971    app     info:    [server-manager] Unpacking files, this may take a while. Extracting file 44075/51623
2025-11-10 15:33:15.972    app     info:    [server-manager] Unpacking files, this may take a while. Extracting file 44352/51623
2025-11-10 15:33:16.981    app     info:    [server-manager] Unpacking files, this may take a while. Extracting file 44696/51623
2025-11-10 15:33:17.987    app     info:    [server-manager] Unpacking files, this may take a while. Extracting file 45059/51623
2025-11-10 15:33:18.990    app     info:    [server-manager] Unpacking files, this may take a while. Extracting file 45289/51623
2025-11-10 15:33:19.988    app     info:    [server-manager] Unpacking files, this may take a while. Extracting file 45575/51623
2025-11-10 15:33:20.992    app     info:    [server-manager] Unpacking files, this may take a while. Extracting file 45897/51623
2025-11-10 15:33:21.994    app     info:    [server-manager] Unpacking files, this may take a while. Extracting file 46248/51623
2025-11-10 15:33:22.998    app     info:    [server-manager] Unpacking files, this may take a while. Extracting file 46577/51623
2025-11-10 15:33:24.000    app     info:    [server-manager] Unpacking files, this may take a while. Extracting file 46869/51623
2025-11-10 15:33:25.024    app     info:    [server-manager] Unpacking files, this may take a while. Extracting file 47180/51623
2025-11-10 15:33:26.027    app     info:    [server-manager] Unpacking files, this may take a while. Extracting file 47513/51623
2025-11-10 15:33:27.031    app     info:    [server-manager] Unpacking files, this may take a while. Extracting file 47911/51623
2025-11-10 15:33:28.035    app     info:    [server-manager] Unpacking files, this may take a while. Extracting file 48250/51623
2025-11-10 15:33:29.039    app     info:    [server-manager] Unpacking files, this may take a while. Extracting file 48652/51623
2025-11-10 15:33:30.042    app     info:    [server-manager] Unpacking files, this may take a while. Extracting file 48963/51623
2025-11-10 15:33:31.045    app     info:    [server-manager] Unpacking files, this may take a while. Extracting file 49219/51623
2025-11-10 15:33:32.061    app     info:    [server-manager] Unpacking files, this may take a while. Extracting file 49375/51623
2025-11-10 15:33:33.103    app     info:    [server-manager] Unpacking files, this may take a while. Extracting file 49423/51623
2025-11-10 15:33:34.098    app     info:    [server-manager] Unpacking files, this may take a while. Extracting file 49511/51623
2025-11-10 15:33:35.120    app     info:    [server-manager] Unpacking files, this may take a while. Extracting file 49583/51623
2025-11-10 15:33:36.315    app     info:    [server-manager] Unpacking files, this may take a while. Extracting file 49617/51623
2025-11-10 15:33:37.327    app     info:    [server-manager] Unpacking files, this may take a while. Extracting file 49915/51623
2025-11-10 15:33:38.354    app     info:    [server-manager] Unpacking files, this may take a while. Extracting file 50210/51623
2025-11-10 15:33:39.357    app     info:    [server-manager] Unpacking files, this may take a while. Extracting file 50357/51623
2025-11-10 15:33:40.376    app     info:    [server-manager] Unpacking files, this may take a while. Extracting file 50498/51623
2025-11-10 15:33:41.450    app     info:    [server-manager] Unpacking files, this may take a while. Extracting file 50553/51623
2025-11-10 15:33:42.505    app     info:    [server-manager] Unpacking files, this may take a while. Extracting file 50553/51623
2025-11-10 15:33:43.505    app     info:    [server-manager] Unpacking files, this may take a while. Extracting file 50560/51623
2025-11-10 15:33:44.572    app     info:    [server-manager] Unpacking files, this may take a while. Extracting file 50560/51623
2025-11-10 15:33:46.036    app     info:    [server-manager] Unpacking files, this may take a while. Extracting file 50560/51623
2025-11-10 15:33:47.036    app     info:    [server-manager] Unpacking files, this may take a while. Extracting file 50686/51623
2025-11-10 15:33:48.045    app     info:    [server-manager] Unpacking files, this may take a while. Extracting file 50884/51623
2025-11-10 15:33:49.078    app     info:    [server-manager] Unpacking files, this may take a while. Extracting file 51042/51623
2025-11-10 15:33:50.087    app     info:    [server-manager] Unpacking files, this may take a while. Extracting file 51117/51623
2025-11-10 15:33:51.096    app     info:    [server-manager] Unpacking files, this may take a while. Extracting file 51186/51623
2025-11-10 15:33:52.209    app     info:    [server-manager] Unpacking files, this may take a while. Extracting file 51209/51623
2025-11-10 15:33:53.208    app     info:    [server-manager] Unpacking files, this may take a while. Extracting file 51382/51623
2025-11-10 15:33:54.308    app     info:    [server-manager] Unpacking files, this may take a while. Extracting file 51413/51623
2025-11-10 15:33:55.361    app     info:    [server-manager] Unpacking files, this may take a while. Extracting file 51414/51623
2025-11-10 15:33:56.785    app     info:    [server-manager] Unpacking files, this may take a while. Extracting file 51415/51623
2025-11-10 15:33:57.816    app     info:    [server-manager] Unpacking files, this may take a while. Extracting file 51418/51623
2025-11-10 15:33:58.897    app     info:    [server-manager] Unpacking files, this may take a while. Extracting file 51418/51623
2025-11-10 15:33:58.913    app     info:    [server-manager] Unpacking files, this may take a while. Extracting file 51418/51623
2025-11-10 15:33:59.914    app     info:    [server-manager] Unpacking files, this may take a while. Extracting file 51421/51623
2025-11-10 15:34:00.935    app     info:    [server-manager] Unpacking files, this may take a while. Extracting file 51421/51623
2025-11-10 15:34:01.940    app     info:    [server-manager] Unpacking files, this may take a while. Extracting file 51422/51623
2025-11-10 15:34:03.119    app     info:    [server-manager] Unpacking files, this may take a while. Extracting file 51531/51623
2025-11-10 15:34:04.133    app     info:    [server-manager] Unpacking files, this may take a while. Extracting file 51593/51623
2025-11-10 15:34:05.145    app     info:    [server-manager] Unpacking files, this may take a while. Extracting file 51595/51623
2025-11-10 15:34:05.856    app     info:    [server-manager] Unpacking files, this may take a while. Extracting file 51595/51623
2025-11-10 15:34:06.857    app     info:    [server-manager] Unpacking files, this may take a while. Extracting file 51621/51623
2025-11-10 15:34:07.508    app     info:    [chunk-unpacker] Unpacked chunks, and wrote 51623 files (8.6 GB) in 5 minutes, 44.327 seconds
2025-11-10 15:34:07.509    app     info:    [chunk-unpacker] Average unpacking speed: 25 MB/s
2025-11-10 15:34:07.512    app     info:    [quasar-elg-events] Queueing event    eve_launcher.electron.eve_client.GameClientUpdateFinished
2025-11-10 15:34:07.518    app     info:    [server-manager] Unpacking files, this may take a while. Extracting file 51623/51623
2025-11-10 15:34:07.521    app     info:    [server-manager] Ready to play!
2025-11-10 15:34:07.526    app     info:    [server-manager] Finished refresh cycle for tranquility
2025-11-10 15:34:07.526    app     info:    [server-manager] Build for tranquility is now 3092632
2025-11-10 15:34:07.580    app     info:    [quasar-elg-events] Event sent    type.evetech.net/eve_launcher.electron.eve_client.GameClientUpdateFinished
2025-11-10 15:39:01.040    app     info:    [scheduler] Starting scheduler foreground
2025-11-10 15:39:01.046    app     info:    [newsfeed] Fetching news for eve-online in ru
2025-11-10 15:39:01.056    app     info:    [creatives] Requesting creatives for eve-online
2025-11-10 15:39:01.057    app     info:    [authentication] Token for '31320672' on 'tranquility' is expired, refresh is required
2025-11-10 15:39:01.057    app     info:    [authentication] Refreshing token for '31320672' on 'tranquility'
2025-11-10 15:39:01.058    app     info:    [authentication] Token for '31320672' on 'tranquility' is expired, refresh is required
2025-11-10 15:39:01.058    app     info:    [authentication] Refreshing token for '31320672' on 'tranquility'
2025-11-10 15:39:01.209    app     info:    [newsfeed] Fetched 20 news items for eve-online in ru
2025-11-10 15:39:01.362    app     info:    [authentication] Token for '31320672' on 'tranquility' has been successfully refreshed
2025-11-10 15:39:01.364    app     info:    [quasar-elg-events] Queueing event    eve_launcher.electron.authentication.UserTokensRefreshed
2025-11-10 15:39:01.376    app     info:    [quasar-elg-events] Event sent    type.evetech.net/eve_launcher.electron.authentication.UserTokensRefreshed
2025-11-10 15:39:01.422    app     info:    [authentication] Token for '31320672' on 'tranquility' has been successfully refreshed
2025-11-10 15:39:01.424    app     info:    [quasar-elg-events] Queueing event    eve_launcher.electron.authentication.UserTokensRefreshed
2025-11-10 15:39:01.429    app     info:    [quasar-elg-events] Event sent    type.evetech.net/eve_launcher.electron.authentication.UserTokensRefreshed
2025-11-10 15:39:01.430    app     info:    [customer-information] Getting character information for '31320672' on 'tranquility'
2025-11-10 15:39:01.431    app     info:    [customer-information] Getting Omega status for '31320672' on 'tranquility' (eve-online)
2025-11-10 15:39:01.431    app     info:    [virtual-goods] Getting Plex status for '31320672' on 'tranquility' (eve-online)
2025-11-10 15:39:01.610    app     warn:    [play-area-content] Invalid product found in play area content    { product: 'eve-frontier' }
2025-11-10 15:39:01.610    app     warn:    [play-area-content] Invalid product found in play area content    { product: 'eve-frontier' }
2025-11-10 15:39:01.611    app     warn:    [play-area-content] Invalid product found in play area content    { product: 'eve-frontier' }
2025-11-10 15:39:01.611    app     warn:    [play-area-content] Invalid product found in play area content    { product: 'eve-frontier' }
2025-11-10 15:39:01.611    app     warn:    [play-area-content] Invalid product found in play area content    { product: 'eve-frontier' }
2025-11-10 15:39:01.612    app     warn:    [play-area-content] Invalid product found in play area content    { product: 'eve-frontier' }
2025-11-10 15:39:01.612    app     warn:    [play-area-content] Invalid product found in play area content    { product: 'eve-frontier' }
2025-11-10 15:39:01.612    app     warn:    [play-area-content] Invalid product found in play area content    { product: 'eve-frontier' }
2025-11-10 15:39:01.643    app     info:    [customer-information] Agreement status has been fetched for user '31320672'
2025-11-10 15:39:01.656    app     info:    [esi] Fetching character details for 2123259076
2025-11-10 15:39:01.738    app     info:    [virtual-goods] Fetched Plex status for '31320672' on 'tranquility' (eve-online) with balance: 0
2025-11-10 15:39:02.352    app     info:    [creatives] Received 2 creatives for eve-online
2025-11-10 15:39:02.375    app     info:    [esi] Fetched 1 character details for 31320672
2025-11-10 15:39:05.067    app     info:    [authentication] Token for '31367691' on 'tranquility' is expired, refresh is required
2025-11-10 15:39:05.067    app     info:    [authentication] Refreshing token for '31367691' on 'tranquility'
2025-11-10 15:39:05.247    app     info:    [authentication] Token for '31367691' on 'tranquility' has been successfully refreshed
2025-11-10 15:39:05.248    app     info:    [quasar-elg-events] Queueing event    eve_launcher.electron.authentication.UserTokensRefreshed
2025-11-10 15:39:05.253    app     info:    [quasar-elg-events] Event sent    type.evetech.net/eve_launcher.electron.authentication.UserTokensRefreshed
2025-11-10 15:39:05.254    app     info:    [customer-information] Getting character information for '31367691' on 'tranquility'
2025-11-10 15:39:05.254    app     info:    [customer-information] Getting Omega status for '31367691' on 'tranquility' (eve-online)
2025-11-10 15:39:05.254    app     info:    [virtual-goods] Getting Plex status for '31367691' on 'tranquility' (eve-online)
2025-11-10 15:39:05.370    app     info:    [esi] Fetching character details for 2123502320
2025-11-10 15:39:05.543    app     info:    [esi] Fetched 1 character details for 31367691
2025-11-10 15:39:06.058    app     info:    [self-update] Checking for application updates.
2025-11-10 15:39:07.539    app     info:    [server-manager] Starting refresh cycle for eve-online / tranquility
2025-11-10 15:39:07.993    app     info:    [server-manager] Previous tranquility build: 3092632, current build: 3092632
2025-11-10 15:39:07.993    app     info:    [server-manager] tranquility build is unchanged.
2025-11-10 15:39:08.002    app     info:    [server-manager] Ready to play!
2025-11-10 15:39:08.006    app     info:    [server-manager] Finished refresh cycle for tranquility
2025-11-10 15:39:08.244    app     info:    [self-update] No application updates were found.
2025-11-10 15:39:10.265    app    error:    [quasar-manager-helper] Failed to perform Quasar request RESPONSE REFUSED: eve_public.plex.vault.api.BalanceRequest received for 'tranquility-31367691-null' in 5009ms (0: )    c [EpgError]: RESPONSE REFUSED: eve_public.plex.vault.api.BalanceRequest received for 'tranquility-31367691-null' in 5009ms (0: )
    at P (C:\Users\dmytr\AppData\Local\eve-online\app-1.12.2\resources\app.asar\.webpack\main\index.js:8:1992734)
    at F.rejectMessage (C:\Users\dmytr\AppData\Local\eve-online\app-1.12.2\resources\app.asar\.webpack\main\index.js:8:2002913)
    at Timeout.<anonymous> (C:\Users\dmytr\AppData\Local\eve-online\app-1.12.2\resources\app.asar\.webpack\main\index.js:8:2005695)
    at listOnTimeout (node:internal/timers:588:17)
    at process.processTimers (node:internal/timers:523:7) {
  innerError: undefined,
  statusCode: 0,
  statusMessage: ''
}
2025-11-10 15:39:10.268    app     warn:    [virtual-goods] Can't fetch Plex status for '31367691' on 'tranquility' (eve-online), error: EpgError: RESPONSE REFUSED: eve_public.plex.vault.api.BalanceRequest received for 'tranquility-31367691-null' in 5009ms (0: )
2025-11-10 15:39:10.287    app    error:    [AuthenticationMiddleware] RESPONSE REFUSED: eve_public.plex.vault.api.BalanceRequest received for 'tranquility-31367691-null' in 5009ms (0: )    EpgError: RESPONSE REFUSED: eve_public.plex.vault.api.BalanceRequest received for 'tranquility-31367691-null' in 5009ms (0: )
    at P (C:\Users\dmytr\AppData\Local\eve-online\app-1.12.2\resources\app.asar\.webpack\main\index.js:8:1992734)
    at F.rejectMessage (C:\Users\dmytr\AppData\Local\eve-online\app-1.12.2\resources\app.asar\.webpack\main\index.js:8:2002913)
    at Timeout.<anonymous> (C:\Users\dmytr\AppData\Local\eve-online\app-1.12.2\resources\app.asar\.webpack\main\index.js:8:2005695)
    at listOnTimeout (node:internal/timers:588:17)
    at process.processTimers (node:internal/timers:523:7)
2025-11-10 15:39:13.834    app     info:    [authentication] Token for '23622903' on 'tranquility' is expired, refresh is required
2025-11-10 15:39:13.834    app     info:    [authentication] Refreshing token for '23622903' on 'tranquility'
2025-11-10 15:39:13.835    app     info:    [authentication] Token for '23622903' on 'tranquility' is expired, refresh is required
2025-11-10 15:39:13.835    app     info:    [authentication] Refreshing token for '23622903' on 'tranquility'
2025-11-10 15:39:13.964    app     warn:    [authentication] Refresh token for '23622903' on 'tranquility' is invalid
2025-11-10 15:39:13.967    app    error:    [authentication] Could not refresh token for '23622903' on 'tranquility' SSO responded with an invalid status code: 400 - Bad Request    Q [InvalidGrantResponseError]: SSO responded with an invalid status code: 400 - Bad Request
    at P (C:\Users\dmytr\AppData\Local\eve-online\app-1.12.2\resources\app.asar\.webpack\main\index.js:8:1889534)
    at process.processTicksAndRejections (node:internal/process/task_queues:105:5)
    at async C (C:\Users\dmytr\AppData\Local\eve-online\app-1.12.2\resources\app.asar\.webpack\main\index.js:8:1966115)
    at async Promise.allSettled (index 0) {
  body: '{"error":"invalid_grant","error_description":"Invalid refresh token. Token missing/expired."}'
}
2025-11-10 15:39:14.031    app     warn:    [authentication] Refresh token for '23622903' on 'tranquility' is invalid
2025-11-10 15:39:14.034    app    error:    [authentication] Could not refresh token for '23622903' on 'tranquility' SSO responded with an invalid status code: 400 - Bad Request    Q [InvalidGrantResponseError]: SSO responded with an invalid status code: 400 - Bad Request
    at P (C:\Users\dmytr\AppData\Local\eve-online\app-1.12.2\resources\app.asar\.webpack\main\index.js:8:1889534)
    at process.processTicksAndRejections (node:internal/process/task_queues:105:5)
    at async C:\Users\dmytr\AppData\Local\eve-online\app-1.12.2\resources\app.asar\.webpack\main\index.js:8:2747335
    at async Promise.allSettled (index 1) {
  body: '{"error":"invalid_grant","error_description":"Invalid refresh token. Token missing/expired."}'
}
2025-11-10 15:39:14.034    app    error:    [AuthenticationMiddleware] Could not update data on active user change SSO responded with an invalid status code: 400 - Bad Request    Q [InvalidGrantResponseError]: SSO responded with an invalid status code: 400 - Bad Request
    at P (C:\Users\dmytr\AppData\Local\eve-online\app-1.12.2\resources\app.asar\.webpack\main\index.js:8:1889534)
    at process.processTicksAndRejections (node:internal/process/task_queues:105:5)
    at async C:\Users\dmytr\AppData\Local\eve-online\app-1.12.2\resources\app.asar\.webpack\main\index.js:8:2747335
    at async Promise.allSettled (index 1) {
  body: '{"error":"invalid_grant","error_description":"Invalid refresh token. Token missing/expired."}'
}
2025-11-10 15:39:21.541    app     info:    [customer-information] Getting character information for '31367691' on 'tranquility'
2025-11-10 15:39:21.541    app     info:    [virtual-goods] Getting Plex status for '31367691' on 'tranquility' (eve-online)
2025-11-10 15:39:21.768    app     info:    [esi] Fetching character details for 2123502320
2025-11-10 15:39:21.998    app     info:    [esi] Fetched 1 character details for 31367691
2025-11-10 15:39:26.507    app     info:    [client-queue] Queued client startup    {
  product: 'eve-online',
  tenant: 'tranquility',
  userId: 31367691,
  characterId: 1,
  profile: 'Default',
  branchId: undefined
}
2025-11-10 15:39:26.508    app     info:    [quasar-elg-events] Queueing event    eve_launcher.electron.eve_client.ClientQueued
2025-11-10 15:39:26.510    app     info:    [client-queue] No clients running for 'tranquility' (eve-online), copying files before starting a client
2025-11-10 15:39:26.511    app     info:    [quasar-elg-events] Event sent    type.evetech.net/eve_launcher.electron.eve_client.ClientQueued
2025-11-10 15:39:26.516    app     info:    [quasar-elg-events] Queueing event    eve_launcher.electron.eve_client.CopyingFilesStarted
2025-11-10 15:39:26.517    app     info:    [binary-copier] Copying 227 files (405 MB) to 'C:\Games\EVE\tq'
2025-11-10 15:39:26.518    app     info:    [quasar-elg-events] Event sent    type.evetech.net/eve_launcher.electron.eve_client.CopyingFilesStarted
2025-11-10 15:39:26.543    app    error:    [quasar-manager-helper] Failed to perform Quasar request RESPONSE REFUSED: eve_public.plex.vault.api.BalanceRequest received for 'tranquility-31367691-null' in 5000ms (0: )    c [EpgError]: RESPONSE REFUSED: eve_public.plex.vault.api.BalanceRequest received for 'tranquility-31367691-null' in 5000ms (0: )
    at P (C:\Users\dmytr\AppData\Local\eve-online\app-1.12.2\resources\app.asar\.webpack\main\index.js:8:1992734)
    at F.rejectMessage (C:\Users\dmytr\AppData\Local\eve-online\app-1.12.2\resources\app.asar\.webpack\main\index.js:8:2002913)
    at Timeout.<anonymous> (C:\Users\dmytr\AppData\Local\eve-online\app-1.12.2\resources\app.asar\.webpack\main\index.js:8:2005695)
    at listOnTimeout (node:internal/timers:588:17)
    at process.processTimers (node:internal/timers:523:7) {
  innerError: undefined,
  statusCode: 0,
  statusMessage: ''
}
2025-11-10 15:39:26.544    app     warn:    [virtual-goods] Can't fetch Plex status for '31367691' on 'tranquility' (eve-online), error: EpgError: RESPONSE REFUSED: eve_public.plex.vault.api.BalanceRequest received for 'tranquility-31367691-null' in 5000ms (0: )
2025-11-10 15:39:26.551    app    error:    [AuthenticationMiddleware] RESPONSE REFUSED: eve_public.plex.vault.api.BalanceRequest received for 'tranquility-31367691-null' in 5000ms (0: )    EpgError: RESPONSE REFUSED: eve_public.plex.vault.api.BalanceRequest received for 'tranquility-31367691-null' in 5000ms (0: )
    at P (C:\Users\dmytr\AppData\Local\eve-online\app-1.12.2\resources\app.asar\.webpack\main\index.js:8:1992734)
    at F.rejectMessage (C:\Users\dmytr\AppData\Local\eve-online\app-1.12.2\resources\app.asar\.webpack\main\index.js:8:2002913)
    at Timeout.<anonymous> (C:\Users\dmytr\AppData\Local\eve-online\app-1.12.2\resources\app.asar\.webpack\main\index.js:8:2005695)
    at listOnTimeout (node:internal/timers:588:17)
    at process.processTimers (node:internal/timers:523:7)
2025-11-10 15:39:26.574    app     info:    [binary-copier] Removing old binaries
2025-11-10 15:39:26.611    app     info:    [binary-copier] Copying binaries from ResFiles
2025-11-10 15:39:27.544    app     info:    [binary-copier] Finished copying 227 files to 'C:\Games\EVE\tq' in 1.29 seconds
2025-11-10 15:39:27.545    app     info:    [quasar-elg-events] Queueing event    eve_launcher.electron.eve_client.CopyingFilesFinished
2025-11-10 15:39:27.545    app     info:    [quasar-elg-events] Event sent    type.evetech.net/eve_launcher.electron.eve_client.CopyingFilesFinished
2025-11-10 15:39:27.556    app     info:    [client-manager] Starting eve-online game client.    C:\Games\EVE\tq\bin64\exefile.exe    [
  '/noconsole',
  '/server:tranquility.servers.eveonline.com',
  '/ssoToken=***',
  '/refreshToken=***',
  '/settingsprofile=Default',
  '/language=ru',
  '/LauncherData=ZXZlLW9ubGluZTp0cmFucXVpbGl0eTo6MzEzNjc2OTE6',
  '/triplatform=dx11',
  '/deviceID=***',
  '/machineHash=***',
  '/journeyID=***',
  'exp=1762789749',
  'tokenExpires=2025-11-10 17:49:09.000'
]    31367691
2025-11-10 15:39:27.559    app     info:    [quasar-elg-events] Queueing event    eve_launcher.electron.eve_client.GameClientStartRequested
2025-11-10 15:39:27.575    app     info:    [quasar-elg-events] Event sent    type.evetech.net/eve_launcher.electron.eve_client.GameClientStartRequested
2025-11-10 15:39:27.603    app     info:    [quasar-elg-events] Queueing event    eve_launcher.electron.eve_client.GameClientStarted
2025-11-10 15:39:27.616    app     info:    [quasar-elg-events] Event sent    type.evetech.net/eve_launcher.electron.eve_client.GameClientStarted
2025-11-10 15:39:27.616    app     info:    [client-queue] Started client from group startup    {
  product: 'eve-online',
  tenant: 'tranquility',
  userId: 31367691,
  characterId: 1,
  profile: 'Default',
  branchId: undefined
}
2025-11-10 15:39:27.632    app     info:    [quasar-elg-events] Queueing event    eve_launcher.electron.eve_client.GameClientMonitored
2025-11-10 15:39:27.637    app     info:    [quasar-elg-events] Queueing event    eve_launcher.electron.eve_client.GameClientMonitored
2025-11-10 15:39:27.638    app     info:    [quasar-elg-events] Event sent    type.evetech.net/eve_launcher.electron.eve_client.GameClientMonitored
2025-11-10 15:39:27.639    app     info:    [quasar-elg-events] Event sent    type.evetech.net/eve_launcher.electron.eve_client.GameClientMonitored
2025-11-10 15:39:29.628    app     info:    [client-queue] Queue has stopped running, no more clients pending startup.
2025-11-10 15:39:31.436    app     info:    [scheduler] Stopped scheduler foreground
2025-11-10 15:41:31.198    app     info:    [scheduler] Starting scheduler foreground
2025-11-10 15:41:31.208    app     info:    [customer-information] Getting character information for '31367691' on 'tranquility'
2025-11-10 15:41:31.208    app     info:    [virtual-goods] Getting Plex status for '31367691' on 'tranquility' (eve-online)
2025-11-10 15:41:32.061    app     info:    [esi] Fetching character details for 2123502320
2025-11-10 15:41:32.494    app     info:    [esi] Fetched 1 character details for 31367691
2025-11-10 15:41:33.237    app     info:    [scheduler] Stopped scheduler foreground
2025-11-10 15:41:36.223    app    error:    [quasar-manager-helper] Failed to perform Quasar request RESPONSE REFUSED: eve_public.plex.vault.api.BalanceRequest received for 'tranquility-31367691-null' in 5011ms (0: )    c [EpgError]: RESPONSE REFUSED: eve_public.plex.vault.api.BalanceRequest received for 'tranquility-31367691-null' in 5011ms (0: )
    at P (C:\Users\dmytr\AppData\Local\eve-online\app-1.12.2\resources\app.asar\.webpack\main\index.js:8:1992734)
    at F.rejectMessage (C:\Users\dmytr\AppData\Local\eve-online\app-1.12.2\resources\app.asar\.webpack\main\index.js:8:2002913)
    at Timeout.<anonymous> (C:\Users\dmytr\AppData\Local\eve-online\app-1.12.2\resources\app.asar\.webpack\main\index.js:8:2005695)
    at listOnTimeout (node:internal/timers:588:17)
    at process.processTimers (node:internal/timers:523:7) {
  innerError: undefined,
  statusCode: 0,
  statusMessage: ''
}
2025-11-10 15:41:36.225    app     warn:    [virtual-goods] Can't fetch Plex status for '31367691' on 'tranquility' (eve-online), error: EpgError: RESPONSE REFUSED: eve_public.plex.vault.api.BalanceRequest received for 'tranquility-31367691-null' in 5011ms (0: )
2025-11-10 15:41:36.253    app    error:    [AuthenticationMiddleware] RESPONSE REFUSED: eve_public.plex.vault.api.BalanceRequest received for 'tranquility-31367691-null' in 5011ms (0: )    EpgError: RESPONSE REFUSED: eve_public.plex.vault.api.BalanceRequest received for 'tranquility-31367691-null' in 5011ms (0: )
    at P (C:\Users\dmytr\AppData\Local\eve-online\app-1.12.2\resources\app.asar\.webpack\main\index.js:8:1992734)
    at F.rejectMessage (C:\Users\dmytr\AppData\Local\eve-online\app-1.12.2\resources\app.asar\.webpack\main\index.js:8:2002913)
    at Timeout.<anonymous> (C:\Users\dmytr\AppData\Local\eve-online\app-1.12.2\resources\app.asar\.webpack\main\index.js:8:2005695)
    at listOnTimeout (node:internal/timers:588:17)
    at process.processTimers (node:internal/timers:523:7)
2025-11-10 15:41:52.715    app     info:    [scheduler] Starting scheduler foreground
2025-11-10 15:41:59.272    app     info:    [scheduler] Stopped scheduler foreground
2025-11-10 15:42:04.433    app     info:    [scheduler] Starting scheduler foreground
2025-11-10 15:42:13.099    app     info:    [window-manager-minimize] Main window minimized to tray    { windowId: 2 }
2025-11-10 15:42:13.160    app     info:    [window-manager-minimize] Sent notification that the application is minimized to tray    { windowId: 2 }
2025-11-10 15:42:13.171    app     info:    [scheduler] Stopped scheduler foreground
2025-11-10 15:44:08.014    app     info:    [server-manager] Starting refresh cycle for eve-online / tranquility
2025-11-10 15:44:08.253    app     info:    [server-manager] Previous tranquility build: 3092632, current build: 3092632
2025-11-10 15:44:08.253    app     info:    [server-manager] tranquility build is unchanged.
2025-11-10 15:44:08.258    app     info:    [server-manager] Ready to play!
2025-11-10 15:44:08.263    app     info:    [server-manager] Finished refresh cycle for tranquility
2025-11-10 15:49:08.271    app     info:    [server-manager] Starting refresh cycle for eve-online / tranquility
2025-11-10 15:49:08.653    app     info:    [server-manager] Previous tranquility build: 3092632, current build: 3092632
2025-11-10 15:49:08.654    app     info:    [server-manager] tranquility build is unchanged.
2025-11-10 15:49:08.661    app     info:    [server-manager] Ready to play!
2025-11-10 15:49:08.671    app     info:    [server-manager] Finished refresh cycle for tranquility
2025-11-10 15:54:08.686    app     info:    [server-manager] Starting refresh cycle for eve-online / tranquility
2025-11-10 15:54:08.938    app     info:    [server-manager] Previous tranquility build: 3092632, current build: 3092632
2025-11-10 15:54:08.938    app     info:    [server-manager] tranquility build is unchanged.
2025-11-10 15:54:08.942    app     info:    [server-manager] Ready to play!
2025-11-10 15:54:08.946    app     info:    [server-manager] Finished refresh cycle for tranquility
2025-11-10 15:59:08.949    app     info:    [server-manager] Starting refresh cycle for eve-online / tranquility
2025-11-10 15:59:09.162    app     info:    [server-manager] Previous tranquility build: 3092632, current build: 3092632
2025-11-10 15:59:09.163    app     info:    [server-manager] tranquility build is unchanged.
2025-11-10 15:59:09.167    app     info:    [server-manager] Ready to play!
2025-11-10 15:59:09.171    app     info:    [server-manager] Finished refresh cycle for tranquility
2025-11-10 16:04:09.190    app     info:    [server-manager] Starting refresh cycle for eve-online / tranquility
2025-11-10 16:04:09.400    app     info:    [server-manager] Previous tranquility build: 3092632, current build: 3092632
2025-11-10 16:04:09.400    app     info:    [server-manager] tranquility build is unchanged.
2025-11-10 16:04:09.405    app     info:    [server-manager] Ready to play!
2025-11-10 16:04:09.413    app     info:    [server-manager] Finished refresh cycle for tranquility
2025-11-10 16:08:35.671    app     info:    warn: [LaunchDarkly] Error on stream connection: Read timeout, received no data in 300000ms, assuming connection is dead, will continue retrying after 794 milliseconds.    []
2025-11-10 16:08:35.672    app     info:    info: [LaunchDarkly] Closing stream connection    []
2025-11-10 16:08:36.472    app     info:    info: [LaunchDarkly] Opening stream connection to https://clientstream.launchdarkly.com/eval/64c3d12e27a4b11365012d39/eyJraW5kIjoibXVsdGkiLCJsYXVuY2hlciI6eyJrZXkiOiJlZjNjMWY1Ny03NWI2LTQzNzItODQzNy1kODQ5MTJjMjgyMWUiLCJpc0ZpcnN0UnVuIjpmYWxzZSwiZGF5c1NpbmNlRmlyc3RSdW4iOjI0MSwibGFuZ3VhZ2UiOiJydSIsImFwcGxpY2F0aW9uIjoiZXZlLW9ubGluZSIsInZlcnNpb24iOiIxLjEyLjIiLCJwbGF0Zm9ybSI6IndpbmRvd3MiLCJpc0dlRm9yY2VOb3ciOmZhbHNlLCJvc1ZlcnNpb25EZXByZWNhdGVkIjpmYWxzZSwidXNlcklkcyI6WzMxMzY3NjkxLDE4OTIyMzg2LDIxMTAzMTEsMzEzNjc2OTFdLCJwcm9kdWN0cyI6WyJldmUtb25saW5lIl0sIm9tZWdhQ291bnQiOjAsImFscGhhQ291bnQiOjEwLCJhY2NvdW50Q291bnQiOjEwLCJvbGRlc3RBY2NvdW50QWdlIjo2Njk3LCJ5b3VuZ2VzdEFjY291bnRBZ2UiOjIyOX0sImpvdXJuZXkiOnsia2V5IjoiYjEyMjhlYTAtMzY5MC00ZDk3LWJjZmUtYmQwMjY0OGNkNTZjIiwiYW5vbnltb3VzIjp0cnVlfX0?withReasons=true    []
2025-11-10 16:09:09.426    app     info:    [server-manager] Starting refresh cycle for eve-online / tranquility
2025-11-10 16:09:10.670    app     info:    [server-manager] Previous tranquility build: 3092632, current build: 3092632
2025-11-10 16:09:10.670    app     info:    [server-manager] tranquility build is unchanged.
2025-11-10 16:09:10.675    app     info:    [server-manager] Ready to play!
2025-11-10 16:09:10.681    app     info:    [server-manager] Finished refresh cycle for tranquility
2025-11-10 16:09:16.838    app     info:    [client-manager] 'tranquility' for eve-online game client for '31367691' exited with no errors.
2025-11-10 16:09:16.841    app     info:    [quasar-elg-events] Queueing event    eve_launcher.electron.eve_client.GameClientExited
2025-11-10 16:09:16.862    app     info:    [server-manager] Starting refresh cycle for eve-online / tranquility
2025-11-10 16:09:17.349    app     info:    [quasar-elg-events] Event sent    type.evetech.net/eve_launcher.electron.eve_client.GameClientExited
2025-11-10 16:09:17.664    app     info:    [server-manager] Previous tranquility build: 3092632, current build: 3092632
2025-11-10 16:09:17.665    app     info:    [server-manager] tranquility build is unchanged.
2025-11-10 16:09:17.668    app     info:    [server-manager] Ready to play!
2025-11-10 16:09:17.671    app     info:    [server-manager] Finished refresh cycle for tranquility
2025-11-10 16:10:07.851    app     info:    [tray] Main window restored from tray    { windowId: 2 }
2025-11-10 16:10:07.868    app     info:    [scheduler] Starting scheduler foreground
2025-11-10 16:10:07.874    app     info:    [newsfeed] Fetching news for eve-online in ru
2025-11-10 16:10:07.885    app     info:    [authentication] Token for '31367691' on 'tranquility' is expired, refresh is required
2025-11-10 16:10:07.885    app     info:    [authentication] Refreshing token for '31367691' on 'tranquility'
2025-11-10 16:10:08.483    app     info:    [authentication] Token for '31367691' on 'tranquility' has been successfully refreshed
2025-11-10 16:10:08.484    app     info:    [quasar-elg-events] Queueing event    eve_launcher.electron.authentication.UserTokensRefreshed
2025-11-10 16:10:08.497    app     info:    [quasar-elg-events] Event sent    type.evetech.net/eve_launcher.electron.authentication.UserTokensRefreshed
2025-11-10 16:10:08.497    app     info:    [customer-information] Getting character information for '31367691' on 'tranquility'
2025-11-10 16:10:08.497    app     info:    [customer-information] Getting Omega status for '31367691' on 'tranquility' (eve-online)
2025-11-10 16:10:08.498    app     info:    [virtual-goods] Getting Plex status for '31367691' on 'tranquility' (eve-online)
2025-11-10 16:10:09.037    app     info:    [newsfeed] Fetched 20 news items for eve-online in ru
2025-11-10 16:10:10.528    app     warn:    [play-area-content] Invalid product found in play area content    { product: 'eve-frontier' }
2025-11-10 16:10:10.528    app     warn:    [play-area-content] Invalid product found in play area content    { product: 'eve-frontier' }
2025-11-10 16:10:10.529    app     warn:    [play-area-content] Invalid product found in play area content    { product: 'eve-frontier' }
2025-11-10 16:10:10.529    app     warn:    [play-area-content] Invalid product found in play area content    { product: 'eve-frontier' }
2025-11-10 16:10:10.529    app     warn:    [play-area-content] Invalid product found in play area content    { product: 'eve-frontier' }
2025-11-10 16:10:10.529    app     warn:    [play-area-content] Invalid product found in play area content    { product: 'eve-frontier' }
2025-11-10 16:10:10.529    app     warn:    [play-area-content] Invalid product found in play area content    { product: 'eve-frontier' }
2025-11-10 16:10:10.529    app     warn:    [play-area-content] Invalid product found in play area content    { product: 'eve-frontier' }
2025-11-10 16:10:10.775    app     info:    [esi] Fetching character details for 2123502320
2025-11-10 16:10:11.064    app     info:    [esi] Fetched 1 character details for 31367691
2025-11-10 16:10:11.776    app     info:    [authentication] Token for '31320672' on 'tranquility' is expired, refresh is required
2025-11-10 16:10:11.776    app     info:    [authentication] Refreshing token for '31320672' on 'tranquility'
2025-11-10 16:10:11.942    app     info:    [authentication] Token for '31320672' on 'tranquility' has been successfully refreshed
2025-11-10 16:10:11.943    app     info:    [quasar-elg-events] Queueing event    eve_launcher.electron.authentication.UserTokensRefreshed
2025-11-10 16:10:11.947    app     info:    [quasar-elg-events] Event sent    type.evetech.net/eve_launcher.electron.authentication.UserTokensRefreshed
2025-11-10 16:10:12.890    app     info:    [self-update] Checking for application updates.
2025-11-10 16:10:13.515    app    error:    [quasar-manager-helper] Failed to perform Quasar request RESPONSE REFUSED: eve_public.plex.vault.api.BalanceRequest received for 'tranquility-31367691-null' in 5014ms (0: )    c [EpgError]: RESPONSE REFUSED: eve_public.plex.vault.api.BalanceRequest received for 'tranquility-31367691-null' in 5014ms (0: )
    at P (C:\Users\dmytr\AppData\Local\eve-online\app-1.12.2\resources\app.asar\.webpack\main\index.js:8:1992734)
    at F.rejectMessage (C:\Users\dmytr\AppData\Local\eve-online\app-1.12.2\resources\app.asar\.webpack\main\index.js:8:2002913)
    at Timeout.<anonymous> (C:\Users\dmytr\AppData\Local\eve-online\app-1.12.2\resources\app.asar\.webpack\main\index.js:8:2005695)
    at listOnTimeout (node:internal/timers:588:17)
    at process.processTimers (node:internal/timers:523:7) {
  innerError: undefined,
  statusCode: 0,
  statusMessage: ''
}
2025-11-10 16:10:13.515    app     warn:    [virtual-goods] Can't fetch Plex status for '31367691' on 'tranquility' (eve-online), error: EpgError: RESPONSE REFUSED: eve_public.plex.vault.api.BalanceRequest received for 'tranquility-31367691-null' in 5014ms (0: )
2025-11-10 16:10:13.524    app    error:    [AuthenticationMiddleware] RESPONSE REFUSED: eve_public.plex.vault.api.BalanceRequest received for 'tranquility-31367691-null' in 5014ms (0: )    EpgError: RESPONSE REFUSED: eve_public.plex.vault.api.BalanceRequest received for 'tranquility-31367691-null' in 5014ms (0: )
    at P (C:\Users\dmytr\AppData\Local\eve-online\app-1.12.2\resources\app.asar\.webpack\main\index.js:8:1992734)
    at F.rejectMessage (C:\Users\dmytr\AppData\Local\eve-online\app-1.12.2\resources\app.asar\.webpack\main\index.js:8:2002913)
    at Timeout.<anonymous> (C:\Users\dmytr\AppData\Local\eve-online\app-1.12.2\resources\app.asar\.webpack\main\index.js:8:2005695)
    at listOnTimeout (node:internal/timers:588:17)
    at process.processTimers (node:internal/timers:523:7)
2025-11-10 16:10:13.671    app     info:    [self-update] No application updates were found.
2025-11-10 16:10:14.379    app     info:    [client-queue] Queued client startup    {
  product: 'eve-online',
  tenant: 'tranquility',
  userId: 31320672,
  characterId: 1,
  profile: 'Default',
  branchId: undefined
}
2025-11-10 16:10:14.380    app     info:    [quasar-elg-events] Queueing event    eve_launcher.electron.eve_client.ClientQueued
2025-11-10 16:10:14.381    app     info:    [quasar-elg-events] Event sent    type.evetech.net/eve_launcher.electron.eve_client.ClientQueued
2025-11-10 16:10:14.381    app     info:    [client-queue] No clients running for 'tranquility' (eve-online), copying files before starting a client
2025-11-10 16:10:14.386    app     info:    [quasar-elg-events] Queueing event    eve_launcher.electron.eve_client.CopyingFilesStarted
2025-11-10 16:10:14.387    app     info:    [binary-copier] Copying 227 files (405 MB) to 'C:\Games\EVE\tq'
2025-11-10 16:10:14.388    app     info:    [quasar-elg-events] Event sent    type.evetech.net/eve_launcher.electron.eve_client.CopyingFilesStarted
2025-11-10 16:10:14.430    app     info:    [binary-copier] Removing old binaries
2025-11-10 16:10:14.512    app     info:    [binary-copier] Copying binaries from ResFiles
2025-11-10 16:10:15.491    app     info:    [binary-copier] Finished copying 227 files to 'C:\Games\EVE\tq' in 1.106 seconds
2025-11-10 16:10:15.492    app     info:    [quasar-elg-events] Queueing event    eve_launcher.electron.eve_client.CopyingFilesFinished
2025-11-10 16:10:15.493    app     info:    [quasar-elg-events] Event sent    type.evetech.net/eve_launcher.electron.eve_client.CopyingFilesFinished
2025-11-10 16:10:15.500    app     info:    [client-manager] Starting eve-online game client.    C:\Games\EVE\tq\bin64\exefile.exe    [
  '/noconsole',
  '/server:tranquility.servers.eveonline.com',
  '/ssoToken=***',
  '/refreshToken=***',
  '/settingsprofile=Default',
  '/language=ru',
  '/LauncherData=ZXZlLW9ubGluZTp0cmFucXVpbGl0eTo6MzEzMjA2NzI6',
  '/triplatform=dx11',
  '/deviceID=***',
  '/machineHash=***',
  '/journeyID=***',
  'exp=1762791616',
  'tokenExpires=2025-11-10 18:20:16.000'
]    31320672
2025-11-10 16:10:15.502    app     info:    [quasar-elg-events] Queueing event    eve_launcher.electron.eve_client.GameClientStartRequested
2025-11-10 16:10:15.506    app     info:    [quasar-elg-events] Event sent    type.evetech.net/eve_launcher.electron.eve_client.GameClientStartRequested
2025-11-10 16:10:15.531    app     info:    [quasar-elg-events] Queueing event    eve_launcher.electron.eve_client.GameClientStarted
2025-11-10 16:10:15.546    app     info:    [quasar-elg-events] Event sent    type.evetech.net/eve_launcher.electron.eve_client.GameClientStarted
2025-11-10 16:10:15.546    app     info:    [client-queue] Started client from group startup    {
  product: 'eve-online',
  tenant: 'tranquility',
  userId: 31320672,
  characterId: 1,
  profile: 'Default',
  branchId: undefined
}
2025-11-10 16:10:15.555    app     info:    [quasar-elg-events] Queueing event    eve_launcher.electron.eve_client.GameClientMonitored
2025-11-10 16:10:15.560    app     info:    [quasar-elg-events] Queueing event    eve_launcher.electron.eve_client.GameClientMonitored
2025-11-10 16:10:15.561    app     info:    [quasar-elg-events] Event sent    type.evetech.net/eve_launcher.electron.eve_client.GameClientMonitored
2025-11-10 16:10:15.563    app     info:    [quasar-elg-events] Event sent    type.evetech.net/eve_launcher.electron.eve_client.GameClientMonitored
2025-11-10 16:10:16.194    app     info:    [scheduler] Stopped scheduler foreground
2025-11-10 16:10:17.554    app     info:    [client-queue] Queue has stopped running, no more clients pending startup.
2025-11-10 16:11:29.835    app     info:    [scheduler] Starting scheduler foreground
2025-11-10 16:11:31.500    app     info:    [scheduler] Stopped scheduler foreground
2025-11-10 16:12:02.282    app     info:    [scheduler] Starting scheduler foreground
2025-11-10 16:12:06.323    app     info:    [window-manager-minimize] Main window minimized to tray    { windowId: 2 }
2025-11-10 16:12:06.335    app     info:    [scheduler] Stopped scheduler foreground
2025-11-10 16:14:17.690    app     info:    [server-manager] Starting refresh cycle for eve-online / tranquility
2025-11-10 16:14:17.855    app     info:    [server-manager] Previous tranquility build: 3092632, current build: 3092632
2025-11-10 16:14:17.855    app     info:    [server-manager] tranquility build is unchanged.
2025-11-10 16:14:17.860    app     info:    [server-manager] Ready to play!
2025-11-10 16:14:17.865    app     info:    [server-manager] Finished refresh cycle for tranquility
2025-11-10 16:19:17.876    app     info:    [server-manager] Starting refresh cycle for eve-online / tranquility
2025-11-10 16:19:18.100    app     info:    [server-manager] Previous tranquility build: 3092632, current build: 3092632
2025-11-10 16:19:18.101    app     info:    [server-manager] tranquility build is unchanged.
2025-11-10 16:19:18.112    app     info:    [server-manager] Ready to play!
2025-11-10 16:19:18.118    app     info:    [server-manager] Finished refresh cycle for tranquility
2025-11-10 16:24:18.127    app     info:    [server-manager] Starting refresh cycle for eve-online / tranquility
2025-11-10 16:24:18.349    app     info:    [server-manager] Previous tranquility build: 3092632, current build: 3092632
2025-11-10 16:24:18.349    app     info:    [server-manager] tranquility build is unchanged.
2025-11-10 16:24:18.359    app     info:    [server-manager] Ready to play!
2025-11-10 16:24:18.370    app     info:    [server-manager] Finished refresh cycle for tranquility
2025-11-10 16:29:18.381    app     info:    [server-manager] Starting refresh cycle for eve-online / tranquility
2025-11-10 16:29:18.592    app     info:    [server-manager] Previous tranquility build: 3092632, current build: 3092632
2025-11-10 16:29:18.593    app     info:    [server-manager] tranquility build is unchanged.
2025-11-10 16:29:18.603    app     info:    [server-manager] Ready to play!
2025-11-10 16:29:18.611    app     info:    [server-manager] Finished refresh cycle for tranquility
2025-11-10 16:31:28.367    app     info:    [authentication] Token for '31320672' on 'tranquility' is expired, refresh is required
2025-11-10 16:31:28.368    app     info:    [authentication] Refreshing token for '31320672' on 'tranquility'
2025-11-10 16:31:29.712    app     info:    [authentication] Token for '31320672' on 'tranquility' has been successfully refreshed
2025-11-10 16:31:29.715    app     info:    [quasar-elg-events] Queueing event    eve_launcher.electron.authentication.UserTokensRefreshed
2025-11-10 16:31:29.723    app     info:    [quasar-31320672] Start streaming with new credentials
2025-11-10 16:31:30.738    app     warn:    [quasar-31320672] Quasar connection encountered an internal error with unknown code [internal]    a [ConnectError]: [internal]
    at ee (C:\Users\dmytr\AppData\Local\eve-online\app-1.12.2\resources\app.asar\.webpack\main\index.js:8:2899915)
    at C:\Users\dmytr\AppData\Local\eve-online\app-1.12.2\resources\app.asar\.webpack\main\index.js:8:2900388
    at te (C:\Users\dmytr\AppData\Local\eve-online\app-1.12.2\resources\app.asar\.webpack\main\index.js:8:2900436)
    at next (C:\Users\dmytr\AppData\Local\eve-online\app-1.12.2\resources\app.asar\.webpack\main\index.js:8:2908429)
    at process.processTicksAndRejections (node:internal/process/task_queues:105:5) {
  rawMessage: '',
  code: 13,
  metadata: Headers {
    'content-type': 'application/grpc+proto',
    'grpc-status': '13',
    'grpc-message': ''
  },
  details: [],
  cause: undefined
}
2025-11-10 16:31:31.397    app     info:    [quasar-elg-events] Event sent    type.evetech.net/eve_launcher.electron.authentication.UserTokensRefreshed
2025-11-10 16:34:18.626    app     info:    [server-manager] Starting refresh cycle for eve-online / tranquility
2025-11-10 16:34:20.720    app     info:    [server-manager] Previous tranquility build: 3092632, current build: 3092632
2025-11-10 16:34:20.721    app     info:    [server-manager] tranquility build is unchanged.
2025-11-10 16:34:20.737    app     info:    [server-manager] Ready to play!
2025-11-10 16:34:20.749    app     info:    [server-manager] Finished refresh cycle for tranquility
2025-11-10 16:39:20.766    app     info:    [server-manager] Starting refresh cycle for eve-online / tranquility
2025-11-10 16:39:21.189    app     info:    [server-manager] Previous tranquility build: 3092632, current build: 3092632
2025-11-10 16:39:21.190    app     info:    [server-manager] tranquility build is unchanged.
2025-11-10 16:39:21.196    app     info:    [server-manager] Ready to play!
2025-11-10 16:39:21.203    app     info:    [server-manager] Finished refresh cycle for tranquility
2025-11-10 16:44:21.214    app     info:    [server-manager] Starting refresh cycle for eve-online / tranquility
2025-11-10 16:44:21.383    app     info:    [server-manager] Previous tranquility build: 3092632, current build: 3092632
2025-11-10 16:44:21.383    app     info:    [server-manager] tranquility build is unchanged.
2025-11-10 16:44:21.388    app     info:    [server-manager] Ready to play!
2025-11-10 16:44:21.395    app     info:    [server-manager] Finished refresh cycle for tranquility
2025-11-10 16:49:21.401    app     info:    [server-manager] Starting refresh cycle for eve-online / tranquility
2025-11-10 16:49:21.639    app     info:    [server-manager] Previous tranquility build: 3092632, current build: 3092632
2025-11-10 16:49:21.640    app     info:    [server-manager] tranquility build is unchanged.
2025-11-10 16:49:21.644    app     info:    [server-manager] Ready to play!
2025-11-10 16:49:21.648    app     info:    [server-manager] Finished refresh cycle for tranquility
